STRUCTURE,STRUCTURE_ID,STRUCTURE_NAME,ACTION,REF_AREA,Reference area,MEASURE,Measure,UNIT_MEASURE,Unit of measure,SEX,Sex,AGE,Age,LABOUR_FORCE_STATUS,Labour force status,JOB_COVERAGE,Job coverage,WORKER_STATUS,Worker status,WORK_TIME_ARNGMNT,Working time arrangement,METHODOLOGY,Methodology,FREQ,Frequency of observation,TIME_PERIOD,Time period,OBS_VALUE,Observation value,OBS_STATUS,Observation status,UNIT_MULT,Unit multiplier,DECIMALS,Decimals
DATAFLOW,OECD.ELS.SAE:DSD_FTPT@DF_FTPT_NATIONAL_INC(1.0),Incidence of full-time and part-time employment based on national definitions,I,AUS,Australia,EMP,Employment,PT_POP_SUB,Percentage of population in the same subgroup,F,Female,_T,Total,EMP,Employment,MAIN,Main job,_T,Total,FT,Full-time,NAT_DEF,National definition,A,Annual,2011,,54.428,,A,Normal value,0,Units,1,One
DATAFLOW,OECD.ELS.SAE:DSD_FTPT@DF_FTPT_NATIONAL_INC(1.0),Incidence of full-time and part-time employment based on national definitions,I,AUS,Australia,EMP,Employment,PT_POP_SUB,Percentage of population in the same subgroup,F,Female,_T,Total,EMP,Employment,MAIN,Main job,_T,Total,FT,Full-time,NAT_DEF,National definition,A,Annual,2015,,53.628,,A,Normal value,0,Units,1,One
DATAFLOW,OECD.ELS.SAE:DSD_FTPT@DF_FTPT_NATIONAL_INC(1.0),Incidence of full-time and part-time employment based on national definitions,I,AUS,Australia,EMP,Employment,PT_POP_SUB,Percentage of population in the same subgroup,F,Female,_T,Total,EMP,Employment,MAIN,Main job,_T,Total,FT,Full-time,NAT_DEF,National definition,A,Annual,2017,,53.313,,A,Normal value,0,Units,1,One
DATAFLOW,OECD.ELS.SAE:DSD_FTPT@DF_FTPT_NATIONAL_INC(1.0),Incidence of full-time and part-time employment based on national definitions,I,AUS,Australia,EMP,Employment,PT_POP_SUB,Percentage of population in the same subgroup,F,Female,_T,Total,EMP,Employment,MAIN,Main job,_T,Total,FT,Full-time,NAT_DEF,National definition,A,Annual,2020,,54.481,,A,Normal value,0,Units,1,One
DATAFLOW,OECD.ELS.SAE:DSD_FTPT@DF_FTPT_NATIONAL_INC(1.0),Incidence of full-time and part-time employment based on national definitions,I,AUS,Australia,EMP,Employment,PT_POP_SUB,Percentage of population in the same subgroup,F,Female,_T,Total,EMP,Employment,MAIN,Main job,_T,Total,FT,Full-time,NAT_DEF,National definition,A,Annual,2021,,55.138,,A,Normal value,0,Units,1,One
DATAFLOW,OECD.ELS.SAE:DSD_FTPT@DF_FTPT_NATIONAL_INC(1.0),Incidence of full-time and part-time employment based on national definitions,I,AUS,Australia,EMP,Employment,PT_POP_SUB,Percentage of population in the same subgroup,F,Female,_T,Total,EMP,Employment,MAIN,Main job,_T,Total,FT,Full-time,NAT_DEF,National definition,A,Annual,2022,,56.31,,A,Normal value,0,Units,1,One
DATAFLOW,OECD.ELS.SAE:DSD_FTPT@DF_FTPT_NATIONAL_INC(1.0),Incidence of full-time and part-time employment based on national definitions,I,AUS,Australia,EMP,Employment,PT_POP_SUB,Percentage of population in the same subgroup,F,Female,_T,Total,EMP,Employment,MAIN,Main job,_T,Total,FT,Full-time,NAT_DEF,National definition,A,Annual,2023,,57.325,,A,Normal value,0,Units,1,One
DATAFLOW,OECD.ELS.SAE:DSD_FTPT@DF_FTPT_NATIONAL_INC(1.0),Incidence of full-time and part-time employment based on national definitions,I,AUS,Australia,EMP,Employment,PT_POP_SUB,Percentage of population in the same subgroup,F,Female,_T,Total,EMP,Employment,MAIN,Main job,_T,Total,FT,Full-time,NAT_DEF,National definition,A,Annual,2024,,56.827,,A,Normal value,0,Units,1,One
DATAFLOW,OECD.ELS.SAE:DSD_FTPT@DF_FTPT_NATIONAL_INC(1.0),Incidence of full-time and part-time employment based on national definitions,I,AUT,Austria,EMP,Employment,PT_POP_SUB,Percentage of population in the same subgroup,F,Female,_T,Total,EMP,Employment,MAIN,Main job,_T,Total,FT,Full-time,NAT_DEF,National definition,A,Annual,2010,,56.199,,A,Normal value,0,Units,1,One
DATAFLOW,OECD.ELS.SAE:DSD_FTPT@DF_FTPT_NATIONAL_INC(1.0),Incidence of full-time and part-time employment based on national definitions,I,AUT,Austria,EMP,Employment,PT_POP_SUB,Percentage of population in the same subgroup,F,Female,_T,Total,EMP,Employment,MAIN,Main job,_T,Total,FT,Full-time,NAT_DEF,National definition,A,Annual,2014,,53.109,,A,Normal value,0,Units,1,One
DATAFLOW,OECD.ELS.SAE:DSD_FTPT@DF_FTPT_NATIONAL_INC(1.0),Incidence of full-time and part-time employment based on national definitions,I,AUT,Austria,EMP,Employment,PT_POP_SUB,Percentage of population in the same subgroup,F,Female,_T,Total,EMP,Employment,MAIN,Main job,_T,Total,FT,Full-time,NAT_DEF,National definition,A,Annual,2016,,52.309,,A,Normal value,0,Units,1,One
DATAFLOW,OECD.ELS.SAE:DSD_FTPT@DF_FTPT_NATIONAL_INC(1.0),Incidence of full-time and part-time employment based on national definitions,I,AUT,Austria,EMP,Employment,PT_POP_SUB,Percentage of population in the same subgroup,F,Female,_T,Total,EMP,Employment,MAIN,Main job,_T,Total,FT,Full-time,NAT_DEF,National definition,A,Annual,2020,,52.679,,A,Normal value,0,Units,1,One
DATAFLOW,OECD.ELS.SAE:DSD_FTPT@DF_FTPT_NATIONAL_INC(1.0),Incidence of full-time and part-time employment based on national definitions,I,AUT,Austria,EMP,Employment,PT_POP_SUB,Percentage of population in the same subgroup,F,Female,_T,Total,EMP,Employment,MAIN,Main job,_T,Total,FT,Full-time,NAT_DEF,National definition,A,Annual,2023,,49.402,,A,Normal value,0,Units,1,One
DATAFLOW,OECD.ELS.SAE:DSD_FTPT@DF_FTPT_NATIONAL_INC(1.0),Incidence of full-time and part-time employment based on national definitions,I,AUT,Austria,EMP,Employment,PT_POP_SUB,Percentage of population in the same subgroup,F,Female,_T,Total,EMP,Employment,MAIN,Main job,_T,Total,FT,Full-time,NAT_DEF,National definition,A,Annual,2024,,48.894,,A,Normal value,0,Units,1,One
DATAFLOW,OECD.ELS.SAE:DSD_FTPT@DF_FTPT_NATIONAL_INC(1.0),Incidence of full-time and part-time employment based on national definitions,I,CAN,Canada,EMP,Employment,PT_POP_SUB,Percentage of population in the same subgroup,F,Female,_T,Total,EMP,Employment,MAIN,Main job,_T,Total,FT,Full-time,NAT_DEF,National definition,A,Annual,2012,,73.167,,A,Normal value,0,Units,1,One
DATAFLOW,OECD.ELS.SAE:DSD_FTPT@DF_FTPT_NATIONAL_INC(1.0),Incidence of full-time and part-time employment based on national definitions,I,CAN,Canada,EMP,Employment,PT_POP_SUB,Percentage of population in the same subgroup,F,Female,_T,Total,EMP,Employment,MAIN,Main job,_T,Total,FT,Full-time,NAT_DEF,National definition,A,Annual,2014,,72.989,,A,Normal value,0,Units,1,One
DATAFLOW,OECD.ELS.SAE:DSD_FTPT@DF_FTPT_NATIONAL_INC(1.0),Incidence of full-time and part-time employment based on national definitions,I,CAN,Canada,EMP,Employment,PT_POP_SUB,Percentage of population in the same subgroup,F,Female,_T,Total,EMP,Employment,MAIN,Main job,_T,Total,FT,Full-time,NAT_DEF,National definition,A,Annual,2015,,73.734,,A,Normal value,0,Units,1,One
DATAFLOW,OECD.ELS.SAE:DSD_FTPT@DF_FTPT_NATIONAL_INC(1.0),Incidence of full-time and part-time employment based on national definitions,I,CAN,Canada,EMP,Employment,PT_POP_SUB,Percentage of population in the same subgroup,F,Female,_T,Total,EMP,Employment,MAIN,Main job,_T,Total,FT,Full-time,NAT_DEF,National definition,A,Annual,2020,,75.614,,A,Normal value,0,Units,1,One
DATAFLOW,OECD.ELS.SAE:DSD_FTPT@DF_FTPT_NATIONAL_INC(1.0),Incidence of full-time and part-time employment based on national definitions,I,CAN,Canada,EMP,Employment,PT_POP_SUB,Percentage of population in the same subgroup,F,Female,_T,Total,EMP,Employment,MAIN,Main job,_T,Total,FT,Full-time,NAT_DEF,National definition,A,Annual,2021,,75.775,,A,Normal value,0,Units,1,One
DATAFLOW,OECD.ELS.SAE:DSD_FTPT@DF_FTPT_NATIONAL_INC(1.0),Incidence of full-time and part-time employment based on national definitions,I,CAN,Canada,EMP,Employment,PT_POP_SUB,Percentage of population in the same subgroup,F,Female,_T,Total,EMP,Employment,MAIN,Main job,_T,Total,FT,Full-time,NAT_DEF,National definition,A,Annual,2022,,75.578,,A,Normal value,0,Units,1,One
DATAFLOW,OECD.ELS.SAE:DSD_FTPT@DF_FTPT_NATIONAL_INC(1.0),Incidence of full-time and part-time employment based on national definitions,I,CHL,Chile,EMP,Employment,PT_POP_SUB,Percentage of population in the same subgroup,F,Female,_T,Total,EMP,Employment,MAIN,Main job,_T,Total,FT,Full-time,NAT_DEF,National definition,A,Annual,2010,,71.807,,A,Normal value,0,Units,1,One
DATAFLOW,OECD.ELS.SAE:DSD_FTPT@DF_FTPT_NATIONAL_INC(1.0),Incidence of full-time and part-time employment based on national definitions,I,CHL,Chile,EMP,Employment,PT_POP_SUB,Percentage of population in the same subgroup,F,Female,_T,Total,EMP,Employment,MAIN,Main job,_T,Total,FT,Full-time,NAT_DEF,National definition,A,Annual,2011,,71.402,,A,Normal value,0,Units,1,One
DATAFLOW,OECD.ELS.SAE:DSD_FTPT@DF_FTPT_NATIONAL_INC(1.0),Incidence of full-time and part-time employment based on national definitions,I,CHL,Chile,EMP,Employment,PT_POP_SUB,Percentage of population in the same subgroup,F,Female,_T,Total,EMP,Employment,MAIN,Main job,_T,Total,FT,Full-time,NAT_DEF,National definition,A,Annual,2013,,72.599,,A,Normal value,0,Units,1,One
DATAFLOW,OECD.ELS.SAE:DSD_FTPT@DF_FTPT_NATIONAL_INC(1.0),Incidence of full-time and part-time employment based on national definitions,I,CHL,Chile,EMP,Employment,PT_POP_SUB,Percentage of population in the same subgroup,F,Female,_T,Total,EMP,Employment,MAIN,Main job,_T,Total,FT,Full-time,NAT_DEF,National definition,A,Annual,2014,,71.998,,A,Normal value,0,Units,1,One
DATAFLOW,OECD.ELS.SAE:DSD_FTPT@DF_FTPT_NATIONAL_INC(1.0),Incidence of full-time and part-time employment based on national definitions,I,CHL,Chile,EMP,Employment,PT_POP_SUB,Percentage of population in the same subgroup,F,Female,_T,Total,EMP,Employment,MAIN,Main job,_T,Total,FT,Full-time,NAT_DEF,National definition,A,Annual,2015,,72.371,,A,Normal value,0,Units,1,One
DATAFLOW,OECD.ELS.SAE:DSD_FTPT@DF_FTPT_NATIONAL_INC(1.0),Incidence of full-time and part-time employment based on national definitions,I,CHL,Chile,EMP,Employment,PT_POP_SUB,Percentage of population in the same subgroup,F,Female,_T,Total,EMP,Employment,MAIN,Main job,_T,Total,FT,Full-time,NAT_DEF,National definition,A,Annual,2017,,71.954,,A,Normal value,0,Units,1,One
DATAFLOW,OECD.ELS.SAE:DSD_FTPT@DF_FTPT_NATIONAL_INC(1.0),Incidence of full-time and part-time employment based on national definitions,I,CHL,Chile,EMP,Employment,PT_POP_SUB,Percentage of population in the same subgroup,F,Female,_T,Total,EMP,Employment,MAIN,Main job,_T,Total,FT,Full-time,NAT_DEF,National definition,A,Annual,2018,,72.529,,A,Normal value,0,Units,1,One
DATAFLOW,OECD.ELS.SAE:DSD_FTPT@DF_FTPT_NATIONAL_INC(1.0),Incidence of full-time and part-time employment based on national definitions,I,CHL,Chile,EMP,Employment,PT_POP_SUB,Percentage of population in the same subgroup,F,Female,_T,Total,EMP,Employment,MAIN,Main job,_T,Total,FT,Full-time,NAT_DEF,National definition,A,Annual,2019,,72.74,,A,Normal value,0,Units,1,One
DATAFLOW,OECD.ELS.SAE:DSD_FTPT@DF_FTPT_NATIONAL_INC(1.0),Incidence of full-time and part-time employment based on national definitions,I,CHL,Chile,EMP,Employment,PT_POP_SUB,Percentage of population in the same subgroup,F,Female,_T,Total,EMP,Employment,MAIN,Main job,_T,Total,FT,Full-time,NAT_DEF,National definition,A,Annual,2020,,74.236,,A,Normal value,0,Units,1,One
DATAFLOW,OECD.ELS.SAE:DSD_FTPT@DF_FTPT_NATIONAL_INC(1.0),Incidence of full-time and part-time employment based on national definitions,I,CHL,Chile,EMP,Employment,PT_POP_SUB,Percentage of population in the same subgroup,F,Female,_T,Total,EMP,Employment,MAIN,Main job,_T,Total,FT,Full-time,NAT_DEF,National definition,A,Annual,2022,,74.052,,A,Normal value,0,Units,1,One
DATAFLOW,OECD.ELS.SAE:DSD_FTPT@DF_FTPT_NATIONAL_INC(1.0),Incidence of full-time and part-time employment based on national definitions,I,CHL,Chile,EMP,Employment,PT_POP_SUB,Percentage of population in the same subgroup,F,Female,_T,Total,EMP,Employment,MAIN,Main job,_T,Total,FT,Full-time,NAT_DEF,National definition,A,Annual,2023,,74.393,,A,Normal value,0,Units,1,One
DATAFLOW,OECD.ELS.SAE:DSD_FTPT@DF_FTPT_NATIONAL_INC(1.0),Incidence of full-time and part-time employment based on national definitions,I,COL,Colombia,EMP,Employment,PT_POP_SUB,Percentage of population in the same subgroup,F,Female,_T,Total,EMP,Employment,MAIN,Main job,_T,Total,FT,Full-time,NAT_DEF,National definition,A,Annual,2011,,72.63,,A,Normal value,0,Units,1,One
DATAFLOW,OECD.ELS.SAE:DSD_FTPT@DF_FTPT_NATIONAL_INC(1.0),Incidence of full-time and part-time employment based on national definitions,I,CRI,Costa Rica,EMP,Employment,PT_POP_SUB,Percentage of population in the same subgroup,F,Female,_T,Total,EMP,Employment,MAIN,Main job,_T,Total,FT,Full-time,NAT_DEF,National definition,A,Annual,2019,,59.69,,A,Normal value,0,Units,1,One
DATAFLOW,OECD.ELS.SAE:DSD_FTPT@DF_FTPT_NATIONAL_INC(1.0),Incidence of full-time and part-time employment based on national definitions,I,CRI,Costa Rica,EMP,Employment,PT_POP_SUB,Percentage of population in the same subgroup,F,Female,_T,Total,EMP,Employment,MAIN,Main job,_T,Total,FT,Full-time,NAT_DEF,National definition,A,Annual,2020,,63.243,,A,Normal value,0,Units,1,One
DATAFLOW,OECD.ELS.SAE:DSD_FTPT@DF_FTPT_NATIONAL_INC(1.0),Incidence of full-time and part-time employment based on national definitions,I,CRI,Costa Rica,EMP,Employment,PT_POP_SUB,Percentage of population in the same subgroup,F,Female,_T,Total,EMP,Employment,MAIN,Main job,_T,Total,FT,Full-time,NAT_DEF,National definition,A,Annual,2021,,61.635,,A,Normal value,0,Units,1,One
DATAFLOW,OECD.ELS.SAE:DSD_FTPT@DF_FTPT_NATIONAL_INC(1.0),Incidence of full-time and part-time employment based on national definitions,I,CRI,Costa Rica,EMP,Employment,PT_POP_SUB,Percentage of population in the same subgroup,F,Female,_T,Total,EMP,Employment,MAIN,Main job,_T,Total,FT,Full-time,NAT_DEF,National definition,A,Annual,2023,,68.463,,A,Normal value,0,Units,1,One
DATAFLOW,OECD.ELS.SAE:DSD_FTPT@DF_FTPT_NATIONAL_INC(1.0),Incidence of full-time and part-time employment based on national definitions,I,CRI,Costa Rica,EMP,Employment,PT_POP_SUB,Percentage of population in the same subgroup,F,Female,_T,Total,EMP,Employment,MAIN,Main job,_T,Total,FT,Full-time,NAT_DEF,National definition,A,Annual,2024,,68.553,,A,Normal value,0,Units,1,One
DATAFLOW,OECD.ELS.SAE:DSD_FTPT@DF_FTPT_NATIONAL_INC(1.0),Incidence of full-time and part-time employment based on national definitions,I,CZE,Czechia,EMP,Employment,PT_POP_SUB,Percentage of population in the same subgroup,F,Female,_T,Total,EMP,Employment,MAIN,Main job,_T,Total,FT,Full-time,NAT_DEF,National definition,A,Annual,2010,,90.112,,A,Normal value,0,Units,1,One
DATAFLOW,OECD.ELS.SAE:DSD_FTPT@DF_FTPT_NATIONAL_INC(1.0),Incidence of full-time and part-time employment based on national definitions,I,CZE,Czechia,EMP,Employment,PT_POP_SUB,Percentage of population in the same subgroup,F,Female,_T,Total,EMP,Employment,MAIN,Main job,_T,Total,FT,Full-time,NAT_DEF,National definition,A,Annual,2011,,90.649,,A,Normal value,0,Units,1,One
DATAFLOW,OECD.ELS.SAE:DSD_FTPT@DF_FTPT_NATIONAL_INC(1.0),Incidence of full-time and part-time employment based on national definitions,I,CZE,Czechia,EMP,Employment,PT_POP_SUB,Percentage of population in the same subgroup,F,Female,_T,Total,EMP,Employment,MAIN,Main job,_T,Total,FT,Full-time,NAT_DEF,National definition,A,Annual,2012,,90.467,,A,Normal value,0,Units,1,One
DATAFLOW,OECD.ELS.SAE:DSD_FTPT@DF_FTPT_NATIONAL_INC(1.0),Incidence of full-time and part-time employment based on national definitions,I,CZE,Czechia,EMP,Employment,PT_POP_SUB,Percentage of population in the same subgroup,F,Female,_T,Total,EMP,Employment,MAIN,Main job,_T,Total,FT,Full-time,NAT_DEF,National definition,A,Annual,2013,,89.02,,A,Normal value,0,Units,1,One
DATAFLOW,OECD.ELS.SAE:DSD_FTPT@DF_FTPT_NATIONAL_INC(1.0),Incidence of full-time and part-time employment based on national definitions,I,CZE,Czechia,EMP,Employment,PT_POP_SUB,Percentage of population in the same subgroup,F,Female,_T,Total,EMP,Employment,MAIN,Main job,_T,Total,FT,Full-time,NAT_DEF,National definition,A,Annual,2014,,89.582,,A,Normal value,0,Units,1,One
DATAFLOW,OECD.ELS.SAE:DSD_FTPT@DF_FTPT_NATIONAL_INC(1.0),Incidence of full-time and part-time employment based on national definitions,I,CZE,Czechia,EMP,Employment,PT_POP_SUB,Percentage of population in the same subgroup,F,Female,_T,Total,EMP,Employment,MAIN,Main job,_T,Total,FT,Full-time,NAT_DEF,National definition,A,Annual,2015,,89.625,,A,Normal value,0,Units,1,One
DATAFLOW,OECD.ELS.SAE:DSD_FTPT@DF_FTPT_NATIONAL_INC(1.0),Incidence of full-time and part-time employment based on national definitions,I,CZE,Czechia,EMP,Employment,PT_POP_SUB,Percentage of population in the same subgroup,F,Female,_T,Total,EMP,Employment,MAIN,Main job,_T,Total,FT,Full-time,NAT_DEF,National definition,A,Annual,2016,,88.862,,A,Normal value,0,Units,1,One
DATAFLOW,OECD.ELS.SAE:DSD_FTPT@DF_FTPT_NATIONAL_INC(1.0),Incidence of full-time and part-time employment based on national definitions,I,CZE,Czechia,EMP,Employment,PT_POP_SUB,Percentage of population in the same subgroup,F,Female,_T,Total,EMP,Employment,MAIN,Main job,_T,Total,FT,Full-time,NAT_DEF,National definition,A,Annual,2017,,87.85,,A,Normal value,0,Units,1,One
DATAFLOW,OECD.ELS.SAE:DSD_FTPT@DF_FTPT_NATIONAL_INC(1.0),Incidence of full-time and part-time employment based on national definitions,I,CZE,Czechia,EMP,Employment,PT_POP_SUB,Percentage of population in the same subgroup,F,Female,_T,Total,EMP,Employment,MAIN,Main job,_T,Total,FT,Full-time,NAT_DEF,National definition,A,Annual,2018,,87.714,,A,Normal value,0,Units,1,One
DATAFLOW,OECD.ELS.SAE:DSD_FTPT@DF_FTPT_NATIONAL_INC(1.0),Incidence of full-time and part-time employment based on national definitions,I,CZE,Czechia,EMP,Employment,PT_POP_SUB,Percentage of population in the same subgroup,F,Female,_T,Total,EMP,Employment,MAIN,Main job,_T,Total,FT,Full-time,NAT_DEF,National definition,A,Annual,2019,,87.953,,A,Normal value,0,Units,1,One
DATAFLOW,OECD.ELS.SAE:DSD_FTPT@DF_FTPT_NATIONAL_INC(1.0),Incidence of full-time and part-time employment based on national definitions,I,CZE,Czechia,EMP,Employment,PT_POP_SUB,Percentage of population in the same subgroup,F,Female,_T,Total,EMP,Employment,MAIN,Main job,_T,Total,FT,Full-time,NAT_DEF,National definition,A,Annual,2020,,88.654,,A,Normal value,0,Units,1,One
DATAFLOW,OECD.ELS.SAE:DSD_FTPT@DF_FTPT_NATIONAL_INC(1.0),Incidence of full-time and part-time employment based on national definitions,I,CZE,Czechia,EMP,Employment,PT_POP_SUB,Percentage of population in the same subgroup,F,Female,_T,Total,EMP,Employment,MAIN,Main job,_T,Total,FT,Full-time,NAT_DEF,National definition,A,Annual,2021,,89.16,,A,Normal value,0,Units,1,One
DATAFLOW,OECD.ELS.SAE:DSD_FTPT@DF_FTPT_NATIONAL_INC(1.0),Incidence of full-time and part-time employment based on national definitions,I,CZE,Czechia,EMP,Employment,PT_POP_SUB,Percentage of population in the same subgroup,F,Female,_T,Total,EMP,Employment,MAIN,Main job,_T,Total,FT,Full-time,NAT_DEF,National definition,A,Annual,2023,,86.772,,A,Normal value,0,Units,1,One
DATAFLOW,OECD.ELS.SAE:DSD_FTPT@DF_FTPT_NATIONAL_INC(1.0),Incidence of full-time and part-time employment based on national definitions,I,CZE,Czechia,EMP,Employment,PT_POP_SUB,Percentage of population in the same subgroup,F,Female,_T,Total,EMP,Employment,MAIN,Main job,_T,Total,FT,Full-time,NAT_DEF,National definition,A,Annual,2024,,85.801,,A,Normal value,0,Units,1,One
DATAFLOW,OECD.ELS.SAE:DSD_FTPT@DF_FTPT_NATIONAL_INC(1.0),Incidence of full-time and part-time employment based on national definitions,I,DNK,Denmark,EMP,Employment,PT_POP_SUB,Percentage of population in the same subgroup,F,Female,_T,Total,EMP,Employment,MAIN,Main job,_T,Total,FT,Full-time,NAT_DEF,National definition,A,Annual,2020,,66.324,,A,Normal value,0,Units,1,One
DATAFLOW,OECD.ELS.SAE:DSD_FTPT@DF_FTPT_NATIONAL_INC(1.0),Incidence of full-time and part-time employment based on national definitions,I,DNK,Denmark,EMP,Employment,PT_POP_SUB,Percentage of population in the same subgroup,F,Female,_T,Total,EMP,Employment,MAIN,Main job,_T,Total,FT,Full-time,NAT_DEF,National definition,A,Annual,2022,,65.239,,A,Normal value,0,Units,1,One
DATAFLOW,OECD.ELS.SAE:DSD_FTPT@DF_FTPT_NATIONAL_INC(1.0),Incidence of full-time and part-time employment based on national definitions,I,DNK,Denmark,EMP,Employment,PT_POP_SUB,Percentage of population in the same subgroup,F,Female,_T,Total,EMP,Employment,MAIN,Main job,_T,Total,FT,Full-time,NAT_DEF,National definition,A,Annual,2024,,61.315,,A,Normal value,0,Units,1,One
DATAFLOW,OECD.ELS.SAE:DSD_FTPT@DF_FTPT_NATIONAL_INC(1.0),Incidence of full-time and part-time employment based on national definitions,I,EST,Estonia,EMP,Employment,PT_POP_SUB,Percentage of population in the same subgroup,F,Female,_T,Total,EMP,Employment,MAIN,Main job,_T,Total,FT,Full-time,NAT_DEF,National definition,A,Annual,2010,,85.03,,A,Normal value,0,Units,1,One
DATAFLOW,OECD.ELS.SAE:DSD_FTPT@DF_FTPT_NATIONAL_INC(1.0),Incidence of full-time and part-time employment based on national definitions,I,EST,Estonia,EMP,Employment,PT_POP_SUB,Percentage of population in the same subgroup,F,Female,_T,Total,EMP,Employment,MAIN,Main job,_T,Total,FT,Full-time,NAT_DEF,National definition,A,Annual,2011,,84.046,,A,Normal value,0,Units,1,One
DATAFLOW,OECD.ELS.SAE:DSD_FTPT@DF_FTPT_NATIONAL_INC(1.0),Incidence of full-time and part-time employment based on national definitions,I,EST,Estonia,EMP,Employment,PT_POP_SUB,Percentage of population in the same subgroup,F,Female,_T,Total,EMP,Employment,MAIN,Main job,_T,Total,FT,Full-time,NAT_DEF,National definition,A,Annual,2012,,84.746,,A,Normal value,0,Units,1,One
DATAFLOW,OECD.ELS.SAE:DSD_FTPT@DF_FTPT_NATIONAL_INC(1.0),Incidence of full-time and part-time employment based on national definitions,I,EST,Estonia,EMP,Employment,PT_POP_SUB,Percentage of population in the same subgroup,F,Female,_T,Total,EMP,Employment,MAIN,Main job,_T,Total,FT,Full-time,NAT_DEF,National definition,A,Annual,2013,,85.759,,A,Normal value,0,Units,1,One
DATAFLOW,OECD.ELS.SAE:DSD_FTPT@DF_FTPT_NATIONAL_INC(1.0),Incidence of full-time and part-time employment based on national definitions,I,EST,Estonia,EMP,Employment,PT_POP_SUB,Percentage of population in the same subgroup,F,Female,_T,Total,EMP,Employment,MAIN,Main job,_T,Total,FT,Full-time,NAT_DEF,National definition,A,Annual,2014,,87.216,,A,Normal value,0,Units,1,One
DATAFLOW,OECD.ELS.SAE:DSD_FTPT@DF_FTPT_NATIONAL_INC(1.0),Incidence of full-time and part-time employment based on national definitions,I,EST,Estonia,EMP,Employment,PT_POP_SUB,Percentage of population in the same subgroup,F,Female,_T,Total,EMP,Employment,MAIN,Main job,_T,Total,FT,Full-time,NAT_DEF,National definition,A,Annual,2015,,84.788,,A,Normal value,0,Units,1,One
DATAFLOW,OECD.ELS.SAE:DSD_FTPT@DF_FTPT_NATIONAL_INC(1.0),Incidence of full-time and part-time employment based on national definitions,I,EST,Estonia,EMP,Employment,PT_POP_SUB,Percentage of population in the same subgroup,F,Female,_T,Total,EMP,Employment,MAIN,Main job,_T,Total,FT,Full-time,NAT_DEF,National definition,A,Annual,2016,,85.238,,A,Normal value,0,Units,1,One
DATAFLOW,OECD.ELS.SAE:DSD_FTPT@DF_FTPT_NATIONAL_INC(1.0),Incidence of full-time and part-time employment based on national definitions,I,EST,Estonia,EMP,Employment,PT_POP_SUB,Percentage of population in the same subgroup,F,Female,_T,Total,EMP,Employment,MAIN,Main job,_T,Total,FT,Full-time,NAT_DEF,National definition,A,Annual,2017,,84.996,,A,Normal value,0,Units,1,One
DATAFLOW,OECD.ELS.SAE:DSD_FTPT@DF_FTPT_NATIONAL_INC(1.0),Incidence of full-time and part-time employment based on national definitions,I,EST,Estonia,EMP,Employment,PT_POP_SUB,Percentage of population in the same subgroup,F,Female,_T,Total,EMP,Employment,MAIN,Main job,_T,Total,FT,Full-time,NAT_DEF,National definition,A,Annual,2018,,83.158,,A,Normal value,0,Units,1,One
DATAFLOW,OECD.ELS.SAE:DSD_FTPT@DF_FTPT_NATIONAL_INC(1.0),Incidence of full-time and part-time employment based on national definitions,I,EST,Estonia,EMP,Employment,PT_POP_SUB,Percentage of population in the same subgroup,F,Female,_T,Total,EMP,Employment,MAIN,Main job,_T,Total,FT,Full-time,NAT_DEF,National definition,A,Annual,2019,,82.342,,A,Normal value,0,Units,1,One
DATAFLOW,OECD.ELS.SAE:DSD_FTPT@DF_FTPT_NATIONAL_INC(1.0),Incidence of full-time and part-time employment based on national definitions,I,EST,Estonia,EMP,Employment,PT_POP_SUB,Percentage of population in the same subgroup,F,Female,_T,Total,EMP,Employment,MAIN,Main job,_T,Total,FT,Full-time,NAT_DEF,National definition,A,Annual,2020,,81.722,,A,Normal value,0,Units,1,One
DATAFLOW,OECD.ELS.SAE:DSD_FTPT@DF_FTPT_NATIONAL_INC(1.0),Incidence of full-time and part-time employment based on national definitions,I,EST,Estonia,EMP,Employment,PT_POP_SUB,Percentage of population in the same subgroup,F,Female,_T,Total,EMP,Employment,MAIN,Main job,_T,Total,FT,Full-time,NAT_DEF,National definition,A,Annual,2021,,81.818,,A,Normal value,0,Units,1,One
DATAFLOW,OECD.ELS.SAE:DSD_FTPT@DF_FTPT_NATIONAL_INC(1.0),Incidence of full-time and part-time employment based on national definitions,I,EST,Estonia,EMP,Employment,PT_POP_SUB,Percentage of population in the same subgroup,F,Female,_T,Total,EMP,Employment,MAIN,Main job,_T,Total,FT,Full-time,NAT_DEF,National definition,A,Annual,2022,,79.693,,A,Normal value,0,Units,1,One
DATAFLOW,OECD.ELS.SAE:DSD_FTPT@DF_FTPT_NATIONAL_INC(1.0),Incidence of full-time and part-time employment based on national definitions,I,EST,Estonia,EMP,Employment,PT_POP_SUB,Percentage of population in the same subgroup,F,Female,_T,Total,EMP,Employment,MAIN,Main job,_T,Total,FT,Full-time,NAT_DEF,National definition,A,Annual,2023,,80.614,,A,Normal value,0,Units,1,One
DATAFLOW,OECD.ELS.SAE:DSD_FTPT@DF_FTPT_NATIONAL_INC(1.0),Incidence of full-time and part-time employment based on national definitions,I,EST,Estonia,EMP,Employment,PT_POP_SUB,Percentage of population in the same subgroup,F,Female,_T,Total,EMP,Employment,MAIN,Main job,_T,Total,FT,Full-time,NAT_DEF,National definition,A,Annual,2024,,80.635,,A,Normal value,0,Units,1,One
DATAFLOW,OECD.ELS.SAE:DSD_FTPT@DF_FTPT_NATIONAL_INC(1.0),Incidence of full-time and part-time employment based on national definitions,I,FIN,Finland,EMP,Employment,PT_POP_SUB,Percentage of population in the same subgroup,F,Female,_T,Total,EMP,Employment,MAIN,Main job,_T,Total,FT,Full-time,NAT_DEF,National definition,A,Annual,2013,,79.786,,A,Normal value,0,Units,1,One
DATAFLOW,OECD.ELS.SAE:DSD_FTPT@DF_FTPT_NATIONAL_INC(1.0),Incidence of full-time and part-time employment based on national definitions,I,FIN,Finland,EMP,Employment,PT_POP_SUB,Percentage of population in the same subgroup,F,Female,_T,Total,EMP,Employment,MAIN,Main job,_T,Total,FT,Full-time,NAT_DEF,National definition,A,Annual,2014,,79.829,,A,Normal value,0,Units,1,One
DATAFLOW,OECD.ELS.SAE:DSD_FTPT@DF_FTPT_NATIONAL_INC(1.0),Incidence of full-time and part-time employment based on national definitions,I,FIN,Finland,EMP,Employment,PT_POP_SUB,Percentage of population in the same subgroup,F,Female,_T,Total,EMP,Employment,MAIN,Main job,_T,Total,FT,Full-time,NAT_DEF,National definition,A,Annual,2015,,80.212,,A,Normal value,0,Units,1,One
DATAFLOW,OECD.ELS.SAE:DSD_FTPT@DF_FTPT_NATIONAL_INC(1.0),Incidence of full-time and part-time employment based on national definitions,I,FIN,Finland,EMP,Employment,PT_POP_SUB,Percentage of population in the same subgroup,F,Female,_T,Total,EMP,Employment,MAIN,Main job,_T,Total,FT,Full-time,NAT_DEF,National definition,A,Annual,2016,,78.723,,A,Normal value,0,Units,1,One
DATAFLOW,OECD.ELS.SAE:DSD_FTPT@DF_FTPT_NATIONAL_INC(1.0),Incidence of full-time and part-time employment based on national definitions,I,FIN,Finland,EMP,Employment,PT_POP_SUB,Percentage of population in the same subgroup,F,Female,_T,Total,EMP,Employment,MAIN,Main job,_T,Total,FT,Full-time,NAT_DEF,National definition,A,Annual,2017,,78.443,,A,Normal value,0,Units,1,One
DATAFLOW,OECD.ELS.SAE:DSD_FTPT@DF_FTPT_NATIONAL_INC(1.0),Incidence of full-time and part-time employment based on national definitions,I,FIN,Finland,EMP,Employment,PT_POP_SUB,Percentage of population in the same subgroup,F,Female,_T,Total,EMP,Employment,MAIN,Main job,_T,Total,FT,Full-time,NAT_DEF,National definition,A,Annual,2018,,78.196,,A,Normal value,0,Units,1,One
DATAFLOW,OECD.ELS.SAE:DSD_FTPT@DF_FTPT_NATIONAL_INC(1.0),Incidence of full-time and part-time employment based on national definitions,I,FIN,Finland,EMP,Employment,PT_POP_SUB,Percentage of population in the same subgroup,F,Female,_T,Total,EMP,Employment,MAIN,Main job,_T,Total,FT,Full-time,NAT_DEF,National definition,A,Annual,2019,,77.457,,A,Normal value,0,Units,1,One
DATAFLOW,OECD.ELS.SAE:DSD_FTPT@DF_FTPT_NATIONAL_INC(1.0),Incidence of full-time and part-time employment based on national definitions,I,FIN,Finland,EMP,Employment,PT_POP_SUB,Percentage of population in the same subgroup,F,Female,_T,Total,EMP,Employment,MAIN,Main job,_T,Total,FT,Full-time,NAT_DEF,National definition,A,Annual,2020,,79.145,,A,Normal value,0,Units,1,One
DATAFLOW,OECD.ELS.SAE:DSD_FTPT@DF_FTPT_NATIONAL_INC(1.0),Incidence of full-time and part-time employment based on national definitions,I,FIN,Finland,EMP,Employment,PT_POP_SUB,Percentage of population in the same subgroup,F,Female,_T,Total,EMP,Employment,MAIN,Main job,_T,Total,FT,Full-time,NAT_DEF,National definition,A,Annual,2021,,75.645,,A,Normal value,0,Units,1,One
DATAFLOW,OECD.ELS.SAE:DSD_FTPT@DF_FTPT_NATIONAL_INC(1.0),Incidence of full-time and part-time employment based on national definitions,I,FIN,Finland,EMP,Employment,PT_POP_SUB,Percentage of population in the same subgroup,F,Female,_T,Total,EMP,Employment,MAIN,Main job,_T,Total,FT,Full-time,NAT_DEF,National definition,A,Annual,2022,,75.536,,A,Normal value,0,Units,1,One
DATAFLOW,OECD.ELS.SAE:DSD_FTPT@DF_FTPT_NATIONAL_INC(1.0),Incidence of full-time and part-time employment based on national definitions,I,FIN,Finland,EMP,Employment,PT_POP_SUB,Percentage of population in the same subgroup,F,Female,_T,Total,EMP,Employment,MAIN,Main job,_T,Total,FT,Full-time,NAT_DEF,National definition,A,Annual,2023,,75.865,,A,Normal value,0,Units,1,One
DATAFLOW,OECD.ELS.SAE:DSD_FTPT@DF_FTPT_NATIONAL_INC(1.0),Incidence of full-time and part-time employment based on national definitions,I,FIN,Finland,EMP,Employment,PT_POP_SUB,Percentage of population in the same subgroup,F,Female,_T,Total,EMP,Employment,MAIN,Main job,_T,Total,FT,Full-time,NAT_DEF,National definition,A,Annual,2024,,76.414,,A,Normal value,0,Units,1,One
DATAFLOW,OECD.ELS.SAE:DSD_FTPT@DF_FTPT_NATIONAL_INC(1.0),Incidence of full-time and part-time employment based on national definitions,I,FRA,France,EMP,Employment,PT_POP_SUB,Percentage of population in the same subgroup,F,Female,_T,Total,EMP,Employment,MAIN,Main job,_T,Total,FT,Full-time,NAT_DEF,National definition,A,Annual,2011,,69.853,,A,Normal value,0,Units,1,One
DATAFLOW,OECD.ELS.SAE:DSD_FTPT@DF_FTPT_NATIONAL_INC(1.0),Incidence of full-time and part-time employment based on national definitions,I,FRA,France,EMP,Employment,PT_POP_SUB,Percentage of population in the same subgroup,F,Female,_T,Total,EMP,Employment,MAIN,Main job,_T,Total,FT,Full-time,NAT_DEF,National definition,A,Annual,2022,,73.515,,A,Normal value,0,Units,1,One
DATAFLOW,OECD.ELS.SAE:DSD_FTPT@DF_FTPT_NATIONAL_INC(1.0),Incidence of full-time and part-time employment based on national definitions,I,DEU,Germany,EMP,Employment,PT_POP_SUB,Percentage of population in the same subgroup,F,Female,_T,Total,EMP,Employment,MAIN,Main job,_T,Total,FT,Full-time,NAT_DEF,National definition,A,Annual,2020,,51.444,,A,Normal value,0,Units,1,One
DATAFLOW,OECD.ELS.SAE:DSD_FTPT@DF_FTPT_NATIONAL_INC(1.0),Incidence of full-time and part-time employment based on national definitions,I,DEU,Germany,EMP,Employment,PT_POP_SUB,Percentage of population in the same subgroup,F,Female,_T,Total,EMP,Employment,MAIN,Main job,_T,Total,FT,Full-time,NAT_DEF,National definition,A,Annual,2021,,51.917,,A,Normal value,0,Units,1,One
DATAFLOW,OECD.ELS.SAE:DSD_FTPT@DF_FTPT_NATIONAL_INC(1.0),Incidence of full-time and part-time employment based on national definitions,I,DEU,Germany,EMP,Employment,PT_POP_SUB,Percentage of population in the same subgroup,F,Female,_T,Total,EMP,Employment,MAIN,Main job,_T,Total,FT,Full-time,NAT_DEF,National definition,A,Annual,2022,,51.946,,A,Normal value,0,Units,1,One
DATAFLOW,OECD.ELS.SAE:DSD_FTPT@DF_FTPT_NATIONAL_INC(1.0),Incidence of full-time and part-time employment based on national definitions,I,DEU,Germany,EMP,Employment,PT_POP_SUB,Percentage of population in the same subgroup,F,Female,_T,Total,EMP,Employment,MAIN,Main job,_T,Total,FT,Full-time,NAT_DEF,National definition,A,Annual,2023,,51.127,,A,Normal value,0,Units,1,One
DATAFLOW,OECD.ELS.SAE:DSD_FTPT@DF_FTPT_NATIONAL_INC(1.0),Incidence of full-time and part-time employment based on national definitions,I,DEU,Germany,EMP,Employment,PT_POP_SUB,Percentage of population in the same subgroup,F,Female,_T,Total,EMP,Employment,MAIN,Main job,_T,Total,FT,Full-time,NAT_DEF,National definition,A,Annual,2024,,50.411,,A,Normal value,0,Units,1,One
DATAFLOW,OECD.ELS.SAE:DSD_FTPT@DF_FTPT_NATIONAL_INC(1.0),Incidence of full-time and part-time employment based on national definitions,I,GRC,Greece,EMP,Employment,PT_POP_SUB,Percentage of population in the same subgroup,F,Female,_T,Total,EMP,Employment,MAIN,Main job,_T,Total,FT,Full-time,NAT_DEF,National definition,A,Annual,2011,,89.754,,A,Normal value,0,Units,1,One
DATAFLOW,OECD.ELS.SAE:DSD_FTPT@DF_FTPT_NATIONAL_INC(1.0),Incidence of full-time and part-time employment based on national definitions,I,GRC,Greece,EMP,Employment,PT_POP_SUB,Percentage of population in the same subgroup,F,Female,_T,Total,EMP,Employment,MAIN,Main job,_T,Total,FT,Full-time,NAT_DEF,National definition,A,Annual,2012,,88.097,,A,Normal value,0,Units,1,One
DATAFLOW,OECD.ELS.SAE:DSD_FTPT@DF_FTPT_NATIONAL_INC(1.0),Incidence of full-time and part-time employment based on national definitions,I,GRC,Greece,EMP,Employment,PT_POP_SUB,Percentage of population in the same subgroup,F,Female,_T,Total,EMP,Employment,MAIN,Main job,_T,Total,FT,Full-time,NAT_DEF,National definition,A,Annual,2013,,87.317,,A,Normal value,0,Units,1,One
DATAFLOW,OECD.ELS.SAE:DSD_FTPT@DF_FTPT_NATIONAL_INC(1.0),Incidence of full-time and part-time employment based on national definitions,I,GRC,Greece,EMP,Employment,PT_POP_SUB,Percentage of population in the same subgroup,F,Female,_T,Total,EMP,Employment,MAIN,Main job,_T,Total,FT,Full-time,NAT_DEF,National definition,A,Annual,2014,,86.772,,A,Normal value,0,Units,1,One
DATAFLOW,OECD.ELS.SAE:DSD_FTPT@DF_FTPT_NATIONAL_INC(1.0),Incidence of full-time and part-time employment based on national definitions,I,GRC,Greece,EMP,Employment,PT_POP_SUB,Percentage of population in the same subgroup,F,Female,_T,Total,EMP,Employment,MAIN,Main job,_T,Total,FT,Full-time,NAT_DEF,National definition,A,Annual,2015,,86.824,,A,Normal value,0,Units,1,One
DATAFLOW,OECD.ELS.SAE:DSD_FTPT@DF_FTPT_NATIONAL_INC(1.0),Incidence of full-time and part-time employment based on national definitions,I,GRC,Greece,EMP,Employment,PT_POP_SUB,Percentage of population in the same subgroup,F,Female,_T,Total,EMP,Employment,MAIN,Main job,_T,Total,FT,Full-time,NAT_DEF,National definition,A,Annual,2016,,86.176,,A,Normal value,0,Units,1,One
DATAFLOW,OECD.ELS.SAE:DSD_FTPT@DF_FTPT_NATIONAL_INC(1.0),Incidence of full-time and part-time employment based on national definitions,I,GRC,Greece,EMP,Employment,PT_POP_SUB,Percentage of population in the same subgroup,F,Female,_T,Total,EMP,Employment,MAIN,Main job,_T,Total,FT,Full-time,NAT_DEF,National definition,A,Annual,2017,,85.878,,A,Normal value,0,Units,1,One
DATAFLOW,OECD.ELS.SAE:DSD_FTPT@DF_FTPT_NATIONAL_INC(1.0),Incidence of full-time and part-time employment based on national definitions,I,GRC,Greece,EMP,Employment,PT_POP_SUB,Percentage of population in the same subgroup,F,Female,_T,Total,EMP,Employment,MAIN,Main job,_T,Total,FT,Full-time,NAT_DEF,National definition,A,Annual,2019,,86.443,,A,Normal value,0,Units,1,One
DATAFLOW,OECD.ELS.SAE:DSD_FTPT@DF_FTPT_NATIONAL_INC(1.0),Incidence of full-time and part-time employment based on national definitions,I,GRC,Greece,EMP,Employment,PT_POP_SUB,Percentage of population in the same subgroup,F,Female,_T,Total,EMP,Employment,MAIN,Main job,_T,Total,FT,Full-time,NAT_DEF,National definition,A,Annual,2020,,87.185,,A,Normal value,0,Units,1,One
DATAFLOW,OECD.ELS.SAE:DSD_FTPT@DF_FTPT_NATIONAL_INC(1.0),Incidence of full-time and part-time employment based on national definitions,I,GRC,Greece,EMP,Employment,PT_POP_SUB,Percentage of population in the same subgroup,F,Female,_T,Total,EMP,Employment,MAIN,Main job,_T,Total,FT,Full-time,NAT_DEF,National definition,A,Annual,2021,,87.469,,A,Normal value,0,Units,1,One
DATAFLOW,OECD.ELS.SAE:DSD_FTPT@DF_FTPT_NATIONAL_INC(1.0),Incidence of full-time and part-time employment based on national definitions,I,GRC,Greece,EMP,Employment,PT_POP_SUB,Percentage of population in the same subgroup,F,Female,_T,Total,EMP,Employment,MAIN,Main job,_T,Total,FT,Full-time,NAT_DEF,National definition,A,Annual,2022,,87.628,,A,Normal value,0,Units,1,One
DATAFLOW,OECD.ELS.SAE:DSD_FTPT@DF_FTPT_NATIONAL_INC(1.0),Incidence of full-time and part-time employment based on national definitions,I,GRC,Greece,EMP,Employment,PT_POP_SUB,Percentage of population in the same subgroup,F,Female,_T,Total,EMP,Employment,MAIN,Main job,_T,Total,FT,Full-time,NAT_DEF,National definition,A,Annual,2023,,88.216,,A,Normal value,0,Units,1,One
DATAFLOW,OECD.ELS.SAE:DSD_FTPT@DF_FTPT_NATIONAL_INC(1.0),Incidence of full-time and part-time employment based on national definitions,I,GRC,Greece,EMP,Employment,PT_POP_SUB,Percentage of population in the same subgroup,F,Female,_T,Total,EMP,Employment,MAIN,Main job,_T,Total,FT,Full-time,NAT_DEF,National definition,A,Annual,2024,,89.417,,A,Normal value,0,Units,1,One
DATAFLOW,OECD.ELS.SAE:DSD_FTPT@DF_FTPT_NATIONAL_INC(1.0),Incidence of full-time and part-time employment based on national definitions,I,HUN,Hungary,EMP,Employment,PT_POP_SUB,Percentage of population in the same subgroup,F,Female,_T,Total,EMP,Employment,MAIN,Main job,_T,Total,FT,Full-time,NAT_DEF,National definition,A,Annual,2010,,91.91,,A,Normal value,0,Units,1,One
DATAFLOW,OECD.ELS.SAE:DSD_FTPT@DF_FTPT_NATIONAL_INC(1.0),Incidence of full-time and part-time employment based on national definitions,I,HUN,Hungary,EMP,Employment,PT_POP_SUB,Percentage of population in the same subgroup,F,Female,_T,Total,EMP,Employment,MAIN,Main job,_T,Total,FT,Full-time,NAT_DEF,National definition,A,Annual,2011,,90.875,,A,Normal value,0,Units,1,One
DATAFLOW,OECD.ELS.SAE:DSD_FTPT@DF_FTPT_NATIONAL_INC(1.0),Incidence of full-time and part-time employment based on national definitions,I,HUN,Hungary,EMP,Employment,PT_POP_SUB,Percentage of population in the same subgroup,F,Female,_T,Total,EMP,Employment,MAIN,Main job,_T,Total,FT,Full-time,NAT_DEF,National definition,A,Annual,2012,,90.213,,A,Normal value,0,Units,1,One
DATAFLOW,OECD.ELS.SAE:DSD_FTPT@DF_FTPT_NATIONAL_INC(1.0),Incidence of full-time and part-time employment based on national definitions,I,HUN,Hungary,EMP,Employment,PT_POP_SUB,Percentage of population in the same subgroup,F,Female,_T,Total,EMP,Employment,MAIN,Main job,_T,Total,FT,Full-time,NAT_DEF,National definition,A,Annual,2013,,90.641,,A,Normal value,0,Units,1,One
DATAFLOW,OECD.ELS.SAE:DSD_FTPT@DF_FTPT_NATIONAL_INC(1.0),Incidence of full-time and part-time employment based on national definitions,I,HUN,Hungary,EMP,Employment,PT_POP_SUB,Percentage of population in the same subgroup,F,Female,_T,Total,EMP,Employment,MAIN,Main job,_T,Total,FT,Full-time,NAT_DEF,National definition,A,Annual,2014,,91.338,,A,Normal value,0,Units,1,One
DATAFLOW,OECD.ELS.SAE:DSD_FTPT@DF_FTPT_NATIONAL_INC(1.0),Incidence of full-time and part-time employment based on national definitions,I,HUN,Hungary,EMP,Employment,PT_POP_SUB,Percentage of population in the same subgroup,F,Female,_T,Total,EMP,Employment,MAIN,Main job,_T,Total,FT,Full-time,NAT_DEF,National definition,A,Annual,2015,,91.947,,A,Normal value,0,Units,1,One
DATAFLOW,OECD.ELS.SAE:DSD_FTPT@DF_FTPT_NATIONAL_INC(1.0),Incidence of full-time and part-time employment based on national definitions,I,HUN,Hungary,EMP,Employment,PT_POP_SUB,Percentage of population in the same subgroup,F,Female,_T,Total,EMP,Employment,MAIN,Main job,_T,Total,FT,Full-time,NAT_DEF,National definition,A,Annual,2016,,92.714,,A,Normal value,0,Units,1,One
DATAFLOW,OECD.ELS.SAE:DSD_FTPT@DF_FTPT_NATIONAL_INC(1.0),Incidence of full-time and part-time employment based on national definitions,I,HUN,Hungary,EMP,Employment,PT_POP_SUB,Percentage of population in the same subgroup,F,Female,_T,Total,EMP,Employment,MAIN,Main job,_T,Total,FT,Full-time,NAT_DEF,National definition,A,Annual,2017,,93.151,,A,Normal value,0,Units,1,One
DATAFLOW,OECD.ELS.SAE:DSD_FTPT@DF_FTPT_NATIONAL_INC(1.0),Incidence of full-time and part-time employment based on national definitions,I,HUN,Hungary,EMP,Employment,PT_POP_SUB,Percentage of population in the same subgroup,F,Female,_T,Total,EMP,Employment,MAIN,Main job,_T,Total,FT,Full-time,NAT_DEF,National definition,A,Annual,2018,,93.146,,A,Normal value,0,Units,1,One
DATAFLOW,OECD.ELS.SAE:DSD_FTPT@DF_FTPT_NATIONAL_INC(1.0),Incidence of full-time and part-time employment based on national definitions,I,HUN,Hungary,EMP,Employment,PT_POP_SUB,Percentage of population in the same subgroup,F,Female,_T,Total,EMP,Employment,MAIN,Main job,_T,Total,FT,Full-time,NAT_DEF,National definition,A,Annual,2019,,92.514,,A,Normal value,0,Units,1,One
DATAFLOW,OECD.ELS.SAE:DSD_FTPT@DF_FTPT_NATIONAL_INC(1.0),Incidence of full-time and part-time employment based on national definitions,I,HUN,Hungary,EMP,Employment,PT_POP_SUB,Percentage of population in the same subgroup,F,Female,_T,Total,EMP,Employment,MAIN,Main job,_T,Total,FT,Full-time,NAT_DEF,National definition,A,Annual,2020,,91.794,,A,Normal value,0,Units,1,One
DATAFLOW,OECD.ELS.SAE:DSD_FTPT@DF_FTPT_NATIONAL_INC(1.0),Incidence of full-time and part-time employment based on national definitions,I,HUN,Hungary,EMP,Employment,PT_POP_SUB,Percentage of population in the same subgroup,F,Female,_T,Total,EMP,Employment,MAIN,Main job,_T,Total,FT,Full-time,NAT_DEF,National definition,A,Annual,2021,,92.304,,A,Normal value,0,Units,1,One
DATAFLOW,OECD.ELS.SAE:DSD_FTPT@DF_FTPT_NATIONAL_INC(1.0),Incidence of full-time and part-time employment based on national definitions,I,HUN,Hungary,EMP,Employment,PT_POP_SUB,Percentage of population in the same subgroup,F,Female,_T,Total,EMP,Employment,MAIN,Main job,_T,Total,FT,Full-time,NAT_DEF,National definition,A,Annual,2022,,92.963,,A,Normal value,0,Units,1,One
DATAFLOW,OECD.ELS.SAE:DSD_FTPT@DF_FTPT_NATIONAL_INC(1.0),Incidence of full-time and part-time employment based on national definitions,I,HUN,Hungary,EMP,Employment,PT_POP_SUB,Percentage of population in the same subgroup,F,Female,_T,Total,EMP,Employment,MAIN,Main job,_T,Total,FT,Full-time,NAT_DEF,National definition,A,Annual,2023,,93.335,,A,Normal value,0,Units,1,One
DATAFLOW,OECD.ELS.SAE:DSD_FTPT@DF_FTPT_NATIONAL_INC(1.0),Incidence of full-time and part-time employment based on national definitions,I,HUN,Hungary,EMP,Employment,PT_POP_SUB,Percentage of population in the same subgroup,F,Female,_T,Total,EMP,Employment,MAIN,Main job,_T,Total,FT,Full-time,NAT_DEF,National definition,A,Annual,2024,,92.876,,A,Normal value,0,Units,1,One
DATAFLOW,OECD.ELS.SAE:DSD_FTPT@DF_FTPT_NATIONAL_INC(1.0),Incidence of full-time and part-time employment based on national definitions,I,ISL,Iceland,EMP,Employment,PT_POP_SUB,Percentage of population in the same subgroup,F,Female,_T,Total,EMP,Employment,MAIN,Main job,_T,Total,FT,Full-time,NAT_DEF,National definition,A,Annual,2010,,62.414,,A,Normal value,0,Units,1,One
DATAFLOW,OECD.ELS.SAE:DSD_FTPT@DF_FTPT_NATIONAL_INC(1.0),Incidence of full-time and part-time employment based on national definitions,I,ISL,Iceland,EMP,Employment,PT_POP_SUB,Percentage of population in the same subgroup,F,Female,_T,Total,EMP,Employment,MAIN,Main job,_T,Total,FT,Full-time,NAT_DEF,National definition,A,Annual,2011,,64.34,,A,Normal value,0,Units,1,One
DATAFLOW,OECD.ELS.SAE:DSD_FTPT@DF_FTPT_NATIONAL_INC(1.0),Incidence of full-time and part-time employment based on national definitions,I,ISL,Iceland,EMP,Employment,PT_POP_SUB,Percentage of population in the same subgroup,F,Female,_T,Total,EMP,Employment,MAIN,Main job,_T,Total,FT,Full-time,NAT_DEF,National definition,A,Annual,2012,,65.161,,A,Normal value,0,Units,1,One
DATAFLOW,OECD.ELS.SAE:DSD_FTPT@DF_FTPT_NATIONAL_INC(1.0),Incidence of full-time and part-time employment based on national definitions,I,ISL,Iceland,EMP,Employment,PT_POP_SUB,Percentage of population in the same subgroup,F,Female,_T,Total,EMP,Employment,MAIN,Main job,_T,Total,FT,Full-time,NAT_DEF,National definition,A,Annual,2013,,64.782,,A,Normal value,0,Units,1,One
DATAFLOW,OECD.ELS.SAE:DSD_FTPT@DF_FTPT_NATIONAL_INC(1.0),Incidence of full-time and part-time employment based on national definitions,I,ISL,Iceland,EMP,Employment,PT_POP_SUB,Percentage of population in the same subgroup,F,Female,_T,Total,EMP,Employment,MAIN,Main job,_T,Total,FT,Full-time,NAT_DEF,National definition,A,Annual,2014,,66.366,,A,Normal value,0,Units,1,One
DATAFLOW,OECD.ELS.SAE:DSD_FTPT@DF_FTPT_NATIONAL_INC(1.0),Incidence of full-time and part-time employment based on national definitions,I,ISL,Iceland,EMP,Employment,PT_POP_SUB,Percentage of population in the same subgroup,F,Female,_T,Total,EMP,Employment,MAIN,Main job,_T,Total,FT,Full-time,NAT_DEF,National definition,A,Annual,2015,,65.847,,A,Normal value,0,Units,1,One
DATAFLOW,OECD.ELS.SAE:DSD_FTPT@DF_FTPT_NATIONAL_INC(1.0),Incidence of full-time and part-time employment based on national definitions,I,ISL,Iceland,EMP,Employment,PT_POP_SUB,Percentage of population in the same subgroup,F,Female,_T,Total,EMP,Employment,MAIN,Main job,_T,Total,FT,Full-time,NAT_DEF,National definition,A,Annual,2016,,64.673,,A,Normal value,0,Units,1,One
DATAFLOW,OECD.ELS.SAE:DSD_FTPT@DF_FTPT_NATIONAL_INC(1.0),Incidence of full-time and part-time employment based on national definitions,I,ISL,Iceland,EMP,Employment,PT_POP_SUB,Percentage of population in the same subgroup,F,Female,_T,Total,EMP,Employment,MAIN,Main job,_T,Total,FT,Full-time,NAT_DEF,National definition,A,Annual,2017,,64.343,,A,Normal value,0,Units,1,One
DATAFLOW,OECD.ELS.SAE:DSD_FTPT@DF_FTPT_NATIONAL_INC(1.0),Incidence of full-time and part-time employment based on national definitions,I,ISL,Iceland,EMP,Employment,PT_POP_SUB,Percentage of population in the same subgroup,F,Female,_T,Total,EMP,Employment,MAIN,Main job,_T,Total,FT,Full-time,NAT_DEF,National definition,A,Annual,2018,,65.34,,A,Normal value,0,Units,1,One
DATAFLOW,OECD.ELS.SAE:DSD_FTPT@DF_FTPT_NATIONAL_INC(1.0),Incidence of full-time and part-time employment based on national definitions,I,ISL,Iceland,EMP,Employment,PT_POP_SUB,Percentage of population in the same subgroup,F,Female,_T,Total,EMP,Employment,MAIN,Main job,_T,Total,FT,Full-time,NAT_DEF,National definition,A,Annual,2019,,66.097,,A,Normal value,0,Units,1,One
DATAFLOW,OECD.ELS.SAE:DSD_FTPT@DF_FTPT_NATIONAL_INC(1.0),Incidence of full-time and part-time employment based on national definitions,I,ISL,Iceland,EMP,Employment,PT_POP_SUB,Percentage of population in the same subgroup,F,Female,_T,Total,EMP,Employment,MAIN,Main job,_T,Total,FT,Full-time,NAT_DEF,National definition,A,Annual,2020,,64.527,,A,Normal value,0,Units,1,One
DATAFLOW,OECD.ELS.SAE:DSD_FTPT@DF_FTPT_NATIONAL_INC(1.0),Incidence of full-time and part-time employment based on national definitions,I,ISL,Iceland,EMP,Employment,PT_POP_SUB,Percentage of population in the same subgroup,F,Female,_T,Total,EMP,Employment,MAIN,Main job,_T,Total,FT,Full-time,NAT_DEF,National definition,A,Annual,2021,,63.102,,A,Normal value,0,Units,1,One
DATAFLOW,OECD.ELS.SAE:DSD_FTPT@DF_FTPT_NATIONAL_INC(1.0),Incidence of full-time and part-time employment based on national definitions,I,ISL,Iceland,EMP,Employment,PT_POP_SUB,Percentage of population in the same subgroup,F,Female,_T,Total,EMP,Employment,MAIN,Main job,_T,Total,FT,Full-time,NAT_DEF,National definition,A,Annual,2022,,64.652,,A,Normal value,0,Units,1,One
DATAFLOW,OECD.ELS.SAE:DSD_FTPT@DF_FTPT_NATIONAL_INC(1.0),Incidence of full-time and part-time employment based on national definitions,I,ISL,Iceland,EMP,Employment,PT_POP_SUB,Percentage of population in the same subgroup,F,Female,_T,Total,EMP,Employment,MAIN,Main job,_T,Total,FT,Full-time,NAT_DEF,National definition,A,Annual,2023,,65.143,,A,Normal value,0,Units,1,One
DATAFLOW,OECD.ELS.SAE:DSD_FTPT@DF_FTPT_NATIONAL_INC(1.0),Incidence of full-time and part-time employment based on national definitions,I,ISL,Iceland,EMP,Employment,PT_POP_SUB,Percentage of population in the same subgroup,F,Female,_T,Total,EMP,Employment,MAIN,Main job,_T,Total,FT,Full-time,NAT_DEF,National definition,A,Annual,2024,,67.181,,A,Normal value,0,Units,1,One
DATAFLOW,OECD.ELS.SAE:DSD_FTPT@DF_FTPT_NATIONAL_INC(1.0),Incidence of full-time and part-time employment based on national definitions,I,IRL,Ireland,EMP,Employment,PT_POP_SUB,Percentage of population in the same subgroup,F,Female,_T,Total,EMP,Employment,MAIN,Main job,_T,Total,FT,Full-time,NAT_DEF,National definition,A,Annual,2011,,65.079,,A,Normal value,0,Units,1,One
DATAFLOW,OECD.ELS.SAE:DSD_FTPT@DF_FTPT_NATIONAL_INC(1.0),Incidence of full-time and part-time employment based on national definitions,I,IRL,Ireland,EMP,Employment,PT_POP_SUB,Percentage of population in the same subgroup,F,Female,_T,Total,EMP,Employment,MAIN,Main job,_T,Total,FT,Full-time,NAT_DEF,National definition,A,Annual,2012,,65.104,,A,Normal value,0,Units,1,One
DATAFLOW,OECD.ELS.SAE:DSD_FTPT@DF_FTPT_NATIONAL_INC(1.0),Incidence of full-time and part-time employment based on national definitions,I,IRL,Ireland,EMP,Employment,PT_POP_SUB,Percentage of population in the same subgroup,F,Female,_T,Total,EMP,Employment,MAIN,Main job,_T,Total,FT,Full-time,NAT_DEF,National definition,A,Annual,2013,,65.29,,A,Normal value,0,Units,1,One
DATAFLOW,OECD.ELS.SAE:DSD_FTPT@DF_FTPT_NATIONAL_INC(1.0),Incidence of full-time and part-time employment based on national definitions,I,IRL,Ireland,EMP,Employment,PT_POP_SUB,Percentage of population in the same subgroup,F,Female,_T,Total,EMP,Employment,MAIN,Main job,_T,Total,FT,Full-time,NAT_DEF,National definition,A,Annual,2015,,66.739,,A,Normal value,0,Units,1,One
DATAFLOW,OECD.ELS.SAE:DSD_FTPT@DF_FTPT_NATIONAL_INC(1.0),Incidence of full-time and part-time employment based on national definitions,I,IRL,Ireland,EMP,Employment,PT_POP_SUB,Percentage of population in the same subgroup,F,Female,_T,Total,EMP,Employment,MAIN,Main job,_T,Total,FT,Full-time,NAT_DEF,National definition,A,Annual,2016,,67.36,,A,Normal value,0,Units,1,One
DATAFLOW,OECD.ELS.SAE:DSD_FTPT@DF_FTPT_NATIONAL_INC(1.0),Incidence of full-time and part-time employment based on national definitions,I,IRL,Ireland,EMP,Employment,PT_POP_SUB,Percentage of population in the same subgroup,F,Female,_T,Total,EMP,Employment,MAIN,Main job,_T,Total,FT,Full-time,NAT_DEF,National definition,A,Annual,2017,,69.547,,A,Normal value,0,Units,1,One
DATAFLOW,OECD.ELS.SAE:DSD_FTPT@DF_FTPT_NATIONAL_INC(1.0),Incidence of full-time and part-time employment based on national definitions,I,IRL,Ireland,EMP,Employment,PT_POP_SUB,Percentage of population in the same subgroup,F,Female,_T,Total,EMP,Employment,MAIN,Main job,_T,Total,FT,Full-time,NAT_DEF,National definition,A,Annual,2018,,70.295,,A,Normal value,0,Units,1,One
DATAFLOW,OECD.ELS.SAE:DSD_FTPT@DF_FTPT_NATIONAL_INC(1.0),Incidence of full-time and part-time employment based on national definitions,I,IRL,Ireland,EMP,Employment,PT_POP_SUB,Percentage of population in the same subgroup,F,Female,_T,Total,EMP,Employment,MAIN,Main job,_T,Total,FT,Full-time,NAT_DEF,National definition,A,Annual,2019,,69.54,,A,Normal value,0,Units,1,One
DATAFLOW,OECD.ELS.SAE:DSD_FTPT@DF_FTPT_NATIONAL_INC(1.0),Incidence of full-time and part-time employment based on national definitions,I,IRL,Ireland,EMP,Employment,PT_POP_SUB,Percentage of population in the same subgroup,F,Female,_T,Total,EMP,Employment,MAIN,Main job,_T,Total,FT,Full-time,NAT_DEF,National definition,A,Annual,2020,,72.291,,A,Normal value,0,Units,1,One
DATAFLOW,OECD.ELS.SAE:DSD_FTPT@DF_FTPT_NATIONAL_INC(1.0),Incidence of full-time and part-time employment based on national definitions,I,IRL,Ireland,EMP,Employment,PT_POP_SUB,Percentage of population in the same subgroup,F,Female,_T,Total,EMP,Employment,MAIN,Main job,_T,Total,FT,Full-time,NAT_DEF,National definition,A,Annual,2021,,71.513,,A,Normal value,0,Units,1,One
DATAFLOW,OECD.ELS.SAE:DSD_FTPT@DF_FTPT_NATIONAL_INC(1.0),Incidence of full-time and part-time employment based on national definitions,I,IRL,Ireland,EMP,Employment,PT_POP_SUB,Percentage of population in the same subgroup,F,Female,_T,Total,EMP,Employment,MAIN,Main job,_T,Total,FT,Full-time,NAT_DEF,National definition,A,Annual,2023,,69.973,,A,Normal value,0,Units,1,One
DATAFLOW,OECD.ELS.SAE:DSD_FTPT@DF_FTPT_NATIONAL_INC(1.0),Incidence of full-time and part-time employment based on national definitions,I,ISR,Israel,EMP,Employment,PT_POP_SUB,Percentage of population in the same subgroup,F,Female,_T,Total,EMP,Employment,MAIN,Main job,_T,Total,FT,Full-time,NAT_DEF,National definition,A,Annual,2013,,66.726,,A,Normal value,0,Units,1,One
DATAFLOW,OECD.ELS.SAE:DSD_FTPT@DF_FTPT_NATIONAL_INC(1.0),Incidence of full-time and part-time employment based on national definitions,I,ISR,Israel,EMP,Employment,PT_POP_SUB,Percentage of population in the same subgroup,F,Female,_T,Total,EMP,Employment,MAIN,Main job,_T,Total,FT,Full-time,NAT_DEF,National definition,A,Annual,2014,,67.253,,A,Normal value,0,Units,1,One
DATAFLOW,OECD.ELS.SAE:DSD_FTPT@DF_FTPT_NATIONAL_INC(1.0),Incidence of full-time and part-time employment based on national definitions,I,ISR,Israel,EMP,Employment,PT_POP_SUB,Percentage of population in the same subgroup,F,Female,_T,Total,EMP,Employment,MAIN,Main job,_T,Total,FT,Full-time,NAT_DEF,National definition,A,Annual,2015,,67.576,,A,Normal value,0,Units,1,One
DATAFLOW,OECD.ELS.SAE:DSD_FTPT@DF_FTPT_NATIONAL_INC(1.0),Incidence of full-time and part-time employment based on national definitions,I,ISR,Israel,EMP,Employment,PT_POP_SUB,Percentage of population in the same subgroup,F,Female,_T,Total,EMP,Employment,MAIN,Main job,_T,Total,FT,Full-time,NAT_DEF,National definition,A,Annual,2016,,67.984,,A,Normal value,0,Units,1,One
DATAFLOW,OECD.ELS.SAE:DSD_FTPT@DF_FTPT_NATIONAL_INC(1.0),Incidence of full-time and part-time employment based on national definitions,I,ISR,Israel,EMP,Employment,PT_POP_SUB,Percentage of population in the same subgroup,F,Female,_T,Total,EMP,Employment,MAIN,Main job,_T,Total,FT,Full-time,NAT_DEF,National definition,A,Annual,2017,,68.235,,A,Normal value,0,Units,1,One
DATAFLOW,OECD.ELS.SAE:DSD_FTPT@DF_FTPT_NATIONAL_INC(1.0),Incidence of full-time and part-time employment based on national definitions,I,ISR,Israel,EMP,Employment,PT_POP_SUB,Percentage of population in the same subgroup,F,Female,_T,Total,EMP,Employment,MAIN,Main job,_T,Total,FT,Full-time,NAT_DEF,National definition,A,Annual,2019,,68.974,,A,Normal value,0,Units,1,One
DATAFLOW,OECD.ELS.SAE:DSD_FTPT@DF_FTPT_NATIONAL_INC(1.0),Incidence of full-time and part-time employment based on national definitions,I,ISR,Israel,EMP,Employment,PT_POP_SUB,Percentage of population in the same subgroup,F,Female,_T,Total,EMP,Employment,MAIN,Main job,_T,Total,FT,Full-time,NAT_DEF,National definition,A,Annual,2020,,70.181,,A,Normal value,0,Units,1,One
DATAFLOW,OECD.ELS.SAE:DSD_FTPT@DF_FTPT_NATIONAL_INC(1.0),Incidence of full-time and part-time employment based on national definitions,I,ISR,Israel,EMP,Employment,PT_POP_SUB,Percentage of population in the same subgroup,F,Female,_T,Total,EMP,Employment,MAIN,Main job,_T,Total,FT,Full-time,NAT_DEF,National definition,A,Annual,2021,,69.94,,A,Normal value,0,Units,1,One
DATAFLOW,OECD.ELS.SAE:DSD_FTPT@DF_FTPT_NATIONAL_INC(1.0),Incidence of full-time and part-time employment based on national definitions,I,ISR,Israel,EMP,Employment,PT_POP_SUB,Percentage of population in the same subgroup,F,Female,_T,Total,EMP,Employment,MAIN,Main job,_T,Total,FT,Full-time,NAT_DEF,National definition,A,Annual,2023,,67.653,,A,Normal value,0,Units,1,One
DATAFLOW,OECD.ELS.SAE:DSD_FTPT@DF_FTPT_NATIONAL_INC(1.0),Incidence of full-time and part-time employment based on national definitions,I,ISR,Israel,EMP,Employment,PT_POP_SUB,Percentage of population in the same subgroup,F,Female,_T,Total,EMP,Employment,MAIN,Main job,_T,Total,FT,Full-time,NAT_DEF,National definition,A,Annual,2024,,69.032,,A,Normal value,0,Units,1,One
DATAFLOW,OECD.ELS.SAE:DSD_FTPT@DF_FTPT_NATIONAL_INC(1.0),Incidence of full-time and part-time employment based on national definitions,I,ITA,Italy,EMP,Employment,PT_POP_SUB,Percentage of population in the same subgroup,F,Female,_T,Total,EMP,Employment,MAIN,Main job,_T,Total,FT,Full-time,NAT_DEF,National definition,A,Annual,2014,,67.773,,A,Normal value,0,Units,1,One
DATAFLOW,OECD.ELS.SAE:DSD_FTPT@DF_FTPT_NATIONAL_INC(1.0),Incidence of full-time and part-time employment based on national definitions,I,LVA,Latvia,EMP,Employment,PT_POP_SUB,Percentage of population in the same subgroup,F,Female,_T,Total,EMP,Employment,MAIN,Main job,_T,Total,FT,Full-time,NAT_DEF,National definition,A,Annual,2010,,88.732,,A,Normal value,0,Units,1,One
DATAFLOW,OECD.ELS.SAE:DSD_FTPT@DF_FTPT_NATIONAL_INC(1.0),Incidence of full-time and part-time employment based on national definitions,I,LVA,Latvia,EMP,Employment,PT_POP_SUB,Percentage of population in the same subgroup,F,Female,_T,Total,EMP,Employment,MAIN,Main job,_T,Total,FT,Full-time,NAT_DEF,National definition,A,Annual,2011,,89.188,,A,Normal value,0,Units,1,One
DATAFLOW,OECD.ELS.SAE:DSD_FTPT@DF_FTPT_NATIONAL_INC(1.0),Incidence of full-time and part-time employment based on national definitions,I,LVA,Latvia,EMP,Employment,PT_POP_SUB,Percentage of population in the same subgroup,F,Female,_T,Total,EMP,Employment,MAIN,Main job,_T,Total,FT,Full-time,NAT_DEF,National definition,A,Annual,2012,,88.6,,A,Normal value,0,Units,1,One
DATAFLOW,OECD.ELS.SAE:DSD_FTPT@DF_FTPT_NATIONAL_INC(1.0),Incidence of full-time and part-time employment based on national definitions,I,LVA,Latvia,EMP,Employment,PT_POP_SUB,Percentage of population in the same subgroup,F,Female,_T,Total,EMP,Employment,MAIN,Main job,_T,Total,FT,Full-time,NAT_DEF,National definition,A,Annual,2013,,89.996,,A,Normal value,0,Units,1,One
DATAFLOW,OECD.ELS.SAE:DSD_FTPT@DF_FTPT_NATIONAL_INC(1.0),Incidence of full-time and part-time employment based on national definitions,I,LVA,Latvia,EMP,Employment,PT_POP_SUB,Percentage of population in the same subgroup,F,Female,_T,Total,EMP,Employment,MAIN,Main job,_T,Total,FT,Full-time,NAT_DEF,National definition,A,Annual,2014,,90.395,,A,Normal value,0,Units,1,One
DATAFLOW,OECD.ELS.SAE:DSD_FTPT@DF_FTPT_NATIONAL_INC(1.0),Incidence of full-time and part-time employment based on national definitions,I,LVA,Latvia,EMP,Employment,PT_POP_SUB,Percentage of population in the same subgroup,F,Female,_T,Total,EMP,Employment,MAIN,Main job,_T,Total,FT,Full-time,NAT_DEF,National definition,A,Annual,2015,,89.25,,A,Normal value,0,Units,1,One
DATAFLOW,OECD.ELS.SAE:DSD_FTPT@DF_FTPT_NATIONAL_INC(1.0),Incidence of full-time and part-time employment based on national definitions,I,LVA,Latvia,EMP,Employment,PT_POP_SUB,Percentage of population in the same subgroup,F,Female,_T,Total,EMP,Employment,MAIN,Main job,_T,Total,FT,Full-time,NAT_DEF,National definition,A,Annual,2016,,88.26,,A,Normal value,0,Units,1,One
DATAFLOW,OECD.ELS.SAE:DSD_FTPT@DF_FTPT_NATIONAL_INC(1.0),Incidence of full-time and part-time employment based on national definitions,I,LVA,Latvia,EMP,Employment,PT_POP_SUB,Percentage of population in the same subgroup,F,Female,_T,Total,EMP,Employment,MAIN,Main job,_T,Total,FT,Full-time,NAT_DEF,National definition,A,Annual,2017,,88.409,,A,Normal value,0,Units,1,One
DATAFLOW,OECD.ELS.SAE:DSD_FTPT@DF_FTPT_NATIONAL_INC(1.0),Incidence of full-time and part-time employment based on national definitions,I,LVA,Latvia,EMP,Employment,PT_POP_SUB,Percentage of population in the same subgroup,F,Female,_T,Total,EMP,Employment,MAIN,Main job,_T,Total,FT,Full-time,NAT_DEF,National definition,A,Annual,2018,,89.16,,A,Normal value,0,Units,1,One
DATAFLOW,OECD.ELS.SAE:DSD_FTPT@DF_FTPT_NATIONAL_INC(1.0),Incidence of full-time and part-time employment based on national definitions,I,LVA,Latvia,EMP,Employment,PT_POP_SUB,Percentage of population in the same subgroup,F,Female,_T,Total,EMP,Employment,MAIN,Main job,_T,Total,FT,Full-time,NAT_DEF,National definition,A,Annual,2019,,88.096,,A,Normal value,0,Units,1,One
DATAFLOW,OECD.ELS.SAE:DSD_FTPT@DF_FTPT_NATIONAL_INC(1.0),Incidence of full-time and part-time employment based on national definitions,I,LVA,Latvia,EMP,Employment,PT_POP_SUB,Percentage of population in the same subgroup,F,Female,_T,Total,EMP,Employment,MAIN,Main job,_T,Total,FT,Full-time,NAT_DEF,National definition,A,Annual,2020,,87.722,,A,Normal value,0,Units,1,One
DATAFLOW,OECD.ELS.SAE:DSD_FTPT@DF_FTPT_NATIONAL_INC(1.0),Incidence of full-time and part-time employment based on national definitions,I,LVA,Latvia,EMP,Employment,PT_POP_SUB,Percentage of population in the same subgroup,F,Female,_T,Total,EMP,Employment,MAIN,Main job,_T,Total,FT,Full-time,NAT_DEF,National definition,A,Annual,2022,,89.917,,A,Normal value,0,Units,1,One
DATAFLOW,OECD.ELS.SAE:DSD_FTPT@DF_FTPT_NATIONAL_INC(1.0),Incidence of full-time and part-time employment based on national definitions,I,LVA,Latvia,EMP,Employment,PT_POP_SUB,Percentage of population in the same subgroup,F,Female,_T,Total,EMP,Employment,MAIN,Main job,_T,Total,FT,Full-time,NAT_DEF,National definition,A,Annual,2023,,89.836,,A,Normal value,0,Units,1,One
DATAFLOW,OECD.ELS.SAE:DSD_FTPT@DF_FTPT_NATIONAL_INC(1.0),Incidence of full-time and part-time employment based on national definitions,I,LVA,Latvia,EMP,Employment,PT_POP_SUB,Percentage of population in the same subgroup,F,Female,_T,Total,EMP,Employment,MAIN,Main job,_T,Total,FT,Full-time,NAT_DEF,National definition,A,Annual,2024,,89.473,,A,Normal value,0,Units,1,One
DATAFLOW,OECD.ELS.SAE:DSD_FTPT@DF_FTPT_NATIONAL_INC(1.0),Incidence of full-time and part-time employment based on national definitions,I,LTU,Lithuania,EMP,Employment,PT_POP_SUB,Percentage of population in the same subgroup,F,Female,_T,Total,EMP,Employment,MAIN,Main job,_T,Total,FT,Full-time,NAT_DEF,National definition,A,Annual,2010,,90.613,,A,Normal value,0,Units,1,One
DATAFLOW,OECD.ELS.SAE:DSD_FTPT@DF_FTPT_NATIONAL_INC(1.0),Incidence of full-time and part-time employment based on national definitions,I,LTU,Lithuania,EMP,Employment,PT_POP_SUB,Percentage of population in the same subgroup,F,Female,_T,Total,EMP,Employment,MAIN,Main job,_T,Total,FT,Full-time,NAT_DEF,National definition,A,Annual,2011,,89.455,,A,Normal value,0,Units,1,One
DATAFLOW,OECD.ELS.SAE:DSD_FTPT@DF_FTPT_NATIONAL_INC(1.0),Incidence of full-time and part-time employment based on national definitions,I,LTU,Lithuania,EMP,Employment,PT_POP_SUB,Percentage of population in the same subgroup,F,Female,_T,Total,EMP,Employment,MAIN,Main job,_T,Total,FT,Full-time,NAT_DEF,National definition,A,Annual,2012,,88.68,,A,Normal value,0,Units,1,One
DATAFLOW,OECD.ELS.SAE:DSD_FTPT@DF_FTPT_NATIONAL_INC(1.0),Incidence of full-time and part-time employment based on national definitions,I,LTU,Lithuania,EMP,Employment,PT_POP_SUB,Percentage of population in the same subgroup,F,Female,_T,Total,EMP,Employment,MAIN,Main job,_T,Total,FT,Full-time,NAT_DEF,National definition,A,Annual,2013,,89.172,,A,Normal value,0,Units,1,One
DATAFLOW,OECD.ELS.SAE:DSD_FTPT@DF_FTPT_NATIONAL_INC(1.0),Incidence of full-time and part-time employment based on national definitions,I,LTU,Lithuania,EMP,Employment,PT_POP_SUB,Percentage of population in the same subgroup,F,Female,_T,Total,EMP,Employment,MAIN,Main job,_T,Total,FT,Full-time,NAT_DEF,National definition,A,Annual,2014,,88.868,,A,Normal value,0,Units,1,One
DATAFLOW,OECD.ELS.SAE:DSD_FTPT@DF_FTPT_NATIONAL_INC(1.0),Incidence of full-time and part-time employment based on national definitions,I,LTU,Lithuania,EMP,Employment,PT_POP_SUB,Percentage of population in the same subgroup,F,Female,_T,Total,EMP,Employment,MAIN,Main job,_T,Total,FT,Full-time,NAT_DEF,National definition,A,Annual,2016,,90.022,,A,Normal value,0,Units,1,One
DATAFLOW,OECD.ELS.SAE:DSD_FTPT@DF_FTPT_NATIONAL_INC(1.0),Incidence of full-time and part-time employment based on national definitions,I,LTU,Lithuania,EMP,Employment,PT_POP_SUB,Percentage of population in the same subgroup,F,Female,_T,Total,EMP,Employment,MAIN,Main job,_T,Total,FT,Full-time,NAT_DEF,National definition,A,Annual,2017,,89.427,,A,Normal value,0,Units,1,One
DATAFLOW,OECD.ELS.SAE:DSD_FTPT@DF_FTPT_NATIONAL_INC(1.0),Incidence of full-time and part-time employment based on national definitions,I,LTU,Lithuania,EMP,Employment,PT_POP_SUB,Percentage of population in the same subgroup,F,Female,_T,Total,EMP,Employment,MAIN,Main job,_T,Total,FT,Full-time,NAT_DEF,National definition,A,Annual,2018,,89.944,,A,Normal value,0,Units,1,One
DATAFLOW,OECD.ELS.SAE:DSD_FTPT@DF_FTPT_NATIONAL_INC(1.0),Incidence of full-time and part-time employment based on national definitions,I,LTU,Lithuania,EMP,Employment,PT_POP_SUB,Percentage of population in the same subgroup,F,Female,_T,Total,EMP,Employment,MAIN,Main job,_T,Total,FT,Full-time,NAT_DEF,National definition,A,Annual,2019,,90.737,,A,Normal value,0,Units,1,One
DATAFLOW,OECD.ELS.SAE:DSD_FTPT@DF_FTPT_NATIONAL_INC(1.0),Incidence of full-time and part-time employment based on national definitions,I,LTU,Lithuania,EMP,Employment,PT_POP_SUB,Percentage of population in the same subgroup,F,Female,_T,Total,EMP,Employment,MAIN,Main job,_T,Total,FT,Full-time,NAT_DEF,National definition,A,Annual,2020,,91.171,,A,Normal value,0,Units,1,One
DATAFLOW,OECD.ELS.SAE:DSD_FTPT@DF_FTPT_NATIONAL_INC(1.0),Incidence of full-time and part-time employment based on national definitions,I,LTU,Lithuania,EMP,Employment,PT_POP_SUB,Percentage of population in the same subgroup,F,Female,_T,Total,EMP,Employment,MAIN,Main job,_T,Total,FT,Full-time,NAT_DEF,National definition,A,Annual,2021,,91.147,,A,Normal value,0,Units,1,One
DATAFLOW,OECD.ELS.SAE:DSD_FTPT@DF_FTPT_NATIONAL_INC(1.0),Incidence of full-time and part-time employment based on national definitions,I,LTU,Lithuania,EMP,Employment,PT_POP_SUB,Percentage of population in the same subgroup,F,Female,_T,Total,EMP,Employment,MAIN,Main job,_T,Total,FT,Full-time,NAT_DEF,National definition,A,Annual,2022,,91.094,,A,Normal value,0,Units,1,One
DATAFLOW,OECD.ELS.SAE:DSD_FTPT@DF_FTPT_NATIONAL_INC(1.0),Incidence of full-time and part-time employment based on national definitions,I,LTU,Lithuania,EMP,Employment,PT_POP_SUB,Percentage of population in the same subgroup,F,Female,_T,Total,EMP,Employment,MAIN,Main job,_T,Total,FT,Full-time,NAT_DEF,National definition,A,Annual,2024,,90.795,,A,Normal value,0,Units,1,One
DATAFLOW,OECD.ELS.SAE:DSD_FTPT@DF_FTPT_NATIONAL_INC(1.0),Incidence of full-time and part-time employment based on national definitions,I,LUX,Luxembourg,EMP,Employment,PT_POP_SUB,Percentage of population in the same subgroup,F,Female,_T,Total,EMP,Employment,MAIN,Main job,_T,Total,FT,Full-time,NAT_DEF,National definition,A,Annual,2010,,64.305,,A,Normal value,0,Units,1,One
DATAFLOW,OECD.ELS.SAE:DSD_FTPT@DF_FTPT_NATIONAL_INC(1.0),Incidence of full-time and part-time employment based on national definitions,I,LUX,Luxembourg,EMP,Employment,PT_POP_SUB,Percentage of population in the same subgroup,F,Female,_T,Total,EMP,Employment,MAIN,Main job,_T,Total,FT,Full-time,NAT_DEF,National definition,A,Annual,2011,,64.375,,A,Normal value,0,Units,1,One
DATAFLOW,OECD.ELS.SAE:DSD_FTPT@DF_FTPT_NATIONAL_INC(1.0),Incidence of full-time and part-time employment based on national definitions,I,LUX,Luxembourg,EMP,Employment,PT_POP_SUB,Percentage of population in the same subgroup,F,Female,_T,Total,EMP,Employment,MAIN,Main job,_T,Total,FT,Full-time,NAT_DEF,National definition,A,Annual,2012,,64.336,,A,Normal value,0,Units,1,One
DATAFLOW,OECD.ELS.SAE:DSD_FTPT@DF_FTPT_NATIONAL_INC(1.0),Incidence of full-time and part-time employment based on national definitions,I,LUX,Luxembourg,EMP,Employment,PT_POP_SUB,Percentage of population in the same subgroup,F,Female,_T,Total,EMP,Employment,MAIN,Main job,_T,Total,FT,Full-time,NAT_DEF,National definition,A,Annual,2013,,64.514,,A,Normal value,0,Units,1,One
DATAFLOW,OECD.ELS.SAE:DSD_FTPT@DF_FTPT_NATIONAL_INC(1.0),Incidence of full-time and part-time employment based on national definitions,I,LUX,Luxembourg,EMP,Employment,PT_POP_SUB,Percentage of population in the same subgroup,F,Female,_T,Total,EMP,Employment,MAIN,Main job,_T,Total,FT,Full-time,NAT_DEF,National definition,A,Annual,2014,,64.87,,A,Normal value,0,Units,1,One
DATAFLOW,OECD.ELS.SAE:DSD_FTPT@DF_FTPT_NATIONAL_INC(1.0),Incidence of full-time and part-time employment based on national definitions,I,LUX,Luxembourg,EMP,Employment,PT_POP_SUB,Percentage of population in the same subgroup,F,Female,_T,Total,EMP,Employment,MAIN,Main job,_T,Total,FT,Full-time,NAT_DEF,National definition,A,Annual,2015,,66.932,,A,Normal value,0,Units,1,One
DATAFLOW,OECD.ELS.SAE:DSD_FTPT@DF_FTPT_NATIONAL_INC(1.0),Incidence of full-time and part-time employment based on national definitions,I,LUX,Luxembourg,EMP,Employment,PT_POP_SUB,Percentage of population in the same subgroup,F,Female,_T,Total,EMP,Employment,MAIN,Main job,_T,Total,FT,Full-time,NAT_DEF,National definition,A,Annual,2016,,66.5,,A,Normal value,0,Units,1,One
DATAFLOW,OECD.ELS.SAE:DSD_FTPT@DF_FTPT_NATIONAL_INC(1.0),Incidence of full-time and part-time employment based on national definitions,I,LUX,Luxembourg,EMP,Employment,PT_POP_SUB,Percentage of population in the same subgroup,F,Female,_T,Total,EMP,Employment,MAIN,Main job,_T,Total,FT,Full-time,NAT_DEF,National definition,A,Annual,2017,,65.515,,A,Normal value,0,Units,1,One
DATAFLOW,OECD.ELS.SAE:DSD_FTPT@DF_FTPT_NATIONAL_INC(1.0),Incidence of full-time and part-time employment based on national definitions,I,LUX,Luxembourg,EMP,Employment,PT_POP_SUB,Percentage of population in the same subgroup,F,Female,_T,Total,EMP,Employment,MAIN,Main job,_T,Total,FT,Full-time,NAT_DEF,National definition,A,Annual,2018,,69.434,,A,Normal value,0,Units,1,One
DATAFLOW,OECD.ELS.SAE:DSD_FTPT@DF_FTPT_NATIONAL_INC(1.0),Incidence of full-time and part-time employment based on national definitions,I,LUX,Luxembourg,EMP,Employment,PT_POP_SUB,Percentage of population in the same subgroup,F,Female,_T,Total,EMP,Employment,MAIN,Main job,_T,Total,FT,Full-time,NAT_DEF,National definition,A,Annual,2019,,71.053,,A,Normal value,0,Units,1,One
DATAFLOW,OECD.ELS.SAE:DSD_FTPT@DF_FTPT_NATIONAL_INC(1.0),Incidence of full-time and part-time employment based on national definitions,I,LUX,Luxembourg,EMP,Employment,PT_POP_SUB,Percentage of population in the same subgroup,F,Female,_T,Total,EMP,Employment,MAIN,Main job,_T,Total,FT,Full-time,NAT_DEF,National definition,A,Annual,2020,,70.343,,A,Normal value,0,Units,1,One
DATAFLOW,OECD.ELS.SAE:DSD_FTPT@DF_FTPT_NATIONAL_INC(1.0),Incidence of full-time and part-time employment based on national definitions,I,LUX,Luxembourg,EMP,Employment,PT_POP_SUB,Percentage of population in the same subgroup,F,Female,_T,Total,EMP,Employment,MAIN,Main job,_T,Total,FT,Full-time,NAT_DEF,National definition,A,Annual,2021,,68.801,,A,Normal value,0,Units,1,One
DATAFLOW,OECD.ELS.SAE:DSD_FTPT@DF_FTPT_NATIONAL_INC(1.0),Incidence of full-time and part-time employment based on national definitions,I,LUX,Luxembourg,EMP,Employment,PT_POP_SUB,Percentage of population in the same subgroup,F,Female,_T,Total,EMP,Employment,MAIN,Main job,_T,Total,FT,Full-time,NAT_DEF,National definition,A,Annual,2022,,68.802,,A,Normal value,0,Units,1,One
DATAFLOW,OECD.ELS.SAE:DSD_FTPT@DF_FTPT_NATIONAL_INC(1.0),Incidence of full-time and part-time employment based on national definitions,I,LUX,Luxembourg,EMP,Employment,PT_POP_SUB,Percentage of population in the same subgroup,F,Female,_T,Total,EMP,Employment,MAIN,Main job,_T,Total,FT,Full-time,NAT_DEF,National definition,A,Annual,2023,,70.114,,A,Normal value,0,Units,1,One
DATAFLOW,OECD.ELS.SAE:DSD_FTPT@DF_FTPT_NATIONAL_INC(1.0),Incidence of full-time and part-time employment based on national definitions,I,LUX,Luxembourg,EMP,Employment,PT_POP_SUB,Percentage of population in the same subgroup,F,Female,_T,Total,EMP,Employment,MAIN,Main job,_T,Total,FT,Full-time,NAT_DEF,National definition,A,Annual,2024,,71.102,,A,Normal value,0,Units,1,One
DATAFLOW,OECD.ELS.SAE:DSD_FTPT@DF_FTPT_NATIONAL_INC(1.0),Incidence of full-time and part-time employment based on national definitions,I,MEX,Mexico,EMP,Employment,PT_POP_SUB,Percentage of population in the same subgroup,F,Female,_T,Total,EMP,Employment,MAIN,Main job,_T,Total,FT,Full-time,NAT_DEF,National definition,A,Annual,2016,,66.486,,A,Normal value,0,Units,1,One
DATAFLOW,OECD.ELS.SAE:DSD_FTPT@DF_FTPT_NATIONAL_INC(1.0),Incidence of full-time and part-time employment based on national definitions,I,NLD,Netherlands,EMP,Employment,PT_POP_SUB,Percentage of population in the same subgroup,F,Female,_T,Total,EMP,Employment,MAIN,Main job,_T,Total,FT,Full-time,NAT_DEF,National definition,A,Annual,2010,,25.237,,A,Normal value,0,Units,1,One
DATAFLOW,OECD.ELS.SAE:DSD_FTPT@DF_FTPT_NATIONAL_INC(1.0),Incidence of full-time and part-time employment based on national definitions,I,NLD,Netherlands,EMP,Employment,PT_POP_SUB,Percentage of population in the same subgroup,F,Female,_T,Total,EMP,Employment,MAIN,Main job,_T,Total,FT,Full-time,NAT_DEF,National definition,A,Annual,2024,,30.748,,A,Normal value,0,Units,1,One
DATAFLOW,OECD.ELS.SAE:DSD_FTPT@DF_FTPT_NATIONAL_INC(1.0),Incidence of full-time and part-time employment based on national definitions,I,NZL,New Zealand,EMP,Employment,PT_POP_SUB,Percentage of population in the same subgroup,F,Female,_T,Total,EMP,Employment,MAIN,Main job,_T,Total,FT,Full-time,NAT_DEF,National definition,A,Annual,2010,,65.964,,A,Normal value,0,Units,1,One
DATAFLOW,OECD.ELS.SAE:DSD_FTPT@DF_FTPT_NATIONAL_INC(1.0),Incidence of full-time and part-time employment based on national definitions,I,NZL,New Zealand,EMP,Employment,PT_POP_SUB,Percentage of population in the same subgroup,F,Female,_T,Total,EMP,Employment,MAIN,Main job,_T,Total,FT,Full-time,NAT_DEF,National definition,A,Annual,2011,,65.235,,A,Normal value,0,Units,1,One
DATAFLOW,OECD.ELS.SAE:DSD_FTPT@DF_FTPT_NATIONAL_INC(1.0),Incidence of full-time and part-time employment based on national definitions,I,NZL,New Zealand,EMP,Employment,PT_POP_SUB,Percentage of population in the same subgroup,F,Female,_T,Total,EMP,Employment,MAIN,Main job,_T,Total,FT,Full-time,NAT_DEF,National definition,A,Annual,2012,,64.658,,A,Normal value,0,Units,1,One
DATAFLOW,OECD.ELS.SAE:DSD_FTPT@DF_FTPT_NATIONAL_INC(1.0),Incidence of full-time and part-time employment based on national definitions,I,NZL,New Zealand,EMP,Employment,PT_POP_SUB,Percentage of population in the same subgroup,F,Female,_T,Total,EMP,Employment,MAIN,Main job,_T,Total,FT,Full-time,NAT_DEF,National definition,A,Annual,2013,,65.947,,A,Normal value,0,Units,1,One
DATAFLOW,OECD.ELS.SAE:DSD_FTPT@DF_FTPT_NATIONAL_INC(1.0),Incidence of full-time and part-time employment based on national definitions,I,NZL,New Zealand,EMP,Employment,PT_POP_SUB,Percentage of population in the same subgroup,F,Female,_T,Total,EMP,Employment,MAIN,Main job,_T,Total,FT,Full-time,NAT_DEF,National definition,A,Annual,2016,,67.696,,A,Normal value,0,Units,1,One
DATAFLOW,OECD.ELS.SAE:DSD_FTPT@DF_FTPT_NATIONAL_INC(1.0),Incidence of full-time and part-time employment based on national definitions,I,NZL,New Zealand,EMP,Employment,PT_POP_SUB,Percentage of population in the same subgroup,F,Female,_T,Total,EMP,Employment,MAIN,Main job,_T,Total,FT,Full-time,NAT_DEF,National definition,A,Annual,2017,,68.015,,A,Normal value,0,Units,1,One
DATAFLOW,OECD.ELS.SAE:DSD_FTPT@DF_FTPT_NATIONAL_INC(1.0),Incidence of full-time and part-time employment based on national definitions,I,NZL,New Zealand,EMP,Employment,PT_POP_SUB,Percentage of population in the same subgroup,F,Female,_T,Total,EMP,Employment,MAIN,Main job,_T,Total,FT,Full-time,NAT_DEF,National definition,A,Annual,2018,,68.85,,A,Normal value,0,Units,1,One
DATAFLOW,OECD.ELS.SAE:DSD_FTPT@DF_FTPT_NATIONAL_INC(1.0),Incidence of full-time and part-time employment based on national definitions,I,NZL,New Zealand,EMP,Employment,PT_POP_SUB,Percentage of population in the same subgroup,F,Female,_T,Total,EMP,Employment,MAIN,Main job,_T,Total,FT,Full-time,NAT_DEF,National definition,A,Annual,2019,,70.379,,A,Normal value,0,Units,1,One
DATAFLOW,OECD.ELS.SAE:DSD_FTPT@DF_FTPT_NATIONAL_INC(1.0),Incidence of full-time and part-time employment based on national definitions,I,NZL,New Zealand,EMP,Employment,PT_POP_SUB,Percentage of population in the same subgroup,F,Female,_T,Total,EMP,Employment,MAIN,Main job,_T,Total,FT,Full-time,NAT_DEF,National definition,A,Annual,2020,,70.58,,A,Normal value,0,Units,1,One
DATAFLOW,OECD.ELS.SAE:DSD_FTPT@DF_FTPT_NATIONAL_INC(1.0),Incidence of full-time and part-time employment based on national definitions,I,NZL,New Zealand,EMP,Employment,PT_POP_SUB,Percentage of population in the same subgroup,F,Female,_T,Total,EMP,Employment,MAIN,Main job,_T,Total,FT,Full-time,NAT_DEF,National definition,A,Annual,2021,,70.517,,A,Normal value,0,Units,1,One
DATAFLOW,OECD.ELS.SAE:DSD_FTPT@DF_FTPT_NATIONAL_INC(1.0),Incidence of full-time and part-time employment based on national definitions,I,NZL,New Zealand,EMP,Employment,PT_POP_SUB,Percentage of population in the same subgroup,F,Female,_T,Total,EMP,Employment,MAIN,Main job,_T,Total,FT,Full-time,NAT_DEF,National definition,A,Annual,2022,,71.634,,A,Normal value,0,Units,1,One
DATAFLOW,OECD.ELS.SAE:DSD_FTPT@DF_FTPT_NATIONAL_INC(1.0),Incidence of full-time and part-time employment based on national definitions,I,NZL,New Zealand,EMP,Employment,PT_POP_SUB,Percentage of population in the same subgroup,F,Female,_T,Total,EMP,Employment,MAIN,Main job,_T,Total,FT,Full-time,NAT_DEF,National definition,A,Annual,2023,,71.251,,A,Normal value,0,Units,1,One
DATAFLOW,OECD.ELS.SAE:DSD_FTPT@DF_FTPT_NATIONAL_INC(1.0),Incidence of full-time and part-time employment based on national definitions,I,NZL,New Zealand,EMP,Employment,PT_POP_SUB,Percentage of population in the same subgroup,F,Female,_T,Total,EMP,Employment,MAIN,Main job,_T,Total,FT,Full-time,NAT_DEF,National definition,A,Annual,2024,,71.25,,A,Normal value,0,Units,1,One
DATAFLOW,OECD.ELS.SAE:DSD_FTPT@DF_FTPT_NATIONAL_INC(1.0),Incidence of full-time and part-time employment based on national definitions,I,NOR,Norway,EMP,Employment,PT_POP_SUB,Percentage of population in the same subgroup,F,Female,_T,Total,EMP,Employment,MAIN,Main job,_T,Total,FT,Full-time,NAT_DEF,National definition,A,Annual,2010,,58.946,,A,Normal value,0,Units,1,One
DATAFLOW,OECD.ELS.SAE:DSD_FTPT@DF_FTPT_NATIONAL_INC(1.0),Incidence of full-time and part-time employment based on national definitions,I,NOR,Norway,EMP,Employment,PT_POP_SUB,Percentage of population in the same subgroup,F,Female,_T,Total,EMP,Employment,MAIN,Main job,_T,Total,FT,Full-time,NAT_DEF,National definition,A,Annual,2012,,59.801,,A,Normal value,0,Units,1,One
DATAFLOW,OECD.ELS.SAE:DSD_FTPT@DF_FTPT_NATIONAL_INC(1.0),Incidence of full-time and part-time employment based on national definitions,I,NOR,Norway,EMP,Employment,PT_POP_SUB,Percentage of population in the same subgroup,F,Female,_T,Total,EMP,Employment,MAIN,Main job,_T,Total,FT,Full-time,NAT_DEF,National definition,A,Annual,2013,,60.017,,A,Normal value,0,Units,1,One
DATAFLOW,OECD.ELS.SAE:DSD_FTPT@DF_FTPT_NATIONAL_INC(1.0),Incidence of full-time and part-time employment based on national definitions,I,NOR,Norway,EMP,Employment,PT_POP_SUB,Percentage of population in the same subgroup,F,Female,_T,Total,EMP,Employment,MAIN,Main job,_T,Total,FT,Full-time,NAT_DEF,National definition,A,Annual,2014,,61.117,,A,Normal value,0,Units,1,One
DATAFLOW,OECD.ELS.SAE:DSD_FTPT@DF_FTPT_NATIONAL_INC(1.0),Incidence of full-time and part-time employment based on national definitions,I,NOR,Norway,EMP,Employment,PT_POP_SUB,Percentage of population in the same subgroup,F,Female,_T,Total,EMP,Employment,MAIN,Main job,_T,Total,FT,Full-time,NAT_DEF,National definition,A,Annual,2015,,61.492,,A,Normal value,0,Units,1,One
DATAFLOW,OECD.ELS.SAE:DSD_FTPT@DF_FTPT_NATIONAL_INC(1.0),Incidence of full-time and part-time employment based on national definitions,I,NOR,Norway,EMP,Employment,PT_POP_SUB,Percentage of population in the same subgroup,F,Female,_T,Total,EMP,Employment,MAIN,Main job,_T,Total,FT,Full-time,NAT_DEF,National definition,A,Annual,2016,,61.987,,A,Normal value,0,Units,1,One
DATAFLOW,OECD.ELS.SAE:DSD_FTPT@DF_FTPT_NATIONAL_INC(1.0),Incidence of full-time and part-time employment based on national definitions,I,NOR,Norway,EMP,Employment,PT_POP_SUB,Percentage of population in the same subgroup,F,Female,_T,Total,EMP,Employment,MAIN,Main job,_T,Total,FT,Full-time,NAT_DEF,National definition,A,Annual,2017,,62.984,,A,Normal value,0,Units,1,One
DATAFLOW,OECD.ELS.SAE:DSD_FTPT@DF_FTPT_NATIONAL_INC(1.0),Incidence of full-time and part-time employment based on national definitions,I,NOR,Norway,EMP,Employment,PT_POP_SUB,Percentage of population in the same subgroup,F,Female,_T,Total,EMP,Employment,MAIN,Main job,_T,Total,FT,Full-time,NAT_DEF,National definition,A,Annual,2018,,62.964,,A,Normal value,0,Units,1,One
DATAFLOW,OECD.ELS.SAE:DSD_FTPT@DF_FTPT_NATIONAL_INC(1.0),Incidence of full-time and part-time employment based on national definitions,I,NOR,Norway,EMP,Employment,PT_POP_SUB,Percentage of population in the same subgroup,F,Female,_T,Total,EMP,Employment,MAIN,Main job,_T,Total,FT,Full-time,NAT_DEF,National definition,A,Annual,2019,,61.489,,A,Normal value,0,Units,1,One
DATAFLOW,OECD.ELS.SAE:DSD_FTPT@DF_FTPT_NATIONAL_INC(1.0),Incidence of full-time and part-time employment based on national definitions,I,NOR,Norway,EMP,Employment,PT_POP_SUB,Percentage of population in the same subgroup,F,Female,_T,Total,EMP,Employment,MAIN,Main job,_T,Total,FT,Full-time,NAT_DEF,National definition,A,Annual,2021,,63.078,,A,Normal value,0,Units,1,One
DATAFLOW,OECD.ELS.SAE:DSD_FTPT@DF_FTPT_NATIONAL_INC(1.0),Incidence of full-time and part-time employment based on national definitions,I,NOR,Norway,EMP,Employment,PT_POP_SUB,Percentage of population in the same subgroup,F,Female,_T,Total,EMP,Employment,MAIN,Main job,_T,Total,FT,Full-time,NAT_DEF,National definition,A,Annual,2022,,64.565,,A,Normal value,0,Units,1,One
DATAFLOW,OECD.ELS.SAE:DSD_FTPT@DF_FTPT_NATIONAL_INC(1.0),Incidence of full-time and part-time employment based on national definitions,I,NOR,Norway,EMP,Employment,PT_POP_SUB,Percentage of population in the same subgroup,F,Female,_T,Total,EMP,Employment,MAIN,Main job,_T,Total,FT,Full-time,NAT_DEF,National definition,A,Annual,2024,,66.268,,A,Normal value,0,Units,1,One
DATAFLOW,OECD.ELS.SAE:DSD_FTPT@DF_FTPT_NATIONAL_INC(1.0),Incidence of full-time and part-time employment based on national definitions,I,POL,Poland,EMP,Employment,PT_POP_SUB,Percentage of population in the same subgroup,F,Female,_T,Total,EMP,Employment,MAIN,Main job,_T,Total,FT,Full-time,NAT_DEF,National definition,A,Annual,2014,,88.929,,A,Normal value,0,Units,1,One
DATAFLOW,OECD.ELS.SAE:DSD_FTPT@DF_FTPT_NATIONAL_INC(1.0),Incidence of full-time and part-time employment based on national definitions,I,POL,Poland,EMP,Employment,PT_POP_SUB,Percentage of population in the same subgroup,F,Female,_T,Total,EMP,Employment,MAIN,Main job,_T,Total,FT,Full-time,NAT_DEF,National definition,A,Annual,2015,,89.463,,A,Normal value,0,Units,1,One
DATAFLOW,OECD.ELS.SAE:DSD_FTPT@DF_FTPT_NATIONAL_INC(1.0),Incidence of full-time and part-time employment based on national definitions,I,POL,Poland,EMP,Employment,PT_POP_SUB,Percentage of population in the same subgroup,F,Female,_T,Total,EMP,Employment,MAIN,Main job,_T,Total,FT,Full-time,NAT_DEF,National definition,A,Annual,2017,,89.231,,A,Normal value,0,Units,1,One
DATAFLOW,OECD.ELS.SAE:DSD_FTPT@DF_FTPT_NATIONAL_INC(1.0),Incidence of full-time and part-time employment based on national definitions,I,PRT,Portugal,EMP,Employment,PT_POP_SUB,Percentage of population in the same subgroup,F,Female,_T,Total,EMP,Employment,MAIN,Main job,_T,Total,FT,Full-time,NAT_DEF,National definition,A,Annual,2010,,84.315,,A,Normal value,0,Units,1,One
DATAFLOW,OECD.ELS.SAE:DSD_FTPT@DF_FTPT_NATIONAL_INC(1.0),Incidence of full-time and part-time employment based on national definitions,I,PRT,Portugal,EMP,Employment,PT_POP_SUB,Percentage of population in the same subgroup,F,Female,_T,Total,EMP,Employment,MAIN,Main job,_T,Total,FT,Full-time,NAT_DEF,National definition,A,Annual,2011,,87.494,,A,Normal value,0,Units,1,One
DATAFLOW,OECD.ELS.SAE:DSD_FTPT@DF_FTPT_NATIONAL_INC(1.0),Incidence of full-time and part-time employment based on national definitions,I,PRT,Portugal,EMP,Employment,PT_POP_SUB,Percentage of population in the same subgroup,F,Female,_T,Total,EMP,Employment,MAIN,Main job,_T,Total,FT,Full-time,NAT_DEF,National definition,A,Annual,2012,,87.043,,A,Normal value,0,Units,1,One
DATAFLOW,OECD.ELS.SAE:DSD_FTPT@DF_FTPT_NATIONAL_INC(1.0),Incidence of full-time and part-time employment based on national definitions,I,PRT,Portugal,EMP,Employment,PT_POP_SUB,Percentage of population in the same subgroup,F,Female,_T,Total,EMP,Employment,MAIN,Main job,_T,Total,FT,Full-time,NAT_DEF,National definition,A,Annual,2013,,86.784,,A,Normal value,0,Units,1,One
DATAFLOW,OECD.ELS.SAE:DSD_FTPT@DF_FTPT_NATIONAL_INC(1.0),Incidence of full-time and part-time employment based on national definitions,I,PRT,Portugal,EMP,Employment,PT_POP_SUB,Percentage of population in the same subgroup,F,Female,_T,Total,EMP,Employment,MAIN,Main job,_T,Total,FT,Full-time,NAT_DEF,National definition,A,Annual,2014,,87.603,,A,Normal value,0,Units,1,One
DATAFLOW,OECD.ELS.SAE:DSD_FTPT@DF_FTPT_NATIONAL_INC(1.0),Incidence of full-time and part-time employment based on national definitions,I,PRT,Portugal,EMP,Employment,PT_POP_SUB,Percentage of population in the same subgroup,F,Female,_T,Total,EMP,Employment,MAIN,Main job,_T,Total,FT,Full-time,NAT_DEF,National definition,A,Annual,2015,,87.552,,A,Normal value,0,Units,1,One
DATAFLOW,OECD.ELS.SAE:DSD_FTPT@DF_FTPT_NATIONAL_INC(1.0),Incidence of full-time and part-time employment based on national definitions,I,PRT,Portugal,EMP,Employment,PT_POP_SUB,Percentage of population in the same subgroup,F,Female,_T,Total,EMP,Employment,MAIN,Main job,_T,Total,FT,Full-time,NAT_DEF,National definition,A,Annual,2016,,87.86,,A,Normal value,0,Units,1,One
DATAFLOW,OECD.ELS.SAE:DSD_FTPT@DF_FTPT_NATIONAL_INC(1.0),Incidence of full-time and part-time employment based on national definitions,I,PRT,Portugal,EMP,Employment,PT_POP_SUB,Percentage of population in the same subgroup,F,Female,_T,Total,EMP,Employment,MAIN,Main job,_T,Total,FT,Full-time,NAT_DEF,National definition,A,Annual,2017,,88.17,,A,Normal value,0,Units,1,One
DATAFLOW,OECD.ELS.SAE:DSD_FTPT@DF_FTPT_NATIONAL_INC(1.0),Incidence of full-time and part-time employment based on national definitions,I,PRT,Portugal,EMP,Employment,PT_POP_SUB,Percentage of population in the same subgroup,F,Female,_T,Total,EMP,Employment,MAIN,Main job,_T,Total,FT,Full-time,NAT_DEF,National definition,A,Annual,2018,,89.172,,A,Normal value,0,Units,1,One
DATAFLOW,OECD.ELS.SAE:DSD_FTPT@DF_FTPT_NATIONAL_INC(1.0),Incidence of full-time and part-time employment based on national definitions,I,PRT,Portugal,EMP,Employment,PT_POP_SUB,Percentage of population in the same subgroup,F,Female,_T,Total,EMP,Employment,MAIN,Main job,_T,Total,FT,Full-time,NAT_DEF,National definition,A,Annual,2019,,88.678,,A,Normal value,0,Units,1,One
DATAFLOW,OECD.ELS.SAE:DSD_FTPT@DF_FTPT_NATIONAL_INC(1.0),Incidence of full-time and part-time employment based on national definitions,I,PRT,Portugal,EMP,Employment,PT_POP_SUB,Percentage of population in the same subgroup,F,Female,_T,Total,EMP,Employment,MAIN,Main job,_T,Total,FT,Full-time,NAT_DEF,National definition,A,Annual,2020,,89.42,,A,Normal value,0,Units,1,One
DATAFLOW,OECD.ELS.SAE:DSD_FTPT@DF_FTPT_NATIONAL_INC(1.0),Incidence of full-time and part-time employment based on national definitions,I,PRT,Portugal,EMP,Employment,PT_POP_SUB,Percentage of population in the same subgroup,F,Female,_T,Total,EMP,Employment,MAIN,Main job,_T,Total,FT,Full-time,NAT_DEF,National definition,A,Annual,2021,,90.06,,A,Normal value,0,Units,1,One
DATAFLOW,OECD.ELS.SAE:DSD_FTPT@DF_FTPT_NATIONAL_INC(1.0),Incidence of full-time and part-time employment based on national definitions,I,PRT,Portugal,EMP,Employment,PT_POP_SUB,Percentage of population in the same subgroup,F,Female,_T,Total,EMP,Employment,MAIN,Main job,_T,Total,FT,Full-time,NAT_DEF,National definition,A,Annual,2022,,90.111,,A,Normal value,0,Units,1,One
DATAFLOW,OECD.ELS.SAE:DSD_FTPT@DF_FTPT_NATIONAL_INC(1.0),Incidence of full-time and part-time employment based on national definitions,I,PRT,Portugal,EMP,Employment,PT_POP_SUB,Percentage of population in the same subgroup,F,Female,_T,Total,EMP,Employment,MAIN,Main job,_T,Total,FT,Full-time,NAT_DEF,National definition,A,Annual,2023,,89.194,,A,Normal value,0,Units,1,One
DATAFLOW,OECD.ELS.SAE:DSD_FTPT@DF_FTPT_NATIONAL_INC(1.0),Incidence of full-time and part-time employment based on national definitions,I,PRT,Portugal,EMP,Employment,PT_POP_SUB,Percentage of population in the same subgroup,F,Female,_T,Total,EMP,Employment,MAIN,Main job,_T,Total,FT,Full-time,NAT_DEF,National definition,A,Annual,2024,,89.272,,A,Normal value,0,Units,1,One
DATAFLOW,OECD.ELS.SAE:DSD_FTPT@DF_FTPT_NATIONAL_INC(1.0),Incidence of full-time and part-time employment based on national definitions,I,SVK,Slovak Republic,EMP,Employment,PT_POP_SUB,Percentage of population in the same subgroup,F,Female,_T,Total,EMP,Employment,MAIN,Main job,_T,Total,FT,Full-time,NAT_DEF,National definition,A,Annual,2010,,94.581,,A,Normal value,0,Units,1,One
DATAFLOW,OECD.ELS.SAE:DSD_FTPT@DF_FTPT_NATIONAL_INC(1.0),Incidence of full-time and part-time employment based on national definitions,I,SVK,Slovak Republic,EMP,Employment,PT_POP_SUB,Percentage of population in the same subgroup,F,Female,_T,Total,EMP,Employment,MAIN,Main job,_T,Total,FT,Full-time,NAT_DEF,National definition,A,Annual,2011,,94.105,,A,Normal value,0,Units,1,One
DATAFLOW,OECD.ELS.SAE:DSD_FTPT@DF_FTPT_NATIONAL_INC(1.0),Incidence of full-time and part-time employment based on national definitions,I,SVK,Slovak Republic,EMP,Employment,PT_POP_SUB,Percentage of population in the same subgroup,F,Female,_T,Total,EMP,Employment,MAIN,Main job,_T,Total,FT,Full-time,NAT_DEF,National definition,A,Annual,2012,,94.295,,A,Normal value,0,Units,1,One
DATAFLOW,OECD.ELS.SAE:DSD_FTPT@DF_FTPT_NATIONAL_INC(1.0),Incidence of full-time and part-time employment based on national definitions,I,SVK,Slovak Republic,EMP,Employment,PT_POP_SUB,Percentage of population in the same subgroup,F,Female,_T,Total,EMP,Employment,MAIN,Main job,_T,Total,FT,Full-time,NAT_DEF,National definition,A,Annual,2013,,93.597,,A,Normal value,0,Units,1,One
DATAFLOW,OECD.ELS.SAE:DSD_FTPT@DF_FTPT_NATIONAL_INC(1.0),Incidence of full-time and part-time employment based on national definitions,I,SVK,Slovak Republic,EMP,Employment,PT_POP_SUB,Percentage of population in the same subgroup,F,Female,_T,Total,EMP,Employment,MAIN,Main job,_T,Total,FT,Full-time,NAT_DEF,National definition,A,Annual,2014,,93.072,,A,Normal value,0,Units,1,One
DATAFLOW,OECD.ELS.SAE:DSD_FTPT@DF_FTPT_NATIONAL_INC(1.0),Incidence of full-time and part-time employment based on national definitions,I,SVK,Slovak Republic,EMP,Employment,PT_POP_SUB,Percentage of population in the same subgroup,F,Female,_T,Total,EMP,Employment,MAIN,Main job,_T,Total,FT,Full-time,NAT_DEF,National definition,A,Annual,2015,,91.717,,A,Normal value,0,Units,1,One
DATAFLOW,OECD.ELS.SAE:DSD_FTPT@DF_FTPT_NATIONAL_INC(1.0),Incidence of full-time and part-time employment based on national definitions,I,SVK,Slovak Republic,EMP,Employment,PT_POP_SUB,Percentage of population in the same subgroup,F,Female,_T,Total,EMP,Employment,MAIN,Main job,_T,Total,FT,Full-time,NAT_DEF,National definition,A,Annual,2016,,91.808,,A,Normal value,0,Units,1,One
DATAFLOW,OECD.ELS.SAE:DSD_FTPT@DF_FTPT_NATIONAL_INC(1.0),Incidence of full-time and part-time employment based on national definitions,I,SVK,Slovak Republic,EMP,Employment,PT_POP_SUB,Percentage of population in the same subgroup,F,Female,_T,Total,EMP,Employment,MAIN,Main job,_T,Total,FT,Full-time,NAT_DEF,National definition,A,Annual,2017,,91.517,,A,Normal value,0,Units,1,One
DATAFLOW,OECD.ELS.SAE:DSD_FTPT@DF_FTPT_NATIONAL_INC(1.0),Incidence of full-time and part-time employment based on national definitions,I,SVK,Slovak Republic,EMP,Employment,PT_POP_SUB,Percentage of population in the same subgroup,F,Female,_T,Total,EMP,Employment,MAIN,Main job,_T,Total,FT,Full-time,NAT_DEF,National definition,A,Annual,2018,,92.501,,A,Normal value,0,Units,1,One
DATAFLOW,OECD.ELS.SAE:DSD_FTPT@DF_FTPT_NATIONAL_INC(1.0),Incidence of full-time and part-time employment based on national definitions,I,SVK,Slovak Republic,EMP,Employment,PT_POP_SUB,Percentage of population in the same subgroup,F,Female,_T,Total,EMP,Employment,MAIN,Main job,_T,Total,FT,Full-time,NAT_DEF,National definition,A,Annual,2019,,92.995,,A,Normal value,0,Units,1,One
DATAFLOW,OECD.ELS.SAE:DSD_FTPT@DF_FTPT_NATIONAL_INC(1.0),Incidence of full-time and part-time employment based on national definitions,I,SVK,Slovak Republic,EMP,Employment,PT_POP_SUB,Percentage of population in the same subgroup,F,Female,_T,Total,EMP,Employment,MAIN,Main job,_T,Total,FT,Full-time,NAT_DEF,National definition,A,Annual,2020,,92.675,,A,Normal value,0,Units,1,One
DATAFLOW,OECD.ELS.SAE:DSD_FTPT@DF_FTPT_NATIONAL_INC(1.0),Incidence of full-time and part-time employment based on national definitions,I,SVK,Slovak Republic,EMP,Employment,PT_POP_SUB,Percentage of population in the same subgroup,F,Female,_T,Total,EMP,Employment,MAIN,Main job,_T,Total,FT,Full-time,NAT_DEF,National definition,A,Annual,2021,,94.891,,A,Normal value,0,Units,1,One
DATAFLOW,OECD.ELS.SAE:DSD_FTPT@DF_FTPT_NATIONAL_INC(1.0),Incidence of full-time and part-time employment based on national definitions,I,SVK,Slovak Republic,EMP,Employment,PT_POP_SUB,Percentage of population in the same subgroup,F,Female,_T,Total,EMP,Employment,MAIN,Main job,_T,Total,FT,Full-time,NAT_DEF,National definition,A,Annual,2023,,94.529,,A,Normal value,0,Units,1,One
DATAFLOW,OECD.ELS.SAE:DSD_FTPT@DF_FTPT_NATIONAL_INC(1.0),Incidence of full-time and part-time employment based on national definitions,I,SVK,Slovak Republic,EMP,Employment,PT_POP_SUB,Percentage of population in the same subgroup,F,Female,_T,Total,EMP,Employment,MAIN,Main job,_T,Total,FT,Full-time,NAT_DEF,National definition,A,Annual,2024,,93.451,,A,Normal value,0,Units,1,One
DATAFLOW,OECD.ELS.SAE:DSD_FTPT@DF_FTPT_NATIONAL_INC(1.0),Incidence of full-time and part-time employment based on national definitions,I,SVN,Slovenia,EMP,Employment,PT_POP_SUB,Percentage of population in the same subgroup,F,Female,_T,Total,EMP,Employment,MAIN,Main job,_T,Total,FT,Full-time,NAT_DEF,National definition,A,Annual,2010,,85.314,,A,Normal value,0,Units,1,One
DATAFLOW,OECD.ELS.SAE:DSD_FTPT@DF_FTPT_NATIONAL_INC(1.0),Incidence of full-time and part-time employment based on national definitions,I,SVN,Slovenia,EMP,Employment,PT_POP_SUB,Percentage of population in the same subgroup,F,Female,_T,Total,EMP,Employment,MAIN,Main job,_T,Total,FT,Full-time,NAT_DEF,National definition,A,Annual,2011,,86.656,,A,Normal value,0,Units,1,One
DATAFLOW,OECD.ELS.SAE:DSD_FTPT@DF_FTPT_NATIONAL_INC(1.0),Incidence of full-time and part-time employment based on national definitions,I,SVN,Slovenia,EMP,Employment,PT_POP_SUB,Percentage of population in the same subgroup,F,Female,_T,Total,EMP,Employment,MAIN,Main job,_T,Total,FT,Full-time,NAT_DEF,National definition,A,Annual,2012,,86.933,,A,Normal value,0,Units,1,One
DATAFLOW,OECD.ELS.SAE:DSD_FTPT@DF_FTPT_NATIONAL_INC(1.0),Incidence of full-time and part-time employment based on national definitions,I,SVN,Slovenia,EMP,Employment,PT_POP_SUB,Percentage of population in the same subgroup,F,Female,_T,Total,EMP,Employment,MAIN,Main job,_T,Total,FT,Full-time,NAT_DEF,National definition,A,Annual,2013,,86.536,,A,Normal value,0,Units,1,One
DATAFLOW,OECD.ELS.SAE:DSD_FTPT@DF_FTPT_NATIONAL_INC(1.0),Incidence of full-time and part-time employment based on national definitions,I,SVN,Slovenia,EMP,Employment,PT_POP_SUB,Percentage of population in the same subgroup,F,Female,_T,Total,EMP,Employment,MAIN,Main job,_T,Total,FT,Full-time,NAT_DEF,National definition,A,Annual,2014,,85.112,,A,Normal value,0,Units,1,One
DATAFLOW,OECD.ELS.SAE:DSD_FTPT@DF_FTPT_NATIONAL_INC(1.0),Incidence of full-time and part-time employment based on national definitions,I,SVN,Slovenia,EMP,Employment,PT_POP_SUB,Percentage of population in the same subgroup,F,Female,_T,Total,EMP,Employment,MAIN,Main job,_T,Total,FT,Full-time,NAT_DEF,National definition,A,Annual,2015,,85.58,,A,Normal value,0,Units,1,One
DATAFLOW,OECD.ELS.SAE:DSD_FTPT@DF_FTPT_NATIONAL_INC(1.0),Incidence of full-time and part-time employment based on national definitions,I,SVN,Slovenia,EMP,Employment,PT_POP_SUB,Percentage of population in the same subgroup,F,Female,_T,Total,EMP,Employment,MAIN,Main job,_T,Total,FT,Full-time,NAT_DEF,National definition,A,Annual,2016,,86.305,,A,Normal value,0,Units,1,One
DATAFLOW,OECD.ELS.SAE:DSD_FTPT@DF_FTPT_NATIONAL_INC(1.0),Incidence of full-time and part-time employment based on national definitions,I,SVN,Slovenia,EMP,Employment,PT_POP_SUB,Percentage of population in the same subgroup,F,Female,_T,Total,EMP,Employment,MAIN,Main job,_T,Total,FT,Full-time,NAT_DEF,National definition,A,Annual,2017,,84.869,,A,Normal value,0,Units,1,One
DATAFLOW,OECD.ELS.SAE:DSD_FTPT@DF_FTPT_NATIONAL_INC(1.0),Incidence of full-time and part-time employment based on national definitions,I,SVN,Slovenia,EMP,Employment,PT_POP_SUB,Percentage of population in the same subgroup,F,Female,_T,Total,EMP,Employment,MAIN,Main job,_T,Total,FT,Full-time,NAT_DEF,National definition,A,Annual,2018,,84.952,,A,Normal value,0,Units,1,One
DATAFLOW,OECD.ELS.SAE:DSD_FTPT@DF_FTPT_NATIONAL_INC(1.0),Incidence of full-time and part-time employment based on national definitions,I,SVN,Slovenia,EMP,Employment,PT_POP_SUB,Percentage of population in the same subgroup,F,Female,_T,Total,EMP,Employment,MAIN,Main job,_T,Total,FT,Full-time,NAT_DEF,National definition,A,Annual,2019,,86.954,,A,Normal value,0,Units,1,One
DATAFLOW,OECD.ELS.SAE:DSD_FTPT@DF_FTPT_NATIONAL_INC(1.0),Incidence of full-time and part-time employment based on national definitions,I,SVN,Slovenia,EMP,Employment,PT_POP_SUB,Percentage of population in the same subgroup,F,Female,_T,Total,EMP,Employment,MAIN,Main job,_T,Total,FT,Full-time,NAT_DEF,National definition,A,Annual,2020,,87.393,,A,Normal value,0,Units,1,One
DATAFLOW,OECD.ELS.SAE:DSD_FTPT@DF_FTPT_NATIONAL_INC(1.0),Incidence of full-time and part-time employment based on national definitions,I,SVN,Slovenia,EMP,Employment,PT_POP_SUB,Percentage of population in the same subgroup,F,Female,_T,Total,EMP,Employment,MAIN,Main job,_T,Total,FT,Full-time,NAT_DEF,National definition,A,Annual,2021,,86.591,,A,Normal value,0,Units,1,One
DATAFLOW,OECD.ELS.SAE:DSD_FTPT@DF_FTPT_NATIONAL_INC(1.0),Incidence of full-time and part-time employment based on national definitions,I,SVN,Slovenia,EMP,Employment,PT_POP_SUB,Percentage of population in the same subgroup,F,Female,_T,Total,EMP,Employment,MAIN,Main job,_T,Total,FT,Full-time,NAT_DEF,National definition,A,Annual,2022,,86.971,,A,Normal value,0,Units,1,One
DATAFLOW,OECD.ELS.SAE:DSD_FTPT@DF_FTPT_NATIONAL_INC(1.0),Incidence of full-time and part-time employment based on national definitions,I,SVN,Slovenia,EMP,Employment,PT_POP_SUB,Percentage of population in the same subgroup,F,Female,_T,Total,EMP,Employment,MAIN,Main job,_T,Total,FT,Full-time,NAT_DEF,National definition,A,Annual,2023,,86.947,,A,Normal value,0,Units,1,One
DATAFLOW,OECD.ELS.SAE:DSD_FTPT@DF_FTPT_NATIONAL_INC(1.0),Incidence of full-time and part-time employment based on national definitions,I,SVN,Slovenia,EMP,Employment,PT_POP_SUB,Percentage of population in the same subgroup,F,Female,_T,Total,EMP,Employment,MAIN,Main job,_T,Total,FT,Full-time,NAT_DEF,National definition,A,Annual,2024,,86.697,,A,Normal value,0,Units,1,One
DATAFLOW,OECD.ELS.SAE:DSD_FTPT@DF_FTPT_NATIONAL_INC(1.0),Incidence of full-time and part-time employment based on national definitions,I,ESP,Spain,EMP,Employment,PT_POP_SUB,Percentage of population in the same subgroup,F,Female,_T,Total,EMP,Employment,MAIN,Main job,_T,Total,FT,Full-time,NAT_DEF,National definition,A,Annual,2010,,77.334,,A,Normal value,0,Units,1,One
DATAFLOW,OECD.ELS.SAE:DSD_FTPT@DF_FTPT_NATIONAL_INC(1.0),Incidence of full-time and part-time employment based on national definitions,I,ESP,Spain,EMP,Employment,PT_POP_SUB,Percentage of population in the same subgroup,F,Female,_T,Total,EMP,Employment,MAIN,Main job,_T,Total,FT,Full-time,NAT_DEF,National definition,A,Annual,2015,,74.841,,A,Normal value,0,Units,1,One
DATAFLOW,OECD.ELS.SAE:DSD_FTPT@DF_FTPT_NATIONAL_INC(1.0),Incidence of full-time and part-time employment based on national definitions,I,ESP,Spain,EMP,Employment,PT_POP_SUB,Percentage of population in the same subgroup,F,Female,_T,Total,EMP,Employment,MAIN,Main job,_T,Total,FT,Full-time,NAT_DEF,National definition,A,Annual,2017,,75.85,,A,Normal value,0,Units,1,One
DATAFLOW,OECD.ELS.SAE:DSD_FTPT@DF_FTPT_NATIONAL_INC(1.0),Incidence of full-time and part-time employment based on national definitions,I,ESP,Spain,EMP,Employment,PT_POP_SUB,Percentage of population in the same subgroup,F,Female,_T,Total,EMP,Employment,MAIN,Main job,_T,Total,FT,Full-time,NAT_DEF,National definition,A,Annual,2018,,76.017,,A,Normal value,0,Units,1,One
DATAFLOW,OECD.ELS.SAE:DSD_FTPT@DF_FTPT_NATIONAL_INC(1.0),Incidence of full-time and part-time employment based on national definitions,I,ESP,Spain,EMP,Employment,PT_POP_SUB,Percentage of population in the same subgroup,F,Female,_T,Total,EMP,Employment,MAIN,Main job,_T,Total,FT,Full-time,NAT_DEF,National definition,A,Annual,2021,,77.51,,A,Normal value,0,Units,1,One
DATAFLOW,OECD.ELS.SAE:DSD_FTPT@DF_FTPT_NATIONAL_INC(1.0),Incidence of full-time and part-time employment based on national definitions,I,ESP,Spain,EMP,Employment,PT_POP_SUB,Percentage of population in the same subgroup,F,Female,_T,Total,EMP,Employment,MAIN,Main job,_T,Total,FT,Full-time,NAT_DEF,National definition,A,Annual,2024,,78.62,,A,Normal value,0,Units,1,One
DATAFLOW,OECD.ELS.SAE:DSD_FTPT@DF_FTPT_NATIONAL_INC(1.0),Incidence of full-time and part-time employment based on national definitions,I,SWE,Sweden,EMP,Employment,PT_POP_SUB,Percentage of population in the same subgroup,F,Female,_T,Total,EMP,Employment,MAIN,Main job,_T,Total,FT,Full-time,NAT_DEF,National definition,A,Annual,2013,,66.96,,A,Normal value,0,Units,1,One
DATAFLOW,OECD.ELS.SAE:DSD_FTPT@DF_FTPT_NATIONAL_INC(1.0),Incidence of full-time and part-time employment based on national definitions,I,SWE,Sweden,EMP,Employment,PT_POP_SUB,Percentage of population in the same subgroup,F,Female,_T,Total,EMP,Employment,MAIN,Main job,_T,Total,FT,Full-time,NAT_DEF,National definition,A,Annual,2015,,67.896,,A,Normal value,0,Units,1,One
DATAFLOW,OECD.ELS.SAE:DSD_FTPT@DF_FTPT_NATIONAL_INC(1.0),Incidence of full-time and part-time employment based on national definitions,I,SWE,Sweden,EMP,Employment,PT_POP_SUB,Percentage of population in the same subgroup,F,Female,_T,Total,EMP,Employment,MAIN,Main job,_T,Total,FT,Full-time,NAT_DEF,National definition,A,Annual,2016,,68.62,,A,Normal value,0,Units,1,One
DATAFLOW,OECD.ELS.SAE:DSD_FTPT@DF_FTPT_NATIONAL_INC(1.0),Incidence of full-time and part-time employment based on national definitions,I,SWE,Sweden,EMP,Employment,PT_POP_SUB,Percentage of population in the same subgroup,F,Female,_T,Total,EMP,Employment,MAIN,Main job,_T,Total,FT,Full-time,NAT_DEF,National definition,A,Annual,2017,,69.385,,A,Normal value,0,Units,1,One
DATAFLOW,OECD.ELS.SAE:DSD_FTPT@DF_FTPT_NATIONAL_INC(1.0),Incidence of full-time and part-time employment based on national definitions,I,SWE,Sweden,EMP,Employment,PT_POP_SUB,Percentage of population in the same subgroup,F,Female,_T,Total,EMP,Employment,MAIN,Main job,_T,Total,FT,Full-time,NAT_DEF,National definition,A,Annual,2018,,70.258,,A,Normal value,0,Units,1,One
DATAFLOW,OECD.ELS.SAE:DSD_FTPT@DF_FTPT_NATIONAL_INC(1.0),Incidence of full-time and part-time employment based on national definitions,I,SWE,Sweden,EMP,Employment,PT_POP_SUB,Percentage of population in the same subgroup,F,Female,_T,Total,EMP,Employment,MAIN,Main job,_T,Total,FT,Full-time,NAT_DEF,National definition,A,Annual,2019,,70.791,,A,Normal value,0,Units,1,One
DATAFLOW,OECD.ELS.SAE:DSD_FTPT@DF_FTPT_NATIONAL_INC(1.0),Incidence of full-time and part-time employment based on national definitions,I,SWE,Sweden,EMP,Employment,PT_POP_SUB,Percentage of population in the same subgroup,F,Female,_T,Total,EMP,Employment,MAIN,Main job,_T,Total,FT,Full-time,NAT_DEF,National definition,A,Annual,2020,,71.084,,A,Normal value,0,Units,1,One
DATAFLOW,OECD.ELS.SAE:DSD_FTPT@DF_FTPT_NATIONAL_INC(1.0),Incidence of full-time and part-time employment based on national definitions,I,SWE,Sweden,EMP,Employment,PT_POP_SUB,Percentage of population in the same subgroup,F,Female,_T,Total,EMP,Employment,MAIN,Main job,_T,Total,FT,Full-time,NAT_DEF,National definition,A,Annual,2021,,68.283,,A,Normal value,0,Units,1,One
DATAFLOW,OECD.ELS.SAE:DSD_FTPT@DF_FTPT_NATIONAL_INC(1.0),Incidence of full-time and part-time employment based on national definitions,I,SWE,Sweden,EMP,Employment,PT_POP_SUB,Percentage of population in the same subgroup,F,Female,_T,Total,EMP,Employment,MAIN,Main job,_T,Total,FT,Full-time,NAT_DEF,National definition,A,Annual,2022,,69.165,,A,Normal value,0,Units,1,One
DATAFLOW,OECD.ELS.SAE:DSD_FTPT@DF_FTPT_NATIONAL_INC(1.0),Incidence of full-time and part-time employment based on national definitions,I,SWE,Sweden,EMP,Employment,PT_POP_SUB,Percentage of population in the same subgroup,F,Female,_T,Total,EMP,Employment,MAIN,Main job,_T,Total,FT,Full-time,NAT_DEF,National definition,A,Annual,2023,,70.044,,A,Normal value,0,Units,1,One
DATAFLOW,OECD.ELS.SAE:DSD_FTPT@DF_FTPT_NATIONAL_INC(1.0),Incidence of full-time and part-time employment based on national definitions,I,SWE,Sweden,EMP,Employment,PT_POP_SUB,Percentage of population in the same subgroup,F,Female,_T,Total,EMP,Employment,MAIN,Main job,_T,Total,FT,Full-time,NAT_DEF,National definition,A,Annual,2024,,70.991,,A,Normal value,0,Units,1,One
DATAFLOW,OECD.ELS.SAE:DSD_FTPT@DF_FTPT_NATIONAL_INC(1.0),Incidence of full-time and part-time employment based on national definitions,I,CHE,Switzerland,EMP,Employment,PT_POP_SUB,Percentage of population in the same subgroup,F,Female,_T,Total,EMP,Employment,MAIN,Main job,_T,Total,FT,Full-time,NAT_DEF,National definition,A,Annual,2013,,41.24,,A,Normal value,0,Units,1,One
DATAFLOW,OECD.ELS.SAE:DSD_FTPT@DF_FTPT_NATIONAL_INC(1.0),Incidence of full-time and part-time employment based on national definitions,I,CHE,Switzerland,EMP,Employment,PT_POP_SUB,Percentage of population in the same subgroup,F,Female,_T,Total,EMP,Employment,MAIN,Main job,_T,Total,FT,Full-time,NAT_DEF,National definition,A,Annual,2021,,41.365,,A,Normal value,0,Units,1,One
DATAFLOW,OECD.ELS.SAE:DSD_FTPT@DF_FTPT_NATIONAL_INC(1.0),Incidence of full-time and part-time employment based on national definitions,I,CHE,Switzerland,EMP,Employment,PT_POP_SUB,Percentage of population in the same subgroup,F,Female,_T,Total,EMP,Employment,MAIN,Main job,_T,Total,FT,Full-time,NAT_DEF,National definition,A,Annual,2022,,42.155,,A,Normal value,0,Units,1,One
DATAFLOW,OECD.ELS.SAE:DSD_FTPT@DF_FTPT_NATIONAL_INC(1.0),Incidence of full-time and part-time employment based on national definitions,I,CHE,Switzerland,EMP,Employment,PT_POP_SUB,Percentage of population in the same subgroup,F,Female,_T,Total,EMP,Employment,MAIN,Main job,_T,Total,FT,Full-time,NAT_DEF,National definition,A,Annual,2023,,41.98,,A,Normal value,0,Units,1,One
DATAFLOW,OECD.ELS.SAE:DSD_FTPT@DF_FTPT_NATIONAL_INC(1.0),Incidence of full-time and part-time employment based on national definitions,I,CHE,Switzerland,EMP,Employment,PT_POP_SUB,Percentage of population in the same subgroup,F,Female,_T,Total,EMP,Employment,MAIN,Main job,_T,Total,FT,Full-time,NAT_DEF,National definition,A,Annual,2024,,41.349,,A,Normal value,0,Units,1,One
DATAFLOW,OECD.ELS.SAE:DSD_FTPT@DF_FTPT_NATIONAL_INC(1.0),Incidence of full-time and part-time employment based on national definitions,I,GBR,United Kingdom,EMP,Employment,PT_POP_SUB,Percentage of population in the same subgroup,F,Female,_T,Total,EMP,Employment,MAIN,Main job,_T,Total,FT,Full-time,NAT_DEF,National definition,A,Annual,2018,,58.512,,A,Normal value,0,Units,1,One
DATAFLOW,OECD.ELS.SAE:DSD_FTPT@DF_FTPT_NATIONAL_INC(1.0),Incidence of full-time and part-time employment based on national definitions,I,EU27,European Union (27 countries),EMP,Employment,PT_POP_SUB,Percentage of population in the same subgroup,F,Female,_T,Total,EMP,Employment,MAIN,Main job,_T,Total,FT,Full-time,NAT_DEF,National definition,A,Annual,2010,,70.208,,A,Normal value,0,Units,1,One
DATAFLOW,OECD.ELS.SAE:DSD_FTPT@DF_FTPT_NATIONAL_INC(1.0),Incidence of full-time and part-time employment based on national definitions,I,EU27,European Union (27 countries),EMP,Employment,PT_POP_SUB,Percentage of population in the same subgroup,F,Female,_T,Total,EMP,Employment,MAIN,Main job,_T,Total,FT,Full-time,NAT_DEF,National definition,A,Annual,2011,,70.009,,A,Normal value,0,Units,1,One
DATAFLOW,OECD.ELS.SAE:DSD_FTPT@DF_FTPT_NATIONAL_INC(1.0),Incidence of full-time and part-time employment based on national definitions,I,EU27,European Union (27 countries),EMP,Employment,PT_POP_SUB,Percentage of population in the same subgroup,F,Female,_T,Total,EMP,Employment,MAIN,Main job,_T,Total,FT,Full-time,NAT_DEF,National definition,A,Annual,2013,,69.007,,A,Normal value,0,Units,1,One
DATAFLOW,OECD.ELS.SAE:DSD_FTPT@DF_FTPT_NATIONAL_INC(1.0),Incidence of full-time and part-time employment based on national definitions,I,EU27,European Union (27 countries),EMP,Employment,PT_POP_SUB,Percentage of population in the same subgroup,F,Female,_T,Total,EMP,Employment,MAIN,Main job,_T,Total,FT,Full-time,NAT_DEF,National definition,A,Annual,2016,,69.309,,A,Normal value,0,Units,1,One
DATAFLOW,OECD.ELS.SAE:DSD_FTPT@DF_FTPT_NATIONAL_INC(1.0),Incidence of full-time and part-time employment based on national definitions,I,EU27,European Union (27 countries),EMP,Employment,PT_POP_SUB,Percentage of population in the same subgroup,F,Female,_T,Total,EMP,Employment,MAIN,Main job,_T,Total,FT,Full-time,NAT_DEF,National definition,A,Annual,2020,,70.022,,A,Normal value,0,Units,1,One
DATAFLOW,OECD.ELS.SAE:DSD_FTPT@DF_FTPT_NATIONAL_INC(1.0),Incidence of full-time and part-time employment based on national definitions,I,EU27,European Union (27 countries),EMP,Employment,PT_POP_SUB,Percentage of population in the same subgroup,F,Female,_T,Total,EMP,Employment,MAIN,Main job,_T,Total,FT,Full-time,NAT_DEF,National definition,A,Annual,2021,,70.382,,A,Normal value,0,Units,1,One
DATAFLOW,OECD.ELS.SAE:DSD_FTPT@DF_FTPT_NATIONAL_INC(1.0),Incidence of full-time and part-time employment based on national definitions,I,EU27,European Union (27 countries),EMP,Employment,PT_POP_SUB,Percentage of population in the same subgroup,F,Female,_T,Total,EMP,Employment,MAIN,Main job,_T,Total,FT,Full-time,NAT_DEF,National definition,A,Annual,2022,,70.709,,A,Normal value,0,Units,1,One
DATAFLOW,OECD.ELS.SAE:DSD_FTPT@DF_FTPT_NATIONAL_INC(1.0),Incidence of full-time and part-time employment based on national definitions,I,EU27,European Union (27 countries),EMP,Employment,PT_POP_SUB,Percentage of population in the same subgroup,F,Female,_T,Total,EMP,Employment,MAIN,Main job,_T,Total,FT,Full-time,NAT_DEF,National definition,A,Annual,2023,,70.528,,A,Normal value,0,Units,1,One
DATAFLOW,OECD.ELS.SAE:DSD_FTPT@DF_FTPT_NATIONAL_INC(1.0),Incidence of full-time and part-time employment based on national definitions,I,EU27,European Union (27 countries),EMP,Employment,PT_POP_SUB,Percentage of population in the same subgroup,F,Female,_T,Total,EMP,Employment,MAIN,Main job,_T,Total,FT,Full-time,NAT_DEF,National definition,A,Annual,2024,,70.47,,A,Normal value,0,Units,1,One
DATAFLOW,OECD.ELS.SAE:DSD_FTPT@DF_FTPT_NATIONAL_INC(1.0),Incidence of full-time and part-time employment based on national definitions,I,EU19OECD,European Union (19 countries) in OECD,EMP,Employment,PT_POP_SUB,Percentage of population in the same subgroup,F,Female,_T,Total,EMP,Employment,MAIN,Main job,_T,Total,FT,Full-time,NAT_DEF,National definition,A,Annual,2010,,65.472,,A,Normal value,0,Units,1,One
DATAFLOW,OECD.ELS.SAE:DSD_FTPT@DF_FTPT_NATIONAL_INC(1.0),Incidence of full-time and part-time employment based on national definitions,I,EU19OECD,European Union (19 countries) in OECD,EMP,Employment,PT_POP_SUB,Percentage of population in the same subgroup,F,Female,_T,Total,EMP,Employment,MAIN,Main job,_T,Total,FT,Full-time,NAT_DEF,National definition,A,Annual,2011,,65.181,,A,Normal value,0,Units,1,One
DATAFLOW,OECD.ELS.SAE:DSD_FTPT@DF_FTPT_NATIONAL_INC(1.0),Incidence of full-time and part-time employment based on national definitions,I,EU19OECD,European Union (19 countries) in OECD,EMP,Employment,PT_POP_SUB,Percentage of population in the same subgroup,F,Female,_T,Total,EMP,Employment,MAIN,Main job,_T,Total,FT,Full-time,NAT_DEF,National definition,A,Annual,2014,,63.797,,A,Normal value,0,Units,1,One
DATAFLOW,OECD.ELS.SAE:DSD_FTPT@DF_FTPT_NATIONAL_INC(1.0),Incidence of full-time and part-time employment based on national definitions,I,EU19OECD,European Union (19 countries) in OECD,EMP,Employment,PT_POP_SUB,Percentage of population in the same subgroup,F,Female,_T,Total,EMP,Employment,MAIN,Main job,_T,Total,FT,Full-time,NAT_DEF,National definition,A,Annual,2016,,63.902,,A,Normal value,0,Units,1,One
DATAFLOW,OECD.ELS.SAE:DSD_FTPT@DF_FTPT_NATIONAL_INC(1.0),Incidence of full-time and part-time employment based on national definitions,I,EU19OECD,European Union (19 countries) in OECD,EMP,Employment,PT_POP_SUB,Percentage of population in the same subgroup,F,Female,_T,Total,EMP,Employment,MAIN,Main job,_T,Total,FT,Full-time,NAT_DEF,National definition,A,Annual,2019,,64.374,,A,Normal value,0,Units,1,One
DATAFLOW,OECD.ELS.SAE:DSD_FTPT@DF_FTPT_NATIONAL_INC(1.0),Incidence of full-time and part-time employment based on national definitions,I,EU19OECD,European Union (19 countries) in OECD,EMP,Employment,PT_POP_SUB,Percentage of population in the same subgroup,F,Female,_T,Total,EMP,Employment,MAIN,Main job,_T,Total,FT,Full-time,NAT_DEF,National definition,A,Annual,2020,,64.641,,A,Normal value,0,Units,1,One
DATAFLOW,OECD.ELS.SAE:DSD_FTPT@DF_FTPT_NATIONAL_INC(1.0),Incidence of full-time and part-time employment based on national definitions,I,EU19OECD,European Union (19 countries) in OECD,EMP,Employment,PT_POP_SUB,Percentage of population in the same subgroup,F,Female,_T,Total,EMP,Employment,MAIN,Main job,_T,Total,FT,Full-time,NAT_DEF,National definition,A,Annual,2021,,64.98,,A,Normal value,0,Units,1,One
DATAFLOW,OECD.ELS.SAE:DSD_FTPT@DF_FTPT_NATIONAL_INC(1.0),Incidence of full-time and part-time employment based on national definitions,I,EU19OECD,European Union (19 countries) in OECD,EMP,Employment,PT_POP_SUB,Percentage of population in the same subgroup,F,Female,_T,Total,EMP,Employment,MAIN,Main job,_T,Total,FT,Full-time,NAT_DEF,National definition,A,Annual,2022,,65.451,,A,Normal value,0,Units,1,One
DATAFLOW,OECD.ELS.SAE:DSD_FTPT@DF_FTPT_NATIONAL_INC(1.0),Incidence of full-time and part-time employment based on national definitions,I,EU19OECD,European Union (19 countries) in OECD,EMP,Employment,PT_POP_SUB,Percentage of population in the same subgroup,F,Female,_T,Total,EMP,Employment,MAIN,Main job,_T,Total,FT,Full-time,NAT_DEF,National definition,A,Annual,2023,,65.38,,A,Normal value,0,Units,1,One
DATAFLOW,OECD.ELS.SAE:DSD_FTPT@DF_FTPT_NATIONAL_INC(1.0),Incidence of full-time and part-time employment based on national definitions,I,EU19OECD,European Union (19 countries) in OECD,EMP,Employment,PT_POP_SUB,Percentage of population in the same subgroup,F,Female,_T,Total,EMP,Employment,MAIN,Main job,_T,Total,FT,Full-time,NAT_DEF,National definition,A,Annual,2024,,65.349,,A,Normal value,0,Units,1,One
DATAFLOW,OECD.ELS.SAE:DSD_FTPT@DF_FTPT_NATIONAL_INC(1.0),Incidence of full-time and part-time employment based on national definitions,I,EU22OECD,European Union (22 countries) in OECD,EMP,Employment,PT_POP_SUB,Percentage of population in the same subgroup,F,Female,_T,Total,EMP,Employment,MAIN,Main job,_T,Total,FT,Full-time,NAT_DEF,National definition,A,Annual,2013,,67.335,,A,Normal value,0,Units,1,One
DATAFLOW,OECD.ELS.SAE:DSD_FTPT@DF_FTPT_NATIONAL_INC(1.0),Incidence of full-time and part-time employment based on national definitions,I,EU22OECD,European Union (22 countries) in OECD,EMP,Employment,PT_POP_SUB,Percentage of population in the same subgroup,F,Female,_T,Total,EMP,Employment,MAIN,Main job,_T,Total,FT,Full-time,NAT_DEF,National definition,A,Annual,2014,,67.469,,A,Normal value,0,Units,1,One
DATAFLOW,OECD.ELS.SAE:DSD_FTPT@DF_FTPT_NATIONAL_INC(1.0),Incidence of full-time and part-time employment based on national definitions,I,EU22OECD,European Union (22 countries) in OECD,EMP,Employment,PT_POP_SUB,Percentage of population in the same subgroup,F,Female,_T,Total,EMP,Employment,MAIN,Main job,_T,Total,FT,Full-time,NAT_DEF,National definition,A,Annual,2016,,67.651,,A,Normal value,0,Units,1,One
DATAFLOW,OECD.ELS.SAE:DSD_FTPT@DF_FTPT_NATIONAL_INC(1.0),Incidence of full-time and part-time employment based on national definitions,I,EU22OECD,European Union (22 countries) in OECD,EMP,Employment,PT_POP_SUB,Percentage of population in the same subgroup,F,Female,_T,Total,EMP,Employment,MAIN,Main job,_T,Total,FT,Full-time,NAT_DEF,National definition,A,Annual,2017,,67.78,,A,Normal value,0,Units,1,One
DATAFLOW,OECD.ELS.SAE:DSD_FTPT@DF_FTPT_NATIONAL_INC(1.0),Incidence of full-time and part-time employment based on national definitions,I,EU22OECD,European Union (22 countries) in OECD,EMP,Employment,PT_POP_SUB,Percentage of population in the same subgroup,F,Female,_T,Total,EMP,Employment,MAIN,Main job,_T,Total,FT,Full-time,NAT_DEF,National definition,A,Annual,2020,,68.36,,A,Normal value,0,Units,1,One
DATAFLOW,OECD.ELS.SAE:DSD_FTPT@DF_FTPT_NATIONAL_INC(1.0),Incidence of full-time and part-time employment based on national definitions,I,EU22OECD,European Union (22 countries) in OECD,EMP,Employment,PT_POP_SUB,Percentage of population in the same subgroup,F,Female,_T,Total,EMP,Employment,MAIN,Main job,_T,Total,FT,Full-time,NAT_DEF,National definition,A,Annual,2021,,68.695,,A,Normal value,0,Units,1,One
DATAFLOW,OECD.ELS.SAE:DSD_FTPT@DF_FTPT_NATIONAL_INC(1.0),Incidence of full-time and part-time employment based on national definitions,I,EU22OECD,European Union (22 countries) in OECD,EMP,Employment,PT_POP_SUB,Percentage of population in the same subgroup,F,Female,_T,Total,EMP,Employment,MAIN,Main job,_T,Total,FT,Full-time,NAT_DEF,National definition,A,Annual,2022,,69.041,,A,Normal value,0,Units,1,One
DATAFLOW,OECD.ELS.SAE:DSD_FTPT@DF_FTPT_NATIONAL_INC(1.0),Incidence of full-time and part-time employment based on national definitions,I,EU22OECD,European Union (22 countries) in OECD,EMP,Employment,PT_POP_SUB,Percentage of population in the same subgroup,F,Female,_T,Total,EMP,Employment,MAIN,Main job,_T,Total,FT,Full-time,NAT_DEF,National definition,A,Annual,2023,,68.866,,A,Normal value,0,Units,1,One
DATAFLOW,OECD.ELS.SAE:DSD_FTPT@DF_FTPT_NATIONAL_INC(1.0),Incidence of full-time and part-time employment based on national definitions,I,EU22OECD,European Union (22 countries) in OECD,EMP,Employment,PT_POP_SUB,Percentage of population in the same subgroup,F,Female,_T,Total,EMP,Employment,MAIN,Main job,_T,Total,FT,Full-time,NAT_DEF,National definition,A,Annual,2024,,68.767,,A,Normal value,0,Units,1,One
DATAFLOW,OECD.ELS.SAE:DSD_FTPT@DF_FTPT_NATIONAL_INC(1.0),Incidence of full-time and part-time employment based on national definitions,I,OECD,OECD,EMP,Employment,PT_POP_SUB,Percentage of population in the same subgroup,F,Female,_T,Total,EMP,Employment,MAIN,Main job,_T,Total,FT,Full-time,NAT_DEF,National definition,A,Annual,2012,,68.422,,A,Normal value,0,Units,1,One
DATAFLOW,OECD.ELS.SAE:DSD_FTPT@DF_FTPT_NATIONAL_INC(1.0),Incidence of full-time and part-time employment based on national definitions,I,OECD,OECD,EMP,Employment,PT_POP_SUB,Percentage of population in the same subgroup,F,Female,_T,Total,EMP,Employment,MAIN,Main job,_T,Total,FT,Full-time,NAT_DEF,National definition,A,Annual,2021,,70.439,,A,Normal value,0,Units,1,One
DATAFLOW,OECD.ELS.SAE:DSD_FTPT@DF_FTPT_NATIONAL_INC(1.0),Incidence of full-time and part-time employment based on national definitions,I,OECD,OECD,EMP,Employment,PT_POP_SUB,Percentage of population in the same subgroup,F,Female,_T,Total,EMP,Employment,MAIN,Main job,_T,Total,FT,Full-time,NAT_DEF,National definition,A,Annual,2022,,70.898,,A,Normal value,0,Units,1,One
DATAFLOW,OECD.ELS.SAE:DSD_FTPT@DF_FTPT_NATIONAL_INC(1.0),Incidence of full-time and part-time employment based on national definitions,I,OECD,OECD,EMP,Employment,PT_POP_SUB,Percentage of population in the same subgroup,F,Female,_T,Total,EMP,Employment,MAIN,Main job,_T,Total,FT,Full-time,NAT_DEF,National definition,A,Annual,2023,,70.813,,A,Normal value,0,Units,1,One
DATAFLOW,OECD.ELS.SAE:DSD_FTPT@DF_FTPT_NATIONAL_INC(1.0),Incidence of full-time and part-time employment based on national definitions,I,OECD,OECD,EMP,Employment,PT_POP_SUB,Percentage of population in the same subgroup,F,Female,_T,Total,EMP,Employment,MAIN,Main job,_T,Total,FT,Full-time,NAT_DEF,National definition,A,Annual,2024,,70.489,,A,Normal value,0,Units,1,One
DATAFLOW,OECD.ELS.SAE:DSD_FTPT@DF_FTPT_NATIONAL_INC(1.0),Incidence of full-time and part-time employment based on national definitions,I,BGR,Bulgaria,EMP,Employment,PT_POP_SUB,Percentage of population in the same subgroup,F,Female,_T,Total,EMP,Employment,MAIN,Main job,_T,Total,FT,Full-time,NAT_DEF,National definition,A,Annual,2010,,97.642,,A,Normal value,0,Units,1,One
DATAFLOW,OECD.ELS.SAE:DSD_FTPT@DF_FTPT_NATIONAL_INC(1.0),Incidence of full-time and part-time employment based on national definitions,I,BGR,Bulgaria,EMP,Employment,PT_POP_SUB,Percentage of population in the same subgroup,F,Female,_T,Total,EMP,Employment,MAIN,Main job,_T,Total,FT,Full-time,NAT_DEF,National definition,A,Annual,2011,,97.624,,A,Normal value,0,Units,1,One
DATAFLOW,OECD.ELS.SAE:DSD_FTPT@DF_FTPT_NATIONAL_INC(1.0),Incidence of full-time and part-time employment based on national definitions,I,BGR,Bulgaria,EMP,Employment,PT_POP_SUB,Percentage of population in the same subgroup,F,Female,_T,Total,EMP,Employment,MAIN,Main job,_T,Total,FT,Full-time,NAT_DEF,National definition,A,Annual,2012,,97.467,,A,Normal value,0,Units,1,One
DATAFLOW,OECD.ELS.SAE:DSD_FTPT@DF_FTPT_NATIONAL_INC(1.0),Incidence of full-time and part-time employment based on national definitions,I,BGR,Bulgaria,EMP,Employment,PT_POP_SUB,Percentage of population in the same subgroup,F,Female,_T,Total,EMP,Employment,MAIN,Main job,_T,Total,FT,Full-time,NAT_DEF,National definition,A,Annual,2013,,97.051,,A,Normal value,0,Units,1,One
DATAFLOW,OECD.ELS.SAE:DSD_FTPT@DF_FTPT_NATIONAL_INC(1.0),Incidence of full-time and part-time employment based on national definitions,I,BGR,Bulgaria,EMP,Employment,PT_POP_SUB,Percentage of population in the same subgroup,F,Female,_T,Total,EMP,Employment,MAIN,Main job,_T,Total,FT,Full-time,NAT_DEF,National definition,A,Annual,2014,,97.22,,A,Normal value,0,Units,1,One
DATAFLOW,OECD.ELS.SAE:DSD_FTPT@DF_FTPT_NATIONAL_INC(1.0),Incidence of full-time and part-time employment based on national definitions,I,BGR,Bulgaria,EMP,Employment,PT_POP_SUB,Percentage of population in the same subgroup,F,Female,_T,Total,EMP,Employment,MAIN,Main job,_T,Total,FT,Full-time,NAT_DEF,National definition,A,Annual,2015,,97.462,,A,Normal value,0,Units,1,One
DATAFLOW,OECD.ELS.SAE:DSD_FTPT@DF_FTPT_NATIONAL_INC(1.0),Incidence of full-time and part-time employment based on national definitions,I,BGR,Bulgaria,EMP,Employment,PT_POP_SUB,Percentage of population in the same subgroup,F,Female,_T,Total,EMP,Employment,MAIN,Main job,_T,Total,FT,Full-time,NAT_DEF,National definition,A,Annual,2016,,97.647,,A,Normal value,0,Units,1,One
DATAFLOW,OECD.ELS.SAE:DSD_FTPT@DF_FTPT_NATIONAL_INC(1.0),Incidence of full-time and part-time employment based on national definitions,I,BGR,Bulgaria,EMP,Employment,PT_POP_SUB,Percentage of population in the same subgroup,F,Female,_T,Total,EMP,Employment,MAIN,Main job,_T,Total,FT,Full-time,NAT_DEF,National definition,A,Annual,2017,,97.553,,A,Normal value,0,Units,1,One
DATAFLOW,OECD.ELS.SAE:DSD_FTPT@DF_FTPT_NATIONAL_INC(1.0),Incidence of full-time and part-time employment based on national definitions,I,BGR,Bulgaria,EMP,Employment,PT_POP_SUB,Percentage of population in the same subgroup,F,Female,_T,Total,EMP,Employment,MAIN,Main job,_T,Total,FT,Full-time,NAT_DEF,National definition,A,Annual,2018,,97.83,,A,Normal value,0,Units,1,One
DATAFLOW,OECD.ELS.SAE:DSD_FTPT@DF_FTPT_NATIONAL_INC(1.0),Incidence of full-time and part-time employment based on national definitions,I,BGR,Bulgaria,EMP,Employment,PT_POP_SUB,Percentage of population in the same subgroup,F,Female,_T,Total,EMP,Employment,MAIN,Main job,_T,Total,FT,Full-time,NAT_DEF,National definition,A,Annual,2019,,97.706,,A,Normal value,0,Units,1,One
DATAFLOW,OECD.ELS.SAE:DSD_FTPT@DF_FTPT_NATIONAL_INC(1.0),Incidence of full-time and part-time employment based on national definitions,I,BGR,Bulgaria,EMP,Employment,PT_POP_SUB,Percentage of population in the same subgroup,F,Female,_T,Total,EMP,Employment,MAIN,Main job,_T,Total,FT,Full-time,NAT_DEF,National definition,A,Annual,2020,,97.728,,A,Normal value,0,Units,1,One
DATAFLOW,OECD.ELS.SAE:DSD_FTPT@DF_FTPT_NATIONAL_INC(1.0),Incidence of full-time and part-time employment based on national definitions,I,BGR,Bulgaria,EMP,Employment,PT_POP_SUB,Percentage of population in the same subgroup,F,Female,_T,Total,EMP,Employment,MAIN,Main job,_T,Total,FT,Full-time,NAT_DEF,National definition,A,Annual,2021,,97.977,,A,Normal value,0,Units,1,One
DATAFLOW,OECD.ELS.SAE:DSD_FTPT@DF_FTPT_NATIONAL_INC(1.0),Incidence of full-time and part-time employment based on national definitions,I,BGR,Bulgaria,EMP,Employment,PT_POP_SUB,Percentage of population in the same subgroup,F,Female,_T,Total,EMP,Employment,MAIN,Main job,_T,Total,FT,Full-time,NAT_DEF,National definition,A,Annual,2022,,98.146,,A,Normal value,0,Units,1,One
DATAFLOW,OECD.ELS.SAE:DSD_FTPT@DF_FTPT_NATIONAL_INC(1.0),Incidence of full-time and part-time employment based on national definitions,I,BGR,Bulgaria,EMP,Employment,PT_POP_SUB,Percentage of population in the same subgroup,F,Female,_T,Total,EMP,Employment,MAIN,Main job,_T,Total,FT,Full-time,NAT_DEF,National definition,A,Annual,2023,,98.258,,A,Normal value,0,Units,1,One
DATAFLOW,OECD.ELS.SAE:DSD_FTPT@DF_FTPT_NATIONAL_INC(1.0),Incidence of full-time and part-time employment based on national definitions,I,BGR,Bulgaria,EMP,Employment,PT_POP_SUB,Percentage of population in the same subgroup,F,Female,_T,Total,EMP,Employment,MAIN,Main job,_T,Total,FT,Full-time,NAT_DEF,National definition,A,Annual,2024,,98.285,,A,Normal value,0,Units,1,One
DATAFLOW,OECD.ELS.SAE:DSD_FTPT@DF_FTPT_NATIONAL_INC(1.0),Incidence of full-time and part-time employment based on national definitions,I,HRV,Croatia,EMP,Employment,PT_POP_SUB,Percentage of population in the same subgroup,F,Female,_T,Total,EMP,Employment,MAIN,Main job,_T,Total,FT,Full-time,NAT_DEF,National definition,A,Annual,2010,,88.713,,A,Normal value,0,Units,1,One
DATAFLOW,OECD.ELS.SAE:DSD_FTPT@DF_FTPT_NATIONAL_INC(1.0),Incidence of full-time and part-time employment based on national definitions,I,HRV,Croatia,EMP,Employment,PT_POP_SUB,Percentage of population in the same subgroup,F,Female,_T,Total,EMP,Employment,MAIN,Main job,_T,Total,FT,Full-time,NAT_DEF,National definition,A,Annual,2011,,88.976,,A,Normal value,0,Units,1,One
DATAFLOW,OECD.ELS.SAE:DSD_FTPT@DF_FTPT_NATIONAL_INC(1.0),Incidence of full-time and part-time employment based on national definitions,I,HRV,Croatia,EMP,Employment,PT_POP_SUB,Percentage of population in the same subgroup,F,Female,_T,Total,EMP,Employment,MAIN,Main job,_T,Total,FT,Full-time,NAT_DEF,National definition,A,Annual,2012,,91.51,,A,Normal value,0,Units,1,One
DATAFLOW,OECD.ELS.SAE:DSD_FTPT@DF_FTPT_NATIONAL_INC(1.0),Incidence of full-time and part-time employment based on national definitions,I,HRV,Croatia,EMP,Employment,PT_POP_SUB,Percentage of population in the same subgroup,F,Female,_T,Total,EMP,Employment,MAIN,Main job,_T,Total,FT,Full-time,NAT_DEF,National definition,A,Annual,2013,,92.582,,A,Normal value,0,Units,1,One
DATAFLOW,OECD.ELS.SAE:DSD_FTPT@DF_FTPT_NATIONAL_INC(1.0),Incidence of full-time and part-time employment based on national definitions,I,HRV,Croatia,EMP,Employment,PT_POP_SUB,Percentage of population in the same subgroup,F,Female,_T,Total,EMP,Employment,MAIN,Main job,_T,Total,FT,Full-time,NAT_DEF,National definition,A,Annual,2014,,92.1,,A,Normal value,0,Units,1,One
DATAFLOW,OECD.ELS.SAE:DSD_FTPT@DF_FTPT_NATIONAL_INC(1.0),Incidence of full-time and part-time employment based on national definitions,I,HRV,Croatia,EMP,Employment,PT_POP_SUB,Percentage of population in the same subgroup,F,Female,_T,Total,EMP,Employment,MAIN,Main job,_T,Total,FT,Full-time,NAT_DEF,National definition,A,Annual,2015,,91.69,,A,Normal value,0,Units,1,One
DATAFLOW,OECD.ELS.SAE:DSD_FTPT@DF_FTPT_NATIONAL_INC(1.0),Incidence of full-time and part-time employment based on national definitions,I,HRV,Croatia,EMP,Employment,PT_POP_SUB,Percentage of population in the same subgroup,F,Female,_T,Total,EMP,Employment,MAIN,Main job,_T,Total,FT,Full-time,NAT_DEF,National definition,A,Annual,2016,,91.995,,A,Normal value,0,Units,1,One
DATAFLOW,OECD.ELS.SAE:DSD_FTPT@DF_FTPT_NATIONAL_INC(1.0),Incidence of full-time and part-time employment based on national definitions,I,HRV,Croatia,EMP,Employment,PT_POP_SUB,Percentage of population in the same subgroup,F,Female,_T,Total,EMP,Employment,MAIN,Main job,_T,Total,FT,Full-time,NAT_DEF,National definition,A,Annual,2017,,93.139,,A,Normal value,0,Units,1,One
DATAFLOW,OECD.ELS.SAE:DSD_FTPT@DF_FTPT_NATIONAL_INC(1.0),Incidence of full-time and part-time employment based on national definitions,I,HRV,Croatia,EMP,Employment,PT_POP_SUB,Percentage of population in the same subgroup,F,Female,_T,Total,EMP,Employment,MAIN,Main job,_T,Total,FT,Full-time,NAT_DEF,National definition,A,Annual,2018,,92.563,,A,Normal value,0,Units,1,One
DATAFLOW,OECD.ELS.SAE:DSD_FTPT@DF_FTPT_NATIONAL_INC(1.0),Incidence of full-time and part-time employment based on national definitions,I,HRV,Croatia,EMP,Employment,PT_POP_SUB,Percentage of population in the same subgroup,F,Female,_T,Total,EMP,Employment,MAIN,Main job,_T,Total,FT,Full-time,NAT_DEF,National definition,A,Annual,2019,,92.481,,A,Normal value,0,Units,1,One
DATAFLOW,OECD.ELS.SAE:DSD_FTPT@DF_FTPT_NATIONAL_INC(1.0),Incidence of full-time and part-time employment based on national definitions,I,HRV,Croatia,EMP,Employment,PT_POP_SUB,Percentage of population in the same subgroup,F,Female,_T,Total,EMP,Employment,MAIN,Main job,_T,Total,FT,Full-time,NAT_DEF,National definition,A,Annual,2020,,93.301,,A,Normal value,0,Units,1,One
DATAFLOW,OECD.ELS.SAE:DSD_FTPT@DF_FTPT_NATIONAL_INC(1.0),Incidence of full-time and part-time employment based on national definitions,I,HRV,Croatia,EMP,Employment,PT_POP_SUB,Percentage of population in the same subgroup,F,Female,_T,Total,EMP,Employment,MAIN,Main job,_T,Total,FT,Full-time,NAT_DEF,National definition,A,Annual,2021,,93.752,,A,Normal value,0,Units,1,One
DATAFLOW,OECD.ELS.SAE:DSD_FTPT@DF_FTPT_NATIONAL_INC(1.0),Incidence of full-time and part-time employment based on national definitions,I,HRV,Croatia,EMP,Employment,PT_POP_SUB,Percentage of population in the same subgroup,F,Female,_T,Total,EMP,Employment,MAIN,Main job,_T,Total,FT,Full-time,NAT_DEF,National definition,A,Annual,2022,,93.522,,A,Normal value,0,Units,1,One
DATAFLOW,OECD.ELS.SAE:DSD_FTPT@DF_FTPT_NATIONAL_INC(1.0),Incidence of full-time and part-time employment based on national definitions,I,HRV,Croatia,EMP,Employment,PT_POP_SUB,Percentage of population in the same subgroup,F,Female,_T,Total,EMP,Employment,MAIN,Main job,_T,Total,FT,Full-time,NAT_DEF,National definition,A,Annual,2023,,94.788,,A,Normal value,0,Units,1,One
DATAFLOW,OECD.ELS.SAE:DSD_FTPT@DF_FTPT_NATIONAL_INC(1.0),Incidence of full-time and part-time employment based on national definitions,I,HRV,Croatia,EMP,Employment,PT_POP_SUB,Percentage of population in the same subgroup,F,Female,_T,Total,EMP,Employment,MAIN,Main job,_T,Total,FT,Full-time,NAT_DEF,National definition,A,Annual,2024,,95.408,,A,Normal value,0,Units,1,One
DATAFLOW,OECD.ELS.SAE:DSD_FTPT@DF_FTPT_NATIONAL_INC(1.0),Incidence of full-time and part-time employment based on national definitions,I,CYP,Cyprus,EMP,Employment,PT_POP_SUB,Percentage of population in the same subgroup,F,Female,_T,Total,EMP,Employment,MAIN,Main job,_T,Total,FT,Full-time,NAT_DEF,National definition,A,Annual,2010,,87.357,,A,Normal value,0,Units,1,One
DATAFLOW,OECD.ELS.SAE:DSD_FTPT@DF_FTPT_NATIONAL_INC(1.0),Incidence of full-time and part-time employment based on national definitions,I,CYP,Cyprus,EMP,Employment,PT_POP_SUB,Percentage of population in the same subgroup,F,Female,_T,Total,EMP,Employment,MAIN,Main job,_T,Total,FT,Full-time,NAT_DEF,National definition,A,Annual,2011,,87.066,,A,Normal value,0,Units,1,One
DATAFLOW,OECD.ELS.SAE:DSD_FTPT@DF_FTPT_NATIONAL_INC(1.0),Incidence of full-time and part-time employment based on national definitions,I,CYP,Cyprus,EMP,Employment,PT_POP_SUB,Percentage of population in the same subgroup,F,Female,_T,Total,EMP,Employment,MAIN,Main job,_T,Total,FT,Full-time,NAT_DEF,National definition,A,Annual,2012,,86.324,,A,Normal value,0,Units,1,One
DATAFLOW,OECD.ELS.SAE:DSD_FTPT@DF_FTPT_NATIONAL_INC(1.0),Incidence of full-time and part-time employment based on national definitions,I,CYP,Cyprus,EMP,Employment,PT_POP_SUB,Percentage of population in the same subgroup,F,Female,_T,Total,EMP,Employment,MAIN,Main job,_T,Total,FT,Full-time,NAT_DEF,National definition,A,Annual,2013,,83.941,,A,Normal value,0,Units,1,One
DATAFLOW,OECD.ELS.SAE:DSD_FTPT@DF_FTPT_NATIONAL_INC(1.0),Incidence of full-time and part-time employment based on national definitions,I,CYP,Cyprus,EMP,Employment,PT_POP_SUB,Percentage of population in the same subgroup,F,Female,_T,Total,EMP,Employment,MAIN,Main job,_T,Total,FT,Full-time,NAT_DEF,National definition,A,Annual,2014,,82.785,,A,Normal value,0,Units,1,One
DATAFLOW,OECD.ELS.SAE:DSD_FTPT@DF_FTPT_NATIONAL_INC(1.0),Incidence of full-time and part-time employment based on national definitions,I,CYP,Cyprus,EMP,Employment,PT_POP_SUB,Percentage of population in the same subgroup,F,Female,_T,Total,EMP,Employment,MAIN,Main job,_T,Total,FT,Full-time,NAT_DEF,National definition,A,Annual,2015,,83.555,,A,Normal value,0,Units,1,One
DATAFLOW,OECD.ELS.SAE:DSD_FTPT@DF_FTPT_NATIONAL_INC(1.0),Incidence of full-time and part-time employment based on national definitions,I,CYP,Cyprus,EMP,Employment,PT_POP_SUB,Percentage of population in the same subgroup,F,Female,_T,Total,EMP,Employment,MAIN,Main job,_T,Total,FT,Full-time,NAT_DEF,National definition,A,Annual,2016,,83.522,,A,Normal value,0,Units,1,One
DATAFLOW,OECD.ELS.SAE:DSD_FTPT@DF_FTPT_NATIONAL_INC(1.0),Incidence of full-time and part-time employment based on national definitions,I,CYP,Cyprus,EMP,Employment,PT_POP_SUB,Percentage of population in the same subgroup,F,Female,_T,Total,EMP,Employment,MAIN,Main job,_T,Total,FT,Full-time,NAT_DEF,National definition,A,Annual,2017,,83.895,,A,Normal value,0,Units,1,One
DATAFLOW,OECD.ELS.SAE:DSD_FTPT@DF_FTPT_NATIONAL_INC(1.0),Incidence of full-time and part-time employment based on national definitions,I,CYP,Cyprus,EMP,Employment,PT_POP_SUB,Percentage of population in the same subgroup,F,Female,_T,Total,EMP,Employment,MAIN,Main job,_T,Total,FT,Full-time,NAT_DEF,National definition,A,Annual,2018,,85.137,,A,Normal value,0,Units,1,One
DATAFLOW,OECD.ELS.SAE:DSD_FTPT@DF_FTPT_NATIONAL_INC(1.0),Incidence of full-time and part-time employment based on national definitions,I,CYP,Cyprus,EMP,Employment,PT_POP_SUB,Percentage of population in the same subgroup,F,Female,_T,Total,EMP,Employment,MAIN,Main job,_T,Total,FT,Full-time,NAT_DEF,National definition,A,Annual,2019,,85.086,,A,Normal value,0,Units,1,One
DATAFLOW,OECD.ELS.SAE:DSD_FTPT@DF_FTPT_NATIONAL_INC(1.0),Incidence of full-time and part-time employment based on national definitions,I,CYP,Cyprus,EMP,Employment,PT_POP_SUB,Percentage of population in the same subgroup,F,Female,_T,Total,EMP,Employment,MAIN,Main job,_T,Total,FT,Full-time,NAT_DEF,National definition,A,Annual,2020,,85.922,,A,Normal value,0,Units,1,One
DATAFLOW,OECD.ELS.SAE:DSD_FTPT@DF_FTPT_NATIONAL_INC(1.0),Incidence of full-time and part-time employment based on national definitions,I,CYP,Cyprus,EMP,Employment,PT_POP_SUB,Percentage of population in the same subgroup,F,Female,_T,Total,EMP,Employment,MAIN,Main job,_T,Total,FT,Full-time,NAT_DEF,National definition,A,Annual,2021,,86.661,,A,Normal value,0,Units,1,One
DATAFLOW,OECD.ELS.SAE:DSD_FTPT@DF_FTPT_NATIONAL_INC(1.0),Incidence of full-time and part-time employment based on national definitions,I,CYP,Cyprus,EMP,Employment,PT_POP_SUB,Percentage of population in the same subgroup,F,Female,_T,Total,EMP,Employment,MAIN,Main job,_T,Total,FT,Full-time,NAT_DEF,National definition,A,Annual,2022,,87.46,,A,Normal value,0,Units,1,One
DATAFLOW,OECD.ELS.SAE:DSD_FTPT@DF_FTPT_NATIONAL_INC(1.0),Incidence of full-time and part-time employment based on national definitions,I,CYP,Cyprus,EMP,Employment,PT_POP_SUB,Percentage of population in the same subgroup,F,Female,_T,Total,EMP,Employment,MAIN,Main job,_T,Total,FT,Full-time,NAT_DEF,National definition,A,Annual,2023,,88.412,,A,Normal value,0,Units,1,One
DATAFLOW,OECD.ELS.SAE:DSD_FTPT@DF_FTPT_NATIONAL_INC(1.0),Incidence of full-time and part-time employment based on national definitions,I,CYP,Cyprus,EMP,Employment,PT_POP_SUB,Percentage of population in the same subgroup,F,Female,_T,Total,EMP,Employment,MAIN,Main job,_T,Total,FT,Full-time,NAT_DEF,National definition,A,Annual,2024,,88.576,,A,Normal value,0,Units,1,One
DATAFLOW,OECD.ELS.SAE:DSD_FTPT@DF_FTPT_NATIONAL_INC(1.0),Incidence of full-time and part-time employment based on national definitions,I,MLT,Malta,EMP,Employment,PT_POP_SUB,Percentage of population in the same subgroup,F,Female,_T,Total,EMP,Employment,MAIN,Main job,_T,Total,FT,Full-time,NAT_DEF,National definition,A,Annual,2010,,75.139,,A,Normal value,0,Units,1,One
DATAFLOW,OECD.ELS.SAE:DSD_FTPT@DF_FTPT_NATIONAL_INC(1.0),Incidence of full-time and part-time employment based on national definitions,I,MLT,Malta,EMP,Employment,PT_POP_SUB,Percentage of population in the same subgroup,F,Female,_T,Total,EMP,Employment,MAIN,Main job,_T,Total,FT,Full-time,NAT_DEF,National definition,A,Annual,2011,,74.066,,A,Normal value,0,Units,1,One
DATAFLOW,OECD.ELS.SAE:DSD_FTPT@DF_FTPT_NATIONAL_INC(1.0),Incidence of full-time and part-time employment based on national definitions,I,MLT,Malta,EMP,Employment,PT_POP_SUB,Percentage of population in the same subgroup,F,Female,_T,Total,EMP,Employment,MAIN,Main job,_T,Total,FT,Full-time,NAT_DEF,National definition,A,Annual,2012,,73.846,,A,Normal value,0,Units,1,One
DATAFLOW,OECD.ELS.SAE:DSD_FTPT@DF_FTPT_NATIONAL_INC(1.0),Incidence of full-time and part-time employment based on national definitions,I,MLT,Malta,EMP,Employment,PT_POP_SUB,Percentage of population in the same subgroup,F,Female,_T,Total,EMP,Employment,MAIN,Main job,_T,Total,FT,Full-time,NAT_DEF,National definition,A,Annual,2013,,73.875,,A,Normal value,0,Units,1,One
DATAFLOW,OECD.ELS.SAE:DSD_FTPT@DF_FTPT_NATIONAL_INC(1.0),Incidence of full-time and part-time employment based on national definitions,I,MLT,Malta,EMP,Employment,PT_POP_SUB,Percentage of population in the same subgroup,F,Female,_T,Total,EMP,Employment,MAIN,Main job,_T,Total,FT,Full-time,NAT_DEF,National definition,A,Annual,2014,,71.49,,A,Normal value,0,Units,1,One
DATAFLOW,OECD.ELS.SAE:DSD_FTPT@DF_FTPT_NATIONAL_INC(1.0),Incidence of full-time and part-time employment based on national definitions,I,MLT,Malta,EMP,Employment,PT_POP_SUB,Percentage of population in the same subgroup,F,Female,_T,Total,EMP,Employment,MAIN,Main job,_T,Total,FT,Full-time,NAT_DEF,National definition,A,Annual,2015,,73.043,,A,Normal value,0,Units,1,One
DATAFLOW,OECD.ELS.SAE:DSD_FTPT@DF_FTPT_NATIONAL_INC(1.0),Incidence of full-time and part-time employment based on national definitions,I,MLT,Malta,EMP,Employment,PT_POP_SUB,Percentage of population in the same subgroup,F,Female,_T,Total,EMP,Employment,MAIN,Main job,_T,Total,FT,Full-time,NAT_DEF,National definition,A,Annual,2016,,73.762,,A,Normal value,0,Units,1,One
DATAFLOW,OECD.ELS.SAE:DSD_FTPT@DF_FTPT_NATIONAL_INC(1.0),Incidence of full-time and part-time employment based on national definitions,I,MLT,Malta,EMP,Employment,PT_POP_SUB,Percentage of population in the same subgroup,F,Female,_T,Total,EMP,Employment,MAIN,Main job,_T,Total,FT,Full-time,NAT_DEF,National definition,A,Annual,2017,,74.94,,A,Normal value,0,Units,1,One
DATAFLOW,OECD.ELS.SAE:DSD_FTPT@DF_FTPT_NATIONAL_INC(1.0),Incidence of full-time and part-time employment based on national definitions,I,MLT,Malta,EMP,Employment,PT_POP_SUB,Percentage of population in the same subgroup,F,Female,_T,Total,EMP,Employment,MAIN,Main job,_T,Total,FT,Full-time,NAT_DEF,National definition,A,Annual,2018,,76.934,,A,Normal value,0,Units,1,One
DATAFLOW,OECD.ELS.SAE:DSD_FTPT@DF_FTPT_NATIONAL_INC(1.0),Incidence of full-time and part-time employment based on national definitions,I,MLT,Malta,EMP,Employment,PT_POP_SUB,Percentage of population in the same subgroup,F,Female,_T,Total,EMP,Employment,MAIN,Main job,_T,Total,FT,Full-time,NAT_DEF,National definition,A,Annual,2019,,78.255,,A,Normal value,0,Units,1,One
DATAFLOW,OECD.ELS.SAE:DSD_FTPT@DF_FTPT_NATIONAL_INC(1.0),Incidence of full-time and part-time employment based on national definitions,I,MLT,Malta,EMP,Employment,PT_POP_SUB,Percentage of population in the same subgroup,F,Female,_T,Total,EMP,Employment,MAIN,Main job,_T,Total,FT,Full-time,NAT_DEF,National definition,A,Annual,2020,,79.157,,A,Normal value,0,Units,1,One
DATAFLOW,OECD.ELS.SAE:DSD_FTPT@DF_FTPT_NATIONAL_INC(1.0),Incidence of full-time and part-time employment based on national definitions,I,MLT,Malta,EMP,Employment,PT_POP_SUB,Percentage of population in the same subgroup,F,Female,_T,Total,EMP,Employment,MAIN,Main job,_T,Total,FT,Full-time,NAT_DEF,National definition,A,Annual,2021,,81.103,,A,Normal value,0,Units,1,One
DATAFLOW,OECD.ELS.SAE:DSD_FTPT@DF_FTPT_NATIONAL_INC(1.0),Incidence of full-time and part-time employment based on national definitions,I,MLT,Malta,EMP,Employment,PT_POP_SUB,Percentage of population in the same subgroup,F,Female,_T,Total,EMP,Employment,MAIN,Main job,_T,Total,FT,Full-time,NAT_DEF,National definition,A,Annual,2022,,80.328,,A,Normal value,0,Units,1,One
DATAFLOW,OECD.ELS.SAE:DSD_FTPT@DF_FTPT_NATIONAL_INC(1.0),Incidence of full-time and part-time employment based on national definitions,I,MLT,Malta,EMP,Employment,PT_POP_SUB,Percentage of population in the same subgroup,F,Female,_T,Total,EMP,Employment,MAIN,Main job,_T,Total,FT,Full-time,NAT_DEF,National definition,A,Annual,2023,,81.388,,A,Normal value,0,Units,1,One
DATAFLOW,OECD.ELS.SAE:DSD_FTPT@DF_FTPT_NATIONAL_INC(1.0),Incidence of full-time and part-time employment based on national definitions,I,MLT,Malta,EMP,Employment,PT_POP_SUB,Percentage of population in the same subgroup,F,Female,_T,Total,EMP,Employment,MAIN,Main job,_T,Total,FT,Full-time,NAT_DEF,National definition,A,Annual,2024,,81.62,,A,Normal value,0,Units,1,One
DATAFLOW,OECD.ELS.SAE:DSD_FTPT@DF_FTPT_NATIONAL_INC(1.0),Incidence of full-time and part-time employment based on national definitions,I,MKD,North Macedonia,EMP,Employment,PT_POP_SUB,Percentage of population in the same subgroup,F,Female,_T,Total,EMP,Employment,MAIN,Main job,_T,Total,FT,Full-time,NAT_DEF,National definition,A,Annual,2010,,92.565,,A,Normal value,0,Units,1,One
DATAFLOW,OECD.ELS.SAE:DSD_FTPT@DF_FTPT_NATIONAL_INC(1.0),Incidence of full-time and part-time employment based on national definitions,I,MKD,North Macedonia,EMP,Employment,PT_POP_SUB,Percentage of population in the same subgroup,F,Female,_T,Total,EMP,Employment,MAIN,Main job,_T,Total,FT,Full-time,NAT_DEF,National definition,A,Annual,2011,,92.908,,A,Normal value,0,Units,1,One
DATAFLOW,OECD.ELS.SAE:DSD_FTPT@DF_FTPT_NATIONAL_INC(1.0),Incidence of full-time and part-time employment based on national definitions,I,MKD,North Macedonia,EMP,Employment,PT_POP_SUB,Percentage of population in the same subgroup,F,Female,_T,Total,EMP,Employment,MAIN,Main job,_T,Total,FT,Full-time,NAT_DEF,National definition,A,Annual,2012,,92.759,,A,Normal value,0,Units,1,One
DATAFLOW,OECD.ELS.SAE:DSD_FTPT@DF_FTPT_NATIONAL_INC(1.0),Incidence of full-time and part-time employment based on national definitions,I,MKD,North Macedonia,EMP,Employment,PT_POP_SUB,Percentage of population in the same subgroup,F,Female,_T,Total,EMP,Employment,MAIN,Main job,_T,Total,FT,Full-time,NAT_DEF,National definition,A,Annual,2013,,95.049,,A,Normal value,0,Units,1,One
DATAFLOW,OECD.ELS.SAE:DSD_FTPT@DF_FTPT_NATIONAL_INC(1.0),Incidence of full-time and part-time employment based on national definitions,I,MKD,North Macedonia,EMP,Employment,PT_POP_SUB,Percentage of population in the same subgroup,F,Female,_T,Total,EMP,Employment,MAIN,Main job,_T,Total,FT,Full-time,NAT_DEF,National definition,A,Annual,2014,,95.032,,A,Normal value,0,Units,1,One
DATAFLOW,OECD.ELS.SAE:DSD_FTPT@DF_FTPT_NATIONAL_INC(1.0),Incidence of full-time and part-time employment based on national definitions,I,MKD,North Macedonia,EMP,Employment,PT_POP_SUB,Percentage of population in the same subgroup,F,Female,_T,Total,EMP,Employment,MAIN,Main job,_T,Total,FT,Full-time,NAT_DEF,National definition,A,Annual,2015,,95.352,,A,Normal value,0,Units,1,One
DATAFLOW,OECD.ELS.SAE:DSD_FTPT@DF_FTPT_NATIONAL_INC(1.0),Incidence of full-time and part-time employment based on national definitions,I,MKD,North Macedonia,EMP,Employment,PT_POP_SUB,Percentage of population in the same subgroup,F,Female,_T,Total,EMP,Employment,MAIN,Main job,_T,Total,FT,Full-time,NAT_DEF,National definition,A,Annual,2016,,94.327,,A,Normal value,0,Units,1,One
DATAFLOW,OECD.ELS.SAE:DSD_FTPT@DF_FTPT_NATIONAL_INC(1.0),Incidence of full-time and part-time employment based on national definitions,I,MKD,North Macedonia,EMP,Employment,PT_POP_SUB,Percentage of population in the same subgroup,F,Female,_T,Total,EMP,Employment,MAIN,Main job,_T,Total,FT,Full-time,NAT_DEF,National definition,A,Annual,2017,,95.55,,A,Normal value,0,Units,1,One
DATAFLOW,OECD.ELS.SAE:DSD_FTPT@DF_FTPT_NATIONAL_INC(1.0),Incidence of full-time and part-time employment based on national definitions,I,MKD,North Macedonia,EMP,Employment,PT_POP_SUB,Percentage of population in the same subgroup,F,Female,_T,Total,EMP,Employment,MAIN,Main job,_T,Total,FT,Full-time,NAT_DEF,National definition,A,Annual,2018,,96.439,,A,Normal value,0,Units,1,One
DATAFLOW,OECD.ELS.SAE:DSD_FTPT@DF_FTPT_NATIONAL_INC(1.0),Incidence of full-time and part-time employment based on national definitions,I,MKD,North Macedonia,EMP,Employment,PT_POP_SUB,Percentage of population in the same subgroup,F,Female,_T,Total,EMP,Employment,MAIN,Main job,_T,Total,FT,Full-time,NAT_DEF,National definition,A,Annual,2019,,95.48,,A,Normal value,0,Units,1,One
DATAFLOW,OECD.ELS.SAE:DSD_FTPT@DF_FTPT_NATIONAL_INC(1.0),Incidence of full-time and part-time employment based on national definitions,I,MKD,North Macedonia,EMP,Employment,PT_POP_SUB,Percentage of population in the same subgroup,F,Female,_T,Total,EMP,Employment,MAIN,Main job,_T,Total,FT,Full-time,NAT_DEF,National definition,A,Annual,2020,,95.518,,A,Normal value,0,Units,1,One
DATAFLOW,OECD.ELS.SAE:DSD_FTPT@DF_FTPT_NATIONAL_INC(1.0),Incidence of full-time and part-time employment based on national definitions,I,MKD,North Macedonia,EMP,Employment,PT_POP_SUB,Percentage of population in the same subgroup,F,Female,_T,Total,EMP,Employment,MAIN,Main job,_T,Total,FT,Full-time,NAT_DEF,National definition,A,Annual,2021,,95.659,,A,Normal value,0,Units,1,One
DATAFLOW,OECD.ELS.SAE:DSD_FTPT@DF_FTPT_NATIONAL_INC(1.0),Incidence of full-time and part-time employment based on national definitions,I,MKD,North Macedonia,EMP,Employment,PT_POP_SUB,Percentage of population in the same subgroup,F,Female,_T,Total,EMP,Employment,MAIN,Main job,_T,Total,FT,Full-time,NAT_DEF,National definition,A,Annual,2022,,95.935,,A,Normal value,0,Units,1,One
DATAFLOW,OECD.ELS.SAE:DSD_FTPT@DF_FTPT_NATIONAL_INC(1.0),Incidence of full-time and part-time employment based on national definitions,I,MKD,North Macedonia,EMP,Employment,PT_POP_SUB,Percentage of population in the same subgroup,F,Female,_T,Total,EMP,Employment,MAIN,Main job,_T,Total,FT,Full-time,NAT_DEF,National definition,A,Annual,2023,,97.163,,A,Normal value,0,Units,1,One
DATAFLOW,OECD.ELS.SAE:DSD_FTPT@DF_FTPT_NATIONAL_INC(1.0),Incidence of full-time and part-time employment based on national definitions,I,MKD,North Macedonia,EMP,Employment,PT_POP_SUB,Percentage of population in the same subgroup,F,Female,_T,Total,EMP,Employment,MAIN,Main job,_T,Total,FT,Full-time,NAT_DEF,National definition,A,Annual,2024,,96.732,,A,Normal value,0,Units,1,One
DATAFLOW,OECD.ELS.SAE:DSD_FTPT@DF_FTPT_NATIONAL_INC(1.0),Incidence of full-time and part-time employment based on national definitions,I,PER,Peru,EMP,Employment,PT_POP_SUB,Percentage of population in the same subgroup,F,Female,_T,Total,EMP,Employment,MAIN,Main job,_T,Total,FT,Full-time,NAT_DEF,National definition,A,Annual,2012,,65.478,,A,Normal value,0,Units,1,One
DATAFLOW,OECD.ELS.SAE:DSD_FTPT@DF_FTPT_NATIONAL_INC(1.0),Incidence of full-time and part-time employment based on national definitions,I,PER,Peru,EMP,Employment,PT_POP_SUB,Percentage of population in the same subgroup,F,Female,_T,Total,EMP,Employment,MAIN,Main job,_T,Total,FT,Full-time,NAT_DEF,National definition,A,Annual,2017,,65.476,,A,Normal value,0,Units,1,One
DATAFLOW,OECD.ELS.SAE:DSD_FTPT@DF_FTPT_NATIONAL_INC(1.0),Incidence of full-time and part-time employment based on national definitions,I,PER,Peru,EMP,Employment,PT_POP_SUB,Percentage of population in the same subgroup,F,Female,_T,Total,EMP,Employment,MAIN,Main job,_T,Total,FT,Full-time,NAT_DEF,National definition,A,Annual,2019,,66.331,,A,Normal value,0,Units,1,One
DATAFLOW,OECD.ELS.SAE:DSD_FTPT@DF_FTPT_NATIONAL_INC(1.0),Incidence of full-time and part-time employment based on national definitions,I,PER,Peru,EMP,Employment,PT_POP_SUB,Percentage of population in the same subgroup,F,Female,_T,Total,EMP,Employment,MAIN,Main job,_T,Total,FT,Full-time,NAT_DEF,National definition,A,Annual,2020,,64.66,,A,Normal value,0,Units,1,One
DATAFLOW,OECD.ELS.SAE:DSD_FTPT@DF_FTPT_NATIONAL_INC(1.0),Incidence of full-time and part-time employment based on national definitions,I,ROU,Romania,EMP,Employment,PT_POP_SUB,Percentage of population in the same subgroup,F,Female,_T,Total,EMP,Employment,MAIN,Main job,_T,Total,FT,Full-time,NAT_DEF,National definition,A,Annual,2012,,88.462,,A,Normal value,0,Units,1,One
DATAFLOW,OECD.ELS.SAE:DSD_FTPT@DF_FTPT_NATIONAL_INC(1.0),Incidence of full-time and part-time employment based on national definitions,I,ROU,Romania,EMP,Employment,PT_POP_SUB,Percentage of population in the same subgroup,F,Female,_T,Total,EMP,Employment,MAIN,Main job,_T,Total,FT,Full-time,NAT_DEF,National definition,A,Annual,2014,,88.896,,A,Normal value,0,Units,1,One
DATAFLOW,OECD.ELS.SAE:DSD_FTPT@DF_FTPT_NATIONAL_INC(1.0),Incidence of full-time and part-time employment based on national definitions,I,ROU,Romania,EMP,Employment,PT_POP_SUB,Percentage of population in the same subgroup,F,Female,_T,Total,EMP,Employment,MAIN,Main job,_T,Total,FT,Full-time,NAT_DEF,National definition,A,Annual,2015,,89.401,,A,Normal value,0,Units,1,One
DATAFLOW,OECD.ELS.SAE:DSD_FTPT@DF_FTPT_NATIONAL_INC(1.0),Incidence of full-time and part-time employment based on national definitions,I,ROU,Romania,EMP,Employment,PT_POP_SUB,Percentage of population in the same subgroup,F,Female,_T,Total,EMP,Employment,MAIN,Main job,_T,Total,FT,Full-time,NAT_DEF,National definition,A,Annual,2016,,90.815,,A,Normal value,0,Units,1,One
DATAFLOW,OECD.ELS.SAE:DSD_FTPT@DF_FTPT_NATIONAL_INC(1.0),Incidence of full-time and part-time employment based on national definitions,I,ROU,Romania,EMP,Employment,PT_POP_SUB,Percentage of population in the same subgroup,F,Female,_T,Total,EMP,Employment,MAIN,Main job,_T,Total,FT,Full-time,NAT_DEF,National definition,A,Annual,2018,,91.8,,A,Normal value,0,Units,1,One
DATAFLOW,OECD.ELS.SAE:DSD_FTPT@DF_FTPT_NATIONAL_INC(1.0),Incidence of full-time and part-time employment based on national definitions,I,ROU,Romania,EMP,Employment,PT_POP_SUB,Percentage of population in the same subgroup,F,Female,_T,Total,EMP,Employment,MAIN,Main job,_T,Total,FT,Full-time,NAT_DEF,National definition,A,Annual,2020,,92.778,,A,Normal value,0,Units,1,One
DATAFLOW,OECD.ELS.SAE:DSD_FTPT@DF_FTPT_NATIONAL_INC(1.0),Incidence of full-time and part-time employment based on national definitions,I,ROU,Romania,EMP,Employment,PT_POP_SUB,Percentage of population in the same subgroup,F,Female,_T,Total,EMP,Employment,MAIN,Main job,_T,Total,FT,Full-time,NAT_DEF,National definition,A,Annual,2022,,96.803,,A,Normal value,0,Units,1,One
DATAFLOW,OECD.ELS.SAE:DSD_FTPT@DF_FTPT_NATIONAL_INC(1.0),Incidence of full-time and part-time employment based on national definitions,I,ROU,Romania,EMP,Employment,PT_POP_SUB,Percentage of population in the same subgroup,F,Female,_T,Total,EMP,Employment,MAIN,Main job,_T,Total,FT,Full-time,NAT_DEF,National definition,A,Annual,2024,,97.165,,A,Normal value,0,Units,1,One
DATAFLOW,OECD.ELS.SAE:DSD_FTPT@DF_FTPT_NATIONAL_INC(1.0),Incidence of full-time and part-time employment based on national definitions,I,RUS,Russia,EMP,Employment,PT_POP_SUB,Percentage of population in the same subgroup,F,Female,_T,Total,EMP,Employment,MAIN,Main job,_T,Total,FT,Full-time,NAT_DEF,National definition,A,Annual,2017,,90.56,,A,Normal value,0,Units,1,One
DATAFLOW,OECD.ELS.SAE:DSD_FTPT@DF_FTPT_NATIONAL_INC(1.0),Incidence of full-time and part-time employment based on national definitions,I,RUS,Russia,EMP,Employment,PT_POP_SUB,Percentage of population in the same subgroup,F,Female,_T,Total,EMP,Employment,MAIN,Main job,_T,Total,FT,Full-time,NAT_DEF,National definition,A,Annual,2018,,90.036,,A,Normal value,0,Units,1,One
DATAFLOW,OECD.ELS.SAE:DSD_FTPT@DF_FTPT_NATIONAL_INC(1.0),Incidence of full-time and part-time employment based on national definitions,I,AUS,Australia,EMP,Employment,PT_POP_SUB,Percentage of population in the same subgroup,F,Female,_T,Total,EMP,Employment,MAIN,Main job,_T,Total,FT,Full-time,NAT_DEF,National definition,A,Annual,2025,,56.893,,A,Normal value,0,Units,1,One
DATAFLOW,OECD.ELS.SAE:DSD_FTPT@DF_FTPT_NATIONAL_INC(1.0),Incidence of full-time and part-time employment based on national definitions,I,AUT,Austria,EMP,Employment,PT_POP_SUB,Percentage of population in the same subgroup,F,Female,_T,Total,EMP,Employment,MAIN,Main job,_T,Total,FT,Full-time,NAT_DEF,National definition,A,Annual,2025,,50.159,,A,Normal value,0,Units,1,One
DATAFLOW,OECD.ELS.SAE:DSD_FTPT@DF_FTPT_NATIONAL_INC(1.0),Incidence of full-time and part-time employment based on national definitions,I,BEL,Belgium,EMP,Employment,PT_POP_SUB,Percentage of population in the same subgroup,F,Female,_T,Total,EMP,Employment,MAIN,Main job,_T,Total,FT,Full-time,NAT_DEF,National definition,A,Annual,2025,,60.547,,A,Normal value,0,Units,1,One
DATAFLOW,OECD.ELS.SAE:DSD_FTPT@DF_FTPT_NATIONAL_INC(1.0),Incidence of full-time and part-time employment based on national definitions,I,CAN,Canada,EMP,Employment,PT_POP_SUB,Percentage of population in the same subgroup,F,Female,_T,Total,EMP,Employment,MAIN,Main job,_T,Total,FT,Full-time,NAT_DEF,National definition,A,Annual,2025,,76.065,,A,Normal value,0,Units,1,One
DATAFLOW,OECD.ELS.SAE:DSD_FTPT@DF_FTPT_NATIONAL_INC(1.0),Incidence of full-time and part-time employment based on national definitions,I,CHL,Chile,EMP,Employment,PT_POP_SUB,Percentage of population in the same subgroup,F,Female,_T,Total,EMP,Employment,MAIN,Main job,_T,Total,FT,Full-time,NAT_DEF,National definition,A,Annual,2025,,73.517,,A,Normal value,0,Units,1,One
DATAFLOW,OECD.ELS.SAE:DSD_FTPT@DF_FTPT_NATIONAL_INC(1.0),Incidence of full-time and part-time employment based on national definitions,I,COL,Colombia,EMP,Employment,PT_POP_SUB,Percentage of population in the same subgroup,F,Female,_T,Total,EMP,Employment,MAIN,Main job,_T,Total,FT,Full-time,NAT_DEF,National definition,A,Annual,2025,,80.057,,A,Normal value,0,Units,1,One
DATAFLOW,OECD.ELS.SAE:DSD_FTPT@DF_FTPT_NATIONAL_INC(1.0),Incidence of full-time and part-time employment based on national definitions,I,CRI,Costa Rica,EMP,Employment,PT_POP_SUB,Percentage of population in the same subgroup,F,Female,_T,Total,EMP,Employment,MAIN,Main job,_T,Total,FT,Full-time,NAT_DEF,National definition,A,Annual,2025,,71.995,,A,Normal value,0,Units,1,One
DATAFLOW,OECD.ELS.SAE:DSD_FTPT@DF_FTPT_NATIONAL_INC(1.0),Incidence of full-time and part-time employment based on national definitions,I,CZE,Czechia,EMP,Employment,PT_POP_SUB,Percentage of population in the same subgroup,F,Female,_T,Total,EMP,Employment,MAIN,Main job,_T,Total,FT,Full-time,NAT_DEF,National definition,A,Annual,2025,,85.357,,A,Normal value,0,Units,1,One
DATAFLOW,OECD.ELS.SAE:DSD_FTPT@DF_FTPT_NATIONAL_INC(1.0),Incidence of full-time and part-time employment based on national definitions,I,DNK,Denmark,EMP,Employment,PT_POP_SUB,Percentage of population in the same subgroup,F,Female,_T,Total,EMP,Employment,MAIN,Main job,_T,Total,FT,Full-time,NAT_DEF,National definition,A,Annual,2025,,62.01,,A,Normal value,0,Units,1,One
DATAFLOW,OECD.ELS.SAE:DSD_FTPT@DF_FTPT_NATIONAL_INC(1.0),Incidence of full-time and part-time employment based on national definitions,I,EST,Estonia,EMP,Employment,PT_POP_SUB,Percentage of population in the same subgroup,F,Female,_T,Total,EMP,Employment,MAIN,Main job,_T,Total,FT,Full-time,NAT_DEF,National definition,A,Annual,2025,,80.87,,A,Normal value,0,Units,1,One
DATAFLOW,OECD.ELS.SAE:DSD_FTPT@DF_FTPT_NATIONAL_INC(1.0),Incidence of full-time and part-time employment based on national definitions,I,FIN,Finland,EMP,Employment,PT_POP_SUB,Percentage of population in the same subgroup,F,Female,_T,Total,EMP,Employment,MAIN,Main job,_T,Total,FT,Full-time,NAT_DEF,National definition,A,Annual,2025,,75.486,,A,Normal value,0,Units,1,One
DATAFLOW,OECD.ELS.SAE:DSD_FTPT@DF_FTPT_NATIONAL_INC(1.0),Incidence of full-time and part-time employment based on national definitions,I,FRA,France,EMP,Employment,PT_POP_SUB,Percentage of population in the same subgroup,F,Female,_T,Total,EMP,Employment,MAIN,Main job,_T,Total,FT,Full-time,NAT_DEF,National definition,A,Annual,2025,,73.437,,A,Normal value,0,Units,1,One
DATAFLOW,OECD.ELS.SAE:DSD_FTPT@DF_FTPT_NATIONAL_INC(1.0),Incidence of full-time and part-time employment based on national definitions,I,DEU,Germany,EMP,Employment,PT_POP_SUB,Percentage of population in the same subgroup,F,Female,_T,Total,EMP,Employment,MAIN,Main job,_T,Total,FT,Full-time,NAT_DEF,National definition,A,Annual,2025,,50.028,,A,Normal value,0,Units,1,One
DATAFLOW,OECD.ELS.SAE:DSD_FTPT@DF_FTPT_NATIONAL_INC(1.0),Incidence of full-time and part-time employment based on national definitions,I,GRC,Greece,EMP,Employment,PT_POP_SUB,Percentage of population in the same subgroup,F,Female,_T,Total,EMP,Employment,MAIN,Main job,_T,Total,FT,Full-time,NAT_DEF,National definition,A,Annual,2025,,91.458,,A,Normal value,0,Units,1,One
DATAFLOW,OECD.ELS.SAE:DSD_FTPT@DF_FTPT_NATIONAL_INC(1.0),Incidence of full-time and part-time employment based on national definitions,I,HUN,Hungary,EMP,Employment,PT_POP_SUB,Percentage of population in the same subgroup,F,Female,_T,Total,EMP,Employment,MAIN,Main job,_T,Total,FT,Full-time,NAT_DEF,National definition,A,Annual,2025,,92.033,,A,Normal value,0,Units,1,One
DATAFLOW,OECD.ELS.SAE:DSD_FTPT@DF_FTPT_NATIONAL_INC(1.0),Incidence of full-time and part-time employment based on national definitions,I,ISL,Iceland,EMP,Employment,PT_POP_SUB,Percentage of population in the same subgroup,F,Female,_T,Total,EMP,Employment,MAIN,Main job,_T,Total,FT,Full-time,NAT_DEF,National definition,A,Annual,2025,,66.979,,A,Normal value,0,Units,1,One
DATAFLOW,OECD.ELS.SAE:DSD_FTPT@DF_FTPT_NATIONAL_INC(1.0),Incidence of full-time and part-time employment based on national definitions,I,IRL,Ireland,EMP,Employment,PT_POP_SUB,Percentage of population in the same subgroup,F,Female,_T,Total,EMP,Employment,MAIN,Main job,_T,Total,FT,Full-time,NAT_DEF,National definition,A,Annual,2025,,71.55,,A,Normal value,0,Units,1,One
DATAFLOW,OECD.ELS.SAE:DSD_FTPT@DF_FTPT_NATIONAL_INC(1.0),Incidence of full-time and part-time employment based on national definitions,I,ISR,Israel,EMP,Employment,PT_POP_SUB,Percentage of population in the same subgroup,F,Female,_T,Total,EMP,Employment,MAIN,Main job,_T,Total,FT,Full-time,NAT_DEF,National definition,A,Annual,2025,,69.622,,A,Normal value,0,Units,1,One
DATAFLOW,OECD.ELS.SAE:DSD_FTPT@DF_FTPT_NATIONAL_INC(1.0),Incidence of full-time and part-time employment based on national definitions,I,ITA,Italy,EMP,Employment,PT_POP_SUB,Percentage of population in the same subgroup,F,Female,_T,Total,EMP,Employment,MAIN,Main job,_T,Total,FT,Full-time,NAT_DEF,National definition,A,Annual,2025,,72.057,,A,Normal value,0,Units,1,One
DATAFLOW,OECD.ELS.SAE:DSD_FTPT@DF_FTPT_NATIONAL_INC(1.0),Incidence of full-time and part-time employment based on national definitions,I,JPN,Japan,EMP,Employment,PT_POP_SUB,Percentage of population in the same subgroup,F,Female,_T,Total,EMP,Employment,MAIN,Main job,_T,Total,FT,Full-time,NAT_DEF,National definition,A,Annual,2025,,61.43,,A,Normal value,0,Units,1,One
DATAFLOW,OECD.ELS.SAE:DSD_FTPT@DF_FTPT_NATIONAL_INC(1.0),Incidence of full-time and part-time employment based on national definitions,I,LVA,Latvia,EMP,Employment,PT_POP_SUB,Percentage of population in the same subgroup,F,Female,_T,Total,EMP,Employment,MAIN,Main job,_T,Total,FT,Full-time,NAT_DEF,National definition,A,Annual,2025,,88.288,,A,Normal value,0,Units,1,One
DATAFLOW,OECD.ELS.SAE:DSD_FTPT@DF_FTPT_NATIONAL_INC(1.0),Incidence of full-time and part-time employment based on national definitions,I,LTU,Lithuania,EMP,Employment,PT_POP_SUB,Percentage of population in the same subgroup,F,Female,_T,Total,EMP,Employment,MAIN,Main job,_T,Total,FT,Full-time,NAT_DEF,National definition,A,Annual,2025,,91.534,,A,Normal value,0,Units,1,One
DATAFLOW,OECD.ELS.SAE:DSD_FTPT@DF_FTPT_NATIONAL_INC(1.0),Incidence of full-time and part-time employment based on national definitions,I,LUX,Luxembourg,EMP,Employment,PT_POP_SUB,Percentage of population in the same subgroup,F,Female,_T,Total,EMP,Employment,MAIN,Main job,_T,Total,FT,Full-time,NAT_DEF,National definition,A,Annual,2025,,70.619,,A,Normal value,0,Units,1,One
DATAFLOW,OECD.ELS.SAE:DSD_FTPT@DF_FTPT_NATIONAL_INC(1.0),Incidence of full-time and part-time employment based on national definitions,I,MEX,Mexico,EMP,Employment,PT_POP_SUB,Percentage of population in the same subgroup,F,Female,_T,Total,EMP,Employment,MAIN,Main job,_T,Total,FT,Full-time,NAT_DEF,National definition,A,Annual,2025,,67.601,,A,Normal value,0,Units,1,One
DATAFLOW,OECD.ELS.SAE:DSD_FTPT@DF_FTPT_NATIONAL_INC(1.0),Incidence of full-time and part-time employment based on national definitions,I,NLD,Netherlands,EMP,Employment,PT_POP_SUB,Percentage of population in the same subgroup,F,Female,_T,Total,EMP,Employment,MAIN,Main job,_T,Total,FT,Full-time,NAT_DEF,National definition,A,Annual,2025,,30.602,,A,Normal value,0,Units,1,One
DATAFLOW,OECD.ELS.SAE:DSD_FTPT@DF_FTPT_NATIONAL_INC(1.0),Incidence of full-time and part-time employment based on national definitions,I,NZL,New Zealand,EMP,Employment,PT_POP_SUB,Percentage of population in the same subgroup,F,Female,_T,Total,EMP,Employment,MAIN,Main job,_T,Total,FT,Full-time,NAT_DEF,National definition,A,Annual,2025,,70.784,,A,Normal value,0,Units,1,One
DATAFLOW,OECD.ELS.SAE:DSD_FTPT@DF_FTPT_NATIONAL_INC(1.0),Incidence of full-time and part-time employment based on national definitions,I,NOR,Norway,EMP,Employment,PT_POP_SUB,Percentage of population in the same subgroup,F,Female,_T,Total,EMP,Employment,MAIN,Main job,_T,Total,FT,Full-time,NAT_DEF,National definition,A,Annual,2025,,66.714,,A,Normal value,0,Units,1,One
DATAFLOW,OECD.ELS.SAE:DSD_FTPT@DF_FTPT_NATIONAL_INC(1.0),Incidence of full-time and part-time employment based on national definitions,I,POL,Poland,EMP,Employment,PT_POP_SUB,Percentage of population in the same subgroup,F,Female,_T,Total,EMP,Employment,MAIN,Main job,_T,Total,FT,Full-time,NAT_DEF,National definition,A,Annual,2025,,90.931,,A,Normal value,0,Units,1,One
DATAFLOW,OECD.ELS.SAE:DSD_FTPT@DF_FTPT_NATIONAL_INC(1.0),Incidence of full-time and part-time employment based on national definitions,I,PRT,Portugal,EMP,Employment,PT_POP_SUB,Percentage of population in the same subgroup,F,Female,_T,Total,EMP,Employment,MAIN,Main job,_T,Total,FT,Full-time,NAT_DEF,National definition,A,Annual,2025,,89.588,,A,Normal value,0,Units,1,One
DATAFLOW,OECD.ELS.SAE:DSD_FTPT@DF_FTPT_NATIONAL_INC(1.0),Incidence of full-time and part-time employment based on national definitions,I,SVK,Slovak Republic,EMP,Employment,PT_POP_SUB,Percentage of population in the same subgroup,F,Female,_T,Total,EMP,Employment,MAIN,Main job,_T,Total,FT,Full-time,NAT_DEF,National definition,A,Annual,2025,,92.997,,A,Normal value,0,Units,1,One
DATAFLOW,OECD.ELS.SAE:DSD_FTPT@DF_FTPT_NATIONAL_INC(1.0),Incidence of full-time and part-time employment based on national definitions,I,SVN,Slovenia,EMP,Employment,PT_POP_SUB,Percentage of population in the same subgroup,F,Female,_T,Total,EMP,Employment,MAIN,Main job,_T,Total,FT,Full-time,NAT_DEF,National definition,A,Annual,2025,,87.107,,A,Normal value,0,Units,1,One
DATAFLOW,OECD.ELS.SAE:DSD_FTPT@DF_FTPT_NATIONAL_INC(1.0),Incidence of full-time and part-time employment based on national definitions,I,ESP,Spain,EMP,Employment,PT_POP_SUB,Percentage of population in the same subgroup,F,Female,_T,Total,EMP,Employment,MAIN,Main job,_T,Total,FT,Full-time,NAT_DEF,National definition,A,Annual,2025,,78.567,,A,Normal value,0,Units,1,One
DATAFLOW,OECD.ELS.SAE:DSD_FTPT@DF_FTPT_NATIONAL_INC(1.0),Incidence of full-time and part-time employment based on national definitions,I,SWE,Sweden,EMP,Employment,PT_POP_SUB,Percentage of population in the same subgroup,F,Female,_T,Total,EMP,Employment,MAIN,Main job,_T,Total,FT,Full-time,NAT_DEF,National definition,A,Annual,2025,,71.251,,A,Normal value,0,Units,1,One
DATAFLOW,OECD.ELS.SAE:DSD_FTPT@DF_FTPT_NATIONAL_INC(1.0),Incidence of full-time and part-time employment based on national definitions,I,CHE,Switzerland,EMP,Employment,PT_POP_SUB,Percentage of population in the same subgroup,F,Female,_T,Total,EMP,Employment,MAIN,Main job,_T,Total,FT,Full-time,NAT_DEF,National definition,A,Annual,2025,,41.435,,A,Normal value,0,Units,1,One
DATAFLOW,OECD.ELS.SAE:DSD_FTPT@DF_FTPT_NATIONAL_INC(1.0),Incidence of full-time and part-time employment based on national definitions,I,TUR,Türkiye,EMP,Employment,PT_POP_SUB,Percentage of population in the same subgroup,F,Female,_T,Total,EMP,Employment,MAIN,Main job,_T,Total,FT,Full-time,NAT_DEF,National definition,A,Annual,2025,,80.147,,A,Normal value,0,Units,1,One
DATAFLOW,OECD.ELS.SAE:DSD_FTPT@DF_FTPT_NATIONAL_INC(1.0),Incidence of full-time and part-time employment based on national definitions,I,GBR,United Kingdom,EMP,Employment,PT_POP_SUB,Percentage of population in the same subgroup,F,Female,_T,Total,EMP,Employment,MAIN,Main job,_T,Total,FT,Full-time,NAT_DEF,National definition,A,Annual,2025,,62.939,,A,Normal value,0,Units,1,One
DATAFLOW,OECD.ELS.SAE:DSD_FTPT@DF_FTPT_NATIONAL_INC(1.0),Incidence of full-time and part-time employment based on national definitions,I,USA,United States,EMP,Employment,PT_POP_SUB,Percentage of population in the same subgroup,F,Female,_T,Total,EMP,Employment,MAIN,Main job,_T,Total,FT,Full-time,NAT_DEF,National definition,A,Annual,2025,,76.876,,A,Normal value,0,Units,1,One
DATAFLOW,OECD.ELS.SAE:DSD_FTPT@DF_FTPT_NATIONAL_INC(1.0),Incidence of full-time and part-time employment based on national definitions,I,EU27,European Union (27 countries),EMP,Employment,PT_POP_SUB,Percentage of population in the same subgroup,F,Female,_T,Total,EMP,Employment,MAIN,Main job,_T,Total,FT,Full-time,NAT_DEF,National definition,A,Annual,2025,,70.655,,A,Normal value,0,Units,1,One
DATAFLOW,OECD.ELS.SAE:DSD_FTPT@DF_FTPT_NATIONAL_INC(1.0),Incidence of full-time and part-time employment based on national definitions,I,EU19OECD,European Union (19 countries) in OECD,EMP,Employment,PT_POP_SUB,Percentage of population in the same subgroup,F,Female,_T,Total,EMP,Employment,MAIN,Main job,_T,Total,FT,Full-time,NAT_DEF,National definition,A,Annual,2025,,65.687,,A,Normal value,0,Units,1,One
DATAFLOW,OECD.ELS.SAE:DSD_FTPT@DF_FTPT_NATIONAL_INC(1.0),Incidence of full-time and part-time employment based on national definitions,I,EU22OECD,European Union (22 countries) in OECD,EMP,Employment,PT_POP_SUB,Percentage of population in the same subgroup,F,Female,_T,Total,EMP,Employment,MAIN,Main job,_T,Total,FT,Full-time,NAT_DEF,National definition,A,Annual,2025,,68.974,,A,Normal value,0,Units,1,One
DATAFLOW,OECD.ELS.SAE:DSD_FTPT@DF_FTPT_NATIONAL_INC(1.0),Incidence of full-time and part-time employment based on national definitions,I,OECD,OECD,EMP,Employment,PT_POP_SUB,Percentage of population in the same subgroup,F,Female,_T,Total,EMP,Employment,MAIN,Main job,_T,Total,FT,Full-time,NAT_DEF,National definition,A,Annual,2025,,70.46,,A,Normal value,0,Units,1,One
DATAFLOW,OECD.ELS.SAE:DSD_FTPT@DF_FTPT_NATIONAL_INC(1.0),Incidence of full-time and part-time employment based on national definitions,I,BGR,Bulgaria,EMP,Employment,PT_POP_SUB,Percentage of population in the same subgroup,F,Female,_T,Total,EMP,Employment,MAIN,Main job,_T,Total,FT,Full-time,NAT_DEF,National definition,A,Annual,2025,,97.942,,A,Normal value,0,Units,1,One
DATAFLOW,OECD.ELS.SAE:DSD_FTPT@DF_FTPT_NATIONAL_INC(1.0),Incidence of full-time and part-time employment based on national definitions,I,HRV,Croatia,EMP,Employment,PT_POP_SUB,Percentage of population in the same subgroup,F,Female,_T,Total,EMP,Employment,MAIN,Main job,_T,Total,FT,Full-time,NAT_DEF,National definition,A,Annual,2025,,95.081,,A,Normal value,0,Units,1,One
DATAFLOW,OECD.ELS.SAE:DSD_FTPT@DF_FTPT_NATIONAL_INC(1.0),Incidence of full-time and part-time employment based on national definitions,I,CYP,Cyprus,EMP,Employment,PT_POP_SUB,Percentage of population in the same subgroup,F,Female,_T,Total,EMP,Employment,MAIN,Main job,_T,Total,FT,Full-time,NAT_DEF,National definition,A,Annual,2025,,88.786,,A,Normal value,0,Units,1,One
DATAFLOW,OECD.ELS.SAE:DSD_FTPT@DF_FTPT_NATIONAL_INC(1.0),Incidence of full-time and part-time employment based on national definitions,I,MLT,Malta,EMP,Employment,PT_POP_SUB,Percentage of population in the same subgroup,F,Female,_T,Total,EMP,Employment,MAIN,Main job,_T,Total,FT,Full-time,NAT_DEF,National definition,A,Annual,2025,,81.759,,A,Normal value,0,Units,1,One
DATAFLOW,OECD.ELS.SAE:DSD_FTPT@DF_FTPT_NATIONAL_INC(1.0),Incidence of full-time and part-time employment based on national definitions,I,MKD,North Macedonia,EMP,Employment,PT_POP_SUB,Percentage of population in the same subgroup,F,Female,_T,Total,EMP,Employment,MAIN,Main job,_T,Total,FT,Full-time,NAT_DEF,National definition,A,Annual,2025,,95.976,,A,Normal value,0,Units,1,One
DATAFLOW,OECD.ELS.SAE:DSD_FTPT@DF_FTPT_NATIONAL_INC(1.0),Incidence of full-time and part-time employment based on national definitions,I,ROU,Romania,EMP,Employment,PT_POP_SUB,Percentage of population in the same subgroup,F,Female,_T,Total,EMP,Employment,MAIN,Main job,_T,Total,FT,Full-time,NAT_DEF,National definition,A,Annual,2025,,98.133,,A,Normal value,0,Units,1,One
DATAFLOW,OECD.ELS.SAE:DSD_FTPT@DF_FTPT_NATIONAL_INC(1.0),Incidence of full-time and part-time employment based on national definitions,I,ZAF,South Africa,EMP,Employment,PT_POP_SUB,Percentage of population in the same subgroup,F,Female,_T,Total,EMP,Employment,MAIN,Main job,_T,Total,FT,Full-time,NAT_DEF,National definition,A,Annual,2025,,83.172,,A,Normal value,0,Units,1,One
DATAFLOW,OECD.ELS.SAE:DSD_FTPT@DF_FTPT_NATIONAL_INC(1.0),Incidence of full-time and part-time employment based on national definitions,I,AUS,Australia,EMP,Employment,PT_POP_SUB,Percentage of population in the same subgroup,M,Male,_T,Total,EMP,Employment,MAIN,Main job,_T,Total,FT,Full-time,NAT_DEF,National definition,A,Annual,2011,,83.825,,A,Normal value,0,Units,1,One
DATAFLOW,OECD.ELS.SAE:DSD_FTPT@DF_FTPT_NATIONAL_INC(1.0),Incidence of full-time and part-time employment based on national definitions,I,AUS,Australia,EMP,Employment,PT_POP_SUB,Percentage of population in the same subgroup,M,Male,_T,Total,EMP,Employment,MAIN,Main job,_T,Total,FT,Full-time,NAT_DEF,National definition,A,Annual,2013,,83.149,,A,Normal value,0,Units,1,One
DATAFLOW,OECD.ELS.SAE:DSD_FTPT@DF_FTPT_NATIONAL_INC(1.0),Incidence of full-time and part-time employment based on national definitions,I,AUS,Australia,EMP,Employment,PT_POP_SUB,Percentage of population in the same subgroup,M,Male,_T,Total,EMP,Employment,MAIN,Main job,_T,Total,FT,Full-time,NAT_DEF,National definition,A,Annual,2016,,81.351,,A,Normal value,0,Units,1,One
DATAFLOW,OECD.ELS.SAE:DSD_FTPT@DF_FTPT_NATIONAL_INC(1.0),Incidence of full-time and part-time employment based on national definitions,I,AUS,Australia,EMP,Employment,PT_POP_SUB,Percentage of population in the same subgroup,M,Male,_T,Total,EMP,Employment,MAIN,Main job,_T,Total,FT,Full-time,NAT_DEF,National definition,A,Annual,2017,,81.559,,A,Normal value,0,Units,1,One
DATAFLOW,OECD.ELS.SAE:DSD_FTPT@DF_FTPT_NATIONAL_INC(1.0),Incidence of full-time and part-time employment based on national definitions,I,AUS,Australia,EMP,Employment,PT_POP_SUB,Percentage of population in the same subgroup,M,Male,_T,Total,EMP,Employment,MAIN,Main job,_T,Total,FT,Full-time,NAT_DEF,National definition,A,Annual,2018,,81.337,,A,Normal value,0,Units,1,One
DATAFLOW,OECD.ELS.SAE:DSD_FTPT@DF_FTPT_NATIONAL_INC(1.0),Incidence of full-time and part-time employment based on national definitions,I,AUS,Australia,EMP,Employment,PT_POP_SUB,Percentage of population in the same subgroup,M,Male,_T,Total,EMP,Employment,MAIN,Main job,_T,Total,FT,Full-time,NAT_DEF,National definition,A,Annual,2019,,81.165,,A,Normal value,0,Units,1,One
DATAFLOW,OECD.ELS.SAE:DSD_FTPT@DF_FTPT_NATIONAL_INC(1.0),Incidence of full-time and part-time employment based on national definitions,I,AUS,Australia,EMP,Employment,PT_POP_SUB,Percentage of population in the same subgroup,M,Male,_T,Total,EMP,Employment,MAIN,Main job,_T,Total,FT,Full-time,NAT_DEF,National definition,A,Annual,2021,,80.689,,A,Normal value,0,Units,1,One
DATAFLOW,OECD.ELS.SAE:DSD_FTPT@DF_FTPT_NATIONAL_INC(1.0),Incidence of full-time and part-time employment based on national definitions,I,AUS,Australia,EMP,Employment,PT_POP_SUB,Percentage of population in the same subgroup,M,Male,_T,Total,EMP,Employment,MAIN,Main job,_T,Total,FT,Full-time,NAT_DEF,National definition,A,Annual,2022,,81.294,,A,Normal value,0,Units,1,One
DATAFLOW,OECD.ELS.SAE:DSD_FTPT@DF_FTPT_NATIONAL_INC(1.0),Incidence of full-time and part-time employment based on national definitions,I,AUS,Australia,EMP,Employment,PT_POP_SUB,Percentage of population in the same subgroup,M,Male,_T,Total,EMP,Employment,MAIN,Main job,_T,Total,FT,Full-time,NAT_DEF,National definition,A,Annual,2023,,80.968,,A,Normal value,0,Units,1,One
DATAFLOW,OECD.ELS.SAE:DSD_FTPT@DF_FTPT_NATIONAL_INC(1.0),Incidence of full-time and part-time employment based on national definitions,I,AUS,Australia,EMP,Employment,PT_POP_SUB,Percentage of population in the same subgroup,M,Male,_T,Total,EMP,Employment,MAIN,Main job,_T,Total,FT,Full-time,NAT_DEF,National definition,A,Annual,2024,,80.131,,A,Normal value,0,Units,1,One
DATAFLOW,OECD.ELS.SAE:DSD_FTPT@DF_FTPT_NATIONAL_INC(1.0),Incidence of full-time and part-time employment based on national definitions,I,AUS,Australia,EMP,Employment,PT_POP_SUB,Percentage of population in the same subgroup,M,Male,_T,Total,EMP,Employment,MAIN,Main job,_T,Total,FT,Full-time,NAT_DEF,National definition,A,Annual,2025,,79.959,,A,Normal value,0,Units,1,One
DATAFLOW,OECD.ELS.SAE:DSD_FTPT@DF_FTPT_NATIONAL_INC(1.0),Incidence of full-time and part-time employment based on national definitions,I,AUT,Austria,EMP,Employment,PT_POP_SUB,Percentage of population in the same subgroup,M,Male,_T,Total,EMP,Employment,MAIN,Main job,_T,Total,FT,Full-time,NAT_DEF,National definition,A,Annual,2010,,90.829,,A,Normal value,0,Units,1,One
DATAFLOW,OECD.ELS.SAE:DSD_FTPT@DF_FTPT_NATIONAL_INC(1.0),Incidence of full-time and part-time employment based on national definitions,I,AUT,Austria,EMP,Employment,PT_POP_SUB,Percentage of population in the same subgroup,M,Male,_T,Total,EMP,Employment,MAIN,Main job,_T,Total,FT,Full-time,NAT_DEF,National definition,A,Annual,2011,,91.087,,A,Normal value,0,Units,1,One
DATAFLOW,OECD.ELS.SAE:DSD_FTPT@DF_FTPT_NATIONAL_INC(1.0),Incidence of full-time and part-time employment based on national definitions,I,AUT,Austria,EMP,Employment,PT_POP_SUB,Percentage of population in the same subgroup,M,Male,_T,Total,EMP,Employment,MAIN,Main job,_T,Total,FT,Full-time,NAT_DEF,National definition,A,Annual,2012,,90.841,,A,Normal value,0,Units,1,One
DATAFLOW,OECD.ELS.SAE:DSD_FTPT@DF_FTPT_NATIONAL_INC(1.0),Incidence of full-time and part-time employment based on national definitions,I,AUT,Austria,EMP,Employment,PT_POP_SUB,Percentage of population in the same subgroup,M,Male,_T,Total,EMP,Employment,MAIN,Main job,_T,Total,FT,Full-time,NAT_DEF,National definition,A,Annual,2013,,89.712,,A,Normal value,0,Units,1,One
DATAFLOW,OECD.ELS.SAE:DSD_FTPT@DF_FTPT_NATIONAL_INC(1.0),Incidence of full-time and part-time employment based on national definitions,I,AUT,Austria,EMP,Employment,PT_POP_SUB,Percentage of population in the same subgroup,M,Male,_T,Total,EMP,Employment,MAIN,Main job,_T,Total,FT,Full-time,NAT_DEF,National definition,A,Annual,2014,,89.062,,A,Normal value,0,Units,1,One
DATAFLOW,OECD.ELS.SAE:DSD_FTPT@DF_FTPT_NATIONAL_INC(1.0),Incidence of full-time and part-time employment based on national definitions,I,AUT,Austria,EMP,Employment,PT_POP_SUB,Percentage of population in the same subgroup,M,Male,_T,Total,EMP,Employment,MAIN,Main job,_T,Total,FT,Full-time,NAT_DEF,National definition,A,Annual,2015,,88.817,,A,Normal value,0,Units,1,One
DATAFLOW,OECD.ELS.SAE:DSD_FTPT@DF_FTPT_NATIONAL_INC(1.0),Incidence of full-time and part-time employment based on national definitions,I,AUT,Austria,EMP,Employment,PT_POP_SUB,Percentage of population in the same subgroup,M,Male,_T,Total,EMP,Employment,MAIN,Main job,_T,Total,FT,Full-time,NAT_DEF,National definition,A,Annual,2016,,88.18,,A,Normal value,0,Units,1,One
DATAFLOW,OECD.ELS.SAE:DSD_FTPT@DF_FTPT_NATIONAL_INC(1.0),Incidence of full-time and part-time employment based on national definitions,I,AUT,Austria,EMP,Employment,PT_POP_SUB,Percentage of population in the same subgroup,M,Male,_T,Total,EMP,Employment,MAIN,Main job,_T,Total,FT,Full-time,NAT_DEF,National definition,A,Annual,2017,,88.137,,A,Normal value,0,Units,1,One
DATAFLOW,OECD.ELS.SAE:DSD_FTPT@DF_FTPT_NATIONAL_INC(1.0),Incidence of full-time and part-time employment based on national definitions,I,AUT,Austria,EMP,Employment,PT_POP_SUB,Percentage of population in the same subgroup,M,Male,_T,Total,EMP,Employment,MAIN,Main job,_T,Total,FT,Full-time,NAT_DEF,National definition,A,Annual,2018,,88.823,,A,Normal value,0,Units,1,One
DATAFLOW,OECD.ELS.SAE:DSD_FTPT@DF_FTPT_NATIONAL_INC(1.0),Incidence of full-time and part-time employment based on national definitions,I,AUT,Austria,EMP,Employment,PT_POP_SUB,Percentage of population in the same subgroup,M,Male,_T,Total,EMP,Employment,MAIN,Main job,_T,Total,FT,Full-time,NAT_DEF,National definition,A,Annual,2019,,89.299,,A,Normal value,0,Units,1,One
DATAFLOW,OECD.ELS.SAE:DSD_FTPT@DF_FTPT_NATIONAL_INC(1.0),Incidence of full-time and part-time employment based on national definitions,I,AUT,Austria,EMP,Employment,PT_POP_SUB,Percentage of population in the same subgroup,M,Male,_T,Total,EMP,Employment,MAIN,Main job,_T,Total,FT,Full-time,NAT_DEF,National definition,A,Annual,2020,,89.261,,A,Normal value,0,Units,1,One
DATAFLOW,OECD.ELS.SAE:DSD_FTPT@DF_FTPT_NATIONAL_INC(1.0),Incidence of full-time and part-time employment based on national definitions,I,AUT,Austria,EMP,Employment,PT_POP_SUB,Percentage of population in the same subgroup,M,Male,_T,Total,EMP,Employment,MAIN,Main job,_T,Total,FT,Full-time,NAT_DEF,National definition,A,Annual,2021,,88.366,,A,Normal value,0,Units,1,One
DATAFLOW,OECD.ELS.SAE:DSD_FTPT@DF_FTPT_NATIONAL_INC(1.0),Incidence of full-time and part-time employment based on national definitions,I,AUT,Austria,EMP,Employment,PT_POP_SUB,Percentage of population in the same subgroup,M,Male,_T,Total,EMP,Employment,MAIN,Main job,_T,Total,FT,Full-time,NAT_DEF,National definition,A,Annual,2023,,86.588,,A,Normal value,0,Units,1,One
DATAFLOW,OECD.ELS.SAE:DSD_FTPT@DF_FTPT_NATIONAL_INC(1.0),Incidence of full-time and part-time employment based on national definitions,I,AUT,Austria,EMP,Employment,PT_POP_SUB,Percentage of population in the same subgroup,M,Male,_T,Total,EMP,Employment,MAIN,Main job,_T,Total,FT,Full-time,NAT_DEF,National definition,A,Annual,2025,,85.99,,A,Normal value,0,Units,1,One
DATAFLOW,OECD.ELS.SAE:DSD_FTPT@DF_FTPT_NATIONAL_INC(1.0),Incidence of full-time and part-time employment based on national definitions,I,BEL,Belgium,EMP,Employment,PT_POP_SUB,Percentage of population in the same subgroup,M,Male,_T,Total,EMP,Employment,MAIN,Main job,_T,Total,FT,Full-time,NAT_DEF,National definition,A,Annual,2010,,91.075,,A,Normal value,0,Units,1,One
DATAFLOW,OECD.ELS.SAE:DSD_FTPT@DF_FTPT_NATIONAL_INC(1.0),Incidence of full-time and part-time employment based on national definitions,I,BEL,Belgium,EMP,Employment,PT_POP_SUB,Percentage of population in the same subgroup,M,Male,_T,Total,EMP,Employment,MAIN,Main job,_T,Total,FT,Full-time,NAT_DEF,National definition,A,Annual,2011,,90.15,,A,Normal value,0,Units,1,One
DATAFLOW,OECD.ELS.SAE:DSD_FTPT@DF_FTPT_NATIONAL_INC(1.0),Incidence of full-time and part-time employment based on national definitions,I,BEL,Belgium,EMP,Employment,PT_POP_SUB,Percentage of population in the same subgroup,M,Male,_T,Total,EMP,Employment,MAIN,Main job,_T,Total,FT,Full-time,NAT_DEF,National definition,A,Annual,2012,,90.344,,A,Normal value,0,Units,1,One
DATAFLOW,OECD.ELS.SAE:DSD_FTPT@DF_FTPT_NATIONAL_INC(1.0),Incidence of full-time and part-time employment based on national definitions,I,BEL,Belgium,EMP,Employment,PT_POP_SUB,Percentage of population in the same subgroup,M,Male,_T,Total,EMP,Employment,MAIN,Main job,_T,Total,FT,Full-time,NAT_DEF,National definition,A,Annual,2015,,89.943,,A,Normal value,0,Units,1,One
DATAFLOW,OECD.ELS.SAE:DSD_FTPT@DF_FTPT_NATIONAL_INC(1.0),Incidence of full-time and part-time employment based on national definitions,I,BEL,Belgium,EMP,Employment,PT_POP_SUB,Percentage of population in the same subgroup,M,Male,_T,Total,EMP,Employment,MAIN,Main job,_T,Total,FT,Full-time,NAT_DEF,National definition,A,Annual,2017,,89.776,,A,Normal value,0,Units,1,One
DATAFLOW,OECD.ELS.SAE:DSD_FTPT@DF_FTPT_NATIONAL_INC(1.0),Incidence of full-time and part-time employment based on national definitions,I,BEL,Belgium,EMP,Employment,PT_POP_SUB,Percentage of population in the same subgroup,M,Male,_T,Total,EMP,Employment,MAIN,Main job,_T,Total,FT,Full-time,NAT_DEF,National definition,A,Annual,2018,,90.098,,A,Normal value,0,Units,1,One
DATAFLOW,OECD.ELS.SAE:DSD_FTPT@DF_FTPT_NATIONAL_INC(1.0),Incidence of full-time and part-time employment based on national definitions,I,BEL,Belgium,EMP,Employment,PT_POP_SUB,Percentage of population in the same subgroup,M,Male,_T,Total,EMP,Employment,MAIN,Main job,_T,Total,FT,Full-time,NAT_DEF,National definition,A,Annual,2020,,89.289,,A,Normal value,0,Units,1,One
DATAFLOW,OECD.ELS.SAE:DSD_FTPT@DF_FTPT_NATIONAL_INC(1.0),Incidence of full-time and part-time employment based on national definitions,I,BEL,Belgium,EMP,Employment,PT_POP_SUB,Percentage of population in the same subgroup,M,Male,_T,Total,EMP,Employment,MAIN,Main job,_T,Total,FT,Full-time,NAT_DEF,National definition,A,Annual,2021,,89.033,,A,Normal value,0,Units,1,One
DATAFLOW,OECD.ELS.SAE:DSD_FTPT@DF_FTPT_NATIONAL_INC(1.0),Incidence of full-time and part-time employment based on national definitions,I,BEL,Belgium,EMP,Employment,PT_POP_SUB,Percentage of population in the same subgroup,M,Male,_T,Total,EMP,Employment,MAIN,Main job,_T,Total,FT,Full-time,NAT_DEF,National definition,A,Annual,2023,,88.469,,A,Normal value,0,Units,1,One
DATAFLOW,OECD.ELS.SAE:DSD_FTPT@DF_FTPT_NATIONAL_INC(1.0),Incidence of full-time and part-time employment based on national definitions,I,BEL,Belgium,EMP,Employment,PT_POP_SUB,Percentage of population in the same subgroup,M,Male,_T,Total,EMP,Employment,MAIN,Main job,_T,Total,FT,Full-time,NAT_DEF,National definition,A,Annual,2024,,87.472,,A,Normal value,0,Units,1,One
DATAFLOW,OECD.ELS.SAE:DSD_FTPT@DF_FTPT_NATIONAL_INC(1.0),Incidence of full-time and part-time employment based on national definitions,I,BEL,Belgium,EMP,Employment,PT_POP_SUB,Percentage of population in the same subgroup,M,Male,_T,Total,EMP,Employment,MAIN,Main job,_T,Total,FT,Full-time,NAT_DEF,National definition,A,Annual,2025,,85.536,,A,Normal value,0,Units,1,One
DATAFLOW,OECD.ELS.SAE:DSD_FTPT@DF_FTPT_NATIONAL_INC(1.0),Incidence of full-time and part-time employment based on national definitions,I,CAN,Canada,EMP,Employment,PT_POP_SUB,Percentage of population in the same subgroup,M,Male,_T,Total,EMP,Employment,MAIN,Main job,_T,Total,FT,Full-time,NAT_DEF,National definition,A,Annual,2014,,87.469,,A,Normal value,0,Units,1,One
DATAFLOW,OECD.ELS.SAE:DSD_FTPT@DF_FTPT_NATIONAL_INC(1.0),Incidence of full-time and part-time employment based on national definitions,I,CAN,Canada,EMP,Employment,PT_POP_SUB,Percentage of population in the same subgroup,M,Male,_T,Total,EMP,Employment,MAIN,Main job,_T,Total,FT,Full-time,NAT_DEF,National definition,A,Annual,2016,,87.097,,A,Normal value,0,Units,1,One
DATAFLOW,OECD.ELS.SAE:DSD_FTPT@DF_FTPT_NATIONAL_INC(1.0),Incidence of full-time and part-time employment based on national definitions,I,CAN,Canada,EMP,Employment,PT_POP_SUB,Percentage of population in the same subgroup,M,Male,_T,Total,EMP,Employment,MAIN,Main job,_T,Total,FT,Full-time,NAT_DEF,National definition,A,Annual,2019,,86.997,,A,Normal value,0,Units,1,One
DATAFLOW,OECD.ELS.SAE:DSD_FTPT@DF_FTPT_NATIONAL_INC(1.0),Incidence of full-time and part-time employment based on national definitions,I,CAN,Canada,EMP,Employment,PT_POP_SUB,Percentage of population in the same subgroup,M,Male,_T,Total,EMP,Employment,MAIN,Main job,_T,Total,FT,Full-time,NAT_DEF,National definition,A,Annual,2021,,87.076,,A,Normal value,0,Units,1,One
DATAFLOW,OECD.ELS.SAE:DSD_FTPT@DF_FTPT_NATIONAL_INC(1.0),Incidence of full-time and part-time employment based on national definitions,I,CAN,Canada,EMP,Employment,PT_POP_SUB,Percentage of population in the same subgroup,M,Male,_T,Total,EMP,Employment,MAIN,Main job,_T,Total,FT,Full-time,NAT_DEF,National definition,A,Annual,2024,,87.062,,A,Normal value,0,Units,1,One
DATAFLOW,OECD.ELS.SAE:DSD_FTPT@DF_FTPT_NATIONAL_INC(1.0),Incidence of full-time and part-time employment based on national definitions,I,CAN,Canada,EMP,Employment,PT_POP_SUB,Percentage of population in the same subgroup,M,Male,_T,Total,EMP,Employment,MAIN,Main job,_T,Total,FT,Full-time,NAT_DEF,National definition,A,Annual,2025,,86.865,,A,Normal value,0,Units,1,One
DATAFLOW,OECD.ELS.SAE:DSD_FTPT@DF_FTPT_NATIONAL_INC(1.0),Incidence of full-time and part-time employment based on national definitions,I,CHL,Chile,EMP,Employment,PT_POP_SUB,Percentage of population in the same subgroup,M,Male,_T,Total,EMP,Employment,MAIN,Main job,_T,Total,FT,Full-time,NAT_DEF,National definition,A,Annual,2010,,86.386,,A,Normal value,0,Units,1,One
DATAFLOW,OECD.ELS.SAE:DSD_FTPT@DF_FTPT_NATIONAL_INC(1.0),Incidence of full-time and part-time employment based on national definitions,I,CHL,Chile,EMP,Employment,PT_POP_SUB,Percentage of population in the same subgroup,M,Male,_T,Total,EMP,Employment,MAIN,Main job,_T,Total,FT,Full-time,NAT_DEF,National definition,A,Annual,2011,,86.738,,A,Normal value,0,Units,1,One
DATAFLOW,OECD.ELS.SAE:DSD_FTPT@DF_FTPT_NATIONAL_INC(1.0),Incidence of full-time and part-time employment based on national definitions,I,CHL,Chile,EMP,Employment,PT_POP_SUB,Percentage of population in the same subgroup,M,Male,_T,Total,EMP,Employment,MAIN,Main job,_T,Total,FT,Full-time,NAT_DEF,National definition,A,Annual,2012,,87.4,,A,Normal value,0,Units,1,One
DATAFLOW,OECD.ELS.SAE:DSD_FTPT@DF_FTPT_NATIONAL_INC(1.0),Incidence of full-time and part-time employment based on national definitions,I,CHL,Chile,EMP,Employment,PT_POP_SUB,Percentage of population in the same subgroup,M,Male,_T,Total,EMP,Employment,MAIN,Main job,_T,Total,FT,Full-time,NAT_DEF,National definition,A,Annual,2013,,87.408,,A,Normal value,0,Units,1,One
DATAFLOW,OECD.ELS.SAE:DSD_FTPT@DF_FTPT_NATIONAL_INC(1.0),Incidence of full-time and part-time employment based on national definitions,I,CHL,Chile,EMP,Employment,PT_POP_SUB,Percentage of population in the same subgroup,M,Male,_T,Total,EMP,Employment,MAIN,Main job,_T,Total,FT,Full-time,NAT_DEF,National definition,A,Annual,2014,,87.058,,A,Normal value,0,Units,1,One
DATAFLOW,OECD.ELS.SAE:DSD_FTPT@DF_FTPT_NATIONAL_INC(1.0),Incidence of full-time and part-time employment based on national definitions,I,CHL,Chile,EMP,Employment,PT_POP_SUB,Percentage of population in the same subgroup,M,Male,_T,Total,EMP,Employment,MAIN,Main job,_T,Total,FT,Full-time,NAT_DEF,National definition,A,Annual,2016,,86.266,,A,Normal value,0,Units,1,One
DATAFLOW,OECD.ELS.SAE:DSD_FTPT@DF_FTPT_NATIONAL_INC(1.0),Incidence of full-time and part-time employment based on national definitions,I,CHL,Chile,EMP,Employment,PT_POP_SUB,Percentage of population in the same subgroup,M,Male,_T,Total,EMP,Employment,MAIN,Main job,_T,Total,FT,Full-time,NAT_DEF,National definition,A,Annual,2017,,86.109,,A,Normal value,0,Units,1,One
DATAFLOW,OECD.ELS.SAE:DSD_FTPT@DF_FTPT_NATIONAL_INC(1.0),Incidence of full-time and part-time employment based on national definitions,I,CHL,Chile,EMP,Employment,PT_POP_SUB,Percentage of population in the same subgroup,M,Male,_T,Total,EMP,Employment,MAIN,Main job,_T,Total,FT,Full-time,NAT_DEF,National definition,A,Annual,2018,,85.732,,A,Normal value,0,Units,1,One
DATAFLOW,OECD.ELS.SAE:DSD_FTPT@DF_FTPT_NATIONAL_INC(1.0),Incidence of full-time and part-time employment based on national definitions,I,CHL,Chile,EMP,Employment,PT_POP_SUB,Percentage of population in the same subgroup,M,Male,_T,Total,EMP,Employment,MAIN,Main job,_T,Total,FT,Full-time,NAT_DEF,National definition,A,Annual,2019,,85.421,,A,Normal value,0,Units,1,One
DATAFLOW,OECD.ELS.SAE:DSD_FTPT@DF_FTPT_NATIONAL_INC(1.0),Incidence of full-time and part-time employment based on national definitions,I,CHL,Chile,EMP,Employment,PT_POP_SUB,Percentage of population in the same subgroup,M,Male,_T,Total,EMP,Employment,MAIN,Main job,_T,Total,FT,Full-time,NAT_DEF,National definition,A,Annual,2021,,85.316,,A,Normal value,0,Units,1,One
DATAFLOW,OECD.ELS.SAE:DSD_FTPT@DF_FTPT_NATIONAL_INC(1.0),Incidence of full-time and part-time employment based on national definitions,I,CHL,Chile,EMP,Employment,PT_POP_SUB,Percentage of population in the same subgroup,M,Male,_T,Total,EMP,Employment,MAIN,Main job,_T,Total,FT,Full-time,NAT_DEF,National definition,A,Annual,2024,,85.278,,A,Normal value,0,Units,1,One
DATAFLOW,OECD.ELS.SAE:DSD_FTPT@DF_FTPT_NATIONAL_INC(1.0),Incidence of full-time and part-time employment based on national definitions,I,CHL,Chile,EMP,Employment,PT_POP_SUB,Percentage of population in the same subgroup,M,Male,_T,Total,EMP,Employment,MAIN,Main job,_T,Total,FT,Full-time,NAT_DEF,National definition,A,Annual,2025,,84.971,,A,Normal value,0,Units,1,One
DATAFLOW,OECD.ELS.SAE:DSD_FTPT@DF_FTPT_NATIONAL_INC(1.0),Incidence of full-time and part-time employment based on national definitions,I,COL,Colombia,EMP,Employment,PT_POP_SUB,Percentage of population in the same subgroup,M,Male,_T,Total,EMP,Employment,MAIN,Main job,_T,Total,FT,Full-time,NAT_DEF,National definition,A,Annual,2021,,92.359,,A,Normal value,0,Units,1,One
DATAFLOW,OECD.ELS.SAE:DSD_FTPT@DF_FTPT_NATIONAL_INC(1.0),Incidence of full-time and part-time employment based on national definitions,I,COL,Colombia,EMP,Employment,PT_POP_SUB,Percentage of population in the same subgroup,M,Male,_T,Total,EMP,Employment,MAIN,Main job,_T,Total,FT,Full-time,NAT_DEF,National definition,A,Annual,2022,,91.986,,A,Normal value,0,Units,1,One
DATAFLOW,OECD.ELS.SAE:DSD_FTPT@DF_FTPT_NATIONAL_INC(1.0),Incidence of full-time and part-time employment based on national definitions,I,COL,Colombia,EMP,Employment,PT_POP_SUB,Percentage of population in the same subgroup,M,Male,_T,Total,EMP,Employment,MAIN,Main job,_T,Total,FT,Full-time,NAT_DEF,National definition,A,Annual,2025,,92.754,,A,Normal value,0,Units,1,One
DATAFLOW,OECD.ELS.SAE:DSD_FTPT@DF_FTPT_NATIONAL_INC(1.0),Incidence of full-time and part-time employment based on national definitions,I,CRI,Costa Rica,EMP,Employment,PT_POP_SUB,Percentage of population in the same subgroup,M,Male,_T,Total,EMP,Employment,MAIN,Main job,_T,Total,FT,Full-time,NAT_DEF,National definition,A,Annual,2019,,79.578,,A,Normal value,0,Units,1,One
DATAFLOW,OECD.ELS.SAE:DSD_FTPT@DF_FTPT_NATIONAL_INC(1.0),Incidence of full-time and part-time employment based on national definitions,I,CRI,Costa Rica,EMP,Employment,PT_POP_SUB,Percentage of population in the same subgroup,M,Male,_T,Total,EMP,Employment,MAIN,Main job,_T,Total,FT,Full-time,NAT_DEF,National definition,A,Annual,2020,,78.852,,A,Normal value,0,Units,1,One
DATAFLOW,OECD.ELS.SAE:DSD_FTPT@DF_FTPT_NATIONAL_INC(1.0),Incidence of full-time and part-time employment based on national definitions,I,CRI,Costa Rica,EMP,Employment,PT_POP_SUB,Percentage of population in the same subgroup,M,Male,_T,Total,EMP,Employment,MAIN,Main job,_T,Total,FT,Full-time,NAT_DEF,National definition,A,Annual,2021,,78.513,,A,Normal value,0,Units,1,One
DATAFLOW,OECD.ELS.SAE:DSD_FTPT@DF_FTPT_NATIONAL_INC(1.0),Incidence of full-time and part-time employment based on national definitions,I,CRI,Costa Rica,EMP,Employment,PT_POP_SUB,Percentage of population in the same subgroup,M,Male,_T,Total,EMP,Employment,MAIN,Main job,_T,Total,FT,Full-time,NAT_DEF,National definition,A,Annual,2023,,82.811,,A,Normal value,0,Units,1,One
DATAFLOW,OECD.ELS.SAE:DSD_FTPT@DF_FTPT_NATIONAL_INC(1.0),Incidence of full-time and part-time employment based on national definitions,I,CRI,Costa Rica,EMP,Employment,PT_POP_SUB,Percentage of population in the same subgroup,M,Male,_T,Total,EMP,Employment,MAIN,Main job,_T,Total,FT,Full-time,NAT_DEF,National definition,A,Annual,2024,,83.274,,A,Normal value,0,Units,1,One
DATAFLOW,OECD.ELS.SAE:DSD_FTPT@DF_FTPT_NATIONAL_INC(1.0),Incidence of full-time and part-time employment based on national definitions,I,CRI,Costa Rica,EMP,Employment,PT_POP_SUB,Percentage of population in the same subgroup,M,Male,_T,Total,EMP,Employment,MAIN,Main job,_T,Total,FT,Full-time,NAT_DEF,National definition,A,Annual,2025,,85.962,,A,Normal value,0,Units,1,One
DATAFLOW,OECD.ELS.SAE:DSD_FTPT@DF_FTPT_NATIONAL_INC(1.0),Incidence of full-time and part-time employment based on national definitions,I,CZE,Czechia,EMP,Employment,PT_POP_SUB,Percentage of population in the same subgroup,M,Male,_T,Total,EMP,Employment,MAIN,Main job,_T,Total,FT,Full-time,NAT_DEF,National definition,A,Annual,2010,,97.065,,A,Normal value,0,Units,1,One
DATAFLOW,OECD.ELS.SAE:DSD_FTPT@DF_FTPT_NATIONAL_INC(1.0),Incidence of full-time and part-time employment based on national definitions,I,CZE,Czechia,EMP,Employment,PT_POP_SUB,Percentage of population in the same subgroup,M,Male,_T,Total,EMP,Employment,MAIN,Main job,_T,Total,FT,Full-time,NAT_DEF,National definition,A,Annual,2011,,97.495,,A,Normal value,0,Units,1,One
DATAFLOW,OECD.ELS.SAE:DSD_FTPT@DF_FTPT_NATIONAL_INC(1.0),Incidence of full-time and part-time employment based on national definitions,I,CZE,Czechia,EMP,Employment,PT_POP_SUB,Percentage of population in the same subgroup,M,Male,_T,Total,EMP,Employment,MAIN,Main job,_T,Total,FT,Full-time,NAT_DEF,National definition,A,Annual,2012,,97.08,,A,Normal value,0,Units,1,One
DATAFLOW,OECD.ELS.SAE:DSD_FTPT@DF_FTPT_NATIONAL_INC(1.0),Incidence of full-time and part-time employment based on national definitions,I,CZE,Czechia,EMP,Employment,PT_POP_SUB,Percentage of population in the same subgroup,M,Male,_T,Total,EMP,Employment,MAIN,Main job,_T,Total,FT,Full-time,NAT_DEF,National definition,A,Annual,2013,,96.75,,A,Normal value,0,Units,1,One
DATAFLOW,OECD.ELS.SAE:DSD_FTPT@DF_FTPT_NATIONAL_INC(1.0),Incidence of full-time and part-time employment based on national definitions,I,CZE,Czechia,EMP,Employment,PT_POP_SUB,Percentage of population in the same subgroup,M,Male,_T,Total,EMP,Employment,MAIN,Main job,_T,Total,FT,Full-time,NAT_DEF,National definition,A,Annual,2014,,96.749,,A,Normal value,0,Units,1,One
DATAFLOW,OECD.ELS.SAE:DSD_FTPT@DF_FTPT_NATIONAL_INC(1.0),Incidence of full-time and part-time employment based on national definitions,I,CZE,Czechia,EMP,Employment,PT_POP_SUB,Percentage of population in the same subgroup,M,Male,_T,Total,EMP,Employment,MAIN,Main job,_T,Total,FT,Full-time,NAT_DEF,National definition,A,Annual,2015,,96.865,,A,Normal value,0,Units,1,One
DATAFLOW,OECD.ELS.SAE:DSD_FTPT@DF_FTPT_NATIONAL_INC(1.0),Incidence of full-time and part-time employment based on national definitions,I,CZE,Czechia,EMP,Employment,PT_POP_SUB,Percentage of population in the same subgroup,M,Male,_T,Total,EMP,Employment,MAIN,Main job,_T,Total,FT,Full-time,NAT_DEF,National definition,A,Annual,2016,,96.748,,A,Normal value,0,Units,1,One
DATAFLOW,OECD.ELS.SAE:DSD_FTPT@DF_FTPT_NATIONAL_INC(1.0),Incidence of full-time and part-time employment based on national definitions,I,CZE,Czechia,EMP,Employment,PT_POP_SUB,Percentage of population in the same subgroup,M,Male,_T,Total,EMP,Employment,MAIN,Main job,_T,Total,FT,Full-time,NAT_DEF,National definition,A,Annual,2017,,96.499,,A,Normal value,0,Units,1,One
DATAFLOW,OECD.ELS.SAE:DSD_FTPT@DF_FTPT_NATIONAL_INC(1.0),Incidence of full-time and part-time employment based on national definitions,I,CZE,Czechia,EMP,Employment,PT_POP_SUB,Percentage of population in the same subgroup,M,Male,_T,Total,EMP,Employment,MAIN,Main job,_T,Total,FT,Full-time,NAT_DEF,National definition,A,Annual,2018,,96.237,,A,Normal value,0,Units,1,One
DATAFLOW,OECD.ELS.SAE:DSD_FTPT@DF_FTPT_NATIONAL_INC(1.0),Incidence of full-time and part-time employment based on national definitions,I,CZE,Czechia,EMP,Employment,PT_POP_SUB,Percentage of population in the same subgroup,M,Male,_T,Total,EMP,Employment,MAIN,Main job,_T,Total,FT,Full-time,NAT_DEF,National definition,A,Annual,2019,,96.029,,A,Normal value,0,Units,1,One
DATAFLOW,OECD.ELS.SAE:DSD_FTPT@DF_FTPT_NATIONAL_INC(1.0),Incidence of full-time and part-time employment based on national definitions,I,CZE,Czechia,EMP,Employment,PT_POP_SUB,Percentage of population in the same subgroup,M,Male,_T,Total,EMP,Employment,MAIN,Main job,_T,Total,FT,Full-time,NAT_DEF,National definition,A,Annual,2020,,96.535,,A,Normal value,0,Units,1,One
DATAFLOW,OECD.ELS.SAE:DSD_FTPT@DF_FTPT_NATIONAL_INC(1.0),Incidence of full-time and part-time employment based on national definitions,I,CZE,Czechia,EMP,Employment,PT_POP_SUB,Percentage of population in the same subgroup,M,Male,_T,Total,EMP,Employment,MAIN,Main job,_T,Total,FT,Full-time,NAT_DEF,National definition,A,Annual,2023,,95.502,,A,Normal value,0,Units,1,One
DATAFLOW,OECD.ELS.SAE:DSD_FTPT@DF_FTPT_NATIONAL_INC(1.0),Incidence of full-time and part-time employment based on national definitions,I,CZE,Czechia,EMP,Employment,PT_POP_SUB,Percentage of population in the same subgroup,M,Male,_T,Total,EMP,Employment,MAIN,Main job,_T,Total,FT,Full-time,NAT_DEF,National definition,A,Annual,2024,,94.8,,A,Normal value,0,Units,1,One
DATAFLOW,OECD.ELS.SAE:DSD_FTPT@DF_FTPT_NATIONAL_INC(1.0),Incidence of full-time and part-time employment based on national definitions,I,CZE,Czechia,EMP,Employment,PT_POP_SUB,Percentage of population in the same subgroup,M,Male,_T,Total,EMP,Employment,MAIN,Main job,_T,Total,FT,Full-time,NAT_DEF,National definition,A,Annual,2025,,94.766,,A,Normal value,0,Units,1,One
DATAFLOW,OECD.ELS.SAE:DSD_FTPT@DF_FTPT_NATIONAL_INC(1.0),Incidence of full-time and part-time employment based on national definitions,I,DNK,Denmark,EMP,Employment,PT_POP_SUB,Percentage of population in the same subgroup,M,Male,_T,Total,EMP,Employment,MAIN,Main job,_T,Total,FT,Full-time,NAT_DEF,National definition,A,Annual,2011,,86.704,,A,Normal value,0,Units,1,One
DATAFLOW,OECD.ELS.SAE:DSD_FTPT@DF_FTPT_NATIONAL_INC(1.0),Incidence of full-time and part-time employment based on national definitions,I,DNK,Denmark,EMP,Employment,PT_POP_SUB,Percentage of population in the same subgroup,M,Male,_T,Total,EMP,Employment,MAIN,Main job,_T,Total,FT,Full-time,NAT_DEF,National definition,A,Annual,2012,,85.719,,A,Normal value,0,Units,1,One
DATAFLOW,OECD.ELS.SAE:DSD_FTPT@DF_FTPT_NATIONAL_INC(1.0),Incidence of full-time and part-time employment based on national definitions,I,DNK,Denmark,EMP,Employment,PT_POP_SUB,Percentage of population in the same subgroup,M,Male,_T,Total,EMP,Employment,MAIN,Main job,_T,Total,FT,Full-time,NAT_DEF,National definition,A,Annual,2013,,85.946,,A,Normal value,0,Units,1,One
DATAFLOW,OECD.ELS.SAE:DSD_FTPT@DF_FTPT_NATIONAL_INC(1.0),Incidence of full-time and part-time employment based on national definitions,I,DNK,Denmark,EMP,Employment,PT_POP_SUB,Percentage of population in the same subgroup,M,Male,_T,Total,EMP,Employment,MAIN,Main job,_T,Total,FT,Full-time,NAT_DEF,National definition,A,Annual,2014,,85.406,,A,Normal value,0,Units,1,One
DATAFLOW,OECD.ELS.SAE:DSD_FTPT@DF_FTPT_NATIONAL_INC(1.0),Incidence of full-time and part-time employment based on national definitions,I,DNK,Denmark,EMP,Employment,PT_POP_SUB,Percentage of population in the same subgroup,M,Male,_T,Total,EMP,Employment,MAIN,Main job,_T,Total,FT,Full-time,NAT_DEF,National definition,A,Annual,2015,,84.832,,A,Normal value,0,Units,1,One
DATAFLOW,OECD.ELS.SAE:DSD_FTPT@DF_FTPT_NATIONAL_INC(1.0),Incidence of full-time and part-time employment based on national definitions,I,DNK,Denmark,EMP,Employment,PT_POP_SUB,Percentage of population in the same subgroup,M,Male,_T,Total,EMP,Employment,MAIN,Main job,_T,Total,FT,Full-time,NAT_DEF,National definition,A,Annual,2016,,84.043,,A,Normal value,0,Units,1,One
DATAFLOW,OECD.ELS.SAE:DSD_FTPT@DF_FTPT_NATIONAL_INC(1.0),Incidence of full-time and part-time employment based on national definitions,I,DNK,Denmark,EMP,Employment,PT_POP_SUB,Percentage of population in the same subgroup,M,Male,_T,Total,EMP,Employment,MAIN,Main job,_T,Total,FT,Full-time,NAT_DEF,National definition,A,Annual,2018,,85.369,,A,Normal value,0,Units,1,One
DATAFLOW,OECD.ELS.SAE:DSD_FTPT@DF_FTPT_NATIONAL_INC(1.0),Incidence of full-time and part-time employment based on national definitions,I,DNK,Denmark,EMP,Employment,PT_POP_SUB,Percentage of population in the same subgroup,M,Male,_T,Total,EMP,Employment,MAIN,Main job,_T,Total,FT,Full-time,NAT_DEF,National definition,A,Annual,2019,,84.152,,A,Normal value,0,Units,1,One
DATAFLOW,OECD.ELS.SAE:DSD_FTPT@DF_FTPT_NATIONAL_INC(1.0),Incidence of full-time and part-time employment based on national definitions,I,DNK,Denmark,EMP,Employment,PT_POP_SUB,Percentage of population in the same subgroup,M,Male,_T,Total,EMP,Employment,MAIN,Main job,_T,Total,FT,Full-time,NAT_DEF,National definition,A,Annual,2021,,84.359,,A,Normal value,0,Units,1,One
DATAFLOW,OECD.ELS.SAE:DSD_FTPT@DF_FTPT_NATIONAL_INC(1.0),Incidence of full-time and part-time employment based on national definitions,I,DNK,Denmark,EMP,Employment,PT_POP_SUB,Percentage of population in the same subgroup,M,Male,_T,Total,EMP,Employment,MAIN,Main job,_T,Total,FT,Full-time,NAT_DEF,National definition,A,Annual,2022,,84.265,,A,Normal value,0,Units,1,One
DATAFLOW,OECD.ELS.SAE:DSD_FTPT@DF_FTPT_NATIONAL_INC(1.0),Incidence of full-time and part-time employment based on national definitions,I,DNK,Denmark,EMP,Employment,PT_POP_SUB,Percentage of population in the same subgroup,M,Male,_T,Total,EMP,Employment,MAIN,Main job,_T,Total,FT,Full-time,NAT_DEF,National definition,A,Annual,2023,,82.994,,A,Normal value,0,Units,1,One
DATAFLOW,OECD.ELS.SAE:DSD_FTPT@DF_FTPT_NATIONAL_INC(1.0),Incidence of full-time and part-time employment based on national definitions,I,DNK,Denmark,EMP,Employment,PT_POP_SUB,Percentage of population in the same subgroup,M,Male,_T,Total,EMP,Employment,MAIN,Main job,_T,Total,FT,Full-time,NAT_DEF,National definition,A,Annual,2024,,81.282,,A,Normal value,0,Units,1,One
DATAFLOW,OECD.ELS.SAE:DSD_FTPT@DF_FTPT_NATIONAL_INC(1.0),Incidence of full-time and part-time employment based on national definitions,I,DNK,Denmark,EMP,Employment,PT_POP_SUB,Percentage of population in the same subgroup,M,Male,_T,Total,EMP,Employment,MAIN,Main job,_T,Total,FT,Full-time,NAT_DEF,National definition,A,Annual,2025,,81.584,,A,Normal value,0,Units,1,One
DATAFLOW,OECD.ELS.SAE:DSD_FTPT@DF_FTPT_NATIONAL_INC(1.0),Incidence of full-time and part-time employment based on national definitions,I,EST,Estonia,EMP,Employment,PT_POP_SUB,Percentage of population in the same subgroup,M,Male,_T,Total,EMP,Employment,MAIN,Main job,_T,Total,FT,Full-time,NAT_DEF,National definition,A,Annual,2010,,93.016,,A,Normal value,0,Units,1,One
DATAFLOW,OECD.ELS.SAE:DSD_FTPT@DF_FTPT_NATIONAL_INC(1.0),Incidence of full-time and part-time employment based on national definitions,I,EST,Estonia,EMP,Employment,PT_POP_SUB,Percentage of population in the same subgroup,M,Male,_T,Total,EMP,Employment,MAIN,Main job,_T,Total,FT,Full-time,NAT_DEF,National definition,A,Annual,2011,,94.39,,A,Normal value,0,Units,1,One
DATAFLOW,OECD.ELS.SAE:DSD_FTPT@DF_FTPT_NATIONAL_INC(1.0),Incidence of full-time and part-time employment based on national definitions,I,EST,Estonia,EMP,Employment,PT_POP_SUB,Percentage of population in the same subgroup,M,Male,_T,Total,EMP,Employment,MAIN,Main job,_T,Total,FT,Full-time,NAT_DEF,National definition,A,Annual,2012,,94.123,,A,Normal value,0,Units,1,One
DATAFLOW,OECD.ELS.SAE:DSD_FTPT@DF_FTPT_NATIONAL_INC(1.0),Incidence of full-time and part-time employment based on national definitions,I,EST,Estonia,EMP,Employment,PT_POP_SUB,Percentage of population in the same subgroup,M,Male,_T,Total,EMP,Employment,MAIN,Main job,_T,Total,FT,Full-time,NAT_DEF,National definition,A,Annual,2013,,93.803,,A,Normal value,0,Units,1,One
DATAFLOW,OECD.ELS.SAE:DSD_FTPT@DF_FTPT_NATIONAL_INC(1.0),Incidence of full-time and part-time employment based on national definitions,I,EST,Estonia,EMP,Employment,PT_POP_SUB,Percentage of population in the same subgroup,M,Male,_T,Total,EMP,Employment,MAIN,Main job,_T,Total,FT,Full-time,NAT_DEF,National definition,A,Annual,2014,,93.47,,A,Normal value,0,Units,1,One
DATAFLOW,OECD.ELS.SAE:DSD_FTPT@DF_FTPT_NATIONAL_INC(1.0),Incidence of full-time and part-time employment based on national definitions,I,EST,Estonia,EMP,Employment,PT_POP_SUB,Percentage of population in the same subgroup,M,Male,_T,Total,EMP,Employment,MAIN,Main job,_T,Total,FT,Full-time,NAT_DEF,National definition,A,Annual,2015,,93.711,,A,Normal value,0,Units,1,One
DATAFLOW,OECD.ELS.SAE:DSD_FTPT@DF_FTPT_NATIONAL_INC(1.0),Incidence of full-time and part-time employment based on national definitions,I,EST,Estonia,EMP,Employment,PT_POP_SUB,Percentage of population in the same subgroup,M,Male,_T,Total,EMP,Employment,MAIN,Main job,_T,Total,FT,Full-time,NAT_DEF,National definition,A,Annual,2016,,92.673,,A,Normal value,0,Units,1,One
DATAFLOW,OECD.ELS.SAE:DSD_FTPT@DF_FTPT_NATIONAL_INC(1.0),Incidence of full-time and part-time employment based on national definitions,I,EST,Estonia,EMP,Employment,PT_POP_SUB,Percentage of population in the same subgroup,M,Male,_T,Total,EMP,Employment,MAIN,Main job,_T,Total,FT,Full-time,NAT_DEF,National definition,A,Annual,2017,,93.22,,A,Normal value,0,Units,1,One
DATAFLOW,OECD.ELS.SAE:DSD_FTPT@DF_FTPT_NATIONAL_INC(1.0),Incidence of full-time and part-time employment based on national definitions,I,EST,Estonia,EMP,Employment,PT_POP_SUB,Percentage of population in the same subgroup,M,Male,_T,Total,EMP,Employment,MAIN,Main job,_T,Total,FT,Full-time,NAT_DEF,National definition,A,Annual,2018,,92.176,,A,Normal value,0,Units,1,One
DATAFLOW,OECD.ELS.SAE:DSD_FTPT@DF_FTPT_NATIONAL_INC(1.0),Incidence of full-time and part-time employment based on national definitions,I,EST,Estonia,EMP,Employment,PT_POP_SUB,Percentage of population in the same subgroup,M,Male,_T,Total,EMP,Employment,MAIN,Main job,_T,Total,FT,Full-time,NAT_DEF,National definition,A,Annual,2019,,92.038,,A,Normal value,0,Units,1,One
DATAFLOW,OECD.ELS.SAE:DSD_FTPT@DF_FTPT_NATIONAL_INC(1.0),Incidence of full-time and part-time employment based on national definitions,I,EST,Estonia,EMP,Employment,PT_POP_SUB,Percentage of population in the same subgroup,M,Male,_T,Total,EMP,Employment,MAIN,Main job,_T,Total,FT,Full-time,NAT_DEF,National definition,A,Annual,2020,,91.224,,A,Normal value,0,Units,1,One
DATAFLOW,OECD.ELS.SAE:DSD_FTPT@DF_FTPT_NATIONAL_INC(1.0),Incidence of full-time and part-time employment based on national definitions,I,EST,Estonia,EMP,Employment,PT_POP_SUB,Percentage of population in the same subgroup,M,Male,_T,Total,EMP,Employment,MAIN,Main job,_T,Total,FT,Full-time,NAT_DEF,National definition,A,Annual,2021,,91.534,,A,Normal value,0,Units,1,One
DATAFLOW,OECD.ELS.SAE:DSD_FTPT@DF_FTPT_NATIONAL_INC(1.0),Incidence of full-time and part-time employment based on national definitions,I,EST,Estonia,EMP,Employment,PT_POP_SUB,Percentage of population in the same subgroup,M,Male,_T,Total,EMP,Employment,MAIN,Main job,_T,Total,FT,Full-time,NAT_DEF,National definition,A,Annual,2022,,90.524,,A,Normal value,0,Units,1,One
DATAFLOW,OECD.ELS.SAE:DSD_FTPT@DF_FTPT_NATIONAL_INC(1.0),Incidence of full-time and part-time employment based on national definitions,I,EST,Estonia,EMP,Employment,PT_POP_SUB,Percentage of population in the same subgroup,M,Male,_T,Total,EMP,Employment,MAIN,Main job,_T,Total,FT,Full-time,NAT_DEF,National definition,A,Annual,2023,,89.87,,A,Normal value,0,Units,1,One
DATAFLOW,OECD.ELS.SAE:DSD_FTPT@DF_FTPT_NATIONAL_INC(1.0),Incidence of full-time and part-time employment based on national definitions,I,EST,Estonia,EMP,Employment,PT_POP_SUB,Percentage of population in the same subgroup,M,Male,_T,Total,EMP,Employment,MAIN,Main job,_T,Total,FT,Full-time,NAT_DEF,National definition,A,Annual,2024,,90.139,,A,Normal value,0,Units,1,One
DATAFLOW,OECD.ELS.SAE:DSD_FTPT@DF_FTPT_NATIONAL_INC(1.0),Incidence of full-time and part-time employment based on national definitions,I,EST,Estonia,EMP,Employment,PT_POP_SUB,Percentage of population in the same subgroup,M,Male,_T,Total,EMP,Employment,MAIN,Main job,_T,Total,FT,Full-time,NAT_DEF,National definition,A,Annual,2025,,89.348,,A,Normal value,0,Units,1,One
DATAFLOW,OECD.ELS.SAE:DSD_FTPT@DF_FTPT_NATIONAL_INC(1.0),Incidence of full-time and part-time employment based on national definitions,I,FIN,Finland,EMP,Employment,PT_POP_SUB,Percentage of population in the same subgroup,M,Male,_T,Total,EMP,Employment,MAIN,Main job,_T,Total,FT,Full-time,NAT_DEF,National definition,A,Annual,2013,,89.833,,A,Normal value,0,Units,1,One
DATAFLOW,OECD.ELS.SAE:DSD_FTPT@DF_FTPT_NATIONAL_INC(1.0),Incidence of full-time and part-time employment based on national definitions,I,FIN,Finland,EMP,Employment,PT_POP_SUB,Percentage of population in the same subgroup,M,Male,_T,Total,EMP,Employment,MAIN,Main job,_T,Total,FT,Full-time,NAT_DEF,National definition,A,Annual,2014,,89.082,,A,Normal value,0,Units,1,One
DATAFLOW,OECD.ELS.SAE:DSD_FTPT@DF_FTPT_NATIONAL_INC(1.0),Incidence of full-time and part-time employment based on national definitions,I,FIN,Finland,EMP,Employment,PT_POP_SUB,Percentage of population in the same subgroup,M,Male,_T,Total,EMP,Employment,MAIN,Main job,_T,Total,FT,Full-time,NAT_DEF,National definition,A,Annual,2015,,88.511,,A,Normal value,0,Units,1,One
DATAFLOW,OECD.ELS.SAE:DSD_FTPT@DF_FTPT_NATIONAL_INC(1.0),Incidence of full-time and part-time employment based on national definitions,I,FIN,Finland,EMP,Employment,PT_POP_SUB,Percentage of population in the same subgroup,M,Male,_T,Total,EMP,Employment,MAIN,Main job,_T,Total,FT,Full-time,NAT_DEF,National definition,A,Annual,2016,,88.348,,A,Normal value,0,Units,1,One
DATAFLOW,OECD.ELS.SAE:DSD_FTPT@DF_FTPT_NATIONAL_INC(1.0),Incidence of full-time and part-time employment based on national definitions,I,FIN,Finland,EMP,Employment,PT_POP_SUB,Percentage of population in the same subgroup,M,Male,_T,Total,EMP,Employment,MAIN,Main job,_T,Total,FT,Full-time,NAT_DEF,National definition,A,Annual,2017,,88.174,,A,Normal value,0,Units,1,One
DATAFLOW,OECD.ELS.SAE:DSD_FTPT@DF_FTPT_NATIONAL_INC(1.0),Incidence of full-time and part-time employment based on national definitions,I,FIN,Finland,EMP,Employment,PT_POP_SUB,Percentage of population in the same subgroup,M,Male,_T,Total,EMP,Employment,MAIN,Main job,_T,Total,FT,Full-time,NAT_DEF,National definition,A,Annual,2018,,88.08,,A,Normal value,0,Units,1,One
DATAFLOW,OECD.ELS.SAE:DSD_FTPT@DF_FTPT_NATIONAL_INC(1.0),Incidence of full-time and part-time employment based on national definitions,I,FIN,Finland,EMP,Employment,PT_POP_SUB,Percentage of population in the same subgroup,M,Male,_T,Total,EMP,Employment,MAIN,Main job,_T,Total,FT,Full-time,NAT_DEF,National definition,A,Annual,2019,,87.94,,A,Normal value,0,Units,1,One
DATAFLOW,OECD.ELS.SAE:DSD_FTPT@DF_FTPT_NATIONAL_INC(1.0),Incidence of full-time and part-time employment based on national definitions,I,FIN,Finland,EMP,Employment,PT_POP_SUB,Percentage of population in the same subgroup,M,Male,_T,Total,EMP,Employment,MAIN,Main job,_T,Total,FT,Full-time,NAT_DEF,National definition,A,Annual,2020,,87.752,,A,Normal value,0,Units,1,One
DATAFLOW,OECD.ELS.SAE:DSD_FTPT@DF_FTPT_NATIONAL_INC(1.0),Incidence of full-time and part-time employment based on national definitions,I,FIN,Finland,EMP,Employment,PT_POP_SUB,Percentage of population in the same subgroup,M,Male,_T,Total,EMP,Employment,MAIN,Main job,_T,Total,FT,Full-time,NAT_DEF,National definition,A,Annual,2021,,86.756,,A,Normal value,0,Units,1,One
DATAFLOW,OECD.ELS.SAE:DSD_FTPT@DF_FTPT_NATIONAL_INC(1.0),Incidence of full-time and part-time employment based on national definitions,I,FIN,Finland,EMP,Employment,PT_POP_SUB,Percentage of population in the same subgroup,M,Male,_T,Total,EMP,Employment,MAIN,Main job,_T,Total,FT,Full-time,NAT_DEF,National definition,A,Annual,2022,,86.592,,A,Normal value,0,Units,1,One
DATAFLOW,OECD.ELS.SAE:DSD_FTPT@DF_FTPT_NATIONAL_INC(1.0),Incidence of full-time and part-time employment based on national definitions,I,FIN,Finland,EMP,Employment,PT_POP_SUB,Percentage of population in the same subgroup,M,Male,_T,Total,EMP,Employment,MAIN,Main job,_T,Total,FT,Full-time,NAT_DEF,National definition,A,Annual,2023,,86.34,,A,Normal value,0,Units,1,One
DATAFLOW,OECD.ELS.SAE:DSD_FTPT@DF_FTPT_NATIONAL_INC(1.0),Incidence of full-time and part-time employment based on national definitions,I,FIN,Finland,EMP,Employment,PT_POP_SUB,Percentage of population in the same subgroup,M,Male,_T,Total,EMP,Employment,MAIN,Main job,_T,Total,FT,Full-time,NAT_DEF,National definition,A,Annual,2024,,86.033,,A,Normal value,0,Units,1,One
DATAFLOW,OECD.ELS.SAE:DSD_FTPT@DF_FTPT_NATIONAL_INC(1.0),Incidence of full-time and part-time employment based on national definitions,I,FIN,Finland,EMP,Employment,PT_POP_SUB,Percentage of population in the same subgroup,M,Male,_T,Total,EMP,Employment,MAIN,Main job,_T,Total,FT,Full-time,NAT_DEF,National definition,A,Annual,2025,,85.82,,A,Normal value,0,Units,1,One
DATAFLOW,OECD.ELS.SAE:DSD_FTPT@DF_FTPT_NATIONAL_INC(1.0),Incidence of full-time and part-time employment based on national definitions,I,FRA,France,EMP,Employment,PT_POP_SUB,Percentage of population in the same subgroup,M,Male,_T,Total,EMP,Employment,MAIN,Main job,_T,Total,FT,Full-time,NAT_DEF,National definition,A,Annual,2011,,93.16,,A,Normal value,0,Units,1,One
DATAFLOW,OECD.ELS.SAE:DSD_FTPT@DF_FTPT_NATIONAL_INC(1.0),Incidence of full-time and part-time employment based on national definitions,I,FRA,France,EMP,Employment,PT_POP_SUB,Percentage of population in the same subgroup,M,Male,_T,Total,EMP,Employment,MAIN,Main job,_T,Total,FT,Full-time,NAT_DEF,National definition,A,Annual,2015,,92.05,,A,Normal value,0,Units,1,One
DATAFLOW,OECD.ELS.SAE:DSD_FTPT@DF_FTPT_NATIONAL_INC(1.0),Incidence of full-time and part-time employment based on national definitions,I,FRA,France,EMP,Employment,PT_POP_SUB,Percentage of population in the same subgroup,M,Male,_T,Total,EMP,Employment,MAIN,Main job,_T,Total,FT,Full-time,NAT_DEF,National definition,A,Annual,2016,,91.885,,A,Normal value,0,Units,1,One
DATAFLOW,OECD.ELS.SAE:DSD_FTPT@DF_FTPT_NATIONAL_INC(1.0),Incidence of full-time and part-time employment based on national definitions,I,FRA,France,EMP,Employment,PT_POP_SUB,Percentage of population in the same subgroup,M,Male,_T,Total,EMP,Employment,MAIN,Main job,_T,Total,FT,Full-time,NAT_DEF,National definition,A,Annual,2018,,91.659,,A,Normal value,0,Units,1,One
DATAFLOW,OECD.ELS.SAE:DSD_FTPT@DF_FTPT_NATIONAL_INC(1.0),Incidence of full-time and part-time employment based on national definitions,I,FRA,France,EMP,Employment,PT_POP_SUB,Percentage of population in the same subgroup,M,Male,_T,Total,EMP,Employment,MAIN,Main job,_T,Total,FT,Full-time,NAT_DEF,National definition,A,Annual,2022,,91.586,,A,Normal value,0,Units,1,One
DATAFLOW,OECD.ELS.SAE:DSD_FTPT@DF_FTPT_NATIONAL_INC(1.0),Incidence of full-time and part-time employment based on national definitions,I,FRA,France,EMP,Employment,PT_POP_SUB,Percentage of population in the same subgroup,M,Male,_T,Total,EMP,Employment,MAIN,Main job,_T,Total,FT,Full-time,NAT_DEF,National definition,A,Annual,2023,,91.357,,A,Normal value,0,Units,1,One
DATAFLOW,OECD.ELS.SAE:DSD_FTPT@DF_FTPT_NATIONAL_INC(1.0),Incidence of full-time and part-time employment based on national definitions,I,FRA,France,EMP,Employment,PT_POP_SUB,Percentage of population in the same subgroup,M,Male,_T,Total,EMP,Employment,MAIN,Main job,_T,Total,FT,Full-time,NAT_DEF,National definition,A,Annual,2025,,90.759,,A,Normal value,0,Units,1,One
DATAFLOW,OECD.ELS.SAE:DSD_FTPT@DF_FTPT_NATIONAL_INC(1.0),Incidence of full-time and part-time employment based on national definitions,I,DEU,Germany,EMP,Employment,PT_POP_SUB,Percentage of population in the same subgroup,M,Male,_T,Total,EMP,Employment,MAIN,Main job,_T,Total,FT,Full-time,NAT_DEF,National definition,A,Annual,2020,,87.476,,A,Normal value,0,Units,1,One
DATAFLOW,OECD.ELS.SAE:DSD_FTPT@DF_FTPT_NATIONAL_INC(1.0),Incidence of full-time and part-time employment based on national definitions,I,DEU,Germany,EMP,Employment,PT_POP_SUB,Percentage of population in the same subgroup,M,Male,_T,Total,EMP,Employment,MAIN,Main job,_T,Total,FT,Full-time,NAT_DEF,National definition,A,Annual,2021,,87.507,,A,Normal value,0,Units,1,One
DATAFLOW,OECD.ELS.SAE:DSD_FTPT@DF_FTPT_NATIONAL_INC(1.0),Incidence of full-time and part-time employment based on national definitions,I,DEU,Germany,EMP,Employment,PT_POP_SUB,Percentage of population in the same subgroup,M,Male,_T,Total,EMP,Employment,MAIN,Main job,_T,Total,FT,Full-time,NAT_DEF,National definition,A,Annual,2022,,86.974,,A,Normal value,0,Units,1,One
DATAFLOW,OECD.ELS.SAE:DSD_FTPT@DF_FTPT_NATIONAL_INC(1.0),Incidence of full-time and part-time employment based on national definitions,I,DEU,Germany,EMP,Employment,PT_POP_SUB,Percentage of population in the same subgroup,M,Male,_T,Total,EMP,Employment,MAIN,Main job,_T,Total,FT,Full-time,NAT_DEF,National definition,A,Annual,2023,,86.33,,A,Normal value,0,Units,1,One
DATAFLOW,OECD.ELS.SAE:DSD_FTPT@DF_FTPT_NATIONAL_INC(1.0),Incidence of full-time and part-time employment based on national definitions,I,DEU,Germany,EMP,Employment,PT_POP_SUB,Percentage of population in the same subgroup,M,Male,_T,Total,EMP,Employment,MAIN,Main job,_T,Total,FT,Full-time,NAT_DEF,National definition,A,Annual,2024,,85.86,,A,Normal value,0,Units,1,One
DATAFLOW,OECD.ELS.SAE:DSD_FTPT@DF_FTPT_NATIONAL_INC(1.0),Incidence of full-time and part-time employment based on national definitions,I,DEU,Germany,EMP,Employment,PT_POP_SUB,Percentage of population in the same subgroup,M,Male,_T,Total,EMP,Employment,MAIN,Main job,_T,Total,FT,Full-time,NAT_DEF,National definition,A,Annual,2025,,85.441,,A,Normal value,0,Units,1,One
DATAFLOW,OECD.ELS.SAE:DSD_FTPT@DF_FTPT_NATIONAL_INC(1.0),Incidence of full-time and part-time employment based on national definitions,I,GRC,Greece,EMP,Employment,PT_POP_SUB,Percentage of population in the same subgroup,M,Male,_T,Total,EMP,Employment,MAIN,Main job,_T,Total,FT,Full-time,NAT_DEF,National definition,A,Annual,2010,,96.195,,A,Normal value,0,Units,1,One
DATAFLOW,OECD.ELS.SAE:DSD_FTPT@DF_FTPT_NATIONAL_INC(1.0),Incidence of full-time and part-time employment based on national definitions,I,GRC,Greece,EMP,Employment,PT_POP_SUB,Percentage of population in the same subgroup,M,Male,_T,Total,EMP,Employment,MAIN,Main job,_T,Total,FT,Full-time,NAT_DEF,National definition,A,Annual,2014,,93.199,,A,Normal value,0,Units,1,One
DATAFLOW,OECD.ELS.SAE:DSD_FTPT@DF_FTPT_NATIONAL_INC(1.0),Incidence of full-time and part-time employment based on national definitions,I,GRC,Greece,EMP,Employment,PT_POP_SUB,Percentage of population in the same subgroup,M,Male,_T,Total,EMP,Employment,MAIN,Main job,_T,Total,FT,Full-time,NAT_DEF,National definition,A,Annual,2015,,93.176,,A,Normal value,0,Units,1,One
DATAFLOW,OECD.ELS.SAE:DSD_FTPT@DF_FTPT_NATIONAL_INC(1.0),Incidence of full-time and part-time employment based on national definitions,I,GRC,Greece,EMP,Employment,PT_POP_SUB,Percentage of population in the same subgroup,M,Male,_T,Total,EMP,Employment,MAIN,Main job,_T,Total,FT,Full-time,NAT_DEF,National definition,A,Annual,2016,,92.977,,A,Normal value,0,Units,1,One
DATAFLOW,OECD.ELS.SAE:DSD_FTPT@DF_FTPT_NATIONAL_INC(1.0),Incidence of full-time and part-time employment based on national definitions,I,GRC,Greece,EMP,Employment,PT_POP_SUB,Percentage of population in the same subgroup,M,Male,_T,Total,EMP,Employment,MAIN,Main job,_T,Total,FT,Full-time,NAT_DEF,National definition,A,Annual,2017,,93.249,,A,Normal value,0,Units,1,One
DATAFLOW,OECD.ELS.SAE:DSD_FTPT@DF_FTPT_NATIONAL_INC(1.0),Incidence of full-time and part-time employment based on national definitions,I,GRC,Greece,EMP,Employment,PT_POP_SUB,Percentage of population in the same subgroup,M,Male,_T,Total,EMP,Employment,MAIN,Main job,_T,Total,FT,Full-time,NAT_DEF,National definition,A,Annual,2018,,93.663,,A,Normal value,0,Units,1,One
DATAFLOW,OECD.ELS.SAE:DSD_FTPT@DF_FTPT_NATIONAL_INC(1.0),Incidence of full-time and part-time employment based on national definitions,I,GRC,Greece,EMP,Employment,PT_POP_SUB,Percentage of population in the same subgroup,M,Male,_T,Total,EMP,Employment,MAIN,Main job,_T,Total,FT,Full-time,NAT_DEF,National definition,A,Annual,2019,,93.928,,A,Normal value,0,Units,1,One
DATAFLOW,OECD.ELS.SAE:DSD_FTPT@DF_FTPT_NATIONAL_INC(1.0),Incidence of full-time and part-time employment based on national definitions,I,GRC,Greece,EMP,Employment,PT_POP_SUB,Percentage of population in the same subgroup,M,Male,_T,Total,EMP,Employment,MAIN,Main job,_T,Total,FT,Full-time,NAT_DEF,National definition,A,Annual,2020,,94.385,,A,Normal value,0,Units,1,One
DATAFLOW,OECD.ELS.SAE:DSD_FTPT@DF_FTPT_NATIONAL_INC(1.0),Incidence of full-time and part-time employment based on national definitions,I,GRC,Greece,EMP,Employment,PT_POP_SUB,Percentage of population in the same subgroup,M,Male,_T,Total,EMP,Employment,MAIN,Main job,_T,Total,FT,Full-time,NAT_DEF,National definition,A,Annual,2021,,94.758,,A,Normal value,0,Units,1,One
DATAFLOW,OECD.ELS.SAE:DSD_FTPT@DF_FTPT_NATIONAL_INC(1.0),Incidence of full-time and part-time employment based on national definitions,I,GRC,Greece,EMP,Employment,PT_POP_SUB,Percentage of population in the same subgroup,M,Male,_T,Total,EMP,Employment,MAIN,Main job,_T,Total,FT,Full-time,NAT_DEF,National definition,A,Annual,2022,,94.846,,A,Normal value,0,Units,1,One
DATAFLOW,OECD.ELS.SAE:DSD_FTPT@DF_FTPT_NATIONAL_INC(1.0),Incidence of full-time and part-time employment based on national definitions,I,GRC,Greece,EMP,Employment,PT_POP_SUB,Percentage of population in the same subgroup,M,Male,_T,Total,EMP,Employment,MAIN,Main job,_T,Total,FT,Full-time,NAT_DEF,National definition,A,Annual,2023,,95.786,,A,Normal value,0,Units,1,One
DATAFLOW,OECD.ELS.SAE:DSD_FTPT@DF_FTPT_NATIONAL_INC(1.0),Incidence of full-time and part-time employment based on national definitions,I,GRC,Greece,EMP,Employment,PT_POP_SUB,Percentage of population in the same subgroup,M,Male,_T,Total,EMP,Employment,MAIN,Main job,_T,Total,FT,Full-time,NAT_DEF,National definition,A,Annual,2024,,96.482,,A,Normal value,0,Units,1,One
DATAFLOW,OECD.ELS.SAE:DSD_FTPT@DF_FTPT_NATIONAL_INC(1.0),Incidence of full-time and part-time employment based on national definitions,I,GRC,Greece,EMP,Employment,PT_POP_SUB,Percentage of population in the same subgroup,M,Male,_T,Total,EMP,Employment,MAIN,Main job,_T,Total,FT,Full-time,NAT_DEF,National definition,A,Annual,2025,,96.963,,A,Normal value,0,Units,1,One
DATAFLOW,OECD.ELS.SAE:DSD_FTPT@DF_FTPT_NATIONAL_INC(1.0),Incidence of full-time and part-time employment based on national definitions,I,HUN,Hungary,EMP,Employment,PT_POP_SUB,Percentage of population in the same subgroup,M,Male,_T,Total,EMP,Employment,MAIN,Main job,_T,Total,FT,Full-time,NAT_DEF,National definition,A,Annual,2010,,96.038,,A,Normal value,0,Units,1,One
DATAFLOW,OECD.ELS.SAE:DSD_FTPT@DF_FTPT_NATIONAL_INC(1.0),Incidence of full-time and part-time employment based on national definitions,I,HUN,Hungary,EMP,Employment,PT_POP_SUB,Percentage of population in the same subgroup,M,Male,_T,Total,EMP,Employment,MAIN,Main job,_T,Total,FT,Full-time,NAT_DEF,National definition,A,Annual,2011,,95.197,,A,Normal value,0,Units,1,One
DATAFLOW,OECD.ELS.SAE:DSD_FTPT@DF_FTPT_NATIONAL_INC(1.0),Incidence of full-time and part-time employment based on national definitions,I,HUN,Hungary,EMP,Employment,PT_POP_SUB,Percentage of population in the same subgroup,M,Male,_T,Total,EMP,Employment,MAIN,Main job,_T,Total,FT,Full-time,NAT_DEF,National definition,A,Annual,2012,,95.289,,A,Normal value,0,Units,1,One
DATAFLOW,OECD.ELS.SAE:DSD_FTPT@DF_FTPT_NATIONAL_INC(1.0),Incidence of full-time and part-time employment based on national definitions,I,HUN,Hungary,EMP,Employment,PT_POP_SUB,Percentage of population in the same subgroup,M,Male,_T,Total,EMP,Employment,MAIN,Main job,_T,Total,FT,Full-time,NAT_DEF,National definition,A,Annual,2013,,95.466,,A,Normal value,0,Units,1,One
DATAFLOW,OECD.ELS.SAE:DSD_FTPT@DF_FTPT_NATIONAL_INC(1.0),Incidence of full-time and part-time employment based on national definitions,I,HUN,Hungary,EMP,Employment,PT_POP_SUB,Percentage of population in the same subgroup,M,Male,_T,Total,EMP,Employment,MAIN,Main job,_T,Total,FT,Full-time,NAT_DEF,National definition,A,Annual,2014,,95.51,,A,Normal value,0,Units,1,One
DATAFLOW,OECD.ELS.SAE:DSD_FTPT@DF_FTPT_NATIONAL_INC(1.0),Incidence of full-time and part-time employment based on national definitions,I,HUN,Hungary,EMP,Employment,PT_POP_SUB,Percentage of population in the same subgroup,M,Male,_T,Total,EMP,Employment,MAIN,Main job,_T,Total,FT,Full-time,NAT_DEF,National definition,A,Annual,2015,,95.645,,A,Normal value,0,Units,1,One
DATAFLOW,OECD.ELS.SAE:DSD_FTPT@DF_FTPT_NATIONAL_INC(1.0),Incidence of full-time and part-time employment based on national definitions,I,HUN,Hungary,EMP,Employment,PT_POP_SUB,Percentage of population in the same subgroup,M,Male,_T,Total,EMP,Employment,MAIN,Main job,_T,Total,FT,Full-time,NAT_DEF,National definition,A,Annual,2016,,96.471,,A,Normal value,0,Units,1,One
DATAFLOW,OECD.ELS.SAE:DSD_FTPT@DF_FTPT_NATIONAL_INC(1.0),Incidence of full-time and part-time employment based on national definitions,I,HUN,Hungary,EMP,Employment,PT_POP_SUB,Percentage of population in the same subgroup,M,Male,_T,Total,EMP,Employment,MAIN,Main job,_T,Total,FT,Full-time,NAT_DEF,National definition,A,Annual,2017,,96.891,,A,Normal value,0,Units,1,One
DATAFLOW,OECD.ELS.SAE:DSD_FTPT@DF_FTPT_NATIONAL_INC(1.0),Incidence of full-time and part-time employment based on national definitions,I,HUN,Hungary,EMP,Employment,PT_POP_SUB,Percentage of population in the same subgroup,M,Male,_T,Total,EMP,Employment,MAIN,Main job,_T,Total,FT,Full-time,NAT_DEF,National definition,A,Annual,2018,,96.915,,A,Normal value,0,Units,1,One
DATAFLOW,OECD.ELS.SAE:DSD_FTPT@DF_FTPT_NATIONAL_INC(1.0),Incidence of full-time and part-time employment based on national definitions,I,HUN,Hungary,EMP,Employment,PT_POP_SUB,Percentage of population in the same subgroup,M,Male,_T,Total,EMP,Employment,MAIN,Main job,_T,Total,FT,Full-time,NAT_DEF,National definition,A,Annual,2019,,96.772,,A,Normal value,0,Units,1,One
DATAFLOW,OECD.ELS.SAE:DSD_FTPT@DF_FTPT_NATIONAL_INC(1.0),Incidence of full-time and part-time employment based on national definitions,I,HUN,Hungary,EMP,Employment,PT_POP_SUB,Percentage of population in the same subgroup,M,Male,_T,Total,EMP,Employment,MAIN,Main job,_T,Total,FT,Full-time,NAT_DEF,National definition,A,Annual,2020,,96.513,,A,Normal value,0,Units,1,One
DATAFLOW,OECD.ELS.SAE:DSD_FTPT@DF_FTPT_NATIONAL_INC(1.0),Incidence of full-time and part-time employment based on national definitions,I,HUN,Hungary,EMP,Employment,PT_POP_SUB,Percentage of population in the same subgroup,M,Male,_T,Total,EMP,Employment,MAIN,Main job,_T,Total,FT,Full-time,NAT_DEF,National definition,A,Annual,2021,,96.567,,A,Normal value,0,Units,1,One
DATAFLOW,OECD.ELS.SAE:DSD_FTPT@DF_FTPT_NATIONAL_INC(1.0),Incidence of full-time and part-time employment based on national definitions,I,HUN,Hungary,EMP,Employment,PT_POP_SUB,Percentage of population in the same subgroup,M,Male,_T,Total,EMP,Employment,MAIN,Main job,_T,Total,FT,Full-time,NAT_DEF,National definition,A,Annual,2022,,96.673,,A,Normal value,0,Units,1,One
DATAFLOW,OECD.ELS.SAE:DSD_FTPT@DF_FTPT_NATIONAL_INC(1.0),Incidence of full-time and part-time employment based on national definitions,I,HUN,Hungary,EMP,Employment,PT_POP_SUB,Percentage of population in the same subgroup,M,Male,_T,Total,EMP,Employment,MAIN,Main job,_T,Total,FT,Full-time,NAT_DEF,National definition,A,Annual,2023,,96.812,,A,Normal value,0,Units,1,One
DATAFLOW,OECD.ELS.SAE:DSD_FTPT@DF_FTPT_NATIONAL_INC(1.0),Incidence of full-time and part-time employment based on national definitions,I,HUN,Hungary,EMP,Employment,PT_POP_SUB,Percentage of population in the same subgroup,M,Male,_T,Total,EMP,Employment,MAIN,Main job,_T,Total,FT,Full-time,NAT_DEF,National definition,A,Annual,2024,,96.672,,A,Normal value,0,Units,1,One
DATAFLOW,OECD.ELS.SAE:DSD_FTPT@DF_FTPT_NATIONAL_INC(1.0),Incidence of full-time and part-time employment based on national definitions,I,HUN,Hungary,EMP,Employment,PT_POP_SUB,Percentage of population in the same subgroup,M,Male,_T,Total,EMP,Employment,MAIN,Main job,_T,Total,FT,Full-time,NAT_DEF,National definition,A,Annual,2025,,96.516,,A,Normal value,0,Units,1,One
DATAFLOW,OECD.ELS.SAE:DSD_FTPT@DF_FTPT_NATIONAL_INC(1.0),Incidence of full-time and part-time employment based on national definitions,I,ISL,Iceland,EMP,Employment,PT_POP_SUB,Percentage of population in the same subgroup,M,Male,_T,Total,EMP,Employment,MAIN,Main job,_T,Total,FT,Full-time,NAT_DEF,National definition,A,Annual,2010,,86.053,,A,Normal value,0,Units,1,One
DATAFLOW,OECD.ELS.SAE:DSD_FTPT@DF_FTPT_NATIONAL_INC(1.0),Incidence of full-time and part-time employment based on national definitions,I,ISL,Iceland,EMP,Employment,PT_POP_SUB,Percentage of population in the same subgroup,M,Male,_T,Total,EMP,Employment,MAIN,Main job,_T,Total,FT,Full-time,NAT_DEF,National definition,A,Annual,2011,,86.877,,A,Normal value,0,Units,1,One
DATAFLOW,OECD.ELS.SAE:DSD_FTPT@DF_FTPT_NATIONAL_INC(1.0),Incidence of full-time and part-time employment based on national definitions,I,ISL,Iceland,EMP,Employment,PT_POP_SUB,Percentage of population in the same subgroup,M,Male,_T,Total,EMP,Employment,MAIN,Main job,_T,Total,FT,Full-time,NAT_DEF,National definition,A,Annual,2012,,85.988,,A,Normal value,0,Units,1,One
DATAFLOW,OECD.ELS.SAE:DSD_FTPT@DF_FTPT_NATIONAL_INC(1.0),Incidence of full-time and part-time employment based on national definitions,I,ISL,Iceland,EMP,Employment,PT_POP_SUB,Percentage of population in the same subgroup,M,Male,_T,Total,EMP,Employment,MAIN,Main job,_T,Total,FT,Full-time,NAT_DEF,National definition,A,Annual,2013,,86.69,,A,Normal value,0,Units,1,One
DATAFLOW,OECD.ELS.SAE:DSD_FTPT@DF_FTPT_NATIONAL_INC(1.0),Incidence of full-time and part-time employment based on national definitions,I,ISL,Iceland,EMP,Employment,PT_POP_SUB,Percentage of population in the same subgroup,M,Male,_T,Total,EMP,Employment,MAIN,Main job,_T,Total,FT,Full-time,NAT_DEF,National definition,A,Annual,2014,,86.576,,A,Normal value,0,Units,1,One
DATAFLOW,OECD.ELS.SAE:DSD_FTPT@DF_FTPT_NATIONAL_INC(1.0),Incidence of full-time and part-time employment based on national definitions,I,ISL,Iceland,EMP,Employment,PT_POP_SUB,Percentage of population in the same subgroup,M,Male,_T,Total,EMP,Employment,MAIN,Main job,_T,Total,FT,Full-time,NAT_DEF,National definition,A,Annual,2015,,86.115,,A,Normal value,0,Units,1,One
DATAFLOW,OECD.ELS.SAE:DSD_FTPT@DF_FTPT_NATIONAL_INC(1.0),Incidence of full-time and part-time employment based on national definitions,I,ISL,Iceland,EMP,Employment,PT_POP_SUB,Percentage of population in the same subgroup,M,Male,_T,Total,EMP,Employment,MAIN,Main job,_T,Total,FT,Full-time,NAT_DEF,National definition,A,Annual,2016,,85.669,,A,Normal value,0,Units,1,One
DATAFLOW,OECD.ELS.SAE:DSD_FTPT@DF_FTPT_NATIONAL_INC(1.0),Incidence of full-time and part-time employment based on national definitions,I,ISL,Iceland,EMP,Employment,PT_POP_SUB,Percentage of population in the same subgroup,M,Male,_T,Total,EMP,Employment,MAIN,Main job,_T,Total,FT,Full-time,NAT_DEF,National definition,A,Annual,2017,,85.778,,A,Normal value,0,Units,1,One
DATAFLOW,OECD.ELS.SAE:DSD_FTPT@DF_FTPT_NATIONAL_INC(1.0),Incidence of full-time and part-time employment based on national definitions,I,ISL,Iceland,EMP,Employment,PT_POP_SUB,Percentage of population in the same subgroup,M,Male,_T,Total,EMP,Employment,MAIN,Main job,_T,Total,FT,Full-time,NAT_DEF,National definition,A,Annual,2018,,86.877,,A,Normal value,0,Units,1,One
DATAFLOW,OECD.ELS.SAE:DSD_FTPT@DF_FTPT_NATIONAL_INC(1.0),Incidence of full-time and part-time employment based on national definitions,I,ISL,Iceland,EMP,Employment,PT_POP_SUB,Percentage of population in the same subgroup,M,Male,_T,Total,EMP,Employment,MAIN,Main job,_T,Total,FT,Full-time,NAT_DEF,National definition,A,Annual,2019,,87.514,,A,Normal value,0,Units,1,One
DATAFLOW,OECD.ELS.SAE:DSD_FTPT@DF_FTPT_NATIONAL_INC(1.0),Incidence of full-time and part-time employment based on national definitions,I,ISL,Iceland,EMP,Employment,PT_POP_SUB,Percentage of population in the same subgroup,M,Male,_T,Total,EMP,Employment,MAIN,Main job,_T,Total,FT,Full-time,NAT_DEF,National definition,A,Annual,2020,,86.321,,A,Normal value,0,Units,1,One
DATAFLOW,OECD.ELS.SAE:DSD_FTPT@DF_FTPT_NATIONAL_INC(1.0),Incidence of full-time and part-time employment based on national definitions,I,ISL,Iceland,EMP,Employment,PT_POP_SUB,Percentage of population in the same subgroup,M,Male,_T,Total,EMP,Employment,MAIN,Main job,_T,Total,FT,Full-time,NAT_DEF,National definition,A,Annual,2021,,85.594,,A,Normal value,0,Units,1,One
DATAFLOW,OECD.ELS.SAE:DSD_FTPT@DF_FTPT_NATIONAL_INC(1.0),Incidence of full-time and part-time employment based on national definitions,I,ISL,Iceland,EMP,Employment,PT_POP_SUB,Percentage of population in the same subgroup,M,Male,_T,Total,EMP,Employment,MAIN,Main job,_T,Total,FT,Full-time,NAT_DEF,National definition,A,Annual,2022,,84.865,,A,Normal value,0,Units,1,One
DATAFLOW,OECD.ELS.SAE:DSD_FTPT@DF_FTPT_NATIONAL_INC(1.0),Incidence of full-time and part-time employment based on national definitions,I,ISL,Iceland,EMP,Employment,PT_POP_SUB,Percentage of population in the same subgroup,M,Male,_T,Total,EMP,Employment,MAIN,Main job,_T,Total,FT,Full-time,NAT_DEF,National definition,A,Annual,2023,,85.239,,A,Normal value,0,Units,1,One
DATAFLOW,OECD.ELS.SAE:DSD_FTPT@DF_FTPT_NATIONAL_INC(1.0),Incidence of full-time and part-time employment based on national definitions,I,ISL,Iceland,EMP,Employment,PT_POP_SUB,Percentage of population in the same subgroup,M,Male,_T,Total,EMP,Employment,MAIN,Main job,_T,Total,FT,Full-time,NAT_DEF,National definition,A,Annual,2024,,87.437,,A,Normal value,0,Units,1,One
DATAFLOW,OECD.ELS.SAE:DSD_FTPT@DF_FTPT_NATIONAL_INC(1.0),Incidence of full-time and part-time employment based on national definitions,I,ISL,Iceland,EMP,Employment,PT_POP_SUB,Percentage of population in the same subgroup,M,Male,_T,Total,EMP,Employment,MAIN,Main job,_T,Total,FT,Full-time,NAT_DEF,National definition,A,Annual,2025,,85.663,,A,Normal value,0,Units,1,One
DATAFLOW,OECD.ELS.SAE:DSD_FTPT@DF_FTPT_NATIONAL_INC(1.0),Incidence of full-time and part-time employment based on national definitions,I,IRL,Ireland,EMP,Employment,PT_POP_SUB,Percentage of population in the same subgroup,M,Male,_T,Total,EMP,Employment,MAIN,Main job,_T,Total,FT,Full-time,NAT_DEF,National definition,A,Annual,2010,,88.831,,A,Normal value,0,Units,1,One
DATAFLOW,OECD.ELS.SAE:DSD_FTPT@DF_FTPT_NATIONAL_INC(1.0),Incidence of full-time and part-time employment based on national definitions,I,IRL,Ireland,EMP,Employment,PT_POP_SUB,Percentage of population in the same subgroup,M,Male,_T,Total,EMP,Employment,MAIN,Main job,_T,Total,FT,Full-time,NAT_DEF,National definition,A,Annual,2012,,86.866,,A,Normal value,0,Units,1,One
DATAFLOW,OECD.ELS.SAE:DSD_FTPT@DF_FTPT_NATIONAL_INC(1.0),Incidence of full-time and part-time employment based on national definitions,I,IRL,Ireland,EMP,Employment,PT_POP_SUB,Percentage of population in the same subgroup,M,Male,_T,Total,EMP,Employment,MAIN,Main job,_T,Total,FT,Full-time,NAT_DEF,National definition,A,Annual,2013,,86.439,,A,Normal value,0,Units,1,One
DATAFLOW,OECD.ELS.SAE:DSD_FTPT@DF_FTPT_NATIONAL_INC(1.0),Incidence of full-time and part-time employment based on national definitions,I,IRL,Ireland,EMP,Employment,PT_POP_SUB,Percentage of population in the same subgroup,M,Male,_T,Total,EMP,Employment,MAIN,Main job,_T,Total,FT,Full-time,NAT_DEF,National definition,A,Annual,2015,,88.054,,A,Normal value,0,Units,1,One
DATAFLOW,OECD.ELS.SAE:DSD_FTPT@DF_FTPT_NATIONAL_INC(1.0),Incidence of full-time and part-time employment based on national definitions,I,IRL,Ireland,EMP,Employment,PT_POP_SUB,Percentage of population in the same subgroup,M,Male,_T,Total,EMP,Employment,MAIN,Main job,_T,Total,FT,Full-time,NAT_DEF,National definition,A,Annual,2016,,87.872,,A,Normal value,0,Units,1,One
DATAFLOW,OECD.ELS.SAE:DSD_FTPT@DF_FTPT_NATIONAL_INC(1.0),Incidence of full-time and part-time employment based on national definitions,I,IRL,Ireland,EMP,Employment,PT_POP_SUB,Percentage of population in the same subgroup,M,Male,_T,Total,EMP,Employment,MAIN,Main job,_T,Total,FT,Full-time,NAT_DEF,National definition,A,Annual,2017,,90.485,,A,Normal value,0,Units,1,One
DATAFLOW,OECD.ELS.SAE:DSD_FTPT@DF_FTPT_NATIONAL_INC(1.0),Incidence of full-time and part-time employment based on national definitions,I,IRL,Ireland,EMP,Employment,PT_POP_SUB,Percentage of population in the same subgroup,M,Male,_T,Total,EMP,Employment,MAIN,Main job,_T,Total,FT,Full-time,NAT_DEF,National definition,A,Annual,2018,,91.698,,A,Normal value,0,Units,1,One
DATAFLOW,OECD.ELS.SAE:DSD_FTPT@DF_FTPT_NATIONAL_INC(1.0),Incidence of full-time and part-time employment based on national definitions,I,IRL,Ireland,EMP,Employment,PT_POP_SUB,Percentage of population in the same subgroup,M,Male,_T,Total,EMP,Employment,MAIN,Main job,_T,Total,FT,Full-time,NAT_DEF,National definition,A,Annual,2019,,91.683,,A,Normal value,0,Units,1,One
DATAFLOW,OECD.ELS.SAE:DSD_FTPT@DF_FTPT_NATIONAL_INC(1.0),Incidence of full-time and part-time employment based on national definitions,I,IRL,Ireland,EMP,Employment,PT_POP_SUB,Percentage of population in the same subgroup,M,Male,_T,Total,EMP,Employment,MAIN,Main job,_T,Total,FT,Full-time,NAT_DEF,National definition,A,Annual,2020,,92.359,,A,Normal value,0,Units,1,One
DATAFLOW,OECD.ELS.SAE:DSD_FTPT@DF_FTPT_NATIONAL_INC(1.0),Incidence of full-time and part-time employment based on national definitions,I,IRL,Ireland,EMP,Employment,PT_POP_SUB,Percentage of population in the same subgroup,M,Male,_T,Total,EMP,Employment,MAIN,Main job,_T,Total,FT,Full-time,NAT_DEF,National definition,A,Annual,2022,,90.496,,A,Normal value,0,Units,1,One
DATAFLOW,OECD.ELS.SAE:DSD_FTPT@DF_FTPT_NATIONAL_INC(1.0),Incidence of full-time and part-time employment based on national definitions,I,IRL,Ireland,EMP,Employment,PT_POP_SUB,Percentage of population in the same subgroup,M,Male,_T,Total,EMP,Employment,MAIN,Main job,_T,Total,FT,Full-time,NAT_DEF,National definition,A,Annual,2023,,90.355,,A,Normal value,0,Units,1,One
DATAFLOW,OECD.ELS.SAE:DSD_FTPT@DF_FTPT_NATIONAL_INC(1.0),Incidence of full-time and part-time employment based on national definitions,I,IRL,Ireland,EMP,Employment,PT_POP_SUB,Percentage of population in the same subgroup,M,Male,_T,Total,EMP,Employment,MAIN,Main job,_T,Total,FT,Full-time,NAT_DEF,National definition,A,Annual,2024,,90.302,,A,Normal value,0,Units,1,One
DATAFLOW,OECD.ELS.SAE:DSD_FTPT@DF_FTPT_NATIONAL_INC(1.0),Incidence of full-time and part-time employment based on national definitions,I,IRL,Ireland,EMP,Employment,PT_POP_SUB,Percentage of population in the same subgroup,M,Male,_T,Total,EMP,Employment,MAIN,Main job,_T,Total,FT,Full-time,NAT_DEF,National definition,A,Annual,2025,,90.725,,A,Normal value,0,Units,1,One
DATAFLOW,OECD.ELS.SAE:DSD_FTPT@DF_FTPT_NATIONAL_INC(1.0),Incidence of full-time and part-time employment based on national definitions,I,ISR,Israel,EMP,Employment,PT_POP_SUB,Percentage of population in the same subgroup,M,Male,_T,Total,EMP,Employment,MAIN,Main job,_T,Total,FT,Full-time,NAT_DEF,National definition,A,Annual,2013,,86.595,,A,Normal value,0,Units,1,One
DATAFLOW,OECD.ELS.SAE:DSD_FTPT@DF_FTPT_NATIONAL_INC(1.0),Incidence of full-time and part-time employment based on national definitions,I,ISR,Israel,EMP,Employment,PT_POP_SUB,Percentage of population in the same subgroup,M,Male,_T,Total,EMP,Employment,MAIN,Main job,_T,Total,FT,Full-time,NAT_DEF,National definition,A,Annual,2014,,86.637,,A,Normal value,0,Units,1,One
DATAFLOW,OECD.ELS.SAE:DSD_FTPT@DF_FTPT_NATIONAL_INC(1.0),Incidence of full-time and part-time employment based on national definitions,I,ISR,Israel,EMP,Employment,PT_POP_SUB,Percentage of population in the same subgroup,M,Male,_T,Total,EMP,Employment,MAIN,Main job,_T,Total,FT,Full-time,NAT_DEF,National definition,A,Annual,2015,,86.542,,A,Normal value,0,Units,1,One
DATAFLOW,OECD.ELS.SAE:DSD_FTPT@DF_FTPT_NATIONAL_INC(1.0),Incidence of full-time and part-time employment based on national definitions,I,ISR,Israel,EMP,Employment,PT_POP_SUB,Percentage of population in the same subgroup,M,Male,_T,Total,EMP,Employment,MAIN,Main job,_T,Total,FT,Full-time,NAT_DEF,National definition,A,Annual,2016,,86.829,,A,Normal value,0,Units,1,One
DATAFLOW,OECD.ELS.SAE:DSD_FTPT@DF_FTPT_NATIONAL_INC(1.0),Incidence of full-time and part-time employment based on national definitions,I,ISR,Israel,EMP,Employment,PT_POP_SUB,Percentage of population in the same subgroup,M,Male,_T,Total,EMP,Employment,MAIN,Main job,_T,Total,FT,Full-time,NAT_DEF,National definition,A,Annual,2017,,87.13,,A,Normal value,0,Units,1,One
DATAFLOW,OECD.ELS.SAE:DSD_FTPT@DF_FTPT_NATIONAL_INC(1.0),Incidence of full-time and part-time employment based on national definitions,I,ISR,Israel,EMP,Employment,PT_POP_SUB,Percentage of population in the same subgroup,M,Male,_T,Total,EMP,Employment,MAIN,Main job,_T,Total,FT,Full-time,NAT_DEF,National definition,A,Annual,2018,,86.716,,A,Normal value,0,Units,1,One
DATAFLOW,OECD.ELS.SAE:DSD_FTPT@DF_FTPT_NATIONAL_INC(1.0),Incidence of full-time and part-time employment based on national definitions,I,ISR,Israel,EMP,Employment,PT_POP_SUB,Percentage of population in the same subgroup,M,Male,_T,Total,EMP,Employment,MAIN,Main job,_T,Total,FT,Full-time,NAT_DEF,National definition,A,Annual,2019,,86.895,,A,Normal value,0,Units,1,One
DATAFLOW,OECD.ELS.SAE:DSD_FTPT@DF_FTPT_NATIONAL_INC(1.0),Incidence of full-time and part-time employment based on national definitions,I,ISR,Israel,EMP,Employment,PT_POP_SUB,Percentage of population in the same subgroup,M,Male,_T,Total,EMP,Employment,MAIN,Main job,_T,Total,FT,Full-time,NAT_DEF,National definition,A,Annual,2020,,87.126,,A,Normal value,0,Units,1,One
DATAFLOW,OECD.ELS.SAE:DSD_FTPT@DF_FTPT_NATIONAL_INC(1.0),Incidence of full-time and part-time employment based on national definitions,I,ISR,Israel,EMP,Employment,PT_POP_SUB,Percentage of population in the same subgroup,M,Male,_T,Total,EMP,Employment,MAIN,Main job,_T,Total,FT,Full-time,NAT_DEF,National definition,A,Annual,2021,,87.047,,A,Normal value,0,Units,1,One
DATAFLOW,OECD.ELS.SAE:DSD_FTPT@DF_FTPT_NATIONAL_INC(1.0),Incidence of full-time and part-time employment based on national definitions,I,ISR,Israel,EMP,Employment,PT_POP_SUB,Percentage of population in the same subgroup,M,Male,_T,Total,EMP,Employment,MAIN,Main job,_T,Total,FT,Full-time,NAT_DEF,National definition,A,Annual,2023,,85.431,,A,Normal value,0,Units,1,One
DATAFLOW,OECD.ELS.SAE:DSD_FTPT@DF_FTPT_NATIONAL_INC(1.0),Incidence of full-time and part-time employment based on national definitions,I,ISR,Israel,EMP,Employment,PT_POP_SUB,Percentage of population in the same subgroup,M,Male,_T,Total,EMP,Employment,MAIN,Main job,_T,Total,FT,Full-time,NAT_DEF,National definition,A,Annual,2024,,86.041,,A,Normal value,0,Units,1,One
DATAFLOW,OECD.ELS.SAE:DSD_FTPT@DF_FTPT_NATIONAL_INC(1.0),Incidence of full-time and part-time employment based on national definitions,I,ISR,Israel,EMP,Employment,PT_POP_SUB,Percentage of population in the same subgroup,M,Male,_T,Total,EMP,Employment,MAIN,Main job,_T,Total,FT,Full-time,NAT_DEF,National definition,A,Annual,2025,,86.6,,A,Normal value,0,Units,1,One
DATAFLOW,OECD.ELS.SAE:DSD_FTPT@DF_FTPT_NATIONAL_INC(1.0),Incidence of full-time and part-time employment based on national definitions,I,ITA,Italy,EMP,Employment,PT_POP_SUB,Percentage of population in the same subgroup,M,Male,_T,Total,EMP,Employment,MAIN,Main job,_T,Total,FT,Full-time,NAT_DEF,National definition,A,Annual,2010,,94.519,,A,Normal value,0,Units,1,One
DATAFLOW,OECD.ELS.SAE:DSD_FTPT@DF_FTPT_NATIONAL_INC(1.0),Incidence of full-time and part-time employment based on national definitions,I,ITA,Italy,EMP,Employment,PT_POP_SUB,Percentage of population in the same subgroup,M,Male,_T,Total,EMP,Employment,MAIN,Main job,_T,Total,FT,Full-time,NAT_DEF,National definition,A,Annual,2011,,94.119,,A,Normal value,0,Units,1,One
DATAFLOW,OECD.ELS.SAE:DSD_FTPT@DF_FTPT_NATIONAL_INC(1.0),Incidence of full-time and part-time employment based on national definitions,I,ITA,Italy,EMP,Employment,PT_POP_SUB,Percentage of population in the same subgroup,M,Male,_T,Total,EMP,Employment,MAIN,Main job,_T,Total,FT,Full-time,NAT_DEF,National definition,A,Annual,2013,,92.099,,A,Normal value,0,Units,1,One
DATAFLOW,OECD.ELS.SAE:DSD_FTPT@DF_FTPT_NATIONAL_INC(1.0),Incidence of full-time and part-time employment based on national definitions,I,ITA,Italy,EMP,Employment,PT_POP_SUB,Percentage of population in the same subgroup,M,Male,_T,Total,EMP,Employment,MAIN,Main job,_T,Total,FT,Full-time,NAT_DEF,National definition,A,Annual,2014,,91.635,,A,Normal value,0,Units,1,One
DATAFLOW,OECD.ELS.SAE:DSD_FTPT@DF_FTPT_NATIONAL_INC(1.0),Incidence of full-time and part-time employment based on national definitions,I,ITA,Italy,EMP,Employment,PT_POP_SUB,Percentage of population in the same subgroup,M,Male,_T,Total,EMP,Employment,MAIN,Main job,_T,Total,FT,Full-time,NAT_DEF,National definition,A,Annual,2024,,92.513,,A,Normal value,0,Units,1,One
DATAFLOW,OECD.ELS.SAE:DSD_FTPT@DF_FTPT_NATIONAL_INC(1.0),Incidence of full-time and part-time employment based on national definitions,I,ITA,Italy,EMP,Employment,PT_POP_SUB,Percentage of population in the same subgroup,M,Male,_T,Total,EMP,Employment,MAIN,Main job,_T,Total,FT,Full-time,NAT_DEF,National definition,A,Annual,2025,,93.363,,A,Normal value,0,Units,1,One
DATAFLOW,OECD.ELS.SAE:DSD_FTPT@DF_FTPT_NATIONAL_INC(1.0),Incidence of full-time and part-time employment based on national definitions,I,JPN,Japan,EMP,Employment,PT_POP_SUB,Percentage of population in the same subgroup,M,Male,_T,Total,EMP,Employment,MAIN,Main job,_T,Total,FT,Full-time,NAT_DEF,National definition,A,Annual,2025,,84.098,,A,Normal value,0,Units,1,One
DATAFLOW,OECD.ELS.SAE:DSD_FTPT@DF_FTPT_NATIONAL_INC(1.0),Incidence of full-time and part-time employment based on national definitions,I,LVA,Latvia,EMP,Employment,PT_POP_SUB,Percentage of population in the same subgroup,M,Male,_T,Total,EMP,Employment,MAIN,Main job,_T,Total,FT,Full-time,NAT_DEF,National definition,A,Annual,2010,,92.105,,A,Normal value,0,Units,1,One
DATAFLOW,OECD.ELS.SAE:DSD_FTPT@DF_FTPT_NATIONAL_INC(1.0),Incidence of full-time and part-time employment based on national definitions,I,LVA,Latvia,EMP,Employment,PT_POP_SUB,Percentage of population in the same subgroup,M,Male,_T,Total,EMP,Employment,MAIN,Main job,_T,Total,FT,Full-time,NAT_DEF,National definition,A,Annual,2011,,92.682,,A,Normal value,0,Units,1,One
DATAFLOW,OECD.ELS.SAE:DSD_FTPT@DF_FTPT_NATIONAL_INC(1.0),Incidence of full-time and part-time employment based on national definitions,I,LVA,Latvia,EMP,Employment,PT_POP_SUB,Percentage of population in the same subgroup,M,Male,_T,Total,EMP,Employment,MAIN,Main job,_T,Total,FT,Full-time,NAT_DEF,National definition,A,Annual,2012,,92.967,,A,Normal value,0,Units,1,One
DATAFLOW,OECD.ELS.SAE:DSD_FTPT@DF_FTPT_NATIONAL_INC(1.0),Incidence of full-time and part-time employment based on national definitions,I,LVA,Latvia,EMP,Employment,PT_POP_SUB,Percentage of population in the same subgroup,M,Male,_T,Total,EMP,Employment,MAIN,Main job,_T,Total,FT,Full-time,NAT_DEF,National definition,A,Annual,2013,,94.024,,A,Normal value,0,Units,1,One
DATAFLOW,OECD.ELS.SAE:DSD_FTPT@DF_FTPT_NATIONAL_INC(1.0),Incidence of full-time and part-time employment based on national definitions,I,LVA,Latvia,EMP,Employment,PT_POP_SUB,Percentage of population in the same subgroup,M,Male,_T,Total,EMP,Employment,MAIN,Main job,_T,Total,FT,Full-time,NAT_DEF,National definition,A,Annual,2014,,94.848,,A,Normal value,0,Units,1,One
DATAFLOW,OECD.ELS.SAE:DSD_FTPT@DF_FTPT_NATIONAL_INC(1.0),Incidence of full-time and part-time employment based on national definitions,I,LVA,Latvia,EMP,Employment,PT_POP_SUB,Percentage of population in the same subgroup,M,Male,_T,Total,EMP,Employment,MAIN,Main job,_T,Total,FT,Full-time,NAT_DEF,National definition,A,Annual,2015,,95.092,,A,Normal value,0,Units,1,One
DATAFLOW,OECD.ELS.SAE:DSD_FTPT@DF_FTPT_NATIONAL_INC(1.0),Incidence of full-time and part-time employment based on national definitions,I,LVA,Latvia,EMP,Employment,PT_POP_SUB,Percentage of population in the same subgroup,M,Male,_T,Total,EMP,Employment,MAIN,Main job,_T,Total,FT,Full-time,NAT_DEF,National definition,A,Annual,2016,,93.33,,A,Normal value,0,Units,1,One
DATAFLOW,OECD.ELS.SAE:DSD_FTPT@DF_FTPT_NATIONAL_INC(1.0),Incidence of full-time and part-time employment based on national definitions,I,LVA,Latvia,EMP,Employment,PT_POP_SUB,Percentage of population in the same subgroup,M,Male,_T,Total,EMP,Employment,MAIN,Main job,_T,Total,FT,Full-time,NAT_DEF,National definition,A,Annual,2017,,94.689,,A,Normal value,0,Units,1,One
DATAFLOW,OECD.ELS.SAE:DSD_FTPT@DF_FTPT_NATIONAL_INC(1.0),Incidence of full-time and part-time employment based on national definitions,I,LVA,Latvia,EMP,Employment,PT_POP_SUB,Percentage of population in the same subgroup,M,Male,_T,Total,EMP,Employment,MAIN,Main job,_T,Total,FT,Full-time,NAT_DEF,National definition,A,Annual,2018,,94.747,,A,Normal value,0,Units,1,One
DATAFLOW,OECD.ELS.SAE:DSD_FTPT@DF_FTPT_NATIONAL_INC(1.0),Incidence of full-time and part-time employment based on national definitions,I,LVA,Latvia,EMP,Employment,PT_POP_SUB,Percentage of population in the same subgroup,M,Male,_T,Total,EMP,Employment,MAIN,Main job,_T,Total,FT,Full-time,NAT_DEF,National definition,A,Annual,2019,,93.654,,A,Normal value,0,Units,1,One
DATAFLOW,OECD.ELS.SAE:DSD_FTPT@DF_FTPT_NATIONAL_INC(1.0),Incidence of full-time and part-time employment based on national definitions,I,LVA,Latvia,EMP,Employment,PT_POP_SUB,Percentage of population in the same subgroup,M,Male,_T,Total,EMP,Employment,MAIN,Main job,_T,Total,FT,Full-time,NAT_DEF,National definition,A,Annual,2020,,92.987,,A,Normal value,0,Units,1,One
DATAFLOW,OECD.ELS.SAE:DSD_FTPT@DF_FTPT_NATIONAL_INC(1.0),Incidence of full-time and part-time employment based on national definitions,I,LVA,Latvia,EMP,Employment,PT_POP_SUB,Percentage of population in the same subgroup,M,Male,_T,Total,EMP,Employment,MAIN,Main job,_T,Total,FT,Full-time,NAT_DEF,National definition,A,Annual,2021,,94.006,,A,Normal value,0,Units,1,One
DATAFLOW,OECD.ELS.SAE:DSD_FTPT@DF_FTPT_NATIONAL_INC(1.0),Incidence of full-time and part-time employment based on national definitions,I,LVA,Latvia,EMP,Employment,PT_POP_SUB,Percentage of population in the same subgroup,M,Male,_T,Total,EMP,Employment,MAIN,Main job,_T,Total,FT,Full-time,NAT_DEF,National definition,A,Annual,2022,,95.389,,A,Normal value,0,Units,1,One
DATAFLOW,OECD.ELS.SAE:DSD_FTPT@DF_FTPT_NATIONAL_INC(1.0),Incidence of full-time and part-time employment based on national definitions,I,LVA,Latvia,EMP,Employment,PT_POP_SUB,Percentage of population in the same subgroup,M,Male,_T,Total,EMP,Employment,MAIN,Main job,_T,Total,FT,Full-time,NAT_DEF,National definition,A,Annual,2023,,94.495,,A,Normal value,0,Units,1,One
DATAFLOW,OECD.ELS.SAE:DSD_FTPT@DF_FTPT_NATIONAL_INC(1.0),Incidence of full-time and part-time employment based on national definitions,I,LVA,Latvia,EMP,Employment,PT_POP_SUB,Percentage of population in the same subgroup,M,Male,_T,Total,EMP,Employment,MAIN,Main job,_T,Total,FT,Full-time,NAT_DEF,National definition,A,Annual,2024,,94.553,,A,Normal value,0,Units,1,One
DATAFLOW,OECD.ELS.SAE:DSD_FTPT@DF_FTPT_NATIONAL_INC(1.0),Incidence of full-time and part-time employment based on national definitions,I,LVA,Latvia,EMP,Employment,PT_POP_SUB,Percentage of population in the same subgroup,M,Male,_T,Total,EMP,Employment,MAIN,Main job,_T,Total,FT,Full-time,NAT_DEF,National definition,A,Annual,2025,,94.076,,A,Normal value,0,Units,1,One
DATAFLOW,OECD.ELS.SAE:DSD_FTPT@DF_FTPT_NATIONAL_INC(1.0),Incidence of full-time and part-time employment based on national definitions,I,LTU,Lithuania,EMP,Employment,PT_POP_SUB,Percentage of population in the same subgroup,M,Male,_T,Total,EMP,Employment,MAIN,Main job,_T,Total,FT,Full-time,NAT_DEF,National definition,A,Annual,2010,,93.168,,A,Normal value,0,Units,1,One
DATAFLOW,OECD.ELS.SAE:DSD_FTPT@DF_FTPT_NATIONAL_INC(1.0),Incidence of full-time and part-time employment based on national definitions,I,LTU,Lithuania,EMP,Employment,PT_POP_SUB,Percentage of population in the same subgroup,M,Male,_T,Total,EMP,Employment,MAIN,Main job,_T,Total,FT,Full-time,NAT_DEF,National definition,A,Annual,2011,,92.885,,A,Normal value,0,Units,1,One
DATAFLOW,OECD.ELS.SAE:DSD_FTPT@DF_FTPT_NATIONAL_INC(1.0),Incidence of full-time and part-time employment based on national definitions,I,LTU,Lithuania,EMP,Employment,PT_POP_SUB,Percentage of population in the same subgroup,M,Male,_T,Total,EMP,Employment,MAIN,Main job,_T,Total,FT,Full-time,NAT_DEF,National definition,A,Annual,2012,,92.538,,A,Normal value,0,Units,1,One
DATAFLOW,OECD.ELS.SAE:DSD_FTPT@DF_FTPT_NATIONAL_INC(1.0),Incidence of full-time and part-time employment based on national definitions,I,LTU,Lithuania,EMP,Employment,PT_POP_SUB,Percentage of population in the same subgroup,M,Male,_T,Total,EMP,Employment,MAIN,Main job,_T,Total,FT,Full-time,NAT_DEF,National definition,A,Annual,2013,,92.932,,A,Normal value,0,Units,1,One
DATAFLOW,OECD.ELS.SAE:DSD_FTPT@DF_FTPT_NATIONAL_INC(1.0),Incidence of full-time and part-time employment based on national definitions,I,LTU,Lithuania,EMP,Employment,PT_POP_SUB,Percentage of population in the same subgroup,M,Male,_T,Total,EMP,Employment,MAIN,Main job,_T,Total,FT,Full-time,NAT_DEF,National definition,A,Annual,2014,,92.981,,A,Normal value,0,Units,1,One
DATAFLOW,OECD.ELS.SAE:DSD_FTPT@DF_FTPT_NATIONAL_INC(1.0),Incidence of full-time and part-time employment based on national definitions,I,LTU,Lithuania,EMP,Employment,PT_POP_SUB,Percentage of population in the same subgroup,M,Male,_T,Total,EMP,Employment,MAIN,Main job,_T,Total,FT,Full-time,NAT_DEF,National definition,A,Annual,2015,,93.936,,A,Normal value,0,Units,1,One
DATAFLOW,OECD.ELS.SAE:DSD_FTPT@DF_FTPT_NATIONAL_INC(1.0),Incidence of full-time and part-time employment based on national definitions,I,LTU,Lithuania,EMP,Employment,PT_POP_SUB,Percentage of population in the same subgroup,M,Male,_T,Total,EMP,Employment,MAIN,Main job,_T,Total,FT,Full-time,NAT_DEF,National definition,A,Annual,2016,,94.009,,A,Normal value,0,Units,1,One
DATAFLOW,OECD.ELS.SAE:DSD_FTPT@DF_FTPT_NATIONAL_INC(1.0),Incidence of full-time and part-time employment based on national definitions,I,LTU,Lithuania,EMP,Employment,PT_POP_SUB,Percentage of population in the same subgroup,M,Male,_T,Total,EMP,Employment,MAIN,Main job,_T,Total,FT,Full-time,NAT_DEF,National definition,A,Annual,2017,,93.47,,A,Normal value,0,Units,1,One
DATAFLOW,OECD.ELS.SAE:DSD_FTPT@DF_FTPT_NATIONAL_INC(1.0),Incidence of full-time and part-time employment based on national definitions,I,LTU,Lithuania,EMP,Employment,PT_POP_SUB,Percentage of population in the same subgroup,M,Male,_T,Total,EMP,Employment,MAIN,Main job,_T,Total,FT,Full-time,NAT_DEF,National definition,A,Annual,2018,,93.954,,A,Normal value,0,Units,1,One
DATAFLOW,OECD.ELS.SAE:DSD_FTPT@DF_FTPT_NATIONAL_INC(1.0),Incidence of full-time and part-time employment based on national definitions,I,LTU,Lithuania,EMP,Employment,PT_POP_SUB,Percentage of population in the same subgroup,M,Male,_T,Total,EMP,Employment,MAIN,Main job,_T,Total,FT,Full-time,NAT_DEF,National definition,A,Annual,2019,,94.285,,A,Normal value,0,Units,1,One
DATAFLOW,OECD.ELS.SAE:DSD_FTPT@DF_FTPT_NATIONAL_INC(1.0),Incidence of full-time and part-time employment based on national definitions,I,LTU,Lithuania,EMP,Employment,PT_POP_SUB,Percentage of population in the same subgroup,M,Male,_T,Total,EMP,Employment,MAIN,Main job,_T,Total,FT,Full-time,NAT_DEF,National definition,A,Annual,2020,,94.352,,A,Normal value,0,Units,1,One
DATAFLOW,OECD.ELS.SAE:DSD_FTPT@DF_FTPT_NATIONAL_INC(1.0),Incidence of full-time and part-time employment based on national definitions,I,LTU,Lithuania,EMP,Employment,PT_POP_SUB,Percentage of population in the same subgroup,M,Male,_T,Total,EMP,Employment,MAIN,Main job,_T,Total,FT,Full-time,NAT_DEF,National definition,A,Annual,2021,,94.947,,A,Normal value,0,Units,1,One
DATAFLOW,OECD.ELS.SAE:DSD_FTPT@DF_FTPT_NATIONAL_INC(1.0),Incidence of full-time and part-time employment based on national definitions,I,LTU,Lithuania,EMP,Employment,PT_POP_SUB,Percentage of population in the same subgroup,M,Male,_T,Total,EMP,Employment,MAIN,Main job,_T,Total,FT,Full-time,NAT_DEF,National definition,A,Annual,2022,,95.166,,A,Normal value,0,Units,1,One
DATAFLOW,OECD.ELS.SAE:DSD_FTPT@DF_FTPT_NATIONAL_INC(1.0),Incidence of full-time and part-time employment based on national definitions,I,LTU,Lithuania,EMP,Employment,PT_POP_SUB,Percentage of population in the same subgroup,M,Male,_T,Total,EMP,Employment,MAIN,Main job,_T,Total,FT,Full-time,NAT_DEF,National definition,A,Annual,2023,,94.937,,A,Normal value,0,Units,1,One
DATAFLOW,OECD.ELS.SAE:DSD_FTPT@DF_FTPT_NATIONAL_INC(1.0),Incidence of full-time and part-time employment based on national definitions,I,LTU,Lithuania,EMP,Employment,PT_POP_SUB,Percentage of population in the same subgroup,M,Male,_T,Total,EMP,Employment,MAIN,Main job,_T,Total,FT,Full-time,NAT_DEF,National definition,A,Annual,2024,,94.574,,A,Normal value,0,Units,1,One
DATAFLOW,OECD.ELS.SAE:DSD_FTPT@DF_FTPT_NATIONAL_INC(1.0),Incidence of full-time and part-time employment based on national definitions,I,LTU,Lithuania,EMP,Employment,PT_POP_SUB,Percentage of population in the same subgroup,M,Male,_T,Total,EMP,Employment,MAIN,Main job,_T,Total,FT,Full-time,NAT_DEF,National definition,A,Annual,2025,,95.242,,A,Normal value,0,Units,1,One
DATAFLOW,OECD.ELS.SAE:DSD_FTPT@DF_FTPT_NATIONAL_INC(1.0),Incidence of full-time and part-time employment based on national definitions,I,LUX,Luxembourg,EMP,Employment,PT_POP_SUB,Percentage of population in the same subgroup,M,Male,_T,Total,EMP,Employment,MAIN,Main job,_T,Total,FT,Full-time,NAT_DEF,National definition,A,Annual,2010,,96.214,,A,Normal value,0,Units,1,One
DATAFLOW,OECD.ELS.SAE:DSD_FTPT@DF_FTPT_NATIONAL_INC(1.0),Incidence of full-time and part-time employment based on national definitions,I,LUX,Luxembourg,EMP,Employment,PT_POP_SUB,Percentage of population in the same subgroup,M,Male,_T,Total,EMP,Employment,MAIN,Main job,_T,Total,FT,Full-time,NAT_DEF,National definition,A,Annual,2011,,95.487,,A,Normal value,0,Units,1,One
DATAFLOW,OECD.ELS.SAE:DSD_FTPT@DF_FTPT_NATIONAL_INC(1.0),Incidence of full-time and part-time employment based on national definitions,I,LUX,Luxembourg,EMP,Employment,PT_POP_SUB,Percentage of population in the same subgroup,M,Male,_T,Total,EMP,Employment,MAIN,Main job,_T,Total,FT,Full-time,NAT_DEF,National definition,A,Annual,2012,,94.882,,A,Normal value,0,Units,1,One
DATAFLOW,OECD.ELS.SAE:DSD_FTPT@DF_FTPT_NATIONAL_INC(1.0),Incidence of full-time and part-time employment based on national definitions,I,LUX,Luxembourg,EMP,Employment,PT_POP_SUB,Percentage of population in the same subgroup,M,Male,_T,Total,EMP,Employment,MAIN,Main job,_T,Total,FT,Full-time,NAT_DEF,National definition,A,Annual,2013,,94.642,,A,Normal value,0,Units,1,One
DATAFLOW,OECD.ELS.SAE:DSD_FTPT@DF_FTPT_NATIONAL_INC(1.0),Incidence of full-time and part-time employment based on national definitions,I,LUX,Luxembourg,EMP,Employment,PT_POP_SUB,Percentage of population in the same subgroup,M,Male,_T,Total,EMP,Employment,MAIN,Main job,_T,Total,FT,Full-time,NAT_DEF,National definition,A,Annual,2014,,94.953,,A,Normal value,0,Units,1,One
DATAFLOW,OECD.ELS.SAE:DSD_FTPT@DF_FTPT_NATIONAL_INC(1.0),Incidence of full-time and part-time employment based on national definitions,I,LUX,Luxembourg,EMP,Employment,PT_POP_SUB,Percentage of population in the same subgroup,M,Male,_T,Total,EMP,Employment,MAIN,Main job,_T,Total,FT,Full-time,NAT_DEF,National definition,A,Annual,2015,,95.004,,A,Normal value,0,Units,1,One
DATAFLOW,OECD.ELS.SAE:DSD_FTPT@DF_FTPT_NATIONAL_INC(1.0),Incidence of full-time and part-time employment based on national definitions,I,LUX,Luxembourg,EMP,Employment,PT_POP_SUB,Percentage of population in the same subgroup,M,Male,_T,Total,EMP,Employment,MAIN,Main job,_T,Total,FT,Full-time,NAT_DEF,National definition,A,Annual,2016,,94.725,,A,Normal value,0,Units,1,One
DATAFLOW,OECD.ELS.SAE:DSD_FTPT@DF_FTPT_NATIONAL_INC(1.0),Incidence of full-time and part-time employment based on national definitions,I,LUX,Luxembourg,EMP,Employment,PT_POP_SUB,Percentage of population in the same subgroup,M,Male,_T,Total,EMP,Employment,MAIN,Main job,_T,Total,FT,Full-time,NAT_DEF,National definition,A,Annual,2017,,94.819,,A,Normal value,0,Units,1,One
DATAFLOW,OECD.ELS.SAE:DSD_FTPT@DF_FTPT_NATIONAL_INC(1.0),Incidence of full-time and part-time employment based on national definitions,I,LUX,Luxembourg,EMP,Employment,PT_POP_SUB,Percentage of population in the same subgroup,M,Male,_T,Total,EMP,Employment,MAIN,Main job,_T,Total,FT,Full-time,NAT_DEF,National definition,A,Annual,2018,,95.301,,A,Normal value,0,Units,1,One
DATAFLOW,OECD.ELS.SAE:DSD_FTPT@DF_FTPT_NATIONAL_INC(1.0),Incidence of full-time and part-time employment based on national definitions,I,LUX,Luxembourg,EMP,Employment,PT_POP_SUB,Percentage of population in the same subgroup,M,Male,_T,Total,EMP,Employment,MAIN,Main job,_T,Total,FT,Full-time,NAT_DEF,National definition,A,Annual,2019,,95.104,,A,Normal value,0,Units,1,One
DATAFLOW,OECD.ELS.SAE:DSD_FTPT@DF_FTPT_NATIONAL_INC(1.0),Incidence of full-time and part-time employment based on national definitions,I,LUX,Luxembourg,EMP,Employment,PT_POP_SUB,Percentage of population in the same subgroup,M,Male,_T,Total,EMP,Employment,MAIN,Main job,_T,Total,FT,Full-time,NAT_DEF,National definition,A,Annual,2020,,94.045,,A,Normal value,0,Units,1,One
DATAFLOW,OECD.ELS.SAE:DSD_FTPT@DF_FTPT_NATIONAL_INC(1.0),Incidence of full-time and part-time employment based on national definitions,I,LUX,Luxembourg,EMP,Employment,PT_POP_SUB,Percentage of population in the same subgroup,M,Male,_T,Total,EMP,Employment,MAIN,Main job,_T,Total,FT,Full-time,NAT_DEF,National definition,A,Annual,2021,,92.42,,A,Normal value,0,Units,1,One
DATAFLOW,OECD.ELS.SAE:DSD_FTPT@DF_FTPT_NATIONAL_INC(1.0),Incidence of full-time and part-time employment based on national definitions,I,LUX,Luxembourg,EMP,Employment,PT_POP_SUB,Percentage of population in the same subgroup,M,Male,_T,Total,EMP,Employment,MAIN,Main job,_T,Total,FT,Full-time,NAT_DEF,National definition,A,Annual,2022,,92.125,,A,Normal value,0,Units,1,One
DATAFLOW,OECD.ELS.SAE:DSD_FTPT@DF_FTPT_NATIONAL_INC(1.0),Incidence of full-time and part-time employment based on national definitions,I,LUX,Luxembourg,EMP,Employment,PT_POP_SUB,Percentage of population in the same subgroup,M,Male,_T,Total,EMP,Employment,MAIN,Main job,_T,Total,FT,Full-time,NAT_DEF,National definition,A,Annual,2023,,90.633,,A,Normal value,0,Units,1,One
DATAFLOW,OECD.ELS.SAE:DSD_FTPT@DF_FTPT_NATIONAL_INC(1.0),Incidence of full-time and part-time employment based on national definitions,I,LUX,Luxembourg,EMP,Employment,PT_POP_SUB,Percentage of population in the same subgroup,M,Male,_T,Total,EMP,Employment,MAIN,Main job,_T,Total,FT,Full-time,NAT_DEF,National definition,A,Annual,2024,,91.79,,A,Normal value,0,Units,1,One
DATAFLOW,OECD.ELS.SAE:DSD_FTPT@DF_FTPT_NATIONAL_INC(1.0),Incidence of full-time and part-time employment based on national definitions,I,LUX,Luxembourg,EMP,Employment,PT_POP_SUB,Percentage of population in the same subgroup,M,Male,_T,Total,EMP,Employment,MAIN,Main job,_T,Total,FT,Full-time,NAT_DEF,National definition,A,Annual,2025,,90.756,,A,Normal value,0,Units,1,One
DATAFLOW,OECD.ELS.SAE:DSD_FTPT@DF_FTPT_NATIONAL_INC(1.0),Incidence of full-time and part-time employment based on national definitions,I,MEX,Mexico,EMP,Employment,PT_POP_SUB,Percentage of population in the same subgroup,M,Male,_T,Total,EMP,Employment,MAIN,Main job,_T,Total,FT,Full-time,NAT_DEF,National definition,A,Annual,2010,,83.56,,A,Normal value,0,Units,1,One
DATAFLOW,OECD.ELS.SAE:DSD_FTPT@DF_FTPT_NATIONAL_INC(1.0),Incidence of full-time and part-time employment based on national definitions,I,MEX,Mexico,EMP,Employment,PT_POP_SUB,Percentage of population in the same subgroup,M,Male,_T,Total,EMP,Employment,MAIN,Main job,_T,Total,FT,Full-time,NAT_DEF,National definition,A,Annual,2025,,83.038,,A,Normal value,0,Units,1,One
DATAFLOW,OECD.ELS.SAE:DSD_FTPT@DF_FTPT_NATIONAL_INC(1.0),Incidence of full-time and part-time employment based on national definitions,I,NLD,Netherlands,EMP,Employment,PT_POP_SUB,Percentage of population in the same subgroup,M,Male,_T,Total,EMP,Employment,MAIN,Main job,_T,Total,FT,Full-time,NAT_DEF,National definition,A,Annual,2012,,75.225,,A,Normal value,0,Units,1,One
DATAFLOW,OECD.ELS.SAE:DSD_FTPT@DF_FTPT_NATIONAL_INC(1.0),Incidence of full-time and part-time employment based on national definitions,I,NLD,Netherlands,EMP,Employment,PT_POP_SUB,Percentage of population in the same subgroup,M,Male,_T,Total,EMP,Employment,MAIN,Main job,_T,Total,FT,Full-time,NAT_DEF,National definition,A,Annual,2024,,70.148,,A,Normal value,0,Units,1,One
DATAFLOW,OECD.ELS.SAE:DSD_FTPT@DF_FTPT_NATIONAL_INC(1.0),Incidence of full-time and part-time employment based on national definitions,I,NLD,Netherlands,EMP,Employment,PT_POP_SUB,Percentage of population in the same subgroup,M,Male,_T,Total,EMP,Employment,MAIN,Main job,_T,Total,FT,Full-time,NAT_DEF,National definition,A,Annual,2025,,69.397,,A,Normal value,0,Units,1,One
DATAFLOW,OECD.ELS.SAE:DSD_FTPT@DF_FTPT_NATIONAL_INC(1.0),Incidence of full-time and part-time employment based on national definitions,I,NZL,New Zealand,EMP,Employment,PT_POP_SUB,Percentage of population in the same subgroup,M,Male,_T,Total,EMP,Employment,MAIN,Main job,_T,Total,FT,Full-time,NAT_DEF,National definition,A,Annual,2010,,88.384,,A,Normal value,0,Units,1,One
DATAFLOW,OECD.ELS.SAE:DSD_FTPT@DF_FTPT_NATIONAL_INC(1.0),Incidence of full-time and part-time employment based on national definitions,I,NZL,New Zealand,EMP,Employment,PT_POP_SUB,Percentage of population in the same subgroup,M,Male,_T,Total,EMP,Employment,MAIN,Main job,_T,Total,FT,Full-time,NAT_DEF,National definition,A,Annual,2011,,88.601,,A,Normal value,0,Units,1,One
DATAFLOW,OECD.ELS.SAE:DSD_FTPT@DF_FTPT_NATIONAL_INC(1.0),Incidence of full-time and part-time employment based on national definitions,I,NZL,New Zealand,EMP,Employment,PT_POP_SUB,Percentage of population in the same subgroup,M,Male,_T,Total,EMP,Employment,MAIN,Main job,_T,Total,FT,Full-time,NAT_DEF,National definition,A,Annual,2012,,88.666,,A,Normal value,0,Units,1,One
DATAFLOW,OECD.ELS.SAE:DSD_FTPT@DF_FTPT_NATIONAL_INC(1.0),Incidence of full-time and part-time employment based on national definitions,I,NZL,New Zealand,EMP,Employment,PT_POP_SUB,Percentage of population in the same subgroup,M,Male,_T,Total,EMP,Employment,MAIN,Main job,_T,Total,FT,Full-time,NAT_DEF,National definition,A,Annual,2013,,88.69,,A,Normal value,0,Units,1,One
DATAFLOW,OECD.ELS.SAE:DSD_FTPT@DF_FTPT_NATIONAL_INC(1.0),Incidence of full-time and part-time employment based on national definitions,I,NZL,New Zealand,EMP,Employment,PT_POP_SUB,Percentage of population in the same subgroup,M,Male,_T,Total,EMP,Employment,MAIN,Main job,_T,Total,FT,Full-time,NAT_DEF,National definition,A,Annual,2014,,88.224,,A,Normal value,0,Units,1,One
DATAFLOW,OECD.ELS.SAE:DSD_FTPT@DF_FTPT_NATIONAL_INC(1.0),Incidence of full-time and part-time employment based on national definitions,I,NZL,New Zealand,EMP,Employment,PT_POP_SUB,Percentage of population in the same subgroup,M,Male,_T,Total,EMP,Employment,MAIN,Main job,_T,Total,FT,Full-time,NAT_DEF,National definition,A,Annual,2015,,88.67,,A,Normal value,0,Units,1,One
DATAFLOW,OECD.ELS.SAE:DSD_FTPT@DF_FTPT_NATIONAL_INC(1.0),Incidence of full-time and part-time employment based on national definitions,I,NZL,New Zealand,EMP,Employment,PT_POP_SUB,Percentage of population in the same subgroup,M,Male,_T,Total,EMP,Employment,MAIN,Main job,_T,Total,FT,Full-time,NAT_DEF,National definition,A,Annual,2016,,88.494,,A,Normal value,0,Units,1,One
DATAFLOW,OECD.ELS.SAE:DSD_FTPT@DF_FTPT_NATIONAL_INC(1.0),Incidence of full-time and part-time employment based on national definitions,I,NZL,New Zealand,EMP,Employment,PT_POP_SUB,Percentage of population in the same subgroup,M,Male,_T,Total,EMP,Employment,MAIN,Main job,_T,Total,FT,Full-time,NAT_DEF,National definition,A,Annual,2017,,88.374,,A,Normal value,0,Units,1,One
DATAFLOW,OECD.ELS.SAE:DSD_FTPT@DF_FTPT_NATIONAL_INC(1.0),Incidence of full-time and part-time employment based on national definitions,I,NZL,New Zealand,EMP,Employment,PT_POP_SUB,Percentage of population in the same subgroup,M,Male,_T,Total,EMP,Employment,MAIN,Main job,_T,Total,FT,Full-time,NAT_DEF,National definition,A,Annual,2018,,88.703,,A,Normal value,0,Units,1,One
DATAFLOW,OECD.ELS.SAE:DSD_FTPT@DF_FTPT_NATIONAL_INC(1.0),Incidence of full-time and part-time employment based on national definitions,I,NZL,New Zealand,EMP,Employment,PT_POP_SUB,Percentage of population in the same subgroup,M,Male,_T,Total,EMP,Employment,MAIN,Main job,_T,Total,FT,Full-time,NAT_DEF,National definition,A,Annual,2019,,89.287,,A,Normal value,0,Units,1,One
DATAFLOW,OECD.ELS.SAE:DSD_FTPT@DF_FTPT_NATIONAL_INC(1.0),Incidence of full-time and part-time employment based on national definitions,I,NZL,New Zealand,EMP,Employment,PT_POP_SUB,Percentage of population in the same subgroup,M,Male,_T,Total,EMP,Employment,MAIN,Main job,_T,Total,FT,Full-time,NAT_DEF,National definition,A,Annual,2020,,88.734,,A,Normal value,0,Units,1,One
DATAFLOW,OECD.ELS.SAE:DSD_FTPT@DF_FTPT_NATIONAL_INC(1.0),Incidence of full-time and part-time employment based on national definitions,I,NZL,New Zealand,EMP,Employment,PT_POP_SUB,Percentage of population in the same subgroup,M,Male,_T,Total,EMP,Employment,MAIN,Main job,_T,Total,FT,Full-time,NAT_DEF,National definition,A,Annual,2021,,88.326,,A,Normal value,0,Units,1,One
DATAFLOW,OECD.ELS.SAE:DSD_FTPT@DF_FTPT_NATIONAL_INC(1.0),Incidence of full-time and part-time employment based on national definitions,I,NZL,New Zealand,EMP,Employment,PT_POP_SUB,Percentage of population in the same subgroup,M,Male,_T,Total,EMP,Employment,MAIN,Main job,_T,Total,FT,Full-time,NAT_DEF,National definition,A,Annual,2022,,89.001,,A,Normal value,0,Units,1,One
DATAFLOW,OECD.ELS.SAE:DSD_FTPT@DF_FTPT_NATIONAL_INC(1.0),Incidence of full-time and part-time employment based on national definitions,I,NZL,New Zealand,EMP,Employment,PT_POP_SUB,Percentage of population in the same subgroup,M,Male,_T,Total,EMP,Employment,MAIN,Main job,_T,Total,FT,Full-time,NAT_DEF,National definition,A,Annual,2023,,88.572,,A,Normal value,0,Units,1,One
DATAFLOW,OECD.ELS.SAE:DSD_FTPT@DF_FTPT_NATIONAL_INC(1.0),Incidence of full-time and part-time employment based on national definitions,I,NZL,New Zealand,EMP,Employment,PT_POP_SUB,Percentage of population in the same subgroup,M,Male,_T,Total,EMP,Employment,MAIN,Main job,_T,Total,FT,Full-time,NAT_DEF,National definition,A,Annual,2024,,88.086,,A,Normal value,0,Units,1,One
DATAFLOW,OECD.ELS.SAE:DSD_FTPT@DF_FTPT_NATIONAL_INC(1.0),Incidence of full-time and part-time employment based on national definitions,I,NZL,New Zealand,EMP,Employment,PT_POP_SUB,Percentage of population in the same subgroup,M,Male,_T,Total,EMP,Employment,MAIN,Main job,_T,Total,FT,Full-time,NAT_DEF,National definition,A,Annual,2025,,87.786,,A,Normal value,0,Units,1,One
DATAFLOW,OECD.ELS.SAE:DSD_FTPT@DF_FTPT_NATIONAL_INC(1.0),Incidence of full-time and part-time employment based on national definitions,I,NOR,Norway,EMP,Employment,PT_POP_SUB,Percentage of population in the same subgroup,M,Male,_T,Total,EMP,Employment,MAIN,Main job,_T,Total,FT,Full-time,NAT_DEF,National definition,A,Annual,2010,,86.18,,A,Normal value,0,Units,1,One
DATAFLOW,OECD.ELS.SAE:DSD_FTPT@DF_FTPT_NATIONAL_INC(1.0),Incidence of full-time and part-time employment based on national definitions,I,NOR,Norway,EMP,Employment,PT_POP_SUB,Percentage of population in the same subgroup,M,Male,_T,Total,EMP,Employment,MAIN,Main job,_T,Total,FT,Full-time,NAT_DEF,National definition,A,Annual,2011,,86.394,,A,Normal value,0,Units,1,One
DATAFLOW,OECD.ELS.SAE:DSD_FTPT@DF_FTPT_NATIONAL_INC(1.0),Incidence of full-time and part-time employment based on national definitions,I,NOR,Norway,EMP,Employment,PT_POP_SUB,Percentage of population in the same subgroup,M,Male,_T,Total,EMP,Employment,MAIN,Main job,_T,Total,FT,Full-time,NAT_DEF,National definition,A,Annual,2012,,85.738,,A,Normal value,0,Units,1,One
DATAFLOW,OECD.ELS.SAE:DSD_FTPT@DF_FTPT_NATIONAL_INC(1.0),Incidence of full-time and part-time employment based on national definitions,I,NOR,Norway,EMP,Employment,PT_POP_SUB,Percentage of population in the same subgroup,M,Male,_T,Total,EMP,Employment,MAIN,Main job,_T,Total,FT,Full-time,NAT_DEF,National definition,A,Annual,2013,,85.702,,A,Normal value,0,Units,1,One
DATAFLOW,OECD.ELS.SAE:DSD_FTPT@DF_FTPT_NATIONAL_INC(1.0),Incidence of full-time and part-time employment based on national definitions,I,NOR,Norway,EMP,Employment,PT_POP_SUB,Percentage of population in the same subgroup,M,Male,_T,Total,EMP,Employment,MAIN,Main job,_T,Total,FT,Full-time,NAT_DEF,National definition,A,Annual,2014,,86.166,,A,Normal value,0,Units,1,One
DATAFLOW,OECD.ELS.SAE:DSD_FTPT@DF_FTPT_NATIONAL_INC(1.0),Incidence of full-time and part-time employment based on national definitions,I,NOR,Norway,EMP,Employment,PT_POP_SUB,Percentage of population in the same subgroup,M,Male,_T,Total,EMP,Employment,MAIN,Main job,_T,Total,FT,Full-time,NAT_DEF,National definition,A,Annual,2015,,85.096,,A,Normal value,0,Units,1,One
DATAFLOW,OECD.ELS.SAE:DSD_FTPT@DF_FTPT_NATIONAL_INC(1.0),Incidence of full-time and part-time employment based on national definitions,I,NOR,Norway,EMP,Employment,PT_POP_SUB,Percentage of population in the same subgroup,M,Male,_T,Total,EMP,Employment,MAIN,Main job,_T,Total,FT,Full-time,NAT_DEF,National definition,A,Annual,2016,,85.2,,A,Normal value,0,Units,1,One
DATAFLOW,OECD.ELS.SAE:DSD_FTPT@DF_FTPT_NATIONAL_INC(1.0),Incidence of full-time and part-time employment based on national definitions,I,NOR,Norway,EMP,Employment,PT_POP_SUB,Percentage of population in the same subgroup,M,Male,_T,Total,EMP,Employment,MAIN,Main job,_T,Total,FT,Full-time,NAT_DEF,National definition,A,Annual,2017,,85.357,,A,Normal value,0,Units,1,One
DATAFLOW,OECD.ELS.SAE:DSD_FTPT@DF_FTPT_NATIONAL_INC(1.0),Incidence of full-time and part-time employment based on national definitions,I,NOR,Norway,EMP,Employment,PT_POP_SUB,Percentage of population in the same subgroup,M,Male,_T,Total,EMP,Employment,MAIN,Main job,_T,Total,FT,Full-time,NAT_DEF,National definition,A,Annual,2018,,85.402,,A,Normal value,0,Units,1,One
DATAFLOW,OECD.ELS.SAE:DSD_FTPT@DF_FTPT_NATIONAL_INC(1.0),Incidence of full-time and part-time employment based on national definitions,I,NOR,Norway,EMP,Employment,PT_POP_SUB,Percentage of population in the same subgroup,M,Male,_T,Total,EMP,Employment,MAIN,Main job,_T,Total,FT,Full-time,NAT_DEF,National definition,A,Annual,2019,,83.553,,A,Normal value,0,Units,1,One
DATAFLOW,OECD.ELS.SAE:DSD_FTPT@DF_FTPT_NATIONAL_INC(1.0),Incidence of full-time and part-time employment based on national definitions,I,NOR,Norway,EMP,Employment,PT_POP_SUB,Percentage of population in the same subgroup,M,Male,_T,Total,EMP,Employment,MAIN,Main job,_T,Total,FT,Full-time,NAT_DEF,National definition,A,Annual,2020,,83.378,,A,Normal value,0,Units,1,One
DATAFLOW,OECD.ELS.SAE:DSD_FTPT@DF_FTPT_NATIONAL_INC(1.0),Incidence of full-time and part-time employment based on national definitions,I,NOR,Norway,EMP,Employment,PT_POP_SUB,Percentage of population in the same subgroup,M,Male,_T,Total,EMP,Employment,MAIN,Main job,_T,Total,FT,Full-time,NAT_DEF,National definition,A,Annual,2021,,82.194,,A,Normal value,0,Units,1,One
DATAFLOW,OECD.ELS.SAE:DSD_FTPT@DF_FTPT_NATIONAL_INC(1.0),Incidence of full-time and part-time employment based on national definitions,I,NOR,Norway,EMP,Employment,PT_POP_SUB,Percentage of population in the same subgroup,M,Male,_T,Total,EMP,Employment,MAIN,Main job,_T,Total,FT,Full-time,NAT_DEF,National definition,A,Annual,2022,,82.889,,A,Normal value,0,Units,1,One
DATAFLOW,OECD.ELS.SAE:DSD_FTPT@DF_FTPT_NATIONAL_INC(1.0),Incidence of full-time and part-time employment based on national definitions,I,NOR,Norway,EMP,Employment,PT_POP_SUB,Percentage of population in the same subgroup,M,Male,_T,Total,EMP,Employment,MAIN,Main job,_T,Total,FT,Full-time,NAT_DEF,National definition,A,Annual,2023,,82.453,,A,Normal value,0,Units,1,One
DATAFLOW,OECD.ELS.SAE:DSD_FTPT@DF_FTPT_NATIONAL_INC(1.0),Incidence of full-time and part-time employment based on national definitions,I,NOR,Norway,EMP,Employment,PT_POP_SUB,Percentage of population in the same subgroup,M,Male,_T,Total,EMP,Employment,MAIN,Main job,_T,Total,FT,Full-time,NAT_DEF,National definition,A,Annual,2024,,82.632,,A,Normal value,0,Units,1,One
DATAFLOW,OECD.ELS.SAE:DSD_FTPT@DF_FTPT_NATIONAL_INC(1.0),Incidence of full-time and part-time employment based on national definitions,I,NOR,Norway,EMP,Employment,PT_POP_SUB,Percentage of population in the same subgroup,M,Male,_T,Total,EMP,Employment,MAIN,Main job,_T,Total,FT,Full-time,NAT_DEF,National definition,A,Annual,2025,,82.299,,A,Normal value,0,Units,1,One
DATAFLOW,OECD.ELS.SAE:DSD_FTPT@DF_FTPT_NATIONAL_INC(1.0),Incidence of full-time and part-time employment based on national definitions,I,POL,Poland,EMP,Employment,PT_POP_SUB,Percentage of population in the same subgroup,M,Male,_T,Total,EMP,Employment,MAIN,Main job,_T,Total,FT,Full-time,NAT_DEF,National definition,A,Annual,2013,,94.829,,A,Normal value,0,Units,1,One
DATAFLOW,OECD.ELS.SAE:DSD_FTPT@DF_FTPT_NATIONAL_INC(1.0),Incidence of full-time and part-time employment based on national definitions,I,POL,Poland,EMP,Employment,PT_POP_SUB,Percentage of population in the same subgroup,M,Male,_T,Total,EMP,Employment,MAIN,Main job,_T,Total,FT,Full-time,NAT_DEF,National definition,A,Annual,2016,,95.586,,A,Normal value,0,Units,1,One
DATAFLOW,OECD.ELS.SAE:DSD_FTPT@DF_FTPT_NATIONAL_INC(1.0),Incidence of full-time and part-time employment based on national definitions,I,POL,Poland,EMP,Employment,PT_POP_SUB,Percentage of population in the same subgroup,M,Male,_T,Total,EMP,Employment,MAIN,Main job,_T,Total,FT,Full-time,NAT_DEF,National definition,A,Annual,2023,,96.173,,A,Normal value,0,Units,1,One
DATAFLOW,OECD.ELS.SAE:DSD_FTPT@DF_FTPT_NATIONAL_INC(1.0),Incidence of full-time and part-time employment based on national definitions,I,POL,Poland,EMP,Employment,PT_POP_SUB,Percentage of population in the same subgroup,M,Male,_T,Total,EMP,Employment,MAIN,Main job,_T,Total,FT,Full-time,NAT_DEF,National definition,A,Annual,2025,,96.131,,A,Normal value,0,Units,1,One
DATAFLOW,OECD.ELS.SAE:DSD_FTPT@DF_FTPT_NATIONAL_INC(1.0),Incidence of full-time and part-time employment based on national definitions,I,PRT,Portugal,EMP,Employment,PT_POP_SUB,Percentage of population in the same subgroup,M,Male,_T,Total,EMP,Employment,MAIN,Main job,_T,Total,FT,Full-time,NAT_DEF,National definition,A,Annual,2010,,91.611,,A,Normal value,0,Units,1,One
DATAFLOW,OECD.ELS.SAE:DSD_FTPT@DF_FTPT_NATIONAL_INC(1.0),Incidence of full-time and part-time employment based on national definitions,I,PRT,Portugal,EMP,Employment,PT_POP_SUB,Percentage of population in the same subgroup,M,Male,_T,Total,EMP,Employment,MAIN,Main job,_T,Total,FT,Full-time,NAT_DEF,National definition,A,Annual,2011,,93.76,,A,Normal value,0,Units,1,One
DATAFLOW,OECD.ELS.SAE:DSD_FTPT@DF_FTPT_NATIONAL_INC(1.0),Incidence of full-time and part-time employment based on national definitions,I,PRT,Portugal,EMP,Employment,PT_POP_SUB,Percentage of population in the same subgroup,M,Male,_T,Total,EMP,Employment,MAIN,Main job,_T,Total,FT,Full-time,NAT_DEF,National definition,A,Annual,2012,,92.684,,A,Normal value,0,Units,1,One
DATAFLOW,OECD.ELS.SAE:DSD_FTPT@DF_FTPT_NATIONAL_INC(1.0),Incidence of full-time and part-time employment based on national definitions,I,PRT,Portugal,EMP,Employment,PT_POP_SUB,Percentage of population in the same subgroup,M,Male,_T,Total,EMP,Employment,MAIN,Main job,_T,Total,FT,Full-time,NAT_DEF,National definition,A,Annual,2013,,92.494,,A,Normal value,0,Units,1,One
DATAFLOW,OECD.ELS.SAE:DSD_FTPT@DF_FTPT_NATIONAL_INC(1.0),Incidence of full-time and part-time employment based on national definitions,I,PRT,Portugal,EMP,Employment,PT_POP_SUB,Percentage of population in the same subgroup,M,Male,_T,Total,EMP,Employment,MAIN,Main job,_T,Total,FT,Full-time,NAT_DEF,National definition,A,Annual,2014,,93.012,,A,Normal value,0,Units,1,One
DATAFLOW,OECD.ELS.SAE:DSD_FTPT@DF_FTPT_NATIONAL_INC(1.0),Incidence of full-time and part-time employment based on national definitions,I,PRT,Portugal,EMP,Employment,PT_POP_SUB,Percentage of population in the same subgroup,M,Male,_T,Total,EMP,Employment,MAIN,Main job,_T,Total,FT,Full-time,NAT_DEF,National definition,A,Annual,2015,,93.11,,A,Normal value,0,Units,1,One
DATAFLOW,OECD.ELS.SAE:DSD_FTPT@DF_FTPT_NATIONAL_INC(1.0),Incidence of full-time and part-time employment based on national definitions,I,PRT,Portugal,EMP,Employment,PT_POP_SUB,Percentage of population in the same subgroup,M,Male,_T,Total,EMP,Employment,MAIN,Main job,_T,Total,FT,Full-time,NAT_DEF,National definition,A,Annual,2016,,93.174,,A,Normal value,0,Units,1,One
DATAFLOW,OECD.ELS.SAE:DSD_FTPT@DF_FTPT_NATIONAL_INC(1.0),Incidence of full-time and part-time employment based on national definitions,I,PRT,Portugal,EMP,Employment,PT_POP_SUB,Percentage of population in the same subgroup,M,Male,_T,Total,EMP,Employment,MAIN,Main job,_T,Total,FT,Full-time,NAT_DEF,National definition,A,Annual,2017,,93.8,,A,Normal value,0,Units,1,One
DATAFLOW,OECD.ELS.SAE:DSD_FTPT@DF_FTPT_NATIONAL_INC(1.0),Incidence of full-time and part-time employment based on national definitions,I,PRT,Portugal,EMP,Employment,PT_POP_SUB,Percentage of population in the same subgroup,M,Male,_T,Total,EMP,Employment,MAIN,Main job,_T,Total,FT,Full-time,NAT_DEF,National definition,A,Annual,2018,,93.869,,A,Normal value,0,Units,1,One
DATAFLOW,OECD.ELS.SAE:DSD_FTPT@DF_FTPT_NATIONAL_INC(1.0),Incidence of full-time and part-time employment based on national definitions,I,PRT,Portugal,EMP,Employment,PT_POP_SUB,Percentage of population in the same subgroup,M,Male,_T,Total,EMP,Employment,MAIN,Main job,_T,Total,FT,Full-time,NAT_DEF,National definition,A,Annual,2019,,94.241,,A,Normal value,0,Units,1,One
DATAFLOW,OECD.ELS.SAE:DSD_FTPT@DF_FTPT_NATIONAL_INC(1.0),Incidence of full-time and part-time employment based on national definitions,I,PRT,Portugal,EMP,Employment,PT_POP_SUB,Percentage of population in the same subgroup,M,Male,_T,Total,EMP,Employment,MAIN,Main job,_T,Total,FT,Full-time,NAT_DEF,National definition,A,Annual,2020,,94.306,,A,Normal value,0,Units,1,One
DATAFLOW,OECD.ELS.SAE:DSD_FTPT@DF_FTPT_NATIONAL_INC(1.0),Incidence of full-time and part-time employment based on national definitions,I,PRT,Portugal,EMP,Employment,PT_POP_SUB,Percentage of population in the same subgroup,M,Male,_T,Total,EMP,Employment,MAIN,Main job,_T,Total,FT,Full-time,NAT_DEF,National definition,A,Annual,2021,,93.985,,A,Normal value,0,Units,1,One
DATAFLOW,OECD.ELS.SAE:DSD_FTPT@DF_FTPT_NATIONAL_INC(1.0),Incidence of full-time and part-time employment based on national definitions,I,PRT,Portugal,EMP,Employment,PT_POP_SUB,Percentage of population in the same subgroup,M,Male,_T,Total,EMP,Employment,MAIN,Main job,_T,Total,FT,Full-time,NAT_DEF,National definition,A,Annual,2022,,94.138,,A,Normal value,0,Units,1,One
DATAFLOW,OECD.ELS.SAE:DSD_FTPT@DF_FTPT_NATIONAL_INC(1.0),Incidence of full-time and part-time employment based on national definitions,I,PRT,Portugal,EMP,Employment,PT_POP_SUB,Percentage of population in the same subgroup,M,Male,_T,Total,EMP,Employment,MAIN,Main job,_T,Total,FT,Full-time,NAT_DEF,National definition,A,Annual,2023,,94.208,,A,Normal value,0,Units,1,One
DATAFLOW,OECD.ELS.SAE:DSD_FTPT@DF_FTPT_NATIONAL_INC(1.0),Incidence of full-time and part-time employment based on national definitions,I,PRT,Portugal,EMP,Employment,PT_POP_SUB,Percentage of population in the same subgroup,M,Male,_T,Total,EMP,Employment,MAIN,Main job,_T,Total,FT,Full-time,NAT_DEF,National definition,A,Annual,2024,,93.866,,A,Normal value,0,Units,1,One
DATAFLOW,OECD.ELS.SAE:DSD_FTPT@DF_FTPT_NATIONAL_INC(1.0),Incidence of full-time and part-time employment based on national definitions,I,PRT,Portugal,EMP,Employment,PT_POP_SUB,Percentage of population in the same subgroup,M,Male,_T,Total,EMP,Employment,MAIN,Main job,_T,Total,FT,Full-time,NAT_DEF,National definition,A,Annual,2025,,94.123,,A,Normal value,0,Units,1,One
DATAFLOW,OECD.ELS.SAE:DSD_FTPT@DF_FTPT_NATIONAL_INC(1.0),Incidence of full-time and part-time employment based on national definitions,I,SVK,Slovak Republic,EMP,Employment,PT_POP_SUB,Percentage of population in the same subgroup,M,Male,_T,Total,EMP,Employment,MAIN,Main job,_T,Total,FT,Full-time,NAT_DEF,National definition,A,Annual,2010,,97.24,,A,Normal value,0,Units,1,One
DATAFLOW,OECD.ELS.SAE:DSD_FTPT@DF_FTPT_NATIONAL_INC(1.0),Incidence of full-time and part-time employment based on national definitions,I,SVK,Slovak Republic,EMP,Employment,PT_POP_SUB,Percentage of population in the same subgroup,M,Male,_T,Total,EMP,Employment,MAIN,Main job,_T,Total,FT,Full-time,NAT_DEF,National definition,A,Annual,2011,,97.177,,A,Normal value,0,Units,1,One
DATAFLOW,OECD.ELS.SAE:DSD_FTPT@DF_FTPT_NATIONAL_INC(1.0),Incidence of full-time and part-time employment based on national definitions,I,SVK,Slovak Republic,EMP,Employment,PT_POP_SUB,Percentage of population in the same subgroup,M,Male,_T,Total,EMP,Employment,MAIN,Main job,_T,Total,FT,Full-time,NAT_DEF,National definition,A,Annual,2012,,97.084,,A,Normal value,0,Units,1,One
DATAFLOW,OECD.ELS.SAE:DSD_FTPT@DF_FTPT_NATIONAL_INC(1.0),Incidence of full-time and part-time employment based on national definitions,I,SVK,Slovak Republic,EMP,Employment,PT_POP_SUB,Percentage of population in the same subgroup,M,Male,_T,Total,EMP,Employment,MAIN,Main job,_T,Total,FT,Full-time,NAT_DEF,National definition,A,Annual,2013,,96.572,,A,Normal value,0,Units,1,One
DATAFLOW,OECD.ELS.SAE:DSD_FTPT@DF_FTPT_NATIONAL_INC(1.0),Incidence of full-time and part-time employment based on national definitions,I,SVK,Slovak Republic,EMP,Employment,PT_POP_SUB,Percentage of population in the same subgroup,M,Male,_T,Total,EMP,Employment,MAIN,Main job,_T,Total,FT,Full-time,NAT_DEF,National definition,A,Annual,2014,,96.117,,A,Normal value,0,Units,1,One
DATAFLOW,OECD.ELS.SAE:DSD_FTPT@DF_FTPT_NATIONAL_INC(1.0),Incidence of full-time and part-time employment based on national definitions,I,SVK,Slovak Republic,EMP,Employment,PT_POP_SUB,Percentage of population in the same subgroup,M,Male,_T,Total,EMP,Employment,MAIN,Main job,_T,Total,FT,Full-time,NAT_DEF,National definition,A,Annual,2015,,95.747,,A,Normal value,0,Units,1,One
DATAFLOW,OECD.ELS.SAE:DSD_FTPT@DF_FTPT_NATIONAL_INC(1.0),Incidence of full-time and part-time employment based on national definitions,I,SVK,Slovak Republic,EMP,Employment,PT_POP_SUB,Percentage of population in the same subgroup,M,Male,_T,Total,EMP,Employment,MAIN,Main job,_T,Total,FT,Full-time,NAT_DEF,National definition,A,Annual,2016,,95.747,,A,Normal value,0,Units,1,One
DATAFLOW,OECD.ELS.SAE:DSD_FTPT@DF_FTPT_NATIONAL_INC(1.0),Incidence of full-time and part-time employment based on national definitions,I,SVK,Slovak Republic,EMP,Employment,PT_POP_SUB,Percentage of population in the same subgroup,M,Male,_T,Total,EMP,Employment,MAIN,Main job,_T,Total,FT,Full-time,NAT_DEF,National definition,A,Annual,2017,,95.716,,A,Normal value,0,Units,1,One
DATAFLOW,OECD.ELS.SAE:DSD_FTPT@DF_FTPT_NATIONAL_INC(1.0),Incidence of full-time and part-time employment based on national definitions,I,SVK,Slovak Republic,EMP,Employment,PT_POP_SUB,Percentage of population in the same subgroup,M,Male,_T,Total,EMP,Employment,MAIN,Main job,_T,Total,FT,Full-time,NAT_DEF,National definition,A,Annual,2018,,96.438,,A,Normal value,0,Units,1,One
DATAFLOW,OECD.ELS.SAE:DSD_FTPT@DF_FTPT_NATIONAL_INC(1.0),Incidence of full-time and part-time employment based on national definitions,I,SVK,Slovak Republic,EMP,Employment,PT_POP_SUB,Percentage of population in the same subgroup,M,Male,_T,Total,EMP,Employment,MAIN,Main job,_T,Total,FT,Full-time,NAT_DEF,National definition,A,Annual,2019,,96.674,,A,Normal value,0,Units,1,One
DATAFLOW,OECD.ELS.SAE:DSD_FTPT@DF_FTPT_NATIONAL_INC(1.0),Incidence of full-time and part-time employment based on national definitions,I,SVK,Slovak Republic,EMP,Employment,PT_POP_SUB,Percentage of population in the same subgroup,M,Male,_T,Total,EMP,Employment,MAIN,Main job,_T,Total,FT,Full-time,NAT_DEF,National definition,A,Annual,2020,,96.942,,A,Normal value,0,Units,1,One
DATAFLOW,OECD.ELS.SAE:DSD_FTPT@DF_FTPT_NATIONAL_INC(1.0),Incidence of full-time and part-time employment based on national definitions,I,SVK,Slovak Republic,EMP,Employment,PT_POP_SUB,Percentage of population in the same subgroup,M,Male,_T,Total,EMP,Employment,MAIN,Main job,_T,Total,FT,Full-time,NAT_DEF,National definition,A,Annual,2021,,97.784,,A,Normal value,0,Units,1,One
DATAFLOW,OECD.ELS.SAE:DSD_FTPT@DF_FTPT_NATIONAL_INC(1.0),Incidence of full-time and part-time employment based on national definitions,I,SVK,Slovak Republic,EMP,Employment,PT_POP_SUB,Percentage of population in the same subgroup,M,Male,_T,Total,EMP,Employment,MAIN,Main job,_T,Total,FT,Full-time,NAT_DEF,National definition,A,Annual,2023,,97.629,,A,Normal value,0,Units,1,One
DATAFLOW,OECD.ELS.SAE:DSD_FTPT@DF_FTPT_NATIONAL_INC(1.0),Incidence of full-time and part-time employment based on national definitions,I,SVK,Slovak Republic,EMP,Employment,PT_POP_SUB,Percentage of population in the same subgroup,M,Male,_T,Total,EMP,Employment,MAIN,Main job,_T,Total,FT,Full-time,NAT_DEF,National definition,A,Annual,2024,,97.028,,A,Normal value,0,Units,1,One
DATAFLOW,OECD.ELS.SAE:DSD_FTPT@DF_FTPT_NATIONAL_INC(1.0),Incidence of full-time and part-time employment based on national definitions,I,SVK,Slovak Republic,EMP,Employment,PT_POP_SUB,Percentage of population in the same subgroup,M,Male,_T,Total,EMP,Employment,MAIN,Main job,_T,Total,FT,Full-time,NAT_DEF,National definition,A,Annual,2025,,96.505,,A,Normal value,0,Units,1,One
DATAFLOW,OECD.ELS.SAE:DSD_FTPT@DF_FTPT_NATIONAL_INC(1.0),Incidence of full-time and part-time employment based on national definitions,I,SVN,Slovenia,EMP,Employment,PT_POP_SUB,Percentage of population in the same subgroup,M,Male,_T,Total,EMP,Employment,MAIN,Main job,_T,Total,FT,Full-time,NAT_DEF,National definition,A,Annual,2010,,91.439,,A,Normal value,0,Units,1,One
DATAFLOW,OECD.ELS.SAE:DSD_FTPT@DF_FTPT_NATIONAL_INC(1.0),Incidence of full-time and part-time employment based on national definitions,I,SVN,Slovenia,EMP,Employment,PT_POP_SUB,Percentage of population in the same subgroup,M,Male,_T,Total,EMP,Employment,MAIN,Main job,_T,Total,FT,Full-time,NAT_DEF,National definition,A,Annual,2011,,92.086,,A,Normal value,0,Units,1,One
DATAFLOW,OECD.ELS.SAE:DSD_FTPT@DF_FTPT_NATIONAL_INC(1.0),Incidence of full-time and part-time employment based on national definitions,I,SVN,Slovenia,EMP,Employment,PT_POP_SUB,Percentage of population in the same subgroup,M,Male,_T,Total,EMP,Employment,MAIN,Main job,_T,Total,FT,Full-time,NAT_DEF,National definition,A,Annual,2012,,93.004,,A,Normal value,0,Units,1,One
DATAFLOW,OECD.ELS.SAE:DSD_FTPT@DF_FTPT_NATIONAL_INC(1.0),Incidence of full-time and part-time employment based on national definitions,I,SVN,Slovenia,EMP,Employment,PT_POP_SUB,Percentage of population in the same subgroup,M,Male,_T,Total,EMP,Employment,MAIN,Main job,_T,Total,FT,Full-time,NAT_DEF,National definition,A,Annual,2013,,92.684,,A,Normal value,0,Units,1,One
DATAFLOW,OECD.ELS.SAE:DSD_FTPT@DF_FTPT_NATIONAL_INC(1.0),Incidence of full-time and part-time employment based on national definitions,I,SVN,Slovenia,EMP,Employment,PT_POP_SUB,Percentage of population in the same subgroup,M,Male,_T,Total,EMP,Employment,MAIN,Main job,_T,Total,FT,Full-time,NAT_DEF,National definition,A,Annual,2014,,91.906,,A,Normal value,0,Units,1,One
DATAFLOW,OECD.ELS.SAE:DSD_FTPT@DF_FTPT_NATIONAL_INC(1.0),Incidence of full-time and part-time employment based on national definitions,I,SVN,Slovenia,EMP,Employment,PT_POP_SUB,Percentage of population in the same subgroup,M,Male,_T,Total,EMP,Employment,MAIN,Main job,_T,Total,FT,Full-time,NAT_DEF,National definition,A,Annual,2015,,92.195,,A,Normal value,0,Units,1,One
DATAFLOW,OECD.ELS.SAE:DSD_FTPT@DF_FTPT_NATIONAL_INC(1.0),Incidence of full-time and part-time employment based on national definitions,I,SVN,Slovenia,EMP,Employment,PT_POP_SUB,Percentage of population in the same subgroup,M,Male,_T,Total,EMP,Employment,MAIN,Main job,_T,Total,FT,Full-time,NAT_DEF,National definition,A,Annual,2016,,93.408,,A,Normal value,0,Units,1,One
DATAFLOW,OECD.ELS.SAE:DSD_FTPT@DF_FTPT_NATIONAL_INC(1.0),Incidence of full-time and part-time employment based on national definitions,I,SVN,Slovenia,EMP,Employment,PT_POP_SUB,Percentage of population in the same subgroup,M,Male,_T,Total,EMP,Employment,MAIN,Main job,_T,Total,FT,Full-time,NAT_DEF,National definition,A,Annual,2017,,92.344,,A,Normal value,0,Units,1,One
DATAFLOW,OECD.ELS.SAE:DSD_FTPT@DF_FTPT_NATIONAL_INC(1.0),Incidence of full-time and part-time employment based on national definitions,I,SVN,Slovenia,EMP,Employment,PT_POP_SUB,Percentage of population in the same subgroup,M,Male,_T,Total,EMP,Employment,MAIN,Main job,_T,Total,FT,Full-time,NAT_DEF,National definition,A,Annual,2018,,93.147,,A,Normal value,0,Units,1,One
DATAFLOW,OECD.ELS.SAE:DSD_FTPT@DF_FTPT_NATIONAL_INC(1.0),Incidence of full-time and part-time employment based on national definitions,I,SVN,Slovenia,EMP,Employment,PT_POP_SUB,Percentage of population in the same subgroup,M,Male,_T,Total,EMP,Employment,MAIN,Main job,_T,Total,FT,Full-time,NAT_DEF,National definition,A,Annual,2019,,94.533,,A,Normal value,0,Units,1,One
DATAFLOW,OECD.ELS.SAE:DSD_FTPT@DF_FTPT_NATIONAL_INC(1.0),Incidence of full-time and part-time employment based on national definitions,I,SVN,Slovenia,EMP,Employment,PT_POP_SUB,Percentage of population in the same subgroup,M,Male,_T,Total,EMP,Employment,MAIN,Main job,_T,Total,FT,Full-time,NAT_DEF,National definition,A,Annual,2020,,94.283,,A,Normal value,0,Units,1,One
DATAFLOW,OECD.ELS.SAE:DSD_FTPT@DF_FTPT_NATIONAL_INC(1.0),Incidence of full-time and part-time employment based on national definitions,I,SVN,Slovenia,EMP,Employment,PT_POP_SUB,Percentage of population in the same subgroup,M,Male,_T,Total,EMP,Employment,MAIN,Main job,_T,Total,FT,Full-time,NAT_DEF,National definition,A,Annual,2021,,92.917,,A,Normal value,0,Units,1,One
DATAFLOW,OECD.ELS.SAE:DSD_FTPT@DF_FTPT_NATIONAL_INC(1.0),Incidence of full-time and part-time employment based on national definitions,I,SVN,Slovenia,EMP,Employment,PT_POP_SUB,Percentage of population in the same subgroup,M,Male,_T,Total,EMP,Employment,MAIN,Main job,_T,Total,FT,Full-time,NAT_DEF,National definition,A,Annual,2022,,93.424,,A,Normal value,0,Units,1,One
DATAFLOW,OECD.ELS.SAE:DSD_FTPT@DF_FTPT_NATIONAL_INC(1.0),Incidence of full-time and part-time employment based on national definitions,I,SVN,Slovenia,EMP,Employment,PT_POP_SUB,Percentage of population in the same subgroup,M,Male,_T,Total,EMP,Employment,MAIN,Main job,_T,Total,FT,Full-time,NAT_DEF,National definition,A,Annual,2023,,93.702,,A,Normal value,0,Units,1,One
DATAFLOW,OECD.ELS.SAE:DSD_FTPT@DF_FTPT_NATIONAL_INC(1.0),Incidence of full-time and part-time employment based on national definitions,I,SVN,Slovenia,EMP,Employment,PT_POP_SUB,Percentage of population in the same subgroup,M,Male,_T,Total,EMP,Employment,MAIN,Main job,_T,Total,FT,Full-time,NAT_DEF,National definition,A,Annual,2024,,93.254,,A,Normal value,0,Units,1,One
DATAFLOW,OECD.ELS.SAE:DSD_FTPT@DF_FTPT_NATIONAL_INC(1.0),Incidence of full-time and part-time employment based on national definitions,I,SVN,Slovenia,EMP,Employment,PT_POP_SUB,Percentage of population in the same subgroup,M,Male,_T,Total,EMP,Employment,MAIN,Main job,_T,Total,FT,Full-time,NAT_DEF,National definition,A,Annual,2025,,93.541,,A,Normal value,0,Units,1,One
DATAFLOW,OECD.ELS.SAE:DSD_FTPT@DF_FTPT_NATIONAL_INC(1.0),Incidence of full-time and part-time employment based on national definitions,I,ESP,Spain,EMP,Employment,PT_POP_SUB,Percentage of population in the same subgroup,M,Male,_T,Total,EMP,Employment,MAIN,Main job,_T,Total,FT,Full-time,NAT_DEF,National definition,A,Annual,2012,,93.41,,A,Normal value,0,Units,1,One
DATAFLOW,OECD.ELS.SAE:DSD_FTPT@DF_FTPT_NATIONAL_INC(1.0),Incidence of full-time and part-time employment based on national definitions,I,ESP,Spain,EMP,Employment,PT_POP_SUB,Percentage of population in the same subgroup,M,Male,_T,Total,EMP,Employment,MAIN,Main job,_T,Total,FT,Full-time,NAT_DEF,National definition,A,Annual,2013,,92.166,,A,Normal value,0,Units,1,One
DATAFLOW,OECD.ELS.SAE:DSD_FTPT@DF_FTPT_NATIONAL_INC(1.0),Incidence of full-time and part-time employment based on national definitions,I,ESP,Spain,EMP,Employment,PT_POP_SUB,Percentage of population in the same subgroup,M,Male,_T,Total,EMP,Employment,MAIN,Main job,_T,Total,FT,Full-time,NAT_DEF,National definition,A,Annual,2017,,92.676,,A,Normal value,0,Units,1,One
DATAFLOW,OECD.ELS.SAE:DSD_FTPT@DF_FTPT_NATIONAL_INC(1.0),Incidence of full-time and part-time employment based on national definitions,I,ESP,Spain,EMP,Employment,PT_POP_SUB,Percentage of population in the same subgroup,M,Male,_T,Total,EMP,Employment,MAIN,Main job,_T,Total,FT,Full-time,NAT_DEF,National definition,A,Annual,2018,,93.154,,A,Normal value,0,Units,1,One
DATAFLOW,OECD.ELS.SAE:DSD_FTPT@DF_FTPT_NATIONAL_INC(1.0),Incidence of full-time and part-time employment based on national definitions,I,ESP,Spain,EMP,Employment,PT_POP_SUB,Percentage of population in the same subgroup,M,Male,_T,Total,EMP,Employment,MAIN,Main job,_T,Total,FT,Full-time,NAT_DEF,National definition,A,Annual,2021,,93.438,,A,Normal value,0,Units,1,One
DATAFLOW,OECD.ELS.SAE:DSD_FTPT@DF_FTPT_NATIONAL_INC(1.0),Incidence of full-time and part-time employment based on national definitions,I,ESP,Spain,EMP,Employment,PT_POP_SUB,Percentage of population in the same subgroup,M,Male,_T,Total,EMP,Employment,MAIN,Main job,_T,Total,FT,Full-time,NAT_DEF,National definition,A,Annual,2022,,93.4,,A,Normal value,0,Units,1,One
DATAFLOW,OECD.ELS.SAE:DSD_FTPT@DF_FTPT_NATIONAL_INC(1.0),Incidence of full-time and part-time employment based on national definitions,I,ESP,Spain,EMP,Employment,PT_POP_SUB,Percentage of population in the same subgroup,M,Male,_T,Total,EMP,Employment,MAIN,Main job,_T,Total,FT,Full-time,NAT_DEF,National definition,A,Annual,2023,,93.397,,A,Normal value,0,Units,1,One
DATAFLOW,OECD.ELS.SAE:DSD_FTPT@DF_FTPT_NATIONAL_INC(1.0),Incidence of full-time and part-time employment based on national definitions,I,ESP,Spain,EMP,Employment,PT_POP_SUB,Percentage of population in the same subgroup,M,Male,_T,Total,EMP,Employment,MAIN,Main job,_T,Total,FT,Full-time,NAT_DEF,National definition,A,Annual,2025,,93.085,,A,Normal value,0,Units,1,One
DATAFLOW,OECD.ELS.SAE:DSD_FTPT@DF_FTPT_NATIONAL_INC(1.0),Incidence of full-time and part-time employment based on national definitions,I,SWE,Sweden,EMP,Employment,PT_POP_SUB,Percentage of population in the same subgroup,M,Male,_T,Total,EMP,Employment,MAIN,Main job,_T,Total,FT,Full-time,NAT_DEF,National definition,A,Annual,2013,,86.04,,A,Normal value,0,Units,1,One
DATAFLOW,OECD.ELS.SAE:DSD_FTPT@DF_FTPT_NATIONAL_INC(1.0),Incidence of full-time and part-time employment based on national definitions,I,SWE,Sweden,EMP,Employment,PT_POP_SUB,Percentage of population in the same subgroup,M,Male,_T,Total,EMP,Employment,MAIN,Main job,_T,Total,FT,Full-time,NAT_DEF,National definition,A,Annual,2014,,85.98,,A,Normal value,0,Units,1,One
DATAFLOW,OECD.ELS.SAE:DSD_FTPT@DF_FTPT_NATIONAL_INC(1.0),Incidence of full-time and part-time employment based on national definitions,I,SWE,Sweden,EMP,Employment,PT_POP_SUB,Percentage of population in the same subgroup,M,Male,_T,Total,EMP,Employment,MAIN,Main job,_T,Total,FT,Full-time,NAT_DEF,National definition,A,Annual,2016,,86.03,,A,Normal value,0,Units,1,One
DATAFLOW,OECD.ELS.SAE:DSD_FTPT@DF_FTPT_NATIONAL_INC(1.0),Incidence of full-time and part-time employment based on national definitions,I,SWE,Sweden,EMP,Employment,PT_POP_SUB,Percentage of population in the same subgroup,M,Male,_T,Total,EMP,Employment,MAIN,Main job,_T,Total,FT,Full-time,NAT_DEF,National definition,A,Annual,2017,,85.591,,A,Normal value,0,Units,1,One
DATAFLOW,OECD.ELS.SAE:DSD_FTPT@DF_FTPT_NATIONAL_INC(1.0),Incidence of full-time and part-time employment based on national definitions,I,SWE,Sweden,EMP,Employment,PT_POP_SUB,Percentage of population in the same subgroup,M,Male,_T,Total,EMP,Employment,MAIN,Main job,_T,Total,FT,Full-time,NAT_DEF,National definition,A,Annual,2018,,85.809,,A,Normal value,0,Units,1,One
DATAFLOW,OECD.ELS.SAE:DSD_FTPT@DF_FTPT_NATIONAL_INC(1.0),Incidence of full-time and part-time employment based on national definitions,I,SWE,Sweden,EMP,Employment,PT_POP_SUB,Percentage of population in the same subgroup,M,Male,_T,Total,EMP,Employment,MAIN,Main job,_T,Total,FT,Full-time,NAT_DEF,National definition,A,Annual,2019,,85.42,,A,Normal value,0,Units,1,One
DATAFLOW,OECD.ELS.SAE:DSD_FTPT@DF_FTPT_NATIONAL_INC(1.0),Incidence of full-time and part-time employment based on national definitions,I,SWE,Sweden,EMP,Employment,PT_POP_SUB,Percentage of population in the same subgroup,M,Male,_T,Total,EMP,Employment,MAIN,Main job,_T,Total,FT,Full-time,NAT_DEF,National definition,A,Annual,2020,,84.46,,A,Normal value,0,Units,1,One
DATAFLOW,OECD.ELS.SAE:DSD_FTPT@DF_FTPT_NATIONAL_INC(1.0),Incidence of full-time and part-time employment based on national definitions,I,SWE,Sweden,EMP,Employment,PT_POP_SUB,Percentage of population in the same subgroup,M,Male,_T,Total,EMP,Employment,MAIN,Main job,_T,Total,FT,Full-time,NAT_DEF,National definition,A,Annual,2021,,84.445,,A,Normal value,0,Units,1,One
DATAFLOW,OECD.ELS.SAE:DSD_FTPT@DF_FTPT_NATIONAL_INC(1.0),Incidence of full-time and part-time employment based on national definitions,I,SWE,Sweden,EMP,Employment,PT_POP_SUB,Percentage of population in the same subgroup,M,Male,_T,Total,EMP,Employment,MAIN,Main job,_T,Total,FT,Full-time,NAT_DEF,National definition,A,Annual,2022,,84.165,,A,Normal value,0,Units,1,One
DATAFLOW,OECD.ELS.SAE:DSD_FTPT@DF_FTPT_NATIONAL_INC(1.0),Incidence of full-time and part-time employment based on national definitions,I,SWE,Sweden,EMP,Employment,PT_POP_SUB,Percentage of population in the same subgroup,M,Male,_T,Total,EMP,Employment,MAIN,Main job,_T,Total,FT,Full-time,NAT_DEF,National definition,A,Annual,2023,,84.03,,A,Normal value,0,Units,1,One
DATAFLOW,OECD.ELS.SAE:DSD_FTPT@DF_FTPT_NATIONAL_INC(1.0),Incidence of full-time and part-time employment based on national definitions,I,SWE,Sweden,EMP,Employment,PT_POP_SUB,Percentage of population in the same subgroup,M,Male,_T,Total,EMP,Employment,MAIN,Main job,_T,Total,FT,Full-time,NAT_DEF,National definition,A,Annual,2024,,83.921,,A,Normal value,0,Units,1,One
DATAFLOW,OECD.ELS.SAE:DSD_FTPT@DF_FTPT_NATIONAL_INC(1.0),Incidence of full-time and part-time employment based on national definitions,I,SWE,Sweden,EMP,Employment,PT_POP_SUB,Percentage of population in the same subgroup,M,Male,_T,Total,EMP,Employment,MAIN,Main job,_T,Total,FT,Full-time,NAT_DEF,National definition,A,Annual,2025,,83.626,,A,Normal value,0,Units,1,One
DATAFLOW,OECD.ELS.SAE:DSD_FTPT@DF_FTPT_NATIONAL_INC(1.0),Incidence of full-time and part-time employment based on national definitions,I,CHE,Switzerland,EMP,Employment,PT_POP_SUB,Percentage of population in the same subgroup,M,Male,_T,Total,EMP,Employment,MAIN,Main job,_T,Total,FT,Full-time,NAT_DEF,National definition,A,Annual,2011,,86.299,,A,Normal value,0,Units,1,One
DATAFLOW,OECD.ELS.SAE:DSD_FTPT@DF_FTPT_NATIONAL_INC(1.0),Incidence of full-time and part-time employment based on national definitions,I,CHE,Switzerland,EMP,Employment,PT_POP_SUB,Percentage of population in the same subgroup,M,Male,_T,Total,EMP,Employment,MAIN,Main job,_T,Total,FT,Full-time,NAT_DEF,National definition,A,Annual,2012,,86.092,,A,Normal value,0,Units,1,One
DATAFLOW,OECD.ELS.SAE:DSD_FTPT@DF_FTPT_NATIONAL_INC(1.0),Incidence of full-time and part-time employment based on national definitions,I,CHE,Switzerland,EMP,Employment,PT_POP_SUB,Percentage of population in the same subgroup,M,Male,_T,Total,EMP,Employment,MAIN,Main job,_T,Total,FT,Full-time,NAT_DEF,National definition,A,Annual,2013,,85.549,,A,Normal value,0,Units,1,One
DATAFLOW,OECD.ELS.SAE:DSD_FTPT@DF_FTPT_NATIONAL_INC(1.0),Incidence of full-time and part-time employment based on national definitions,I,CHE,Switzerland,EMP,Employment,PT_POP_SUB,Percentage of population in the same subgroup,M,Male,_T,Total,EMP,Employment,MAIN,Main job,_T,Total,FT,Full-time,NAT_DEF,National definition,A,Annual,2014,,84.019,,A,Normal value,0,Units,1,One
DATAFLOW,OECD.ELS.SAE:DSD_FTPT@DF_FTPT_NATIONAL_INC(1.0),Incidence of full-time and part-time employment based on national definitions,I,CHE,Switzerland,EMP,Employment,PT_POP_SUB,Percentage of population in the same subgroup,M,Male,_T,Total,EMP,Employment,MAIN,Main job,_T,Total,FT,Full-time,NAT_DEF,National definition,A,Annual,2016,,82.88,,A,Normal value,0,Units,1,One
DATAFLOW,OECD.ELS.SAE:DSD_FTPT@DF_FTPT_NATIONAL_INC(1.0),Incidence of full-time and part-time employment based on national definitions,I,CHE,Switzerland,EMP,Employment,PT_POP_SUB,Percentage of population in the same subgroup,M,Male,_T,Total,EMP,Employment,MAIN,Main job,_T,Total,FT,Full-time,NAT_DEF,National definition,A,Annual,2018,,82.429,,A,Normal value,0,Units,1,One
DATAFLOW,OECD.ELS.SAE:DSD_FTPT@DF_FTPT_NATIONAL_INC(1.0),Incidence of full-time and part-time employment based on national definitions,I,CHE,Switzerland,EMP,Employment,PT_POP_SUB,Percentage of population in the same subgroup,M,Male,_T,Total,EMP,Employment,MAIN,Main job,_T,Total,FT,Full-time,NAT_DEF,National definition,A,Annual,2019,,82.318,,A,Normal value,0,Units,1,One
DATAFLOW,OECD.ELS.SAE:DSD_FTPT@DF_FTPT_NATIONAL_INC(1.0),Incidence of full-time and part-time employment based on national definitions,I,CHE,Switzerland,EMP,Employment,PT_POP_SUB,Percentage of population in the same subgroup,M,Male,_T,Total,EMP,Employment,MAIN,Main job,_T,Total,FT,Full-time,NAT_DEF,National definition,A,Annual,2020,,81.692,,A,Normal value,0,Units,1,One
DATAFLOW,OECD.ELS.SAE:DSD_FTPT@DF_FTPT_NATIONAL_INC(1.0),Incidence of full-time and part-time employment based on national definitions,I,CHE,Switzerland,EMP,Employment,PT_POP_SUB,Percentage of population in the same subgroup,M,Male,_T,Total,EMP,Employment,MAIN,Main job,_T,Total,FT,Full-time,NAT_DEF,National definition,A,Annual,2021,,81.752,,A,Normal value,0,Units,1,One
DATAFLOW,OECD.ELS.SAE:DSD_FTPT@DF_FTPT_NATIONAL_INC(1.0),Incidence of full-time and part-time employment based on national definitions,I,CHE,Switzerland,EMP,Employment,PT_POP_SUB,Percentage of population in the same subgroup,M,Male,_T,Total,EMP,Employment,MAIN,Main job,_T,Total,FT,Full-time,NAT_DEF,National definition,A,Annual,2025,,79.072,,A,Normal value,0,Units,1,One
DATAFLOW,OECD.ELS.SAE:DSD_FTPT@DF_FTPT_NATIONAL_INC(1.0),Incidence of full-time and part-time employment based on national definitions,I,TUR,Türkiye,EMP,Employment,PT_POP_SUB,Percentage of population in the same subgroup,M,Male,_T,Total,EMP,Employment,MAIN,Main job,_T,Total,FT,Full-time,NAT_DEF,National definition,A,Annual,2025,,90.024,,A,Normal value,0,Units,1,One
DATAFLOW,OECD.ELS.SAE:DSD_FTPT@DF_FTPT_NATIONAL_INC(1.0),Incidence of full-time and part-time employment based on national definitions,I,GBR,United Kingdom,EMP,Employment,PT_POP_SUB,Percentage of population in the same subgroup,M,Male,_T,Total,EMP,Employment,MAIN,Main job,_T,Total,FT,Full-time,NAT_DEF,National definition,A,Annual,2022,,86.633,,A,Normal value,0,Units,1,One
DATAFLOW,OECD.ELS.SAE:DSD_FTPT@DF_FTPT_NATIONAL_INC(1.0),Incidence of full-time and part-time employment based on national definitions,I,GBR,United Kingdom,EMP,Employment,PT_POP_SUB,Percentage of population in the same subgroup,M,Male,_T,Total,EMP,Employment,MAIN,Main job,_T,Total,FT,Full-time,NAT_DEF,National definition,A,Annual,2023,,86.194,,A,Normal value,0,Units,1,One
DATAFLOW,OECD.ELS.SAE:DSD_FTPT@DF_FTPT_NATIONAL_INC(1.0),Incidence of full-time and part-time employment based on national definitions,I,GBR,United Kingdom,EMP,Employment,PT_POP_SUB,Percentage of population in the same subgroup,M,Male,_T,Total,EMP,Employment,MAIN,Main job,_T,Total,FT,Full-time,NAT_DEF,National definition,A,Annual,2025,,85.972,,A,Normal value,0,Units,1,One
DATAFLOW,OECD.ELS.SAE:DSD_FTPT@DF_FTPT_NATIONAL_INC(1.0),Incidence of full-time and part-time employment based on national definitions,I,USA,United States,EMP,Employment,PT_POP_SUB,Percentage of population in the same subgroup,M,Male,_T,Total,EMP,Employment,MAIN,Main job,_T,Total,FT,Full-time,NAT_DEF,National definition,A,Annual,2025,,87.553,,A,Normal value,0,Units,1,One
DATAFLOW,OECD.ELS.SAE:DSD_FTPT@DF_FTPT_NATIONAL_INC(1.0),Incidence of full-time and part-time employment based on national definitions,I,EU27,European Union (27 countries),EMP,Employment,PT_POP_SUB,Percentage of population in the same subgroup,M,Male,_T,Total,EMP,Employment,MAIN,Main job,_T,Total,FT,Full-time,NAT_DEF,National definition,A,Annual,2010,,92.035,,A,Normal value,0,Units,1,One
DATAFLOW,OECD.ELS.SAE:DSD_FTPT@DF_FTPT_NATIONAL_INC(1.0),Incidence of full-time and part-time employment based on national definitions,I,EU27,European Union (27 countries),EMP,Employment,PT_POP_SUB,Percentage of population in the same subgroup,M,Male,_T,Total,EMP,Employment,MAIN,Main job,_T,Total,FT,Full-time,NAT_DEF,National definition,A,Annual,2011,,91.82,,A,Normal value,0,Units,1,One
DATAFLOW,OECD.ELS.SAE:DSD_FTPT@DF_FTPT_NATIONAL_INC(1.0),Incidence of full-time and part-time employment based on national definitions,I,EU27,European Union (27 countries),EMP,Employment,PT_POP_SUB,Percentage of population in the same subgroup,M,Male,_T,Total,EMP,Employment,MAIN,Main job,_T,Total,FT,Full-time,NAT_DEF,National definition,A,Annual,2013,,91.046,,A,Normal value,0,Units,1,One
DATAFLOW,OECD.ELS.SAE:DSD_FTPT@DF_FTPT_NATIONAL_INC(1.0),Incidence of full-time and part-time employment based on national definitions,I,EU27,European Union (27 countries),EMP,Employment,PT_POP_SUB,Percentage of population in the same subgroup,M,Male,_T,Total,EMP,Employment,MAIN,Main job,_T,Total,FT,Full-time,NAT_DEF,National definition,A,Annual,2015,,90.742,,A,Normal value,0,Units,1,One
DATAFLOW,OECD.ELS.SAE:DSD_FTPT@DF_FTPT_NATIONAL_INC(1.0),Incidence of full-time and part-time employment based on national definitions,I,EU27,European Union (27 countries),EMP,Employment,PT_POP_SUB,Percentage of population in the same subgroup,M,Male,_T,Total,EMP,Employment,MAIN,Main job,_T,Total,FT,Full-time,NAT_DEF,National definition,A,Annual,2017,,90.76,,A,Normal value,0,Units,1,One
DATAFLOW,OECD.ELS.SAE:DSD_FTPT@DF_FTPT_NATIONAL_INC(1.0),Incidence of full-time and part-time employment based on national definitions,I,EU27,European Union (27 countries),EMP,Employment,PT_POP_SUB,Percentage of population in the same subgroup,M,Male,_T,Total,EMP,Employment,MAIN,Main job,_T,Total,FT,Full-time,NAT_DEF,National definition,A,Annual,2018,,90.88,,A,Normal value,0,Units,1,One
DATAFLOW,OECD.ELS.SAE:DSD_FTPT@DF_FTPT_NATIONAL_INC(1.0),Incidence of full-time and part-time employment based on national definitions,I,EU27,European Union (27 countries),EMP,Employment,PT_POP_SUB,Percentage of population in the same subgroup,M,Male,_T,Total,EMP,Employment,MAIN,Main job,_T,Total,FT,Full-time,NAT_DEF,National definition,A,Annual,2019,,90.783,,A,Normal value,0,Units,1,One
DATAFLOW,OECD.ELS.SAE:DSD_FTPT@DF_FTPT_NATIONAL_INC(1.0),Incidence of full-time and part-time employment based on national definitions,I,EU27,European Union (27 countries),EMP,Employment,PT_POP_SUB,Percentage of population in the same subgroup,M,Male,_T,Total,EMP,Employment,MAIN,Main job,_T,Total,FT,Full-time,NAT_DEF,National definition,A,Annual,2020,,90.675,,A,Normal value,0,Units,1,One
DATAFLOW,OECD.ELS.SAE:DSD_FTPT@DF_FTPT_NATIONAL_INC(1.0),Incidence of full-time and part-time employment based on national definitions,I,EU27,European Union (27 countries),EMP,Employment,PT_POP_SUB,Percentage of population in the same subgroup,M,Male,_T,Total,EMP,Employment,MAIN,Main job,_T,Total,FT,Full-time,NAT_DEF,National definition,A,Annual,2021,,90.643,,A,Normal value,0,Units,1,One
DATAFLOW,OECD.ELS.SAE:DSD_FTPT@DF_FTPT_NATIONAL_INC(1.0),Incidence of full-time and part-time employment based on national definitions,I,EU27,European Union (27 countries),EMP,Employment,PT_POP_SUB,Percentage of population in the same subgroup,M,Male,_T,Total,EMP,Employment,MAIN,Main job,_T,Total,FT,Full-time,NAT_DEF,National definition,A,Annual,2022,,90.514,,A,Normal value,0,Units,1,One
DATAFLOW,OECD.ELS.SAE:DSD_FTPT@DF_FTPT_NATIONAL_INC(1.0),Incidence of full-time and part-time employment based on national definitions,I,EU27,European Union (27 countries),EMP,Employment,PT_POP_SUB,Percentage of population in the same subgroup,M,Male,_T,Total,EMP,Employment,MAIN,Main job,_T,Total,FT,Full-time,NAT_DEF,National definition,A,Annual,2023,,90.289,,A,Normal value,0,Units,1,One
DATAFLOW,OECD.ELS.SAE:DSD_FTPT@DF_FTPT_NATIONAL_INC(1.0),Incidence of full-time and part-time employment based on national definitions,I,EU27,European Union (27 countries),EMP,Employment,PT_POP_SUB,Percentage of population in the same subgroup,M,Male,_T,Total,EMP,Employment,MAIN,Main job,_T,Total,FT,Full-time,NAT_DEF,National definition,A,Annual,2024,,90.169,,A,Normal value,0,Units,1,One
DATAFLOW,OECD.ELS.SAE:DSD_FTPT@DF_FTPT_NATIONAL_INC(1.0),Incidence of full-time and part-time employment based on national definitions,I,EU27,European Union (27 countries),EMP,Employment,PT_POP_SUB,Percentage of population in the same subgroup,M,Male,_T,Total,EMP,Employment,MAIN,Main job,_T,Total,FT,Full-time,NAT_DEF,National definition,A,Annual,2025,,90.036,,A,Normal value,0,Units,1,One
DATAFLOW,OECD.ELS.SAE:DSD_FTPT@DF_FTPT_NATIONAL_INC(1.0),Incidence of full-time and part-time employment based on national definitions,I,EU19OECD,European Union (19 countries) in OECD,EMP,Employment,PT_POP_SUB,Percentage of population in the same subgroup,M,Male,_T,Total,EMP,Employment,MAIN,Main job,_T,Total,FT,Full-time,NAT_DEF,National definition,A,Annual,2010,,91.814,,A,Normal value,0,Units,1,One
DATAFLOW,OECD.ELS.SAE:DSD_FTPT@DF_FTPT_NATIONAL_INC(1.0),Incidence of full-time and part-time employment based on national definitions,I,EU19OECD,European Union (19 countries) in OECD,EMP,Employment,PT_POP_SUB,Percentage of population in the same subgroup,M,Male,_T,Total,EMP,Employment,MAIN,Main job,_T,Total,FT,Full-time,NAT_DEF,National definition,A,Annual,2011,,91.441,,A,Normal value,0,Units,1,One
DATAFLOW,OECD.ELS.SAE:DSD_FTPT@DF_FTPT_NATIONAL_INC(1.0),Incidence of full-time and part-time employment based on national definitions,I,EU19OECD,European Union (19 countries) in OECD,EMP,Employment,PT_POP_SUB,Percentage of population in the same subgroup,M,Male,_T,Total,EMP,Employment,MAIN,Main job,_T,Total,FT,Full-time,NAT_DEF,National definition,A,Annual,2012,,90.931,,A,Normal value,0,Units,1,One
DATAFLOW,OECD.ELS.SAE:DSD_FTPT@DF_FTPT_NATIONAL_INC(1.0),Incidence of full-time and part-time employment based on national definitions,I,EU19OECD,European Union (19 countries) in OECD,EMP,Employment,PT_POP_SUB,Percentage of population in the same subgroup,M,Male,_T,Total,EMP,Employment,MAIN,Main job,_T,Total,FT,Full-time,NAT_DEF,National definition,A,Annual,2013,,90.402,,A,Normal value,0,Units,1,One
DATAFLOW,OECD.ELS.SAE:DSD_FTPT@DF_FTPT_NATIONAL_INC(1.0),Incidence of full-time and part-time employment based on national definitions,I,EU19OECD,European Union (19 countries) in OECD,EMP,Employment,PT_POP_SUB,Percentage of population in the same subgroup,M,Male,_T,Total,EMP,Employment,MAIN,Main job,_T,Total,FT,Full-time,NAT_DEF,National definition,A,Annual,2015,,89.964,,A,Normal value,0,Units,1,One
DATAFLOW,OECD.ELS.SAE:DSD_FTPT@DF_FTPT_NATIONAL_INC(1.0),Incidence of full-time and part-time employment based on national definitions,I,EU19OECD,European Union (19 countries) in OECD,EMP,Employment,PT_POP_SUB,Percentage of population in the same subgroup,M,Male,_T,Total,EMP,Employment,MAIN,Main job,_T,Total,FT,Full-time,NAT_DEF,National definition,A,Annual,2016,,89.851,,A,Normal value,0,Units,1,One
DATAFLOW,OECD.ELS.SAE:DSD_FTPT@DF_FTPT_NATIONAL_INC(1.0),Incidence of full-time and part-time employment based on national definitions,I,EU19OECD,European Union (19 countries) in OECD,EMP,Employment,PT_POP_SUB,Percentage of population in the same subgroup,M,Male,_T,Total,EMP,Employment,MAIN,Main job,_T,Total,FT,Full-time,NAT_DEF,National definition,A,Annual,2017,,89.805,,A,Normal value,0,Units,1,One
DATAFLOW,OECD.ELS.SAE:DSD_FTPT@DF_FTPT_NATIONAL_INC(1.0),Incidence of full-time and part-time employment based on national definitions,I,EU19OECD,European Union (19 countries) in OECD,EMP,Employment,PT_POP_SUB,Percentage of population in the same subgroup,M,Male,_T,Total,EMP,Employment,MAIN,Main job,_T,Total,FT,Full-time,NAT_DEF,National definition,A,Annual,2018,,89.935,,A,Normal value,0,Units,1,One
DATAFLOW,OECD.ELS.SAE:DSD_FTPT@DF_FTPT_NATIONAL_INC(1.0),Incidence of full-time and part-time employment based on national definitions,I,EU19OECD,European Union (19 countries) in OECD,EMP,Employment,PT_POP_SUB,Percentage of population in the same subgroup,M,Male,_T,Total,EMP,Employment,MAIN,Main job,_T,Total,FT,Full-time,NAT_DEF,National definition,A,Annual,2020,,89.631,,A,Normal value,0,Units,1,One
DATAFLOW,OECD.ELS.SAE:DSD_FTPT@DF_FTPT_NATIONAL_INC(1.0),Incidence of full-time and part-time employment based on national definitions,I,EU19OECD,European Union (19 countries) in OECD,EMP,Employment,PT_POP_SUB,Percentage of population in the same subgroup,M,Male,_T,Total,EMP,Employment,MAIN,Main job,_T,Total,FT,Full-time,NAT_DEF,National definition,A,Annual,2021,,89.474,,A,Normal value,0,Units,1,One
DATAFLOW,OECD.ELS.SAE:DSD_FTPT@DF_FTPT_NATIONAL_INC(1.0),Incidence of full-time and part-time employment based on national definitions,I,EU19OECD,European Union (19 countries) in OECD,EMP,Employment,PT_POP_SUB,Percentage of population in the same subgroup,M,Male,_T,Total,EMP,Employment,MAIN,Main job,_T,Total,FT,Full-time,NAT_DEF,National definition,A,Annual,2022,,89.348,,A,Normal value,0,Units,1,One
DATAFLOW,OECD.ELS.SAE:DSD_FTPT@DF_FTPT_NATIONAL_INC(1.0),Incidence of full-time and part-time employment based on national definitions,I,EU19OECD,European Union (19 countries) in OECD,EMP,Employment,PT_POP_SUB,Percentage of population in the same subgroup,M,Male,_T,Total,EMP,Employment,MAIN,Main job,_T,Total,FT,Full-time,NAT_DEF,National definition,A,Annual,2023,,89.143,,A,Normal value,0,Units,1,One
DATAFLOW,OECD.ELS.SAE:DSD_FTPT@DF_FTPT_NATIONAL_INC(1.0),Incidence of full-time and part-time employment based on national definitions,I,EU19OECD,European Union (19 countries) in OECD,EMP,Employment,PT_POP_SUB,Percentage of population in the same subgroup,M,Male,_T,Total,EMP,Employment,MAIN,Main job,_T,Total,FT,Full-time,NAT_DEF,National definition,A,Annual,2024,,89.022,,A,Normal value,0,Units,1,One
DATAFLOW,OECD.ELS.SAE:DSD_FTPT@DF_FTPT_NATIONAL_INC(1.0),Incidence of full-time and part-time employment based on national definitions,I,EU19OECD,European Union (19 countries) in OECD,EMP,Employment,PT_POP_SUB,Percentage of population in the same subgroup,M,Male,_T,Total,EMP,Employment,MAIN,Main job,_T,Total,FT,Full-time,NAT_DEF,National definition,A,Annual,2025,,88.864,,A,Normal value,0,Units,1,One
DATAFLOW,OECD.ELS.SAE:DSD_FTPT@DF_FTPT_NATIONAL_INC(1.0),Incidence of full-time and part-time employment based on national definitions,I,EU22OECD,European Union (22 countries) in OECD,EMP,Employment,PT_POP_SUB,Percentage of population in the same subgroup,M,Male,_T,Total,EMP,Employment,MAIN,Main job,_T,Total,FT,Full-time,NAT_DEF,National definition,A,Annual,2010,,92.058,,A,Normal value,0,Units,1,One
DATAFLOW,OECD.ELS.SAE:DSD_FTPT@DF_FTPT_NATIONAL_INC(1.0),Incidence of full-time and part-time employment based on national definitions,I,EU22OECD,European Union (22 countries) in OECD,EMP,Employment,PT_POP_SUB,Percentage of population in the same subgroup,M,Male,_T,Total,EMP,Employment,MAIN,Main job,_T,Total,FT,Full-time,NAT_DEF,National definition,A,Annual,2013,,90.937,,A,Normal value,0,Units,1,One
DATAFLOW,OECD.ELS.SAE:DSD_FTPT@DF_FTPT_NATIONAL_INC(1.0),Incidence of full-time and part-time employment based on national definitions,I,EU22OECD,European Union (22 countries) in OECD,EMP,Employment,PT_POP_SUB,Percentage of population in the same subgroup,M,Male,_T,Total,EMP,Employment,MAIN,Main job,_T,Total,FT,Full-time,NAT_DEF,National definition,A,Annual,2014,,90.705,,A,Normal value,0,Units,1,One
DATAFLOW,OECD.ELS.SAE:DSD_FTPT@DF_FTPT_NATIONAL_INC(1.0),Incidence of full-time and part-time employment based on national definitions,I,EU22OECD,European Union (22 countries) in OECD,EMP,Employment,PT_POP_SUB,Percentage of population in the same subgroup,M,Male,_T,Total,EMP,Employment,MAIN,Main job,_T,Total,FT,Full-time,NAT_DEF,National definition,A,Annual,2015,,90.601,,A,Normal value,0,Units,1,One
DATAFLOW,OECD.ELS.SAE:DSD_FTPT@DF_FTPT_NATIONAL_INC(1.0),Incidence of full-time and part-time employment based on national definitions,I,EU22OECD,European Union (22 countries) in OECD,EMP,Employment,PT_POP_SUB,Percentage of population in the same subgroup,M,Male,_T,Total,EMP,Employment,MAIN,Main job,_T,Total,FT,Full-time,NAT_DEF,National definition,A,Annual,2018,,90.616,,A,Normal value,0,Units,1,One
DATAFLOW,OECD.ELS.SAE:DSD_FTPT@DF_FTPT_NATIONAL_INC(1.0),Incidence of full-time and part-time employment based on national definitions,I,EU22OECD,European Union (22 countries) in OECD,EMP,Employment,PT_POP_SUB,Percentage of population in the same subgroup,M,Male,_T,Total,EMP,Employment,MAIN,Main job,_T,Total,FT,Full-time,NAT_DEF,National definition,A,Annual,2020,,90.365,,A,Normal value,0,Units,1,One
DATAFLOW,OECD.ELS.SAE:DSD_FTPT@DF_FTPT_NATIONAL_INC(1.0),Incidence of full-time and part-time employment based on national definitions,I,EU22OECD,European Union (22 countries) in OECD,EMP,Employment,PT_POP_SUB,Percentage of population in the same subgroup,M,Male,_T,Total,EMP,Employment,MAIN,Main job,_T,Total,FT,Full-time,NAT_DEF,National definition,A,Annual,2021,,90.243,,A,Normal value,0,Units,1,One
DATAFLOW,OECD.ELS.SAE:DSD_FTPT@DF_FTPT_NATIONAL_INC(1.0),Incidence of full-time and part-time employment based on national definitions,I,EU22OECD,European Union (22 countries) in OECD,EMP,Employment,PT_POP_SUB,Percentage of population in the same subgroup,M,Male,_T,Total,EMP,Employment,MAIN,Main job,_T,Total,FT,Full-time,NAT_DEF,National definition,A,Annual,2022,,90.096,,A,Normal value,0,Units,1,One
DATAFLOW,OECD.ELS.SAE:DSD_FTPT@DF_FTPT_NATIONAL_INC(1.0),Incidence of full-time and part-time employment based on national definitions,I,EU22OECD,European Union (22 countries) in OECD,EMP,Employment,PT_POP_SUB,Percentage of population in the same subgroup,M,Male,_T,Total,EMP,Employment,MAIN,Main job,_T,Total,FT,Full-time,NAT_DEF,National definition,A,Annual,2023,,89.86,,A,Normal value,0,Units,1,One
DATAFLOW,OECD.ELS.SAE:DSD_FTPT@DF_FTPT_NATIONAL_INC(1.0),Incidence of full-time and part-time employment based on national definitions,I,EU22OECD,European Union (22 countries) in OECD,EMP,Employment,PT_POP_SUB,Percentage of population in the same subgroup,M,Male,_T,Total,EMP,Employment,MAIN,Main job,_T,Total,FT,Full-time,NAT_DEF,National definition,A,Annual,2024,,89.698,,A,Normal value,0,Units,1,One
DATAFLOW,OECD.ELS.SAE:DSD_FTPT@DF_FTPT_NATIONAL_INC(1.0),Incidence of full-time and part-time employment based on national definitions,I,EU22OECD,European Union (22 countries) in OECD,EMP,Employment,PT_POP_SUB,Percentage of population in the same subgroup,M,Male,_T,Total,EMP,Employment,MAIN,Main job,_T,Total,FT,Full-time,NAT_DEF,National definition,A,Annual,2025,,89.536,,A,Normal value,0,Units,1,One
DATAFLOW,OECD.ELS.SAE:DSD_FTPT@DF_FTPT_NATIONAL_INC(1.0),Incidence of full-time and part-time employment based on national definitions,I,OECD,OECD,EMP,Employment,PT_POP_SUB,Percentage of population in the same subgroup,M,Male,_T,Total,EMP,Employment,MAIN,Main job,_T,Total,FT,Full-time,NAT_DEF,National definition,A,Annual,2011,,88.78,,A,Normal value,0,Units,1,One
DATAFLOW,OECD.ELS.SAE:DSD_FTPT@DF_FTPT_NATIONAL_INC(1.0),Incidence of full-time and part-time employment based on national definitions,I,OECD,OECD,EMP,Employment,PT_POP_SUB,Percentage of population in the same subgroup,M,Male,_T,Total,EMP,Employment,MAIN,Main job,_T,Total,FT,Full-time,NAT_DEF,National definition,A,Annual,2015,,88.439,,A,Normal value,0,Units,1,One
DATAFLOW,OECD.ELS.SAE:DSD_FTPT@DF_FTPT_NATIONAL_INC(1.0),Incidence of full-time and part-time employment based on national definitions,I,OECD,OECD,EMP,Employment,PT_POP_SUB,Percentage of population in the same subgroup,M,Male,_T,Total,EMP,Employment,MAIN,Main job,_T,Total,FT,Full-time,NAT_DEF,National definition,A,Annual,2021,,88.111,,A,Normal value,0,Units,1,One
DATAFLOW,OECD.ELS.SAE:DSD_FTPT@DF_FTPT_NATIONAL_INC(1.0),Incidence of full-time and part-time employment based on national definitions,I,OECD,OECD,EMP,Employment,PT_POP_SUB,Percentage of population in the same subgroup,M,Male,_T,Total,EMP,Employment,MAIN,Main job,_T,Total,FT,Full-time,NAT_DEF,National definition,A,Annual,2022,,88.265,,A,Normal value,0,Units,1,One
DATAFLOW,OECD.ELS.SAE:DSD_FTPT@DF_FTPT_NATIONAL_INC(1.0),Incidence of full-time and part-time employment based on national definitions,I,OECD,OECD,EMP,Employment,PT_POP_SUB,Percentage of population in the same subgroup,M,Male,_T,Total,EMP,Employment,MAIN,Main job,_T,Total,FT,Full-time,NAT_DEF,National definition,A,Annual,2023,,88.077,,A,Normal value,0,Units,1,One
DATAFLOW,OECD.ELS.SAE:DSD_FTPT@DF_FTPT_NATIONAL_INC(1.0),Incidence of full-time and part-time employment based on national definitions,I,OECD,OECD,EMP,Employment,PT_POP_SUB,Percentage of population in the same subgroup,M,Male,_T,Total,EMP,Employment,MAIN,Main job,_T,Total,FT,Full-time,NAT_DEF,National definition,A,Annual,2024,,87.566,,A,Normal value,0,Units,1,One
DATAFLOW,OECD.ELS.SAE:DSD_FTPT@DF_FTPT_NATIONAL_INC(1.0),Incidence of full-time and part-time employment based on national definitions,I,OECD,OECD,EMP,Employment,PT_POP_SUB,Percentage of population in the same subgroup,M,Male,_T,Total,EMP,Employment,MAIN,Main job,_T,Total,FT,Full-time,NAT_DEF,National definition,A,Annual,2025,,87.291,,A,Normal value,0,Units,1,One
DATAFLOW,OECD.ELS.SAE:DSD_FTPT@DF_FTPT_NATIONAL_INC(1.0),Incidence of full-time and part-time employment based on national definitions,I,BGR,Bulgaria,EMP,Employment,PT_POP_SUB,Percentage of population in the same subgroup,M,Male,_T,Total,EMP,Employment,MAIN,Main job,_T,Total,FT,Full-time,NAT_DEF,National definition,A,Annual,2011,,98.407,,A,Normal value,0,Units,1,One
DATAFLOW,OECD.ELS.SAE:DSD_FTPT@DF_FTPT_NATIONAL_INC(1.0),Incidence of full-time and part-time employment based on national definitions,I,BGR,Bulgaria,EMP,Employment,PT_POP_SUB,Percentage of population in the same subgroup,M,Male,_T,Total,EMP,Employment,MAIN,Main job,_T,Total,FT,Full-time,NAT_DEF,National definition,A,Annual,2012,,98.266,,A,Normal value,0,Units,1,One
DATAFLOW,OECD.ELS.SAE:DSD_FTPT@DF_FTPT_NATIONAL_INC(1.0),Incidence of full-time and part-time employment based on national definitions,I,BGR,Bulgaria,EMP,Employment,PT_POP_SUB,Percentage of population in the same subgroup,M,Male,_T,Total,EMP,Employment,MAIN,Main job,_T,Total,FT,Full-time,NAT_DEF,National definition,A,Annual,2013,,98.215,,A,Normal value,0,Units,1,One
DATAFLOW,OECD.ELS.SAE:DSD_FTPT@DF_FTPT_NATIONAL_INC(1.0),Incidence of full-time and part-time employment based on national definitions,I,BGR,Bulgaria,EMP,Employment,PT_POP_SUB,Percentage of population in the same subgroup,M,Male,_T,Total,EMP,Employment,MAIN,Main job,_T,Total,FT,Full-time,NAT_DEF,National definition,A,Annual,2015,,98.36,,A,Normal value,0,Units,1,One
DATAFLOW,OECD.ELS.SAE:DSD_FTPT@DF_FTPT_NATIONAL_INC(1.0),Incidence of full-time and part-time employment based on national definitions,I,BGR,Bulgaria,EMP,Employment,PT_POP_SUB,Percentage of population in the same subgroup,M,Male,_T,Total,EMP,Employment,MAIN,Main job,_T,Total,FT,Full-time,NAT_DEF,National definition,A,Annual,2016,,98.457,,A,Normal value,0,Units,1,One
DATAFLOW,OECD.ELS.SAE:DSD_FTPT@DF_FTPT_NATIONAL_INC(1.0),Incidence of full-time and part-time employment based on national definitions,I,BGR,Bulgaria,EMP,Employment,PT_POP_SUB,Percentage of population in the same subgroup,M,Male,_T,Total,EMP,Employment,MAIN,Main job,_T,Total,FT,Full-time,NAT_DEF,National definition,A,Annual,2017,,98.258,,A,Normal value,0,Units,1,One
DATAFLOW,OECD.ELS.SAE:DSD_FTPT@DF_FTPT_NATIONAL_INC(1.0),Incidence of full-time and part-time employment based on national definitions,I,BGR,Bulgaria,EMP,Employment,PT_POP_SUB,Percentage of population in the same subgroup,M,Male,_T,Total,EMP,Employment,MAIN,Main job,_T,Total,FT,Full-time,NAT_DEF,National definition,A,Annual,2018,,98.545,,A,Normal value,0,Units,1,One
DATAFLOW,OECD.ELS.SAE:DSD_FTPT@DF_FTPT_NATIONAL_INC(1.0),Incidence of full-time and part-time employment based on national definitions,I,BGR,Bulgaria,EMP,Employment,PT_POP_SUB,Percentage of population in the same subgroup,M,Male,_T,Total,EMP,Employment,MAIN,Main job,_T,Total,FT,Full-time,NAT_DEF,National definition,A,Annual,2019,,98.494,,A,Normal value,0,Units,1,One
DATAFLOW,OECD.ELS.SAE:DSD_FTPT@DF_FTPT_NATIONAL_INC(1.0),Incidence of full-time and part-time employment based on national definitions,I,BGR,Bulgaria,EMP,Employment,PT_POP_SUB,Percentage of population in the same subgroup,M,Male,_T,Total,EMP,Employment,MAIN,Main job,_T,Total,FT,Full-time,NAT_DEF,National definition,A,Annual,2020,,98.636,,A,Normal value,0,Units,1,One
DATAFLOW,OECD.ELS.SAE:DSD_FTPT@DF_FTPT_NATIONAL_INC(1.0),Incidence of full-time and part-time employment based on national definitions,I,BGR,Bulgaria,EMP,Employment,PT_POP_SUB,Percentage of population in the same subgroup,M,Male,_T,Total,EMP,Employment,MAIN,Main job,_T,Total,FT,Full-time,NAT_DEF,National definition,A,Annual,2021,,98.925,,A,Normal value,0,Units,1,One
DATAFLOW,OECD.ELS.SAE:DSD_FTPT@DF_FTPT_NATIONAL_INC(1.0),Incidence of full-time and part-time employment based on national definitions,I,BGR,Bulgaria,EMP,Employment,PT_POP_SUB,Percentage of population in the same subgroup,M,Male,_T,Total,EMP,Employment,MAIN,Main job,_T,Total,FT,Full-time,NAT_DEF,National definition,A,Annual,2022,,98.765,,A,Normal value,0,Units,1,One
DATAFLOW,OECD.ELS.SAE:DSD_FTPT@DF_FTPT_NATIONAL_INC(1.0),Incidence of full-time and part-time employment based on national definitions,I,BGR,Bulgaria,EMP,Employment,PT_POP_SUB,Percentage of population in the same subgroup,M,Male,_T,Total,EMP,Employment,MAIN,Main job,_T,Total,FT,Full-time,NAT_DEF,National definition,A,Annual,2023,,98.677,,A,Normal value,0,Units,1,One
DATAFLOW,OECD.ELS.SAE:DSD_FTPT@DF_FTPT_NATIONAL_INC(1.0),Incidence of full-time and part-time employment based on national definitions,I,BGR,Bulgaria,EMP,Employment,PT_POP_SUB,Percentage of population in the same subgroup,M,Male,_T,Total,EMP,Employment,MAIN,Main job,_T,Total,FT,Full-time,NAT_DEF,National definition,A,Annual,2024,,98.68,,A,Normal value,0,Units,1,One
DATAFLOW,OECD.ELS.SAE:DSD_FTPT@DF_FTPT_NATIONAL_INC(1.0),Incidence of full-time and part-time employment based on national definitions,I,BGR,Bulgaria,EMP,Employment,PT_POP_SUB,Percentage of population in the same subgroup,M,Male,_T,Total,EMP,Employment,MAIN,Main job,_T,Total,FT,Full-time,NAT_DEF,National definition,A,Annual,2025,,98.531,,A,Normal value,0,Units,1,One
DATAFLOW,OECD.ELS.SAE:DSD_FTPT@DF_FTPT_NATIONAL_INC(1.0),Incidence of full-time and part-time employment based on national definitions,I,HRV,Croatia,EMP,Employment,PT_POP_SUB,Percentage of population in the same subgroup,M,Male,_T,Total,EMP,Employment,MAIN,Main job,_T,Total,FT,Full-time,NAT_DEF,National definition,A,Annual,2010,,93.807,,A,Normal value,0,Units,1,One
DATAFLOW,OECD.ELS.SAE:DSD_FTPT@DF_FTPT_NATIONAL_INC(1.0),Incidence of full-time and part-time employment based on national definitions,I,HRV,Croatia,EMP,Employment,PT_POP_SUB,Percentage of population in the same subgroup,M,Male,_T,Total,EMP,Employment,MAIN,Main job,_T,Total,FT,Full-time,NAT_DEF,National definition,A,Annual,2011,,93.246,,A,Normal value,0,Units,1,One
DATAFLOW,OECD.ELS.SAE:DSD_FTPT@DF_FTPT_NATIONAL_INC(1.0),Incidence of full-time and part-time employment based on national definitions,I,HRV,Croatia,EMP,Employment,PT_POP_SUB,Percentage of population in the same subgroup,M,Male,_T,Total,EMP,Employment,MAIN,Main job,_T,Total,FT,Full-time,NAT_DEF,National definition,A,Annual,2012,,94.199,,A,Normal value,0,Units,1,One
DATAFLOW,OECD.ELS.SAE:DSD_FTPT@DF_FTPT_NATIONAL_INC(1.0),Incidence of full-time and part-time employment based on national definitions,I,HRV,Croatia,EMP,Employment,PT_POP_SUB,Percentage of population in the same subgroup,M,Male,_T,Total,EMP,Employment,MAIN,Main job,_T,Total,FT,Full-time,NAT_DEF,National definition,A,Annual,2013,,94.556,,A,Normal value,0,Units,1,One
DATAFLOW,OECD.ELS.SAE:DSD_FTPT@DF_FTPT_NATIONAL_INC(1.0),Incidence of full-time and part-time employment based on national definitions,I,HRV,Croatia,EMP,Employment,PT_POP_SUB,Percentage of population in the same subgroup,M,Male,_T,Total,EMP,Employment,MAIN,Main job,_T,Total,FT,Full-time,NAT_DEF,National definition,A,Annual,2014,,95.163,,A,Normal value,0,Units,1,One
DATAFLOW,OECD.ELS.SAE:DSD_FTPT@DF_FTPT_NATIONAL_INC(1.0),Incidence of full-time and part-time employment based on national definitions,I,HRV,Croatia,EMP,Employment,PT_POP_SUB,Percentage of population in the same subgroup,M,Male,_T,Total,EMP,Employment,MAIN,Main job,_T,Total,FT,Full-time,NAT_DEF,National definition,A,Annual,2015,,94.388,,A,Normal value,0,Units,1,One
DATAFLOW,OECD.ELS.SAE:DSD_FTPT@DF_FTPT_NATIONAL_INC(1.0),Incidence of full-time and part-time employment based on national definitions,I,HRV,Croatia,EMP,Employment,PT_POP_SUB,Percentage of population in the same subgroup,M,Male,_T,Total,EMP,Employment,MAIN,Main job,_T,Total,FT,Full-time,NAT_DEF,National definition,A,Annual,2016,,94.599,,A,Normal value,0,Units,1,One
DATAFLOW,OECD.ELS.SAE:DSD_FTPT@DF_FTPT_NATIONAL_INC(1.0),Incidence of full-time and part-time employment based on national definitions,I,HRV,Croatia,EMP,Employment,PT_POP_SUB,Percentage of population in the same subgroup,M,Male,_T,Total,EMP,Employment,MAIN,Main job,_T,Total,FT,Full-time,NAT_DEF,National definition,A,Annual,2017,,95.247,,A,Normal value,0,Units,1,One
DATAFLOW,OECD.ELS.SAE:DSD_FTPT@DF_FTPT_NATIONAL_INC(1.0),Incidence of full-time and part-time employment based on national definitions,I,HRV,Croatia,EMP,Employment,PT_POP_SUB,Percentage of population in the same subgroup,M,Male,_T,Total,EMP,Employment,MAIN,Main job,_T,Total,FT,Full-time,NAT_DEF,National definition,A,Annual,2018,,95.447,,A,Normal value,0,Units,1,One
DATAFLOW,OECD.ELS.SAE:DSD_FTPT@DF_FTPT_NATIONAL_INC(1.0),Incidence of full-time and part-time employment based on national definitions,I,HRV,Croatia,EMP,Employment,PT_POP_SUB,Percentage of population in the same subgroup,M,Male,_T,Total,EMP,Employment,MAIN,Main job,_T,Total,FT,Full-time,NAT_DEF,National definition,A,Annual,2019,,95.992,,A,Normal value,0,Units,1,One
DATAFLOW,OECD.ELS.SAE:DSD_FTPT@DF_FTPT_NATIONAL_INC(1.0),Incidence of full-time and part-time employment based on national definitions,I,HRV,Croatia,EMP,Employment,PT_POP_SUB,Percentage of population in the same subgroup,M,Male,_T,Total,EMP,Employment,MAIN,Main job,_T,Total,FT,Full-time,NAT_DEF,National definition,A,Annual,2020,,96.081,,A,Normal value,0,Units,1,One
DATAFLOW,OECD.ELS.SAE:DSD_FTPT@DF_FTPT_NATIONAL_INC(1.0),Incidence of full-time and part-time employment based on national definitions,I,HRV,Croatia,EMP,Employment,PT_POP_SUB,Percentage of population in the same subgroup,M,Male,_T,Total,EMP,Employment,MAIN,Main job,_T,Total,FT,Full-time,NAT_DEF,National definition,A,Annual,2021,,95.378,,A,Normal value,0,Units,1,One
DATAFLOW,OECD.ELS.SAE:DSD_FTPT@DF_FTPT_NATIONAL_INC(1.0),Incidence of full-time and part-time employment based on national definitions,I,HRV,Croatia,EMP,Employment,PT_POP_SUB,Percentage of population in the same subgroup,M,Male,_T,Total,EMP,Employment,MAIN,Main job,_T,Total,FT,Full-time,NAT_DEF,National definition,A,Annual,2022,,95.583,,A,Normal value,0,Units,1,One
DATAFLOW,OECD.ELS.SAE:DSD_FTPT@DF_FTPT_NATIONAL_INC(1.0),Incidence of full-time and part-time employment based on national definitions,I,HRV,Croatia,EMP,Employment,PT_POP_SUB,Percentage of population in the same subgroup,M,Male,_T,Total,EMP,Employment,MAIN,Main job,_T,Total,FT,Full-time,NAT_DEF,National definition,A,Annual,2023,,96.013,,A,Normal value,0,Units,1,One
DATAFLOW,OECD.ELS.SAE:DSD_FTPT@DF_FTPT_NATIONAL_INC(1.0),Incidence of full-time and part-time employment based on national definitions,I,HRV,Croatia,EMP,Employment,PT_POP_SUB,Percentage of population in the same subgroup,M,Male,_T,Total,EMP,Employment,MAIN,Main job,_T,Total,FT,Full-time,NAT_DEF,National definition,A,Annual,2024,,96.735,,A,Normal value,0,Units,1,One
DATAFLOW,OECD.ELS.SAE:DSD_FTPT@DF_FTPT_NATIONAL_INC(1.0),Incidence of full-time and part-time employment based on national definitions,I,HRV,Croatia,EMP,Employment,PT_POP_SUB,Percentage of population in the same subgroup,M,Male,_T,Total,EMP,Employment,MAIN,Main job,_T,Total,FT,Full-time,NAT_DEF,National definition,A,Annual,2025,,96.852,,A,Normal value,0,Units,1,One
DATAFLOW,OECD.ELS.SAE:DSD_FTPT@DF_FTPT_NATIONAL_INC(1.0),Incidence of full-time and part-time employment based on national definitions,I,CYP,Cyprus,EMP,Employment,PT_POP_SUB,Percentage of population in the same subgroup,M,Male,_T,Total,EMP,Employment,MAIN,Main job,_T,Total,FT,Full-time,NAT_DEF,National definition,A,Annual,2010,,93.254,,A,Normal value,0,Units,1,One
DATAFLOW,OECD.ELS.SAE:DSD_FTPT@DF_FTPT_NATIONAL_INC(1.0),Incidence of full-time and part-time employment based on national definitions,I,CYP,Cyprus,EMP,Employment,PT_POP_SUB,Percentage of population in the same subgroup,M,Male,_T,Total,EMP,Employment,MAIN,Main job,_T,Total,FT,Full-time,NAT_DEF,National definition,A,Annual,2011,,92.275,,A,Normal value,0,Units,1,One
DATAFLOW,OECD.ELS.SAE:DSD_FTPT@DF_FTPT_NATIONAL_INC(1.0),Incidence of full-time and part-time employment based on national definitions,I,CYP,Cyprus,EMP,Employment,PT_POP_SUB,Percentage of population in the same subgroup,M,Male,_T,Total,EMP,Employment,MAIN,Main job,_T,Total,FT,Full-time,NAT_DEF,National definition,A,Annual,2012,,91.984,,A,Normal value,0,Units,1,One
DATAFLOW,OECD.ELS.SAE:DSD_FTPT@DF_FTPT_NATIONAL_INC(1.0),Incidence of full-time and part-time employment based on national definitions,I,CYP,Cyprus,EMP,Employment,PT_POP_SUB,Percentage of population in the same subgroup,M,Male,_T,Total,EMP,Employment,MAIN,Main job,_T,Total,FT,Full-time,NAT_DEF,National definition,A,Annual,2013,,90.475,,A,Normal value,0,Units,1,One
DATAFLOW,OECD.ELS.SAE:DSD_FTPT@DF_FTPT_NATIONAL_INC(1.0),Incidence of full-time and part-time employment based on national definitions,I,CYP,Cyprus,EMP,Employment,PT_POP_SUB,Percentage of population in the same subgroup,M,Male,_T,Total,EMP,Employment,MAIN,Main job,_T,Total,FT,Full-time,NAT_DEF,National definition,A,Annual,2014,,88.811,,A,Normal value,0,Units,1,One
DATAFLOW,OECD.ELS.SAE:DSD_FTPT@DF_FTPT_NATIONAL_INC(1.0),Incidence of full-time and part-time employment based on national definitions,I,CYP,Cyprus,EMP,Employment,PT_POP_SUB,Percentage of population in the same subgroup,M,Male,_T,Total,EMP,Employment,MAIN,Main job,_T,Total,FT,Full-time,NAT_DEF,National definition,A,Annual,2015,,88.807,,A,Normal value,0,Units,1,One
DATAFLOW,OECD.ELS.SAE:DSD_FTPT@DF_FTPT_NATIONAL_INC(1.0),Incidence of full-time and part-time employment based on national definitions,I,CYP,Cyprus,EMP,Employment,PT_POP_SUB,Percentage of population in the same subgroup,M,Male,_T,Total,EMP,Employment,MAIN,Main job,_T,Total,FT,Full-time,NAT_DEF,National definition,A,Annual,2016,,87.832,,A,Normal value,0,Units,1,One
DATAFLOW,OECD.ELS.SAE:DSD_FTPT@DF_FTPT_NATIONAL_INC(1.0),Incidence of full-time and part-time employment based on national definitions,I,CYP,Cyprus,EMP,Employment,PT_POP_SUB,Percentage of population in the same subgroup,M,Male,_T,Total,EMP,Employment,MAIN,Main job,_T,Total,FT,Full-time,NAT_DEF,National definition,A,Annual,2017,,89.948,,A,Normal value,0,Units,1,One
DATAFLOW,OECD.ELS.SAE:DSD_FTPT@DF_FTPT_NATIONAL_INC(1.0),Incidence of full-time and part-time employment based on national definitions,I,CYP,Cyprus,EMP,Employment,PT_POP_SUB,Percentage of population in the same subgroup,M,Male,_T,Total,EMP,Employment,MAIN,Main job,_T,Total,FT,Full-time,NAT_DEF,National definition,A,Annual,2018,,91.276,,A,Normal value,0,Units,1,One
DATAFLOW,OECD.ELS.SAE:DSD_FTPT@DF_FTPT_NATIONAL_INC(1.0),Incidence of full-time and part-time employment based on national definitions,I,CYP,Cyprus,EMP,Employment,PT_POP_SUB,Percentage of population in the same subgroup,M,Male,_T,Total,EMP,Employment,MAIN,Main job,_T,Total,FT,Full-time,NAT_DEF,National definition,A,Annual,2019,,92.188,,A,Normal value,0,Units,1,One
DATAFLOW,OECD.ELS.SAE:DSD_FTPT@DF_FTPT_NATIONAL_INC(1.0),Incidence of full-time and part-time employment based on national definitions,I,CYP,Cyprus,EMP,Employment,PT_POP_SUB,Percentage of population in the same subgroup,M,Male,_T,Total,EMP,Employment,MAIN,Main job,_T,Total,FT,Full-time,NAT_DEF,National definition,A,Annual,2020,,91.819,,A,Normal value,0,Units,1,One
DATAFLOW,OECD.ELS.SAE:DSD_FTPT@DF_FTPT_NATIONAL_INC(1.0),Incidence of full-time and part-time employment based on national definitions,I,CYP,Cyprus,EMP,Employment,PT_POP_SUB,Percentage of population in the same subgroup,M,Male,_T,Total,EMP,Employment,MAIN,Main job,_T,Total,FT,Full-time,NAT_DEF,National definition,A,Annual,2021,,89.769,,A,Normal value,0,Units,1,One
DATAFLOW,OECD.ELS.SAE:DSD_FTPT@DF_FTPT_NATIONAL_INC(1.0),Incidence of full-time and part-time employment based on national definitions,I,CYP,Cyprus,EMP,Employment,PT_POP_SUB,Percentage of population in the same subgroup,M,Male,_T,Total,EMP,Employment,MAIN,Main job,_T,Total,FT,Full-time,NAT_DEF,National definition,A,Annual,2022,,90.874,,A,Normal value,0,Units,1,One
DATAFLOW,OECD.ELS.SAE:DSD_FTPT@DF_FTPT_NATIONAL_INC(1.0),Incidence of full-time and part-time employment based on national definitions,I,CYP,Cyprus,EMP,Employment,PT_POP_SUB,Percentage of population in the same subgroup,M,Male,_T,Total,EMP,Employment,MAIN,Main job,_T,Total,FT,Full-time,NAT_DEF,National definition,A,Annual,2023,,92.812,,A,Normal value,0,Units,1,One
DATAFLOW,OECD.ELS.SAE:DSD_FTPT@DF_FTPT_NATIONAL_INC(1.0),Incidence of full-time and part-time employment based on national definitions,I,CYP,Cyprus,EMP,Employment,PT_POP_SUB,Percentage of population in the same subgroup,M,Male,_T,Total,EMP,Employment,MAIN,Main job,_T,Total,FT,Full-time,NAT_DEF,National definition,A,Annual,2024,,93.399,,A,Normal value,0,Units,1,One
DATAFLOW,OECD.ELS.SAE:DSD_FTPT@DF_FTPT_NATIONAL_INC(1.0),Incidence of full-time and part-time employment based on national definitions,I,CYP,Cyprus,EMP,Employment,PT_POP_SUB,Percentage of population in the same subgroup,M,Male,_T,Total,EMP,Employment,MAIN,Main job,_T,Total,FT,Full-time,NAT_DEF,National definition,A,Annual,2025,,93.204,,A,Normal value,0,Units,1,One
DATAFLOW,OECD.ELS.SAE:DSD_FTPT@DF_FTPT_NATIONAL_INC(1.0),Incidence of full-time and part-time employment based on national definitions,I,MLT,Malta,EMP,Employment,PT_POP_SUB,Percentage of population in the same subgroup,M,Male,_T,Total,EMP,Employment,MAIN,Main job,_T,Total,FT,Full-time,NAT_DEF,National definition,A,Annual,2010,,94.132,,A,Normal value,0,Units,1,One
DATAFLOW,OECD.ELS.SAE:DSD_FTPT@DF_FTPT_NATIONAL_INC(1.0),Incidence of full-time and part-time employment based on national definitions,I,MLT,Malta,EMP,Employment,PT_POP_SUB,Percentage of population in the same subgroup,M,Male,_T,Total,EMP,Employment,MAIN,Main job,_T,Total,FT,Full-time,NAT_DEF,National definition,A,Annual,2011,,93.36,,A,Normal value,0,Units,1,One
DATAFLOW,OECD.ELS.SAE:DSD_FTPT@DF_FTPT_NATIONAL_INC(1.0),Incidence of full-time and part-time employment based on national definitions,I,MLT,Malta,EMP,Employment,PT_POP_SUB,Percentage of population in the same subgroup,M,Male,_T,Total,EMP,Employment,MAIN,Main job,_T,Total,FT,Full-time,NAT_DEF,National definition,A,Annual,2012,,93.047,,A,Normal value,0,Units,1,One
DATAFLOW,OECD.ELS.SAE:DSD_FTPT@DF_FTPT_NATIONAL_INC(1.0),Incidence of full-time and part-time employment based on national definitions,I,MLT,Malta,EMP,Employment,PT_POP_SUB,Percentage of population in the same subgroup,M,Male,_T,Total,EMP,Employment,MAIN,Main job,_T,Total,FT,Full-time,NAT_DEF,National definition,A,Annual,2013,,92.122,,A,Normal value,0,Units,1,One
DATAFLOW,OECD.ELS.SAE:DSD_FTPT@DF_FTPT_NATIONAL_INC(1.0),Incidence of full-time and part-time employment based on national definitions,I,MLT,Malta,EMP,Employment,PT_POP_SUB,Percentage of population in the same subgroup,M,Male,_T,Total,EMP,Employment,MAIN,Main job,_T,Total,FT,Full-time,NAT_DEF,National definition,A,Annual,2014,,91.51,,A,Normal value,0,Units,1,One
DATAFLOW,OECD.ELS.SAE:DSD_FTPT@DF_FTPT_NATIONAL_INC(1.0),Incidence of full-time and part-time employment based on national definitions,I,MLT,Malta,EMP,Employment,PT_POP_SUB,Percentage of population in the same subgroup,M,Male,_T,Total,EMP,Employment,MAIN,Main job,_T,Total,FT,Full-time,NAT_DEF,National definition,A,Annual,2015,,92.01,,A,Normal value,0,Units,1,One
DATAFLOW,OECD.ELS.SAE:DSD_FTPT@DF_FTPT_NATIONAL_INC(1.0),Incidence of full-time and part-time employment based on national definitions,I,MLT,Malta,EMP,Employment,PT_POP_SUB,Percentage of population in the same subgroup,M,Male,_T,Total,EMP,Employment,MAIN,Main job,_T,Total,FT,Full-time,NAT_DEF,National definition,A,Annual,2016,,92.78,,A,Normal value,0,Units,1,One
DATAFLOW,OECD.ELS.SAE:DSD_FTPT@DF_FTPT_NATIONAL_INC(1.0),Incidence of full-time and part-time employment based on national definitions,I,MLT,Malta,EMP,Employment,PT_POP_SUB,Percentage of population in the same subgroup,M,Male,_T,Total,EMP,Employment,MAIN,Main job,_T,Total,FT,Full-time,NAT_DEF,National definition,A,Annual,2017,,92.451,,A,Normal value,0,Units,1,One
DATAFLOW,OECD.ELS.SAE:DSD_FTPT@DF_FTPT_NATIONAL_INC(1.0),Incidence of full-time and part-time employment based on national definitions,I,MLT,Malta,EMP,Employment,PT_POP_SUB,Percentage of population in the same subgroup,M,Male,_T,Total,EMP,Employment,MAIN,Main job,_T,Total,FT,Full-time,NAT_DEF,National definition,A,Annual,2018,,92.035,,A,Normal value,0,Units,1,One
DATAFLOW,OECD.ELS.SAE:DSD_FTPT@DF_FTPT_NATIONAL_INC(1.0),Incidence of full-time and part-time employment based on national definitions,I,MLT,Malta,EMP,Employment,PT_POP_SUB,Percentage of population in the same subgroup,M,Male,_T,Total,EMP,Employment,MAIN,Main job,_T,Total,FT,Full-time,NAT_DEF,National definition,A,Annual,2019,,92.423,,A,Normal value,0,Units,1,One
DATAFLOW,OECD.ELS.SAE:DSD_FTPT@DF_FTPT_NATIONAL_INC(1.0),Incidence of full-time and part-time employment based on national definitions,I,MLT,Malta,EMP,Employment,PT_POP_SUB,Percentage of population in the same subgroup,M,Male,_T,Total,EMP,Employment,MAIN,Main job,_T,Total,FT,Full-time,NAT_DEF,National definition,A,Annual,2020,,93.981,,A,Normal value,0,Units,1,One
DATAFLOW,OECD.ELS.SAE:DSD_FTPT@DF_FTPT_NATIONAL_INC(1.0),Incidence of full-time and part-time employment based on national definitions,I,MLT,Malta,EMP,Employment,PT_POP_SUB,Percentage of population in the same subgroup,M,Male,_T,Total,EMP,Employment,MAIN,Main job,_T,Total,FT,Full-time,NAT_DEF,National definition,A,Annual,2021,,92.894,,A,Normal value,0,Units,1,One
DATAFLOW,OECD.ELS.SAE:DSD_FTPT@DF_FTPT_NATIONAL_INC(1.0),Incidence of full-time and part-time employment based on national definitions,I,MLT,Malta,EMP,Employment,PT_POP_SUB,Percentage of population in the same subgroup,M,Male,_T,Total,EMP,Employment,MAIN,Main job,_T,Total,FT,Full-time,NAT_DEF,National definition,A,Annual,2022,,93.358,,A,Normal value,0,Units,1,One
DATAFLOW,OECD.ELS.SAE:DSD_FTPT@DF_FTPT_NATIONAL_INC(1.0),Incidence of full-time and part-time employment based on national definitions,I,MLT,Malta,EMP,Employment,PT_POP_SUB,Percentage of population in the same subgroup,M,Male,_T,Total,EMP,Employment,MAIN,Main job,_T,Total,FT,Full-time,NAT_DEF,National definition,A,Annual,2023,,92.958,,A,Normal value,0,Units,1,One
DATAFLOW,OECD.ELS.SAE:DSD_FTPT@DF_FTPT_NATIONAL_INC(1.0),Incidence of full-time and part-time employment based on national definitions,I,MLT,Malta,EMP,Employment,PT_POP_SUB,Percentage of population in the same subgroup,M,Male,_T,Total,EMP,Employment,MAIN,Main job,_T,Total,FT,Full-time,NAT_DEF,National definition,A,Annual,2024,,93.628,,A,Normal value,0,Units,1,One
DATAFLOW,OECD.ELS.SAE:DSD_FTPT@DF_FTPT_NATIONAL_INC(1.0),Incidence of full-time and part-time employment based on national definitions,I,MLT,Malta,EMP,Employment,PT_POP_SUB,Percentage of population in the same subgroup,M,Male,_T,Total,EMP,Employment,MAIN,Main job,_T,Total,FT,Full-time,NAT_DEF,National definition,A,Annual,2025,,94.28,,A,Normal value,0,Units,1,One
DATAFLOW,OECD.ELS.SAE:DSD_FTPT@DF_FTPT_NATIONAL_INC(1.0),Incidence of full-time and part-time employment based on national definitions,I,MKD,North Macedonia,EMP,Employment,PT_POP_SUB,Percentage of population in the same subgroup,M,Male,_T,Total,EMP,Employment,MAIN,Main job,_T,Total,FT,Full-time,NAT_DEF,National definition,A,Annual,2010,,95.042,,A,Normal value,0,Units,1,One
DATAFLOW,OECD.ELS.SAE:DSD_FTPT@DF_FTPT_NATIONAL_INC(1.0),Incidence of full-time and part-time employment based on national definitions,I,MKD,North Macedonia,EMP,Employment,PT_POP_SUB,Percentage of population in the same subgroup,M,Male,_T,Total,EMP,Employment,MAIN,Main job,_T,Total,FT,Full-time,NAT_DEF,National definition,A,Annual,2011,,94.217,,A,Normal value,0,Units,1,One
DATAFLOW,OECD.ELS.SAE:DSD_FTPT@DF_FTPT_NATIONAL_INC(1.0),Incidence of full-time and part-time employment based on national definitions,I,MKD,North Macedonia,EMP,Employment,PT_POP_SUB,Percentage of population in the same subgroup,M,Male,_T,Total,EMP,Employment,MAIN,Main job,_T,Total,FT,Full-time,NAT_DEF,National definition,A,Annual,2012,,94.11,,A,Normal value,0,Units,1,One
DATAFLOW,OECD.ELS.SAE:DSD_FTPT@DF_FTPT_NATIONAL_INC(1.0),Incidence of full-time and part-time employment based on national definitions,I,MKD,North Macedonia,EMP,Employment,PT_POP_SUB,Percentage of population in the same subgroup,M,Male,_T,Total,EMP,Employment,MAIN,Main job,_T,Total,FT,Full-time,NAT_DEF,National definition,A,Annual,2013,,95.612,,A,Normal value,0,Units,1,One
DATAFLOW,OECD.ELS.SAE:DSD_FTPT@DF_FTPT_NATIONAL_INC(1.0),Incidence of full-time and part-time employment based on national definitions,I,MKD,North Macedonia,EMP,Employment,PT_POP_SUB,Percentage of population in the same subgroup,M,Male,_T,Total,EMP,Employment,MAIN,Main job,_T,Total,FT,Full-time,NAT_DEF,National definition,A,Annual,2014,,93.54,,A,Normal value,0,Units,1,One
DATAFLOW,OECD.ELS.SAE:DSD_FTPT@DF_FTPT_NATIONAL_INC(1.0),Incidence of full-time and part-time employment based on national definitions,I,MKD,North Macedonia,EMP,Employment,PT_POP_SUB,Percentage of population in the same subgroup,M,Male,_T,Total,EMP,Employment,MAIN,Main job,_T,Total,FT,Full-time,NAT_DEF,National definition,A,Annual,2015,,95.716,,A,Normal value,0,Units,1,One
DATAFLOW,OECD.ELS.SAE:DSD_FTPT@DF_FTPT_NATIONAL_INC(1.0),Incidence of full-time and part-time employment based on national definitions,I,MKD,North Macedonia,EMP,Employment,PT_POP_SUB,Percentage of population in the same subgroup,M,Male,_T,Total,EMP,Employment,MAIN,Main job,_T,Total,FT,Full-time,NAT_DEF,National definition,A,Annual,2016,,95.399,,A,Normal value,0,Units,1,One
DATAFLOW,OECD.ELS.SAE:DSD_FTPT@DF_FTPT_NATIONAL_INC(1.0),Incidence of full-time and part-time employment based on national definitions,I,MKD,North Macedonia,EMP,Employment,PT_POP_SUB,Percentage of population in the same subgroup,M,Male,_T,Total,EMP,Employment,MAIN,Main job,_T,Total,FT,Full-time,NAT_DEF,National definition,A,Annual,2017,,95.9,,A,Normal value,0,Units,1,One
DATAFLOW,OECD.ELS.SAE:DSD_FTPT@DF_FTPT_NATIONAL_INC(1.0),Incidence of full-time and part-time employment based on national definitions,I,MKD,North Macedonia,EMP,Employment,PT_POP_SUB,Percentage of population in the same subgroup,M,Male,_T,Total,EMP,Employment,MAIN,Main job,_T,Total,FT,Full-time,NAT_DEF,National definition,A,Annual,2018,,96.462,,A,Normal value,0,Units,1,One
DATAFLOW,OECD.ELS.SAE:DSD_FTPT@DF_FTPT_NATIONAL_INC(1.0),Incidence of full-time and part-time employment based on national definitions,I,MKD,North Macedonia,EMP,Employment,PT_POP_SUB,Percentage of population in the same subgroup,M,Male,_T,Total,EMP,Employment,MAIN,Main job,_T,Total,FT,Full-time,NAT_DEF,National definition,A,Annual,2019,,95.727,,A,Normal value,0,Units,1,One
DATAFLOW,OECD.ELS.SAE:DSD_FTPT@DF_FTPT_NATIONAL_INC(1.0),Incidence of full-time and part-time employment based on national definitions,I,MKD,North Macedonia,EMP,Employment,PT_POP_SUB,Percentage of population in the same subgroup,M,Male,_T,Total,EMP,Employment,MAIN,Main job,_T,Total,FT,Full-time,NAT_DEF,National definition,A,Annual,2020,,96.327,,A,Normal value,0,Units,1,One
DATAFLOW,OECD.ELS.SAE:DSD_FTPT@DF_FTPT_NATIONAL_INC(1.0),Incidence of full-time and part-time employment based on national definitions,I,MKD,North Macedonia,EMP,Employment,PT_POP_SUB,Percentage of population in the same subgroup,M,Male,_T,Total,EMP,Employment,MAIN,Main job,_T,Total,FT,Full-time,NAT_DEF,National definition,A,Annual,2021,,96.636,,A,Normal value,0,Units,1,One
DATAFLOW,OECD.ELS.SAE:DSD_FTPT@DF_FTPT_NATIONAL_INC(1.0),Incidence of full-time and part-time employment based on national definitions,I,MKD,North Macedonia,EMP,Employment,PT_POP_SUB,Percentage of population in the same subgroup,M,Male,_T,Total,EMP,Employment,MAIN,Main job,_T,Total,FT,Full-time,NAT_DEF,National definition,A,Annual,2022,,96.446,,A,Normal value,0,Units,1,One
DATAFLOW,OECD.ELS.SAE:DSD_FTPT@DF_FTPT_NATIONAL_INC(1.0),Incidence of full-time and part-time employment based on national definitions,I,MKD,North Macedonia,EMP,Employment,PT_POP_SUB,Percentage of population in the same subgroup,M,Male,_T,Total,EMP,Employment,MAIN,Main job,_T,Total,FT,Full-time,NAT_DEF,National definition,A,Annual,2023,,97.172,,A,Normal value,0,Units,1,One
DATAFLOW,OECD.ELS.SAE:DSD_FTPT@DF_FTPT_NATIONAL_INC(1.0),Incidence of full-time and part-time employment based on national definitions,I,MKD,North Macedonia,EMP,Employment,PT_POP_SUB,Percentage of population in the same subgroup,M,Male,_T,Total,EMP,Employment,MAIN,Main job,_T,Total,FT,Full-time,NAT_DEF,National definition,A,Annual,2024,,97.302,,A,Normal value,0,Units,1,One
DATAFLOW,OECD.ELS.SAE:DSD_FTPT@DF_FTPT_NATIONAL_INC(1.0),Incidence of full-time and part-time employment based on national definitions,I,MKD,North Macedonia,EMP,Employment,PT_POP_SUB,Percentage of population in the same subgroup,M,Male,_T,Total,EMP,Employment,MAIN,Main job,_T,Total,FT,Full-time,NAT_DEF,National definition,A,Annual,2025,,96.629,,A,Normal value,0,Units,1,One
DATAFLOW,OECD.ELS.SAE:DSD_FTPT@DF_FTPT_NATIONAL_INC(1.0),Incidence of full-time and part-time employment based on national definitions,I,PER,Peru,EMP,Employment,PT_POP_SUB,Percentage of population in the same subgroup,M,Male,_T,Total,EMP,Employment,MAIN,Main job,_T,Total,FT,Full-time,NAT_DEF,National definition,A,Annual,2013,,80.709,,A,Normal value,0,Units,1,One
DATAFLOW,OECD.ELS.SAE:DSD_FTPT@DF_FTPT_NATIONAL_INC(1.0),Incidence of full-time and part-time employment based on national definitions,I,PER,Peru,EMP,Employment,PT_POP_SUB,Percentage of population in the same subgroup,M,Male,_T,Total,EMP,Employment,MAIN,Main job,_T,Total,FT,Full-time,NAT_DEF,National definition,A,Annual,2014,,80.675,,A,Normal value,0,Units,1,One
DATAFLOW,OECD.ELS.SAE:DSD_FTPT@DF_FTPT_NATIONAL_INC(1.0),Incidence of full-time and part-time employment based on national definitions,I,PER,Peru,EMP,Employment,PT_POP_SUB,Percentage of population in the same subgroup,M,Male,_T,Total,EMP,Employment,MAIN,Main job,_T,Total,FT,Full-time,NAT_DEF,National definition,A,Annual,2015,,81.483,,A,Normal value,0,Units,1,One
DATAFLOW,OECD.ELS.SAE:DSD_FTPT@DF_FTPT_NATIONAL_INC(1.0),Incidence of full-time and part-time employment based on national definitions,I,PER,Peru,EMP,Employment,PT_POP_SUB,Percentage of population in the same subgroup,M,Male,_T,Total,EMP,Employment,MAIN,Main job,_T,Total,FT,Full-time,NAT_DEF,National definition,A,Annual,2017,,80.582,,A,Normal value,0,Units,1,One
DATAFLOW,OECD.ELS.SAE:DSD_FTPT@DF_FTPT_NATIONAL_INC(1.0),Incidence of full-time and part-time employment based on national definitions,I,PER,Peru,EMP,Employment,PT_POP_SUB,Percentage of population in the same subgroup,M,Male,_T,Total,EMP,Employment,MAIN,Main job,_T,Total,FT,Full-time,NAT_DEF,National definition,A,Annual,2020,,79.865,,A,Normal value,0,Units,1,One
DATAFLOW,OECD.ELS.SAE:DSD_FTPT@DF_FTPT_NATIONAL_INC(1.0),Incidence of full-time and part-time employment based on national definitions,I,ROU,Romania,EMP,Employment,PT_POP_SUB,Percentage of population in the same subgroup,M,Male,_T,Total,EMP,Employment,MAIN,Main job,_T,Total,FT,Full-time,NAT_DEF,National definition,A,Annual,2010,,89.192,,A,Normal value,0,Units,1,One
DATAFLOW,OECD.ELS.SAE:DSD_FTPT@DF_FTPT_NATIONAL_INC(1.0),Incidence of full-time and part-time employment based on national definitions,I,ROU,Romania,EMP,Employment,PT_POP_SUB,Percentage of population in the same subgroup,M,Male,_T,Total,EMP,Employment,MAIN,Main job,_T,Total,FT,Full-time,NAT_DEF,National definition,A,Annual,2013,,90.409,,A,Normal value,0,Units,1,One
DATAFLOW,OECD.ELS.SAE:DSD_FTPT@DF_FTPT_NATIONAL_INC(1.0),Incidence of full-time and part-time employment based on national definitions,I,ROU,Romania,EMP,Employment,PT_POP_SUB,Percentage of population in the same subgroup,M,Male,_T,Total,EMP,Employment,MAIN,Main job,_T,Total,FT,Full-time,NAT_DEF,National definition,A,Annual,2020,,93.478,,A,Normal value,0,Units,1,One
DATAFLOW,OECD.ELS.SAE:DSD_FTPT@DF_FTPT_NATIONAL_INC(1.0),Incidence of full-time and part-time employment based on national definitions,I,ROU,Romania,EMP,Employment,PT_POP_SUB,Percentage of population in the same subgroup,M,Male,_T,Total,EMP,Employment,MAIN,Main job,_T,Total,FT,Full-time,NAT_DEF,National definition,A,Annual,2021,,95.727,,A,Normal value,0,Units,1,One
DATAFLOW,OECD.ELS.SAE:DSD_FTPT@DF_FTPT_NATIONAL_INC(1.0),Incidence of full-time and part-time employment based on national definitions,I,ROU,Romania,EMP,Employment,PT_POP_SUB,Percentage of population in the same subgroup,M,Male,_T,Total,EMP,Employment,MAIN,Main job,_T,Total,FT,Full-time,NAT_DEF,National definition,A,Annual,2023,,96.019,,A,Normal value,0,Units,1,One
DATAFLOW,OECD.ELS.SAE:DSD_FTPT@DF_FTPT_NATIONAL_INC(1.0),Incidence of full-time and part-time employment based on national definitions,I,ROU,Romania,EMP,Employment,PT_POP_SUB,Percentage of population in the same subgroup,M,Male,_T,Total,EMP,Employment,MAIN,Main job,_T,Total,FT,Full-time,NAT_DEF,National definition,A,Annual,2025,,97.098,,A,Normal value,0,Units,1,One
DATAFLOW,OECD.ELS.SAE:DSD_FTPT@DF_FTPT_NATIONAL_INC(1.0),Incidence of full-time and part-time employment based on national definitions,I,RUS,Russia,EMP,Employment,PT_POP_SUB,Percentage of population in the same subgroup,M,Male,_T,Total,EMP,Employment,MAIN,Main job,_T,Total,FT,Full-time,NAT_DEF,National definition,A,Annual,2017,,95.308,,A,Normal value,0,Units,1,One
DATAFLOW,OECD.ELS.SAE:DSD_FTPT@DF_FTPT_NATIONAL_INC(1.0),Incidence of full-time and part-time employment based on national definitions,I,ZAF,South Africa,EMP,Employment,PT_POP_SUB,Percentage of population in the same subgroup,M,Male,_T,Total,EMP,Employment,MAIN,Main job,_T,Total,FT,Full-time,NAT_DEF,National definition,A,Annual,2025,,90.159,,A,Normal value,0,Units,1,One
DATAFLOW,OECD.ELS.SAE:DSD_FTPT@DF_FTPT_NATIONAL_INC(1.0),Incidence of full-time and part-time employment based on national definitions,I,AUT,Austria,EMP,Employment,PT_POP_SUB,Percentage of population in the same subgroup,F,Female,_T,Total,EMP,Employment,MAIN,Main job,_T,Total,FT,Full-time,NAT_DEF,National definition,A,Annual,2021,,50.354,,A,Normal value,0,Units,1,One
DATAFLOW,OECD.ELS.SAE:DSD_FTPT@DF_FTPT_NATIONAL_INC(1.0),Incidence of full-time and part-time employment based on national definitions,I,AUT,Austria,EMP,Employment,PT_POP_SUB,Percentage of population in the same subgroup,F,Female,_T,Total,EMP,Employment,MAIN,Main job,_T,Total,FT,Full-time,NAT_DEF,National definition,A,Annual,2022,,49.266,,A,Normal value,0,Units,1,One
DATAFLOW,OECD.ELS.SAE:DSD_FTPT@DF_FTPT_NATIONAL_INC(1.0),Incidence of full-time and part-time employment based on national definitions,I,BEL,Belgium,EMP,Employment,PT_POP_SUB,Percentage of population in the same subgroup,F,Female,_T,Total,EMP,Employment,MAIN,Main job,_T,Total,FT,Full-time,NAT_DEF,National definition,A,Annual,2020,,60.082,,A,Normal value,0,Units,1,One
DATAFLOW,OECD.ELS.SAE:DSD_FTPT@DF_FTPT_NATIONAL_INC(1.0),Incidence of full-time and part-time employment based on national definitions,I,BEL,Belgium,EMP,Employment,PT_POP_SUB,Percentage of population in the same subgroup,F,Female,_T,Total,EMP,Employment,MAIN,Main job,_T,Total,FT,Full-time,NAT_DEF,National definition,A,Annual,2021,,60.248,,A,Normal value,0,Units,1,One
DATAFLOW,OECD.ELS.SAE:DSD_FTPT@DF_FTPT_NATIONAL_INC(1.0),Incidence of full-time and part-time employment based on national definitions,I,BEL,Belgium,EMP,Employment,PT_POP_SUB,Percentage of population in the same subgroup,F,Female,_T,Total,EMP,Employment,MAIN,Main job,_T,Total,FT,Full-time,NAT_DEF,National definition,A,Annual,2022,,61.301,,A,Normal value,0,Units,1,One
DATAFLOW,OECD.ELS.SAE:DSD_FTPT@DF_FTPT_NATIONAL_INC(1.0),Incidence of full-time and part-time employment based on national definitions,I,CHL,Chile,EMP,Employment,PT_POP_SUB,Percentage of population in the same subgroup,F,Female,_T,Total,EMP,Employment,MAIN,Main job,_T,Total,FT,Full-time,NAT_DEF,National definition,A,Annual,2021,,73.786,,A,Normal value,0,Units,1,One
DATAFLOW,OECD.ELS.SAE:DSD_FTPT@DF_FTPT_NATIONAL_INC(1.0),Incidence of full-time and part-time employment based on national definitions,I,COL,Colombia,EMP,Employment,PT_POP_SUB,Percentage of population in the same subgroup,F,Female,_T,Total,EMP,Employment,MAIN,Main job,_T,Total,FT,Full-time,NAT_DEF,National definition,A,Annual,2020,,76.519,,A,Normal value,0,Units,1,One
DATAFLOW,OECD.ELS.SAE:DSD_FTPT@DF_FTPT_NATIONAL_INC(1.0),Incidence of full-time and part-time employment based on national definitions,I,COL,Colombia,EMP,Employment,PT_POP_SUB,Percentage of population in the same subgroup,F,Female,_T,Total,EMP,Employment,MAIN,Main job,_T,Total,FT,Full-time,NAT_DEF,National definition,A,Annual,2021,,81.311,,A,Normal value,0,Units,1,One
DATAFLOW,OECD.ELS.SAE:DSD_FTPT@DF_FTPT_NATIONAL_INC(1.0),Incidence of full-time and part-time employment based on national definitions,I,COL,Colombia,EMP,Employment,PT_POP_SUB,Percentage of population in the same subgroup,F,Female,_T,Total,EMP,Employment,MAIN,Main job,_T,Total,FT,Full-time,NAT_DEF,National definition,A,Annual,2022,,80.357,,A,Normal value,0,Units,1,One
DATAFLOW,OECD.ELS.SAE:DSD_FTPT@DF_FTPT_NATIONAL_INC(1.0),Incidence of full-time and part-time employment based on national definitions,I,CRI,Costa Rica,EMP,Employment,PT_POP_SUB,Percentage of population in the same subgroup,F,Female,_T,Total,EMP,Employment,MAIN,Main job,_T,Total,FT,Full-time,NAT_DEF,National definition,A,Annual,2022,,64.104,,A,Normal value,0,Units,1,One
DATAFLOW,OECD.ELS.SAE:DSD_FTPT@DF_FTPT_NATIONAL_INC(1.0),Incidence of full-time and part-time employment based on national definitions,I,CZE,Czechia,EMP,Employment,PT_POP_SUB,Percentage of population in the same subgroup,F,Female,_T,Total,EMP,Employment,MAIN,Main job,_T,Total,FT,Full-time,NAT_DEF,National definition,A,Annual,2022,,88.425,,A,Normal value,0,Units,1,One
DATAFLOW,OECD.ELS.SAE:DSD_FTPT@DF_FTPT_NATIONAL_INC(1.0),Incidence of full-time and part-time employment based on national definitions,I,DNK,Denmark,EMP,Employment,PT_POP_SUB,Percentage of population in the same subgroup,F,Female,_T,Total,EMP,Employment,MAIN,Main job,_T,Total,FT,Full-time,NAT_DEF,National definition,A,Annual,2021,,65.717,,A,Normal value,0,Units,1,One
DATAFLOW,OECD.ELS.SAE:DSD_FTPT@DF_FTPT_NATIONAL_INC(1.0),Incidence of full-time and part-time employment based on national definitions,I,FRA,France,EMP,Employment,PT_POP_SUB,Percentage of population in the same subgroup,F,Female,_T,Total,EMP,Employment,MAIN,Main job,_T,Total,FT,Full-time,NAT_DEF,National definition,A,Annual,2020,,72.566,,A,Normal value,0,Units,1,One
DATAFLOW,OECD.ELS.SAE:DSD_FTPT@DF_FTPT_NATIONAL_INC(1.0),Incidence of full-time and part-time employment based on national definitions,I,FRA,France,EMP,Employment,PT_POP_SUB,Percentage of population in the same subgroup,F,Female,_T,Total,EMP,Employment,MAIN,Main job,_T,Total,FT,Full-time,NAT_DEF,National definition,A,Annual,2021,,72.078,,A,Normal value,0,Units,1,One
DATAFLOW,OECD.ELS.SAE:DSD_FTPT@DF_FTPT_NATIONAL_INC(1.0),Incidence of full-time and part-time employment based on national definitions,I,ISR,Israel,EMP,Employment,PT_POP_SUB,Percentage of population in the same subgroup,F,Female,_T,Total,EMP,Employment,MAIN,Main job,_T,Total,FT,Full-time,NAT_DEF,National definition,A,Annual,2022,,68.318,,A,Normal value,0,Units,1,One
DATAFLOW,OECD.ELS.SAE:DSD_FTPT@DF_FTPT_NATIONAL_INC(1.0),Incidence of full-time and part-time employment based on national definitions,I,ITA,Italy,EMP,Employment,PT_POP_SUB,Percentage of population in the same subgroup,F,Female,_T,Total,EMP,Employment,MAIN,Main job,_T,Total,FT,Full-time,NAT_DEF,National definition,A,Annual,2020,,67.845,,A,Normal value,0,Units,1,One
DATAFLOW,OECD.ELS.SAE:DSD_FTPT@DF_FTPT_NATIONAL_INC(1.0),Incidence of full-time and part-time employment based on national definitions,I,ITA,Italy,EMP,Employment,PT_POP_SUB,Percentage of population in the same subgroup,F,Female,_T,Total,EMP,Employment,MAIN,Main job,_T,Total,FT,Full-time,NAT_DEF,National definition,A,Annual,2021,,68.404,,A,Normal value,0,Units,1,One
DATAFLOW,OECD.ELS.SAE:DSD_FTPT@DF_FTPT_NATIONAL_INC(1.0),Incidence of full-time and part-time employment based on national definitions,I,ITA,Italy,EMP,Employment,PT_POP_SUB,Percentage of population in the same subgroup,F,Female,_T,Total,EMP,Employment,MAIN,Main job,_T,Total,FT,Full-time,NAT_DEF,National definition,A,Annual,2022,,68.27,,A,Normal value,0,Units,1,One
DATAFLOW,OECD.ELS.SAE:DSD_FTPT@DF_FTPT_NATIONAL_INC(1.0),Incidence of full-time and part-time employment based on national definitions,I,JPN,Japan,EMP,Employment,PT_POP_SUB,Percentage of population in the same subgroup,F,Female,_T,Total,EMP,Employment,MAIN,Main job,_T,Total,FT,Full-time,NAT_DEF,National definition,A,Annual,2020,,60.415,,A,Normal value,0,Units,1,One
DATAFLOW,OECD.ELS.SAE:DSD_FTPT@DF_FTPT_NATIONAL_INC(1.0),Incidence of full-time and part-time employment based on national definitions,I,JPN,Japan,EMP,Employment,PT_POP_SUB,Percentage of population in the same subgroup,F,Female,_T,Total,EMP,Employment,MAIN,Main job,_T,Total,FT,Full-time,NAT_DEF,National definition,A,Annual,2021,,60.943,,A,Normal value,0,Units,1,One
DATAFLOW,OECD.ELS.SAE:DSD_FTPT@DF_FTPT_NATIONAL_INC(1.0),Incidence of full-time and part-time employment based on national definitions,I,JPN,Japan,EMP,Employment,PT_POP_SUB,Percentage of population in the same subgroup,F,Female,_T,Total,EMP,Employment,MAIN,Main job,_T,Total,FT,Full-time,NAT_DEF,National definition,A,Annual,2022,,61.549,,A,Normal value,0,Units,1,One
DATAFLOW,OECD.ELS.SAE:DSD_FTPT@DF_FTPT_NATIONAL_INC(1.0),Incidence of full-time and part-time employment based on national definitions,I,LVA,Latvia,EMP,Employment,PT_POP_SUB,Percentage of population in the same subgroup,F,Female,_T,Total,EMP,Employment,MAIN,Main job,_T,Total,FT,Full-time,NAT_DEF,National definition,A,Annual,2021,,88.8,,A,Normal value,0,Units,1,One
DATAFLOW,OECD.ELS.SAE:DSD_FTPT@DF_FTPT_NATIONAL_INC(1.0),Incidence of full-time and part-time employment based on national definitions,I,MEX,Mexico,EMP,Employment,PT_POP_SUB,Percentage of population in the same subgroup,F,Female,_T,Total,EMP,Employment,MAIN,Main job,_T,Total,FT,Full-time,NAT_DEF,National definition,A,Annual,2020,,67.262,,A,Normal value,0,Units,1,One
DATAFLOW,OECD.ELS.SAE:DSD_FTPT@DF_FTPT_NATIONAL_INC(1.0),Incidence of full-time and part-time employment based on national definitions,I,MEX,Mexico,EMP,Employment,PT_POP_SUB,Percentage of population in the same subgroup,F,Female,_T,Total,EMP,Employment,MAIN,Main job,_T,Total,FT,Full-time,NAT_DEF,National definition,A,Annual,2021,,67.148,,A,Normal value,0,Units,1,One
DATAFLOW,OECD.ELS.SAE:DSD_FTPT@DF_FTPT_NATIONAL_INC(1.0),Incidence of full-time and part-time employment based on national definitions,I,MEX,Mexico,EMP,Employment,PT_POP_SUB,Percentage of population in the same subgroup,F,Female,_T,Total,EMP,Employment,MAIN,Main job,_T,Total,FT,Full-time,NAT_DEF,National definition,A,Annual,2022,,68.251,,A,Normal value,0,Units,1,One
DATAFLOW,OECD.ELS.SAE:DSD_FTPT@DF_FTPT_NATIONAL_INC(1.0),Incidence of full-time and part-time employment based on national definitions,I,NLD,Netherlands,EMP,Employment,PT_POP_SUB,Percentage of population in the same subgroup,F,Female,_T,Total,EMP,Employment,MAIN,Main job,_T,Total,FT,Full-time,NAT_DEF,National definition,A,Annual,2020,,28.872,,A,Normal value,0,Units,1,One
DATAFLOW,OECD.ELS.SAE:DSD_FTPT@DF_FTPT_NATIONAL_INC(1.0),Incidence of full-time and part-time employment based on national definitions,I,NLD,Netherlands,EMP,Employment,PT_POP_SUB,Percentage of population in the same subgroup,F,Female,_T,Total,EMP,Employment,MAIN,Main job,_T,Total,FT,Full-time,NAT_DEF,National definition,A,Annual,2021,,29.517,,A,Normal value,0,Units,1,One
DATAFLOW,OECD.ELS.SAE:DSD_FTPT@DF_FTPT_NATIONAL_INC(1.0),Incidence of full-time and part-time employment based on national definitions,I,NLD,Netherlands,EMP,Employment,PT_POP_SUB,Percentage of population in the same subgroup,F,Female,_T,Total,EMP,Employment,MAIN,Main job,_T,Total,FT,Full-time,NAT_DEF,National definition,A,Annual,2022,,31.093,,A,Normal value,0,Units,1,One
DATAFLOW,OECD.ELS.SAE:DSD_FTPT@DF_FTPT_NATIONAL_INC(1.0),Incidence of full-time and part-time employment based on national definitions,I,NOR,Norway,EMP,Employment,PT_POP_SUB,Percentage of population in the same subgroup,F,Female,_T,Total,EMP,Employment,MAIN,Main job,_T,Total,FT,Full-time,NAT_DEF,National definition,A,Annual,2020,,63.085,,A,Normal value,0,Units,1,One
DATAFLOW,OECD.ELS.SAE:DSD_FTPT@DF_FTPT_NATIONAL_INC(1.0),Incidence of full-time and part-time employment based on national definitions,I,SVK,Slovak Republic,EMP,Employment,PT_POP_SUB,Percentage of population in the same subgroup,F,Female,_T,Total,EMP,Employment,MAIN,Main job,_T,Total,FT,Full-time,NAT_DEF,National definition,A,Annual,2022,,95.127,,A,Normal value,0,Units,1,One
DATAFLOW,OECD.ELS.SAE:DSD_FTPT@DF_FTPT_NATIONAL_INC(1.0),Incidence of full-time and part-time employment based on national definitions,I,ESP,Spain,EMP,Employment,PT_POP_SUB,Percentage of population in the same subgroup,F,Female,_T,Total,EMP,Employment,MAIN,Main job,_T,Total,FT,Full-time,NAT_DEF,National definition,A,Annual,2020,,77.24,,A,Normal value,0,Units,1,One
DATAFLOW,OECD.ELS.SAE:DSD_FTPT@DF_FTPT_NATIONAL_INC(1.0),Incidence of full-time and part-time employment based on national definitions,I,ESP,Spain,EMP,Employment,PT_POP_SUB,Percentage of population in the same subgroup,F,Female,_T,Total,EMP,Employment,MAIN,Main job,_T,Total,FT,Full-time,NAT_DEF,National definition,A,Annual,2022,,78.254,,A,Normal value,0,Units,1,One
DATAFLOW,OECD.ELS.SAE:DSD_FTPT@DF_FTPT_NATIONAL_INC(1.0),Incidence of full-time and part-time employment based on national definitions,I,CHE,Switzerland,EMP,Employment,PT_POP_SUB,Percentage of population in the same subgroup,F,Female,_T,Total,EMP,Employment,MAIN,Main job,_T,Total,FT,Full-time,NAT_DEF,National definition,A,Annual,2020,,40.878,,A,Normal value,0,Units,1,One
DATAFLOW,OECD.ELS.SAE:DSD_FTPT@DF_FTPT_NATIONAL_INC(1.0),Incidence of full-time and part-time employment based on national definitions,I,TUR,Türkiye,EMP,Employment,PT_POP_SUB,Percentage of population in the same subgroup,F,Female,_T,Total,EMP,Employment,MAIN,Main job,_T,Total,FT,Full-time,NAT_DEF,National definition,A,Annual,2020,,81.82,,A,Normal value,0,Units,1,One
DATAFLOW,OECD.ELS.SAE:DSD_FTPT@DF_FTPT_NATIONAL_INC(1.0),Incidence of full-time and part-time employment based on national definitions,I,TUR,Türkiye,EMP,Employment,PT_POP_SUB,Percentage of population in the same subgroup,F,Female,_T,Total,EMP,Employment,MAIN,Main job,_T,Total,FT,Full-time,NAT_DEF,National definition,A,Annual,2021,,84.701,,A,Normal value,0,Units,1,One
DATAFLOW,OECD.ELS.SAE:DSD_FTPT@DF_FTPT_NATIONAL_INC(1.0),Incidence of full-time and part-time employment based on national definitions,I,TUR,Türkiye,EMP,Employment,PT_POP_SUB,Percentage of population in the same subgroup,F,Female,_T,Total,EMP,Employment,MAIN,Main job,_T,Total,FT,Full-time,NAT_DEF,National definition,A,Annual,2022,,85.123,,A,Normal value,0,Units,1,One
DATAFLOW,OECD.ELS.SAE:DSD_FTPT@DF_FTPT_NATIONAL_INC(1.0),Incidence of full-time and part-time employment based on national definitions,I,GBR,United Kingdom,EMP,Employment,PT_POP_SUB,Percentage of population in the same subgroup,F,Female,_T,Total,EMP,Employment,MAIN,Main job,_T,Total,FT,Full-time,NAT_DEF,National definition,A,Annual,2020,,60.69,,A,Normal value,0,Units,1,One
DATAFLOW,OECD.ELS.SAE:DSD_FTPT@DF_FTPT_NATIONAL_INC(1.0),Incidence of full-time and part-time employment based on national definitions,I,GBR,United Kingdom,EMP,Employment,PT_POP_SUB,Percentage of population in the same subgroup,F,Female,_T,Total,EMP,Employment,MAIN,Main job,_T,Total,FT,Full-time,NAT_DEF,National definition,A,Annual,2021,,62.522,,A,Normal value,0,Units,1,One
DATAFLOW,OECD.ELS.SAE:DSD_FTPT@DF_FTPT_NATIONAL_INC(1.0),Incidence of full-time and part-time employment based on national definitions,I,GBR,United Kingdom,EMP,Employment,PT_POP_SUB,Percentage of population in the same subgroup,F,Female,_T,Total,EMP,Employment,MAIN,Main job,_T,Total,FT,Full-time,NAT_DEF,National definition,A,Annual,2022,,62.04,,A,Normal value,0,Units,1,One
DATAFLOW,OECD.ELS.SAE:DSD_FTPT@DF_FTPT_NATIONAL_INC(1.0),Incidence of full-time and part-time employment based on national definitions,I,USA,United States,EMP,Employment,PT_POP_SUB,Percentage of population in the same subgroup,F,Female,_T,Total,EMP,Employment,MAIN,Main job,_T,Total,FT,Full-time,NAT_DEF,National definition,A,Annual,2020,,77.602,,A,Normal value,0,Units,1,One
DATAFLOW,OECD.ELS.SAE:DSD_FTPT@DF_FTPT_NATIONAL_INC(1.0),Incidence of full-time and part-time employment based on national definitions,I,USA,United States,EMP,Employment,PT_POP_SUB,Percentage of population in the same subgroup,F,Female,_T,Total,EMP,Employment,MAIN,Main job,_T,Total,FT,Full-time,NAT_DEF,National definition,A,Annual,2021,,77.557,,A,Normal value,0,Units,1,One
DATAFLOW,OECD.ELS.SAE:DSD_FTPT@DF_FTPT_NATIONAL_INC(1.0),Incidence of full-time and part-time employment based on national definitions,I,USA,United States,EMP,Employment,PT_POP_SUB,Percentage of population in the same subgroup,F,Female,_T,Total,EMP,Employment,MAIN,Main job,_T,Total,FT,Full-time,NAT_DEF,National definition,A,Annual,2022,,77.973,,A,Normal value,0,Units,1,One
DATAFLOW,OECD.ELS.SAE:DSD_FTPT@DF_FTPT_NATIONAL_INC(1.0),Incidence of full-time and part-time employment based on national definitions,I,ROU,Romania,EMP,Employment,PT_POP_SUB,Percentage of population in the same subgroup,F,Female,_T,Total,EMP,Employment,MAIN,Main job,_T,Total,FT,Full-time,NAT_DEF,National definition,A,Annual,2021,,96.66,,A,Normal value,0,Units,1,One
DATAFLOW,OECD.ELS.SAE:DSD_FTPT@DF_FTPT_NATIONAL_INC(1.0),Incidence of full-time and part-time employment based on national definitions,I,RUS,Russia,EMP,Employment,PT_POP_SUB,Percentage of population in the same subgroup,F,Female,_T,Total,EMP,Employment,MAIN,Main job,_T,Total,FT,Full-time,NAT_DEF,National definition,A,Annual,2020,,84.549,,A,Normal value,0,Units,1,One
DATAFLOW,OECD.ELS.SAE:DSD_FTPT@DF_FTPT_NATIONAL_INC(1.0),Incidence of full-time and part-time employment based on national definitions,I,ZAF,South Africa,EMP,Employment,PT_POP_SUB,Percentage of population in the same subgroup,F,Female,_T,Total,EMP,Employment,MAIN,Main job,_T,Total,FT,Full-time,NAT_DEF,National definition,A,Annual,2020,,82.339,,A,Normal value,0,Units,1,One
DATAFLOW,OECD.ELS.SAE:DSD_FTPT@DF_FTPT_NATIONAL_INC(1.0),Incidence of full-time and part-time employment based on national definitions,I,ZAF,South Africa,EMP,Employment,PT_POP_SUB,Percentage of population in the same subgroup,F,Female,_T,Total,EMP,Employment,MAIN,Main job,_T,Total,FT,Full-time,NAT_DEF,National definition,A,Annual,2021,,82.11,,A,Normal value,0,Units,1,One
DATAFLOW,OECD.ELS.SAE:DSD_FTPT@DF_FTPT_NATIONAL_INC(1.0),Incidence of full-time and part-time employment based on national definitions,I,ZAF,South Africa,EMP,Employment,PT_POP_SUB,Percentage of population in the same subgroup,F,Female,_T,Total,EMP,Employment,MAIN,Main job,_T,Total,FT,Full-time,NAT_DEF,National definition,A,Annual,2022,,82.904,,A,Normal value,0,Units,1,One
DATAFLOW,OECD.ELS.SAE:DSD_FTPT@DF_FTPT_NATIONAL_INC(1.0),Incidence of full-time and part-time employment based on national definitions,I,AUT,Austria,EMP,Employment,PT_POP_SUB,Percentage of population in the same subgroup,F,Female,_T,Total,EMP,Employment,MAIN,Main job,_T,Total,FT,Full-time,NAT_DEF,National definition,A,Annual,2018,,52.53,,A,Normal value,0,Units,1,One
DATAFLOW,OECD.ELS.SAE:DSD_FTPT@DF_FTPT_NATIONAL_INC(1.0),Incidence of full-time and part-time employment based on national definitions,I,BEL,Belgium,EMP,Employment,PT_POP_SUB,Percentage of population in the same subgroup,F,Female,_T,Total,EMP,Employment,MAIN,Main job,_T,Total,FT,Full-time,NAT_DEF,National definition,A,Annual,2018,,59.055,,A,Normal value,0,Units,1,One
DATAFLOW,OECD.ELS.SAE:DSD_FTPT@DF_FTPT_NATIONAL_INC(1.0),Incidence of full-time and part-time employment based on national definitions,I,CAN,Canada,EMP,Employment,PT_POP_SUB,Percentage of population in the same subgroup,F,Female,_T,Total,EMP,Employment,MAIN,Main job,_T,Total,FT,Full-time,NAT_DEF,National definition,A,Annual,2018,,74.025,,A,Normal value,0,Units,1,One
DATAFLOW,OECD.ELS.SAE:DSD_FTPT@DF_FTPT_NATIONAL_INC(1.0),Incidence of full-time and part-time employment based on national definitions,I,COL,Colombia,EMP,Employment,PT_POP_SUB,Percentage of population in the same subgroup,F,Female,_T,Total,EMP,Employment,MAIN,Main job,_T,Total,FT,Full-time,NAT_DEF,National definition,A,Annual,2018,,74.939,,A,Normal value,0,Units,1,One
DATAFLOW,OECD.ELS.SAE:DSD_FTPT@DF_FTPT_NATIONAL_INC(1.0),Incidence of full-time and part-time employment based on national definitions,I,CRI,Costa Rica,EMP,Employment,PT_POP_SUB,Percentage of population in the same subgroup,F,Female,_T,Total,EMP,Employment,MAIN,Main job,_T,Total,FT,Full-time,NAT_DEF,National definition,A,Annual,2018,,60.025,,A,Normal value,0,Units,1,One
DATAFLOW,OECD.ELS.SAE:DSD_FTPT@DF_FTPT_NATIONAL_INC(1.0),Incidence of full-time and part-time employment based on national definitions,I,DNK,Denmark,EMP,Employment,PT_POP_SUB,Percentage of population in the same subgroup,F,Female,_T,Total,EMP,Employment,MAIN,Main job,_T,Total,FT,Full-time,NAT_DEF,National definition,A,Annual,2018,,65.044,,A,Normal value,0,Units,1,One
DATAFLOW,OECD.ELS.SAE:DSD_FTPT@DF_FTPT_NATIONAL_INC(1.0),Incidence of full-time and part-time employment based on national definitions,I,FRA,France,EMP,Employment,PT_POP_SUB,Percentage of population in the same subgroup,F,Female,_T,Total,EMP,Employment,MAIN,Main job,_T,Total,FT,Full-time,NAT_DEF,National definition,A,Annual,2018,,70.734,,A,Normal value,0,Units,1,One
DATAFLOW,OECD.ELS.SAE:DSD_FTPT@DF_FTPT_NATIONAL_INC(1.0),Incidence of full-time and part-time employment based on national definitions,I,DEU,Germany,EMP,Employment,PT_POP_SUB,Percentage of population in the same subgroup,F,Female,_T,Total,EMP,Employment,MAIN,Main job,_T,Total,FT,Full-time,NAT_DEF,National definition,A,Annual,2018,,52.768,,A,Normal value,0,Units,1,One
DATAFLOW,OECD.ELS.SAE:DSD_FTPT@DF_FTPT_NATIONAL_INC(1.0),Incidence of full-time and part-time employment based on national definitions,I,GRC,Greece,EMP,Employment,PT_POP_SUB,Percentage of population in the same subgroup,F,Female,_T,Total,EMP,Employment,MAIN,Main job,_T,Total,FT,Full-time,NAT_DEF,National definition,A,Annual,2018,,86.749,,A,Normal value,0,Units,1,One
DATAFLOW,OECD.ELS.SAE:DSD_FTPT@DF_FTPT_NATIONAL_INC(1.0),Incidence of full-time and part-time employment based on national definitions,I,ISR,Israel,EMP,Employment,PT_POP_SUB,Percentage of population in the same subgroup,F,Female,_T,Total,EMP,Employment,MAIN,Main job,_T,Total,FT,Full-time,NAT_DEF,National definition,A,Annual,2018,,68.226,,A,Normal value,0,Units,1,One
DATAFLOW,OECD.ELS.SAE:DSD_FTPT@DF_FTPT_NATIONAL_INC(1.0),Incidence of full-time and part-time employment based on national definitions,I,ITA,Italy,EMP,Employment,PT_POP_SUB,Percentage of population in the same subgroup,F,Female,_T,Total,EMP,Employment,MAIN,Main job,_T,Total,FT,Full-time,NAT_DEF,National definition,A,Annual,2018,,67.607,,A,Normal value,0,Units,1,One
DATAFLOW,OECD.ELS.SAE:DSD_FTPT@DF_FTPT_NATIONAL_INC(1.0),Incidence of full-time and part-time employment based on national definitions,I,JPN,Japan,EMP,Employment,PT_POP_SUB,Percentage of population in the same subgroup,F,Female,_T,Total,EMP,Employment,MAIN,Main job,_T,Total,FT,Full-time,NAT_DEF,National definition,A,Annual,2018,,61.672,,A,Normal value,0,Units,1,One
DATAFLOW,OECD.ELS.SAE:DSD_FTPT@DF_FTPT_NATIONAL_INC(1.0),Incidence of full-time and part-time employment based on national definitions,I,MEX,Mexico,EMP,Employment,PT_POP_SUB,Percentage of population in the same subgroup,F,Female,_T,Total,EMP,Employment,MAIN,Main job,_T,Total,FT,Full-time,NAT_DEF,National definition,A,Annual,2018,,67.403,,A,Normal value,0,Units,1,One
DATAFLOW,OECD.ELS.SAE:DSD_FTPT@DF_FTPT_NATIONAL_INC(1.0),Incidence of full-time and part-time employment based on national definitions,I,NLD,Netherlands,EMP,Employment,PT_POP_SUB,Percentage of population in the same subgroup,F,Female,_T,Total,EMP,Employment,MAIN,Main job,_T,Total,FT,Full-time,NAT_DEF,National definition,A,Annual,2018,,28.787,,A,Normal value,0,Units,1,One
DATAFLOW,OECD.ELS.SAE:DSD_FTPT@DF_FTPT_NATIONAL_INC(1.0),Incidence of full-time and part-time employment based on national definitions,I,POL,Poland,EMP,Employment,PT_POP_SUB,Percentage of population in the same subgroup,F,Female,_T,Total,EMP,Employment,MAIN,Main job,_T,Total,FT,Full-time,NAT_DEF,National definition,A,Annual,2018,,89.571,,A,Normal value,0,Units,1,One
DATAFLOW,OECD.ELS.SAE:DSD_FTPT@DF_FTPT_NATIONAL_INC(1.0),Incidence of full-time and part-time employment based on national definitions,I,CHE,Switzerland,EMP,Employment,PT_POP_SUB,Percentage of population in the same subgroup,F,Female,_T,Total,EMP,Employment,MAIN,Main job,_T,Total,FT,Full-time,NAT_DEF,National definition,A,Annual,2018,,40.992,,A,Normal value,0,Units,1,One
DATAFLOW,OECD.ELS.SAE:DSD_FTPT@DF_FTPT_NATIONAL_INC(1.0),Incidence of full-time and part-time employment based on national definitions,I,TUR,Türkiye,EMP,Employment,PT_POP_SUB,Percentage of population in the same subgroup,F,Female,_T,Total,EMP,Employment,MAIN,Main job,_T,Total,FT,Full-time,NAT_DEF,National definition,A,Annual,2018,,82.359,,A,Normal value,0,Units,1,One
DATAFLOW,OECD.ELS.SAE:DSD_FTPT@DF_FTPT_NATIONAL_INC(1.0),Incidence of full-time and part-time employment based on national definitions,I,USA,United States,EMP,Employment,PT_POP_SUB,Percentage of population in the same subgroup,F,Female,_T,Total,EMP,Employment,MAIN,Main job,_T,Total,FT,Full-time,NAT_DEF,National definition,A,Annual,2018,,76.15,,A,Normal value,0,Units,1,One
DATAFLOW,OECD.ELS.SAE:DSD_FTPT@DF_FTPT_NATIONAL_INC(1.0),Incidence of full-time and part-time employment based on national definitions,I,ZAF,South Africa,EMP,Employment,PT_POP_SUB,Percentage of population in the same subgroup,F,Female,_T,Total,EMP,Employment,MAIN,Main job,_T,Total,FT,Full-time,NAT_DEF,National definition,A,Annual,2018,,83.162,,A,Normal value,0,Units,1,One
DATAFLOW,OECD.ELS.SAE:DSD_FTPT@DF_FTPT_NATIONAL_INC(1.0),Incidence of full-time and part-time employment based on national definitions,I,AUT,Austria,EMP,Employment,PT_POP_SUB,Percentage of population in the same subgroup,F,Female,_T,Total,EMP,Employment,MAIN,Main job,_T,Total,FT,Full-time,NAT_DEF,National definition,A,Annual,2019,,52.306,,A,Normal value,0,Units,1,One
DATAFLOW,OECD.ELS.SAE:DSD_FTPT@DF_FTPT_NATIONAL_INC(1.0),Incidence of full-time and part-time employment based on national definitions,I,BEL,Belgium,EMP,Employment,PT_POP_SUB,Percentage of population in the same subgroup,F,Female,_T,Total,EMP,Employment,MAIN,Main job,_T,Total,FT,Full-time,NAT_DEF,National definition,A,Annual,2019,,59.041,,A,Normal value,0,Units,1,One
DATAFLOW,OECD.ELS.SAE:DSD_FTPT@DF_FTPT_NATIONAL_INC(1.0),Incidence of full-time and part-time employment based on national definitions,I,COL,Colombia,EMP,Employment,PT_POP_SUB,Percentage of population in the same subgroup,F,Female,_T,Total,EMP,Employment,MAIN,Main job,_T,Total,FT,Full-time,NAT_DEF,National definition,A,Annual,2019,,73.885,,A,Normal value,0,Units,1,One
DATAFLOW,OECD.ELS.SAE:DSD_FTPT@DF_FTPT_NATIONAL_INC(1.0),Incidence of full-time and part-time employment based on national definitions,I,DNK,Denmark,EMP,Employment,PT_POP_SUB,Percentage of population in the same subgroup,F,Female,_T,Total,EMP,Employment,MAIN,Main job,_T,Total,FT,Full-time,NAT_DEF,National definition,A,Annual,2019,,65.257,,A,Normal value,0,Units,1,One
DATAFLOW,OECD.ELS.SAE:DSD_FTPT@DF_FTPT_NATIONAL_INC(1.0),Incidence of full-time and part-time employment based on national definitions,I,FRA,France,EMP,Employment,PT_POP_SUB,Percentage of population in the same subgroup,F,Female,_T,Total,EMP,Employment,MAIN,Main job,_T,Total,FT,Full-time,NAT_DEF,National definition,A,Annual,2019,,71.543,,A,Normal value,0,Units,1,One
DATAFLOW,OECD.ELS.SAE:DSD_FTPT@DF_FTPT_NATIONAL_INC(1.0),Incidence of full-time and part-time employment based on national definitions,I,DEU,Germany,EMP,Employment,PT_POP_SUB,Percentage of population in the same subgroup,F,Female,_T,Total,EMP,Employment,MAIN,Main job,_T,Total,FT,Full-time,NAT_DEF,National definition,A,Annual,2019,,52.362,,A,Normal value,0,Units,1,One
DATAFLOW,OECD.ELS.SAE:DSD_FTPT@DF_FTPT_NATIONAL_INC(1.0),Incidence of full-time and part-time employment based on national definitions,I,ITA,Italy,EMP,Employment,PT_POP_SUB,Percentage of population in the same subgroup,F,Female,_T,Total,EMP,Employment,MAIN,Main job,_T,Total,FT,Full-time,NAT_DEF,National definition,A,Annual,2019,,67.163,,A,Normal value,0,Units,1,One
DATAFLOW,OECD.ELS.SAE:DSD_FTPT@DF_FTPT_NATIONAL_INC(1.0),Incidence of full-time and part-time employment based on national definitions,I,JPN,Japan,EMP,Employment,PT_POP_SUB,Percentage of population in the same subgroup,F,Female,_T,Total,EMP,Employment,MAIN,Main job,_T,Total,FT,Full-time,NAT_DEF,National definition,A,Annual,2019,,60.908,,A,Normal value,0,Units,1,One
DATAFLOW,OECD.ELS.SAE:DSD_FTPT@DF_FTPT_NATIONAL_INC(1.0),Incidence of full-time and part-time employment based on national definitions,I,MEX,Mexico,EMP,Employment,PT_POP_SUB,Percentage of population in the same subgroup,F,Female,_T,Total,EMP,Employment,MAIN,Main job,_T,Total,FT,Full-time,NAT_DEF,National definition,A,Annual,2019,,66.525,,A,Normal value,0,Units,1,One
DATAFLOW,OECD.ELS.SAE:DSD_FTPT@DF_FTPT_NATIONAL_INC(1.0),Incidence of full-time and part-time employment based on national definitions,I,NLD,Netherlands,EMP,Employment,PT_POP_SUB,Percentage of population in the same subgroup,F,Female,_T,Total,EMP,Employment,MAIN,Main job,_T,Total,FT,Full-time,NAT_DEF,National definition,A,Annual,2019,,28.926,,A,Normal value,0,Units,1,One
DATAFLOW,OECD.ELS.SAE:DSD_FTPT@DF_FTPT_NATIONAL_INC(1.0),Incidence of full-time and part-time employment based on national definitions,I,ESP,Spain,EMP,Employment,PT_POP_SUB,Percentage of population in the same subgroup,F,Female,_T,Total,EMP,Employment,MAIN,Main job,_T,Total,FT,Full-time,NAT_DEF,National definition,A,Annual,2019,,76.219,,A,Normal value,0,Units,1,One
DATAFLOW,OECD.ELS.SAE:DSD_FTPT@DF_FTPT_NATIONAL_INC(1.0),Incidence of full-time and part-time employment based on national definitions,I,CHE,Switzerland,EMP,Employment,PT_POP_SUB,Percentage of population in the same subgroup,F,Female,_T,Total,EMP,Employment,MAIN,Main job,_T,Total,FT,Full-time,NAT_DEF,National definition,A,Annual,2019,,40.157,,A,Normal value,0,Units,1,One
DATAFLOW,OECD.ELS.SAE:DSD_FTPT@DF_FTPT_NATIONAL_INC(1.0),Incidence of full-time and part-time employment based on national definitions,I,TUR,Türkiye,EMP,Employment,PT_POP_SUB,Percentage of population in the same subgroup,F,Female,_T,Total,EMP,Employment,MAIN,Main job,_T,Total,FT,Full-time,NAT_DEF,National definition,A,Annual,2019,,83.832,,A,Normal value,0,Units,1,One
DATAFLOW,OECD.ELS.SAE:DSD_FTPT@DF_FTPT_NATIONAL_INC(1.0),Incidence of full-time and part-time employment based on national definitions,I,GBR,United Kingdom,EMP,Employment,PT_POP_SUB,Percentage of population in the same subgroup,F,Female,_T,Total,EMP,Employment,MAIN,Main job,_T,Total,FT,Full-time,NAT_DEF,National definition,A,Annual,2019,,59.266,,A,Normal value,0,Units,1,One
DATAFLOW,OECD.ELS.SAE:DSD_FTPT@DF_FTPT_NATIONAL_INC(1.0),Incidence of full-time and part-time employment based on national definitions,I,USA,United States,EMP,Employment,PT_POP_SUB,Percentage of population in the same subgroup,F,Female,_T,Total,EMP,Employment,MAIN,Main job,_T,Total,FT,Full-time,NAT_DEF,National definition,A,Annual,2019,,76.639,,A,Normal value,0,Units,1,One
DATAFLOW,OECD.ELS.SAE:DSD_FTPT@DF_FTPT_NATIONAL_INC(1.0),Incidence of full-time and part-time employment based on national definitions,I,ROU,Romania,EMP,Employment,PT_POP_SUB,Percentage of population in the same subgroup,F,Female,_T,Total,EMP,Employment,MAIN,Main job,_T,Total,FT,Full-time,NAT_DEF,National definition,A,Annual,2019,,92.356,,A,Normal value,0,Units,1,One
DATAFLOW,OECD.ELS.SAE:DSD_FTPT@DF_FTPT_NATIONAL_INC(1.0),Incidence of full-time and part-time employment based on national definitions,I,RUS,Russia,EMP,Employment,PT_POP_SUB,Percentage of population in the same subgroup,F,Female,_T,Total,EMP,Employment,MAIN,Main job,_T,Total,FT,Full-time,NAT_DEF,National definition,A,Annual,2019,,89.602,,A,Normal value,0,Units,1,One
DATAFLOW,OECD.ELS.SAE:DSD_FTPT@DF_FTPT_NATIONAL_INC(1.0),Incidence of full-time and part-time employment based on national definitions,I,ZAF,South Africa,EMP,Employment,PT_POP_SUB,Percentage of population in the same subgroup,F,Female,_T,Total,EMP,Employment,MAIN,Main job,_T,Total,FT,Full-time,NAT_DEF,National definition,A,Annual,2019,,83.157,,A,Normal value,0,Units,1,One
DATAFLOW,OECD.ELS.SAE:DSD_FTPT@DF_FTPT_NATIONAL_INC(1.0),Incidence of full-time and part-time employment based on national definitions,I,AUT,Austria,EMP,Employment,PT_POP_SUB,Percentage of population in the same subgroup,F,Female,_T,Total,EMP,Employment,MAIN,Main job,_T,Total,FT,Full-time,NAT_DEF,National definition,A,Annual,2017,,52.278,,A,Normal value,0,Units,1,One
DATAFLOW,OECD.ELS.SAE:DSD_FTPT@DF_FTPT_NATIONAL_INC(1.0),Incidence of full-time and part-time employment based on national definitions,I,BEL,Belgium,EMP,Employment,PT_POP_SUB,Percentage of population in the same subgroup,F,Female,_T,Total,EMP,Employment,MAIN,Main job,_T,Total,FT,Full-time,NAT_DEF,National definition,A,Annual,2017,,59.041,,A,Normal value,0,Units,1,One
DATAFLOW,OECD.ELS.SAE:DSD_FTPT@DF_FTPT_NATIONAL_INC(1.0),Incidence of full-time and part-time employment based on national definitions,I,COL,Colombia,EMP,Employment,PT_POP_SUB,Percentage of population in the same subgroup,F,Female,_T,Total,EMP,Employment,MAIN,Main job,_T,Total,FT,Full-time,NAT_DEF,National definition,A,Annual,2017,,74.25,,A,Normal value,0,Units,1,One
DATAFLOW,OECD.ELS.SAE:DSD_FTPT@DF_FTPT_NATIONAL_INC(1.0),Incidence of full-time and part-time employment based on national definitions,I,CRI,Costa Rica,EMP,Employment,PT_POP_SUB,Percentage of population in the same subgroup,F,Female,_T,Total,EMP,Employment,MAIN,Main job,_T,Total,FT,Full-time,NAT_DEF,National definition,A,Annual,2017,,64.011,,A,Normal value,0,Units,1,One
DATAFLOW,OECD.ELS.SAE:DSD_FTPT@DF_FTPT_NATIONAL_INC(1.0),Incidence of full-time and part-time employment based on national definitions,I,DNK,Denmark,EMP,Employment,PT_POP_SUB,Percentage of population in the same subgroup,F,Female,_T,Total,EMP,Employment,MAIN,Main job,_T,Total,FT,Full-time,NAT_DEF,National definition,A,Annual,2017,,64.087,,A,Normal value,0,Units,1,One
DATAFLOW,OECD.ELS.SAE:DSD_FTPT@DF_FTPT_NATIONAL_INC(1.0),Incidence of full-time and part-time employment based on national definitions,I,FRA,France,EMP,Employment,PT_POP_SUB,Percentage of population in the same subgroup,F,Female,_T,Total,EMP,Employment,MAIN,Main job,_T,Total,FT,Full-time,NAT_DEF,National definition,A,Annual,2017,,69.932,,A,Normal value,0,Units,1,One
DATAFLOW,OECD.ELS.SAE:DSD_FTPT@DF_FTPT_NATIONAL_INC(1.0),Incidence of full-time and part-time employment based on national definitions,I,DEU,Germany,EMP,Employment,PT_POP_SUB,Percentage of population in the same subgroup,F,Female,_T,Total,EMP,Employment,MAIN,Main job,_T,Total,FT,Full-time,NAT_DEF,National definition,A,Annual,2017,,52.743,,A,Normal value,0,Units,1,One
DATAFLOW,OECD.ELS.SAE:DSD_FTPT@DF_FTPT_NATIONAL_INC(1.0),Incidence of full-time and part-time employment based on national definitions,I,ITA,Italy,EMP,Employment,PT_POP_SUB,Percentage of population in the same subgroup,F,Female,_T,Total,EMP,Employment,MAIN,Main job,_T,Total,FT,Full-time,NAT_DEF,National definition,A,Annual,2017,,67.473,,A,Normal value,0,Units,1,One
DATAFLOW,OECD.ELS.SAE:DSD_FTPT@DF_FTPT_NATIONAL_INC(1.0),Incidence of full-time and part-time employment based on national definitions,I,JPN,Japan,EMP,Employment,PT_POP_SUB,Percentage of population in the same subgroup,F,Female,_T,Total,EMP,Employment,MAIN,Main job,_T,Total,FT,Full-time,NAT_DEF,National definition,A,Annual,2017,,63.375,,A,Normal value,0,Units,1,One
DATAFLOW,OECD.ELS.SAE:DSD_FTPT@DF_FTPT_NATIONAL_INC(1.0),Incidence of full-time and part-time employment based on national definitions,I,MEX,Mexico,EMP,Employment,PT_POP_SUB,Percentage of population in the same subgroup,F,Female,_T,Total,EMP,Employment,MAIN,Main job,_T,Total,FT,Full-time,NAT_DEF,National definition,A,Annual,2017,,67.097,,A,Normal value,0,Units,1,One
DATAFLOW,OECD.ELS.SAE:DSD_FTPT@DF_FTPT_NATIONAL_INC(1.0),Incidence of full-time and part-time employment based on national definitions,I,NLD,Netherlands,EMP,Employment,PT_POP_SUB,Percentage of population in the same subgroup,F,Female,_T,Total,EMP,Employment,MAIN,Main job,_T,Total,FT,Full-time,NAT_DEF,National definition,A,Annual,2017,,28.628,,A,Normal value,0,Units,1,One
DATAFLOW,OECD.ELS.SAE:DSD_FTPT@DF_FTPT_NATIONAL_INC(1.0),Incidence of full-time and part-time employment based on national definitions,I,CHE,Switzerland,EMP,Employment,PT_POP_SUB,Percentage of population in the same subgroup,F,Female,_T,Total,EMP,Employment,MAIN,Main job,_T,Total,FT,Full-time,NAT_DEF,National definition,A,Annual,2017,,41.395,,A,Normal value,0,Units,1,One
DATAFLOW,OECD.ELS.SAE:DSD_FTPT@DF_FTPT_NATIONAL_INC(1.0),Incidence of full-time and part-time employment based on national definitions,I,TUR,Türkiye,EMP,Employment,PT_POP_SUB,Percentage of population in the same subgroup,F,Female,_T,Total,EMP,Employment,MAIN,Main job,_T,Total,FT,Full-time,NAT_DEF,National definition,A,Annual,2017,,82.14,,A,Normal value,0,Units,1,One
DATAFLOW,OECD.ELS.SAE:DSD_FTPT@DF_FTPT_NATIONAL_INC(1.0),Incidence of full-time and part-time employment based on national definitions,I,GBR,United Kingdom,EMP,Employment,PT_POP_SUB,Percentage of population in the same subgroup,F,Female,_T,Total,EMP,Employment,MAIN,Main job,_T,Total,FT,Full-time,NAT_DEF,National definition,A,Annual,2017,,58.15,,A,Normal value,0,Units,1,One
DATAFLOW,OECD.ELS.SAE:DSD_FTPT@DF_FTPT_NATIONAL_INC(1.0),Incidence of full-time and part-time employment based on national definitions,I,USA,United States,EMP,Employment,PT_POP_SUB,Percentage of population in the same subgroup,F,Female,_T,Total,EMP,Employment,MAIN,Main job,_T,Total,FT,Full-time,NAT_DEF,National definition,A,Annual,2017,,75.619,,A,Normal value,0,Units,1,One
DATAFLOW,OECD.ELS.SAE:DSD_FTPT@DF_FTPT_NATIONAL_INC(1.0),Incidence of full-time and part-time employment based on national definitions,I,OECD,OECD,EMP,Employment,PT_POP_SUB,Percentage of population in the same subgroup,F,Female,_T,Total,EMP,Employment,MAIN,Main job,_T,Total,FT,Full-time,NAT_DEF,National definition,A,Annual,2017,,69.266,,A,Normal value,0,Units,1,One
DATAFLOW,OECD.ELS.SAE:DSD_FTPT@DF_FTPT_NATIONAL_INC(1.0),Incidence of full-time and part-time employment based on national definitions,I,IDN,Indonesia,EMP,Employment,PT_POP_SUB,Percentage of population in the same subgroup,F,Female,_T,Total,EMP,Employment,MAIN,Main job,_T,Total,FT,Full-time,NAT_DEF,National definition,A,Annual,2017,,58.173,,A,Normal value,0,Units,1,One
DATAFLOW,OECD.ELS.SAE:DSD_FTPT@DF_FTPT_NATIONAL_INC(1.0),Incidence of full-time and part-time employment based on national definitions,I,ROU,Romania,EMP,Employment,PT_POP_SUB,Percentage of population in the same subgroup,F,Female,_T,Total,EMP,Employment,MAIN,Main job,_T,Total,FT,Full-time,NAT_DEF,National definition,A,Annual,2017,,91.718,,A,Normal value,0,Units,1,One
DATAFLOW,OECD.ELS.SAE:DSD_FTPT@DF_FTPT_NATIONAL_INC(1.0),Incidence of full-time and part-time employment based on national definitions,I,ZAF,South Africa,EMP,Employment,PT_POP_SUB,Percentage of population in the same subgroup,F,Female,_T,Total,EMP,Employment,MAIN,Main job,_T,Total,FT,Full-time,NAT_DEF,National definition,A,Annual,2017,,83.632,,A,Normal value,0,Units,1,One
DATAFLOW,OECD.ELS.SAE:DSD_FTPT@DF_FTPT_NATIONAL_INC(1.0),Incidence of full-time and part-time employment based on national definitions,I,AUT,Austria,EMP,Employment,PT_POP_SUB,Percentage of population in the same subgroup,F,Female,_T,Total,EMP,Employment,MAIN,Main job,_T,Total,FT,Full-time,NAT_DEF,National definition,A,Annual,2015,,52.591,,A,Normal value,0,Units,1,One
DATAFLOW,OECD.ELS.SAE:DSD_FTPT@DF_FTPT_NATIONAL_INC(1.0),Incidence of full-time and part-time employment based on national definitions,I,BEL,Belgium,EMP,Employment,PT_POP_SUB,Percentage of population in the same subgroup,F,Female,_T,Total,EMP,Employment,MAIN,Main job,_T,Total,FT,Full-time,NAT_DEF,National definition,A,Annual,2015,,58.324,,A,Normal value,0,Units,1,One
DATAFLOW,OECD.ELS.SAE:DSD_FTPT@DF_FTPT_NATIONAL_INC(1.0),Incidence of full-time and part-time employment based on national definitions,I,COL,Colombia,EMP,Employment,PT_POP_SUB,Percentage of population in the same subgroup,F,Female,_T,Total,EMP,Employment,MAIN,Main job,_T,Total,FT,Full-time,NAT_DEF,National definition,A,Annual,2015,,73.261,,A,Normal value,0,Units,1,One
DATAFLOW,OECD.ELS.SAE:DSD_FTPT@DF_FTPT_NATIONAL_INC(1.0),Incidence of full-time and part-time employment based on national definitions,I,CRI,Costa Rica,EMP,Employment,PT_POP_SUB,Percentage of population in the same subgroup,F,Female,_T,Total,EMP,Employment,MAIN,Main job,_T,Total,FT,Full-time,NAT_DEF,National definition,A,Annual,2015,,62.1,,A,Normal value,0,Units,1,One
DATAFLOW,OECD.ELS.SAE:DSD_FTPT@DF_FTPT_NATIONAL_INC(1.0),Incidence of full-time and part-time employment based on national definitions,I,DNK,Denmark,EMP,Employment,PT_POP_SUB,Percentage of population in the same subgroup,F,Female,_T,Total,EMP,Employment,MAIN,Main job,_T,Total,FT,Full-time,NAT_DEF,National definition,A,Annual,2015,,65.524,,A,Normal value,0,Units,1,One
DATAFLOW,OECD.ELS.SAE:DSD_FTPT@DF_FTPT_NATIONAL_INC(1.0),Incidence of full-time and part-time employment based on national definitions,I,FRA,France,EMP,Employment,PT_POP_SUB,Percentage of population in the same subgroup,F,Female,_T,Total,EMP,Employment,MAIN,Main job,_T,Total,FT,Full-time,NAT_DEF,National definition,A,Annual,2015,,69.617,,A,Normal value,0,Units,1,One
DATAFLOW,OECD.ELS.SAE:DSD_FTPT@DF_FTPT_NATIONAL_INC(1.0),Incidence of full-time and part-time employment based on national definitions,I,DEU,Germany,EMP,Employment,PT_POP_SUB,Percentage of population in the same subgroup,F,Female,_T,Total,EMP,Employment,MAIN,Main job,_T,Total,FT,Full-time,NAT_DEF,National definition,A,Annual,2015,,52.619,,A,Normal value,0,Units,1,One
DATAFLOW,OECD.ELS.SAE:DSD_FTPT@DF_FTPT_NATIONAL_INC(1.0),Incidence of full-time and part-time employment based on national definitions,I,ITA,Italy,EMP,Employment,PT_POP_SUB,Percentage of population in the same subgroup,F,Female,_T,Total,EMP,Employment,MAIN,Main job,_T,Total,FT,Full-time,NAT_DEF,National definition,A,Annual,2015,,67.5,,A,Normal value,0,Units,1,One
DATAFLOW,OECD.ELS.SAE:DSD_FTPT@DF_FTPT_NATIONAL_INC(1.0),Incidence of full-time and part-time employment based on national definitions,I,JPN,Japan,EMP,Employment,PT_POP_SUB,Percentage of population in the same subgroup,F,Female,_T,Total,EMP,Employment,MAIN,Main job,_T,Total,FT,Full-time,NAT_DEF,National definition,A,Annual,2015,,63.146,,A,Normal value,0,Units,1,One
DATAFLOW,OECD.ELS.SAE:DSD_FTPT@DF_FTPT_NATIONAL_INC(1.0),Incidence of full-time and part-time employment based on national definitions,I,LTU,Lithuania,EMP,Employment,PT_POP_SUB,Percentage of population in the same subgroup,F,Female,_T,Total,EMP,Employment,MAIN,Main job,_T,Total,FT,Full-time,NAT_DEF,National definition,A,Annual,2015,,89.468,,A,Normal value,0,Units,1,One
DATAFLOW,OECD.ELS.SAE:DSD_FTPT@DF_FTPT_NATIONAL_INC(1.0),Incidence of full-time and part-time employment based on national definitions,I,MEX,Mexico,EMP,Employment,PT_POP_SUB,Percentage of population in the same subgroup,F,Female,_T,Total,EMP,Employment,MAIN,Main job,_T,Total,FT,Full-time,NAT_DEF,National definition,A,Annual,2015,,66.089,,A,Normal value,0,Units,1,One
DATAFLOW,OECD.ELS.SAE:DSD_FTPT@DF_FTPT_NATIONAL_INC(1.0),Incidence of full-time and part-time employment based on national definitions,I,NLD,Netherlands,EMP,Employment,PT_POP_SUB,Percentage of population in the same subgroup,F,Female,_T,Total,EMP,Employment,MAIN,Main job,_T,Total,FT,Full-time,NAT_DEF,National definition,A,Annual,2015,,27.313,,A,Normal value,0,Units,1,One
DATAFLOW,OECD.ELS.SAE:DSD_FTPT@DF_FTPT_NATIONAL_INC(1.0),Incidence of full-time and part-time employment based on national definitions,I,NZL,New Zealand,EMP,Employment,PT_POP_SUB,Percentage of population in the same subgroup,F,Female,_T,Total,EMP,Employment,MAIN,Main job,_T,Total,FT,Full-time,NAT_DEF,National definition,A,Annual,2015,,66.706,,A,Normal value,0,Units,1,One
DATAFLOW,OECD.ELS.SAE:DSD_FTPT@DF_FTPT_NATIONAL_INC(1.0),Incidence of full-time and part-time employment based on national definitions,I,CHE,Switzerland,EMP,Employment,PT_POP_SUB,Percentage of population in the same subgroup,F,Female,_T,Total,EMP,Employment,MAIN,Main job,_T,Total,FT,Full-time,NAT_DEF,National definition,A,Annual,2015,,41.03,,A,Normal value,0,Units,1,One
DATAFLOW,OECD.ELS.SAE:DSD_FTPT@DF_FTPT_NATIONAL_INC(1.0),Incidence of full-time and part-time employment based on national definitions,I,TUR,Türkiye,EMP,Employment,PT_POP_SUB,Percentage of population in the same subgroup,F,Female,_T,Total,EMP,Employment,MAIN,Main job,_T,Total,FT,Full-time,NAT_DEF,National definition,A,Annual,2015,,81.01,,A,Normal value,0,Units,1,One
DATAFLOW,OECD.ELS.SAE:DSD_FTPT@DF_FTPT_NATIONAL_INC(1.0),Incidence of full-time and part-time employment based on national definitions,I,GBR,United Kingdom,EMP,Employment,PT_POP_SUB,Percentage of population in the same subgroup,F,Female,_T,Total,EMP,Employment,MAIN,Main job,_T,Total,FT,Full-time,NAT_DEF,National definition,A,Annual,2015,,57.817,,A,Normal value,0,Units,1,One
DATAFLOW,OECD.ELS.SAE:DSD_FTPT@DF_FTPT_NATIONAL_INC(1.0),Incidence of full-time and part-time employment based on national definitions,I,USA,United States,EMP,Employment,PT_POP_SUB,Percentage of population in the same subgroup,F,Female,_T,Total,EMP,Employment,MAIN,Main job,_T,Total,FT,Full-time,NAT_DEF,National definition,A,Annual,2015,,74.805,,A,Normal value,0,Units,1,One
DATAFLOW,OECD.ELS.SAE:DSD_FTPT@DF_FTPT_NATIONAL_INC(1.0),Incidence of full-time and part-time employment based on national definitions,I,IDN,Indonesia,EMP,Employment,PT_POP_SUB,Percentage of population in the same subgroup,F,Female,_T,Total,EMP,Employment,MAIN,Main job,_T,Total,FT,Full-time,NAT_DEF,National definition,A,Annual,2015,,56.969,,A,Normal value,0,Units,1,One
DATAFLOW,OECD.ELS.SAE:DSD_FTPT@DF_FTPT_NATIONAL_INC(1.0),Incidence of full-time and part-time employment based on national definitions,I,RUS,Russia,EMP,Employment,PT_POP_SUB,Percentage of population in the same subgroup,F,Female,_T,Total,EMP,Employment,MAIN,Main job,_T,Total,FT,Full-time,NAT_DEF,National definition,A,Annual,2015,,89.839,,A,Normal value,0,Units,1,One
DATAFLOW,OECD.ELS.SAE:DSD_FTPT@DF_FTPT_NATIONAL_INC(1.0),Incidence of full-time and part-time employment based on national definitions,I,ZAF,South Africa,EMP,Employment,PT_POP_SUB,Percentage of population in the same subgroup,F,Female,_T,Total,EMP,Employment,MAIN,Main job,_T,Total,FT,Full-time,NAT_DEF,National definition,A,Annual,2015,,83.589,,A,Normal value,0,Units,1,One
DATAFLOW,OECD.ELS.SAE:DSD_FTPT@DF_FTPT_NATIONAL_INC(1.0),Incidence of full-time and part-time employment based on national definitions,I,BEL,Belgium,EMP,Employment,PT_POP_SUB,Percentage of population in the same subgroup,F,Female,_T,Total,EMP,Employment,MAIN,Main job,_T,Total,FT,Full-time,NAT_DEF,National definition,A,Annual,2016,,57.649,,A,Normal value,0,Units,1,One
DATAFLOW,OECD.ELS.SAE:DSD_FTPT@DF_FTPT_NATIONAL_INC(1.0),Incidence of full-time and part-time employment based on national definitions,I,CHL,Chile,EMP,Employment,PT_POP_SUB,Percentage of population in the same subgroup,F,Female,_T,Total,EMP,Employment,MAIN,Main job,_T,Total,FT,Full-time,NAT_DEF,National definition,A,Annual,2016,,71.501,,A,Normal value,0,Units,1,One
DATAFLOW,OECD.ELS.SAE:DSD_FTPT@DF_FTPT_NATIONAL_INC(1.0),Incidence of full-time and part-time employment based on national definitions,I,COL,Colombia,EMP,Employment,PT_POP_SUB,Percentage of population in the same subgroup,F,Female,_T,Total,EMP,Employment,MAIN,Main job,_T,Total,FT,Full-time,NAT_DEF,National definition,A,Annual,2016,,74.252,,A,Normal value,0,Units,1,One
DATAFLOW,OECD.ELS.SAE:DSD_FTPT@DF_FTPT_NATIONAL_INC(1.0),Incidence of full-time and part-time employment based on national definitions,I,CRI,Costa Rica,EMP,Employment,PT_POP_SUB,Percentage of population in the same subgroup,F,Female,_T,Total,EMP,Employment,MAIN,Main job,_T,Total,FT,Full-time,NAT_DEF,National definition,A,Annual,2016,,65.663,,A,Normal value,0,Units,1,One
DATAFLOW,OECD.ELS.SAE:DSD_FTPT@DF_FTPT_NATIONAL_INC(1.0),Incidence of full-time and part-time employment based on national definitions,I,DNK,Denmark,EMP,Employment,PT_POP_SUB,Percentage of population in the same subgroup,F,Female,_T,Total,EMP,Employment,MAIN,Main job,_T,Total,FT,Full-time,NAT_DEF,National definition,A,Annual,2016,,63.207,,A,Normal value,0,Units,1,One
DATAFLOW,OECD.ELS.SAE:DSD_FTPT@DF_FTPT_NATIONAL_INC(1.0),Incidence of full-time and part-time employment based on national definitions,I,FRA,France,EMP,Employment,PT_POP_SUB,Percentage of population in the same subgroup,F,Female,_T,Total,EMP,Employment,MAIN,Main job,_T,Total,FT,Full-time,NAT_DEF,National definition,A,Annual,2016,,69.873,,A,Normal value,0,Units,1,One
DATAFLOW,OECD.ELS.SAE:DSD_FTPT@DF_FTPT_NATIONAL_INC(1.0),Incidence of full-time and part-time employment based on national definitions,I,DEU,Germany,EMP,Employment,PT_POP_SUB,Percentage of population in the same subgroup,F,Female,_T,Total,EMP,Employment,MAIN,Main job,_T,Total,FT,Full-time,NAT_DEF,National definition,A,Annual,2016,,52.757,,A,Normal value,0,Units,1,One
DATAFLOW,OECD.ELS.SAE:DSD_FTPT@DF_FTPT_NATIONAL_INC(1.0),Incidence of full-time and part-time employment based on national definitions,I,ITA,Italy,EMP,Employment,PT_POP_SUB,Percentage of population in the same subgroup,F,Female,_T,Total,EMP,Employment,MAIN,Main job,_T,Total,FT,Full-time,NAT_DEF,National definition,A,Annual,2016,,67.218,,A,Normal value,0,Units,1,One
DATAFLOW,OECD.ELS.SAE:DSD_FTPT@DF_FTPT_NATIONAL_INC(1.0),Incidence of full-time and part-time employment based on national definitions,I,JPN,Japan,EMP,Employment,PT_POP_SUB,Percentage of population in the same subgroup,F,Female,_T,Total,EMP,Employment,MAIN,Main job,_T,Total,FT,Full-time,NAT_DEF,National definition,A,Annual,2016,,62.853,,A,Normal value,0,Units,1,One
DATAFLOW,OECD.ELS.SAE:DSD_FTPT@DF_FTPT_NATIONAL_INC(1.0),Incidence of full-time and part-time employment based on national definitions,I,NLD,Netherlands,EMP,Employment,PT_POP_SUB,Percentage of population in the same subgroup,F,Female,_T,Total,EMP,Employment,MAIN,Main job,_T,Total,FT,Full-time,NAT_DEF,National definition,A,Annual,2016,,27.766,,A,Normal value,0,Units,1,One
DATAFLOW,OECD.ELS.SAE:DSD_FTPT@DF_FTPT_NATIONAL_INC(1.0),Incidence of full-time and part-time employment based on national definitions,I,POL,Poland,EMP,Employment,PT_POP_SUB,Percentage of population in the same subgroup,F,Female,_T,Total,EMP,Employment,MAIN,Main job,_T,Total,FT,Full-time,NAT_DEF,National definition,A,Annual,2016,,89.61,,A,Normal value,0,Units,1,One
DATAFLOW,OECD.ELS.SAE:DSD_FTPT@DF_FTPT_NATIONAL_INC(1.0),Incidence of full-time and part-time employment based on national definitions,I,ESP,Spain,EMP,Employment,PT_POP_SUB,Percentage of population in the same subgroup,F,Female,_T,Total,EMP,Employment,MAIN,Main job,_T,Total,FT,Full-time,NAT_DEF,National definition,A,Annual,2016,,75.853,,A,Normal value,0,Units,1,One
DATAFLOW,OECD.ELS.SAE:DSD_FTPT@DF_FTPT_NATIONAL_INC(1.0),Incidence of full-time and part-time employment based on national definitions,I,CHE,Switzerland,EMP,Employment,PT_POP_SUB,Percentage of population in the same subgroup,F,Female,_T,Total,EMP,Employment,MAIN,Main job,_T,Total,FT,Full-time,NAT_DEF,National definition,A,Annual,2016,,41.241,,A,Normal value,0,Units,1,One
DATAFLOW,OECD.ELS.SAE:DSD_FTPT@DF_FTPT_NATIONAL_INC(1.0),Incidence of full-time and part-time employment based on national definitions,I,TUR,Türkiye,EMP,Employment,PT_POP_SUB,Percentage of population in the same subgroup,F,Female,_T,Total,EMP,Employment,MAIN,Main job,_T,Total,FT,Full-time,NAT_DEF,National definition,A,Annual,2016,,82.243,,A,Normal value,0,Units,1,One
DATAFLOW,OECD.ELS.SAE:DSD_FTPT@DF_FTPT_NATIONAL_INC(1.0),Incidence of full-time and part-time employment based on national definitions,I,GBR,United Kingdom,EMP,Employment,PT_POP_SUB,Percentage of population in the same subgroup,F,Female,_T,Total,EMP,Employment,MAIN,Main job,_T,Total,FT,Full-time,NAT_DEF,National definition,A,Annual,2016,,57.828,,A,Normal value,0,Units,1,One
DATAFLOW,OECD.ELS.SAE:DSD_FTPT@DF_FTPT_NATIONAL_INC(1.0),Incidence of full-time and part-time employment based on national definitions,I,USA,United States,EMP,Employment,PT_POP_SUB,Percentage of population in the same subgroup,F,Female,_T,Total,EMP,Employment,MAIN,Main job,_T,Total,FT,Full-time,NAT_DEF,National definition,A,Annual,2016,,75.062,,A,Normal value,0,Units,1,One
DATAFLOW,OECD.ELS.SAE:DSD_FTPT@DF_FTPT_NATIONAL_INC(1.0),Incidence of full-time and part-time employment based on national definitions,I,IDN,Indonesia,EMP,Employment,PT_POP_SUB,Percentage of population in the same subgroup,F,Female,_T,Total,EMP,Employment,MAIN,Main job,_T,Total,FT,Full-time,NAT_DEF,National definition,A,Annual,2016,,58.522,,A,Normal value,0,Units,1,One
DATAFLOW,OECD.ELS.SAE:DSD_FTPT@DF_FTPT_NATIONAL_INC(1.0),Incidence of full-time and part-time employment based on national definitions,I,RUS,Russia,EMP,Employment,PT_POP_SUB,Percentage of population in the same subgroup,F,Female,_T,Total,EMP,Employment,MAIN,Main job,_T,Total,FT,Full-time,NAT_DEF,National definition,A,Annual,2016,,89.79,,A,Normal value,0,Units,1,One
DATAFLOW,OECD.ELS.SAE:DSD_FTPT@DF_FTPT_NATIONAL_INC(1.0),Incidence of full-time and part-time employment based on national definitions,I,ZAF,South Africa,EMP,Employment,PT_POP_SUB,Percentage of population in the same subgroup,F,Female,_T,Total,EMP,Employment,MAIN,Main job,_T,Total,FT,Full-time,NAT_DEF,National definition,A,Annual,2016,,83.365,,A,Normal value,0,Units,1,One
DATAFLOW,OECD.ELS.SAE:DSD_FTPT@DF_FTPT_NATIONAL_INC(1.0),Incidence of full-time and part-time employment based on national definitions,I,AUS,Australia,EMP,Employment,PT_POP_SUB,Percentage of population in the same subgroup,F,Female,_T,Total,EMP,Employment,MAIN,Main job,_T,Total,FT,Full-time,NAT_DEF,National definition,A,Annual,2014,,53.711,,A,Normal value,0,Units,1,One
DATAFLOW,OECD.ELS.SAE:DSD_FTPT@DF_FTPT_NATIONAL_INC(1.0),Incidence of full-time and part-time employment based on national definitions,I,BEL,Belgium,EMP,Employment,PT_POP_SUB,Percentage of population in the same subgroup,F,Female,_T,Total,EMP,Employment,MAIN,Main job,_T,Total,FT,Full-time,NAT_DEF,National definition,A,Annual,2014,,58.588,,A,Normal value,0,Units,1,One
DATAFLOW,OECD.ELS.SAE:DSD_FTPT@DF_FTPT_NATIONAL_INC(1.0),Incidence of full-time and part-time employment based on national definitions,I,COL,Colombia,EMP,Employment,PT_POP_SUB,Percentage of population in the same subgroup,F,Female,_T,Total,EMP,Employment,MAIN,Main job,_T,Total,FT,Full-time,NAT_DEF,National definition,A,Annual,2014,,73.528,,A,Normal value,0,Units,1,One
DATAFLOW,OECD.ELS.SAE:DSD_FTPT@DF_FTPT_NATIONAL_INC(1.0),Incidence of full-time and part-time employment based on national definitions,I,CRI,Costa Rica,EMP,Employment,PT_POP_SUB,Percentage of population in the same subgroup,F,Female,_T,Total,EMP,Employment,MAIN,Main job,_T,Total,FT,Full-time,NAT_DEF,National definition,A,Annual,2014,,61.578,,A,Normal value,0,Units,1,One
DATAFLOW,OECD.ELS.SAE:DSD_FTPT@DF_FTPT_NATIONAL_INC(1.0),Incidence of full-time and part-time employment based on national definitions,I,DNK,Denmark,EMP,Employment,PT_POP_SUB,Percentage of population in the same subgroup,F,Female,_T,Total,EMP,Employment,MAIN,Main job,_T,Total,FT,Full-time,NAT_DEF,National definition,A,Annual,2014,,65.218,,A,Normal value,0,Units,1,One
DATAFLOW,OECD.ELS.SAE:DSD_FTPT@DF_FTPT_NATIONAL_INC(1.0),Incidence of full-time and part-time employment based on national definitions,I,FRA,France,EMP,Employment,PT_POP_SUB,Percentage of population in the same subgroup,F,Female,_T,Total,EMP,Employment,MAIN,Main job,_T,Total,FT,Full-time,NAT_DEF,National definition,A,Annual,2014,,69.168,,A,Normal value,0,Units,1,One
DATAFLOW,OECD.ELS.SAE:DSD_FTPT@DF_FTPT_NATIONAL_INC(1.0),Incidence of full-time and part-time employment based on national definitions,I,DEU,Germany,EMP,Employment,PT_POP_SUB,Percentage of population in the same subgroup,F,Female,_T,Total,EMP,Employment,MAIN,Main job,_T,Total,FT,Full-time,NAT_DEF,National definition,A,Annual,2014,,53.027,,A,Normal value,0,Units,1,One
DATAFLOW,OECD.ELS.SAE:DSD_FTPT@DF_FTPT_NATIONAL_INC(1.0),Incidence of full-time and part-time employment based on national definitions,I,IRL,Ireland,EMP,Employment,PT_POP_SUB,Percentage of population in the same subgroup,F,Female,_T,Total,EMP,Employment,MAIN,Main job,_T,Total,FT,Full-time,NAT_DEF,National definition,A,Annual,2014,,66.338,,A,Normal value,0,Units,1,One
DATAFLOW,OECD.ELS.SAE:DSD_FTPT@DF_FTPT_NATIONAL_INC(1.0),Incidence of full-time and part-time employment based on national definitions,I,JPN,Japan,EMP,Employment,PT_POP_SUB,Percentage of population in the same subgroup,F,Female,_T,Total,EMP,Employment,MAIN,Main job,_T,Total,FT,Full-time,NAT_DEF,National definition,A,Annual,2014,,62.795,,A,Normal value,0,Units,1,One
DATAFLOW,OECD.ELS.SAE:DSD_FTPT@DF_FTPT_NATIONAL_INC(1.0),Incidence of full-time and part-time employment based on national definitions,I,MEX,Mexico,EMP,Employment,PT_POP_SUB,Percentage of population in the same subgroup,F,Female,_T,Total,EMP,Employment,MAIN,Main job,_T,Total,FT,Full-time,NAT_DEF,National definition,A,Annual,2014,,65.972,,A,Normal value,0,Units,1,One
DATAFLOW,OECD.ELS.SAE:DSD_FTPT@DF_FTPT_NATIONAL_INC(1.0),Incidence of full-time and part-time employment based on national definitions,I,NLD,Netherlands,EMP,Employment,PT_POP_SUB,Percentage of population in the same subgroup,F,Female,_T,Total,EMP,Employment,MAIN,Main job,_T,Total,FT,Full-time,NAT_DEF,National definition,A,Annual,2014,,27.569,,A,Normal value,0,Units,1,One
DATAFLOW,OECD.ELS.SAE:DSD_FTPT@DF_FTPT_NATIONAL_INC(1.0),Incidence of full-time and part-time employment based on national definitions,I,NZL,New Zealand,EMP,Employment,PT_POP_SUB,Percentage of population in the same subgroup,F,Female,_T,Total,EMP,Employment,MAIN,Main job,_T,Total,FT,Full-time,NAT_DEF,National definition,A,Annual,2014,,66.771,,A,Normal value,0,Units,1,One
DATAFLOW,OECD.ELS.SAE:DSD_FTPT@DF_FTPT_NATIONAL_INC(1.0),Incidence of full-time and part-time employment based on national definitions,I,ESP,Spain,EMP,Employment,PT_POP_SUB,Percentage of population in the same subgroup,F,Female,_T,Total,EMP,Employment,MAIN,Main job,_T,Total,FT,Full-time,NAT_DEF,National definition,A,Annual,2014,,74.415,,A,Normal value,0,Units,1,One
DATAFLOW,OECD.ELS.SAE:DSD_FTPT@DF_FTPT_NATIONAL_INC(1.0),Incidence of full-time and part-time employment based on national definitions,I,SWE,Sweden,EMP,Employment,PT_POP_SUB,Percentage of population in the same subgroup,F,Female,_T,Total,EMP,Employment,MAIN,Main job,_T,Total,FT,Full-time,NAT_DEF,National definition,A,Annual,2014,,67.504,,A,Normal value,0,Units,1,One
DATAFLOW,OECD.ELS.SAE:DSD_FTPT@DF_FTPT_NATIONAL_INC(1.0),Incidence of full-time and part-time employment based on national definitions,I,CHE,Switzerland,EMP,Employment,PT_POP_SUB,Percentage of population in the same subgroup,F,Female,_T,Total,EMP,Employment,MAIN,Main job,_T,Total,FT,Full-time,NAT_DEF,National definition,A,Annual,2014,,40.635,,A,Normal value,0,Units,1,One
DATAFLOW,OECD.ELS.SAE:DSD_FTPT@DF_FTPT_NATIONAL_INC(1.0),Incidence of full-time and part-time employment based on national definitions,I,TUR,Türkiye,EMP,Employment,PT_POP_SUB,Percentage of population in the same subgroup,F,Female,_T,Total,EMP,Employment,MAIN,Main job,_T,Total,FT,Full-time,NAT_DEF,National definition,A,Annual,2014,,79.386,,A,Normal value,0,Units,1,One
DATAFLOW,OECD.ELS.SAE:DSD_FTPT@DF_FTPT_NATIONAL_INC(1.0),Incidence of full-time and part-time employment based on national definitions,I,GBR,United Kingdom,EMP,Employment,PT_POP_SUB,Percentage of population in the same subgroup,F,Female,_T,Total,EMP,Employment,MAIN,Main job,_T,Total,FT,Full-time,NAT_DEF,National definition,A,Annual,2014,,57.549,,A,Normal value,0,Units,1,One
DATAFLOW,OECD.ELS.SAE:DSD_FTPT@DF_FTPT_NATIONAL_INC(1.0),Incidence of full-time and part-time employment based on national definitions,I,USA,United States,EMP,Employment,PT_POP_SUB,Percentage of population in the same subgroup,F,Female,_T,Total,EMP,Employment,MAIN,Main job,_T,Total,FT,Full-time,NAT_DEF,National definition,A,Annual,2014,,74.167,,A,Normal value,0,Units,1,One
DATAFLOW,OECD.ELS.SAE:DSD_FTPT@DF_FTPT_NATIONAL_INC(1.0),Incidence of full-time and part-time employment based on national definitions,I,OECD,OECD,EMP,Employment,PT_POP_SUB,Percentage of population in the same subgroup,F,Female,_T,Total,EMP,Employment,MAIN,Main job,_T,Total,FT,Full-time,NAT_DEF,National definition,A,Annual,2014,,68.402,,A,Normal value,0,Units,1,One
DATAFLOW,OECD.ELS.SAE:DSD_FTPT@DF_FTPT_NATIONAL_INC(1.0),Incidence of full-time and part-time employment based on national definitions,I,IDN,Indonesia,EMP,Employment,PT_POP_SUB,Percentage of population in the same subgroup,F,Female,_T,Total,EMP,Employment,MAIN,Main job,_T,Total,FT,Full-time,NAT_DEF,National definition,A,Annual,2014,,55.19,,A,Normal value,0,Units,1,One
DATAFLOW,OECD.ELS.SAE:DSD_FTPT@DF_FTPT_NATIONAL_INC(1.0),Incidence of full-time and part-time employment based on national definitions,I,RUS,Russia,EMP,Employment,PT_POP_SUB,Percentage of population in the same subgroup,F,Female,_T,Total,EMP,Employment,MAIN,Main job,_T,Total,FT,Full-time,NAT_DEF,National definition,A,Annual,2014,,90.202,,A,Normal value,0,Units,1,One
DATAFLOW,OECD.ELS.SAE:DSD_FTPT@DF_FTPT_NATIONAL_INC(1.0),Incidence of full-time and part-time employment based on national definitions,I,ZAF,South Africa,EMP,Employment,PT_POP_SUB,Percentage of population in the same subgroup,F,Female,_T,Total,EMP,Employment,MAIN,Main job,_T,Total,FT,Full-time,NAT_DEF,National definition,A,Annual,2014,,84.349,,A,Normal value,0,Units,1,One
DATAFLOW,OECD.ELS.SAE:DSD_FTPT@DF_FTPT_NATIONAL_INC(1.0),Incidence of full-time and part-time employment based on national definitions,I,AUS,Australia,EMP,Employment,PT_POP_SUB,Percentage of population in the same subgroup,F,Female,_T,Total,EMP,Employment,MAIN,Main job,_T,Total,FT,Full-time,NAT_DEF,National definition,A,Annual,2013,,54.062,,A,Normal value,0,Units,1,One
DATAFLOW,OECD.ELS.SAE:DSD_FTPT@DF_FTPT_NATIONAL_INC(1.0),Incidence of full-time and part-time employment based on national definitions,I,AUT,Austria,EMP,Employment,PT_POP_SUB,Percentage of population in the same subgroup,F,Female,_T,Total,EMP,Employment,MAIN,Main job,_T,Total,FT,Full-time,NAT_DEF,National definition,A,Annual,2013,,54.391,,A,Normal value,0,Units,1,One
DATAFLOW,OECD.ELS.SAE:DSD_FTPT@DF_FTPT_NATIONAL_INC(1.0),Incidence of full-time and part-time employment based on national definitions,I,BEL,Belgium,EMP,Employment,PT_POP_SUB,Percentage of population in the same subgroup,F,Female,_T,Total,EMP,Employment,MAIN,Main job,_T,Total,FT,Full-time,NAT_DEF,National definition,A,Annual,2013,,57.17,,A,Normal value,0,Units,1,One
DATAFLOW,OECD.ELS.SAE:DSD_FTPT@DF_FTPT_NATIONAL_INC(1.0),Incidence of full-time and part-time employment based on national definitions,I,COL,Colombia,EMP,Employment,PT_POP_SUB,Percentage of population in the same subgroup,F,Female,_T,Total,EMP,Employment,MAIN,Main job,_T,Total,FT,Full-time,NAT_DEF,National definition,A,Annual,2013,,71.633,,A,Normal value,0,Units,1,One
DATAFLOW,OECD.ELS.SAE:DSD_FTPT@DF_FTPT_NATIONAL_INC(1.0),Incidence of full-time and part-time employment based on national definitions,I,CRI,Costa Rica,EMP,Employment,PT_POP_SUB,Percentage of population in the same subgroup,F,Female,_T,Total,EMP,Employment,MAIN,Main job,_T,Total,FT,Full-time,NAT_DEF,National definition,A,Annual,2013,,61.381,,A,Normal value,0,Units,1,One
DATAFLOW,OECD.ELS.SAE:DSD_FTPT@DF_FTPT_NATIONAL_INC(1.0),Incidence of full-time and part-time employment based on national definitions,I,DNK,Denmark,EMP,Employment,PT_POP_SUB,Percentage of population in the same subgroup,F,Female,_T,Total,EMP,Employment,MAIN,Main job,_T,Total,FT,Full-time,NAT_DEF,National definition,A,Annual,2013,,64.504,,A,Normal value,0,Units,1,One
DATAFLOW,OECD.ELS.SAE:DSD_FTPT@DF_FTPT_NATIONAL_INC(1.0),Incidence of full-time and part-time employment based on national definitions,I,FRA,France,EMP,Employment,PT_POP_SUB,Percentage of population in the same subgroup,F,Female,_T,Total,EMP,Employment,MAIN,Main job,_T,Total,FT,Full-time,NAT_DEF,National definition,A,Annual,2013,,69.321,,A,Normal value,0,Units,1,One
DATAFLOW,OECD.ELS.SAE:DSD_FTPT@DF_FTPT_NATIONAL_INC(1.0),Incidence of full-time and part-time employment based on national definitions,I,DEU,Germany,EMP,Employment,PT_POP_SUB,Percentage of population in the same subgroup,F,Female,_T,Total,EMP,Employment,MAIN,Main job,_T,Total,FT,Full-time,NAT_DEF,National definition,A,Annual,2013,,52.666,,A,Normal value,0,Units,1,One
DATAFLOW,OECD.ELS.SAE:DSD_FTPT@DF_FTPT_NATIONAL_INC(1.0),Incidence of full-time and part-time employment based on national definitions,I,ITA,Italy,EMP,Employment,PT_POP_SUB,Percentage of population in the same subgroup,F,Female,_T,Total,EMP,Employment,MAIN,Main job,_T,Total,FT,Full-time,NAT_DEF,National definition,A,Annual,2013,,68.436,,A,Normal value,0,Units,1,One
DATAFLOW,OECD.ELS.SAE:DSD_FTPT@DF_FTPT_NATIONAL_INC(1.0),Incidence of full-time and part-time employment based on national definitions,I,JPN,Japan,EMP,Employment,PT_POP_SUB,Percentage of population in the same subgroup,F,Female,_T,Total,EMP,Employment,MAIN,Main job,_T,Total,FT,Full-time,NAT_DEF,National definition,A,Annual,2013,,63.828,,A,Normal value,0,Units,1,One
DATAFLOW,OECD.ELS.SAE:DSD_FTPT@DF_FTPT_NATIONAL_INC(1.0),Incidence of full-time and part-time employment based on national definitions,I,MEX,Mexico,EMP,Employment,PT_POP_SUB,Percentage of population in the same subgroup,F,Female,_T,Total,EMP,Employment,MAIN,Main job,_T,Total,FT,Full-time,NAT_DEF,National definition,A,Annual,2013,,65.778,,A,Normal value,0,Units,1,One
DATAFLOW,OECD.ELS.SAE:DSD_FTPT@DF_FTPT_NATIONAL_INC(1.0),Incidence of full-time and part-time employment based on national definitions,I,NLD,Netherlands,EMP,Employment,PT_POP_SUB,Percentage of population in the same subgroup,F,Female,_T,Total,EMP,Employment,MAIN,Main job,_T,Total,FT,Full-time,NAT_DEF,National definition,A,Annual,2013,,27.492,,A,Normal value,0,Units,1,One
DATAFLOW,OECD.ELS.SAE:DSD_FTPT@DF_FTPT_NATIONAL_INC(1.0),Incidence of full-time and part-time employment based on national definitions,I,POL,Poland,EMP,Employment,PT_POP_SUB,Percentage of population in the same subgroup,F,Female,_T,Total,EMP,Employment,MAIN,Main job,_T,Total,FT,Full-time,NAT_DEF,National definition,A,Annual,2013,,88.915,,A,Normal value,0,Units,1,One
DATAFLOW,OECD.ELS.SAE:DSD_FTPT@DF_FTPT_NATIONAL_INC(1.0),Incidence of full-time and part-time employment based on national definitions,I,ESP,Spain,EMP,Employment,PT_POP_SUB,Percentage of population in the same subgroup,F,Female,_T,Total,EMP,Employment,MAIN,Main job,_T,Total,FT,Full-time,NAT_DEF,National definition,A,Annual,2013,,74.724,,A,Normal value,0,Units,1,One
DATAFLOW,OECD.ELS.SAE:DSD_FTPT@DF_FTPT_NATIONAL_INC(1.0),Incidence of full-time and part-time employment based on national definitions,I,TUR,Türkiye,EMP,Employment,PT_POP_SUB,Percentage of population in the same subgroup,F,Female,_T,Total,EMP,Employment,MAIN,Main job,_T,Total,FT,Full-time,NAT_DEF,National definition,A,Annual,2013,,75.435,,A,Normal value,0,Units,1,One
DATAFLOW,OECD.ELS.SAE:DSD_FTPT@DF_FTPT_NATIONAL_INC(1.0),Incidence of full-time and part-time employment based on national definitions,I,GBR,United Kingdom,EMP,Employment,PT_POP_SUB,Percentage of population in the same subgroup,F,Female,_T,Total,EMP,Employment,MAIN,Main job,_T,Total,FT,Full-time,NAT_DEF,National definition,A,Annual,2013,,57.405,,A,Normal value,0,Units,1,One
DATAFLOW,OECD.ELS.SAE:DSD_FTPT@DF_FTPT_NATIONAL_INC(1.0),Incidence of full-time and part-time employment based on national definitions,I,USA,United States,EMP,Employment,PT_POP_SUB,Percentage of population in the same subgroup,F,Female,_T,Total,EMP,Employment,MAIN,Main job,_T,Total,FT,Full-time,NAT_DEF,National definition,A,Annual,2013,,73.96,,A,Normal value,0,Units,1,One
DATAFLOW,OECD.ELS.SAE:DSD_FTPT@DF_FTPT_NATIONAL_INC(1.0),Incidence of full-time and part-time employment based on national definitions,I,EU19OECD,European Union (19 countries) in OECD,EMP,Employment,PT_POP_SUB,Percentage of population in the same subgroup,F,Female,_T,Total,EMP,Employment,MAIN,Main job,_T,Total,FT,Full-time,NAT_DEF,National definition,A,Annual,2013,,63.764,,A,Normal value,0,Units,1,One
DATAFLOW,OECD.ELS.SAE:DSD_FTPT@DF_FTPT_NATIONAL_INC(1.0),Incidence of full-time and part-time employment based on national definitions,I,OECD,OECD,EMP,Employment,PT_POP_SUB,Percentage of population in the same subgroup,F,Female,_T,Total,EMP,Employment,MAIN,Main job,_T,Total,FT,Full-time,NAT_DEF,National definition,A,Annual,2013,,68.215,,A,Normal value,0,Units,1,One
DATAFLOW,OECD.ELS.SAE:DSD_FTPT@DF_FTPT_NATIONAL_INC(1.0),Incidence of full-time and part-time employment based on national definitions,I,IDN,Indonesia,EMP,Employment,PT_POP_SUB,Percentage of population in the same subgroup,F,Female,_T,Total,EMP,Employment,MAIN,Main job,_T,Total,FT,Full-time,NAT_DEF,National definition,A,Annual,2013,,54.655,,A,Normal value,0,Units,1,One
DATAFLOW,OECD.ELS.SAE:DSD_FTPT@DF_FTPT_NATIONAL_INC(1.0),Incidence of full-time and part-time employment based on national definitions,I,ROU,Romania,EMP,Employment,PT_POP_SUB,Percentage of population in the same subgroup,F,Female,_T,Total,EMP,Employment,MAIN,Main job,_T,Total,FT,Full-time,NAT_DEF,National definition,A,Annual,2013,,88.788,,A,Normal value,0,Units,1,One
DATAFLOW,OECD.ELS.SAE:DSD_FTPT@DF_FTPT_NATIONAL_INC(1.0),Incidence of full-time and part-time employment based on national definitions,I,RUS,Russia,EMP,Employment,PT_POP_SUB,Percentage of population in the same subgroup,F,Female,_T,Total,EMP,Employment,MAIN,Main job,_T,Total,FT,Full-time,NAT_DEF,National definition,A,Annual,2013,,90.031,,A,Normal value,0,Units,1,One
DATAFLOW,OECD.ELS.SAE:DSD_FTPT@DF_FTPT_NATIONAL_INC(1.0),Incidence of full-time and part-time employment based on national definitions,I,ZAF,South Africa,EMP,Employment,PT_POP_SUB,Percentage of population in the same subgroup,F,Female,_T,Total,EMP,Employment,MAIN,Main job,_T,Total,FT,Full-time,NAT_DEF,National definition,A,Annual,2013,,84.075,,A,Normal value,0,Units,1,One
DATAFLOW,OECD.ELS.SAE:DSD_FTPT@DF_FTPT_NATIONAL_INC(1.0),Incidence of full-time and part-time employment based on national definitions,I,AUT,Austria,EMP,Employment,PT_POP_SUB,Percentage of population in the same subgroup,F,Female,_T,Total,EMP,Employment,MAIN,Main job,_T,Total,FT,Full-time,NAT_DEF,National definition,A,Annual,2011,,55.912,,A,Normal value,0,Units,1,One
DATAFLOW,OECD.ELS.SAE:DSD_FTPT@DF_FTPT_NATIONAL_INC(1.0),Incidence of full-time and part-time employment based on national definitions,I,BEL,Belgium,EMP,Employment,PT_POP_SUB,Percentage of population in the same subgroup,F,Female,_T,Total,EMP,Employment,MAIN,Main job,_T,Total,FT,Full-time,NAT_DEF,National definition,A,Annual,2011,,56.419,,A,Normal value,0,Units,1,One
DATAFLOW,OECD.ELS.SAE:DSD_FTPT@DF_FTPT_NATIONAL_INC(1.0),Incidence of full-time and part-time employment based on national definitions,I,CRI,Costa Rica,EMP,Employment,PT_POP_SUB,Percentage of population in the same subgroup,F,Female,_T,Total,EMP,Employment,MAIN,Main job,_T,Total,FT,Full-time,NAT_DEF,National definition,A,Annual,2011,,70.365,,A,Normal value,0,Units,1,One
DATAFLOW,OECD.ELS.SAE:DSD_FTPT@DF_FTPT_NATIONAL_INC(1.0),Incidence of full-time and part-time employment based on national definitions,I,DNK,Denmark,EMP,Employment,PT_POP_SUB,Percentage of population in the same subgroup,F,Female,_T,Total,EMP,Employment,MAIN,Main job,_T,Total,FT,Full-time,NAT_DEF,National definition,A,Annual,2011,,62.99,,A,Normal value,0,Units,1,One
DATAFLOW,OECD.ELS.SAE:DSD_FTPT@DF_FTPT_NATIONAL_INC(1.0),Incidence of full-time and part-time employment based on national definitions,I,FIN,Finland,EMP,Employment,PT_POP_SUB,Percentage of population in the same subgroup,F,Female,_T,Total,EMP,Employment,MAIN,Main job,_T,Total,FT,Full-time,NAT_DEF,National definition,A,Annual,2011,,80.37,,A,Normal value,0,Units,1,One
DATAFLOW,OECD.ELS.SAE:DSD_FTPT@DF_FTPT_NATIONAL_INC(1.0),Incidence of full-time and part-time employment based on national definitions,I,DEU,Germany,EMP,Employment,PT_POP_SUB,Percentage of population in the same subgroup,F,Female,_T,Total,EMP,Employment,MAIN,Main job,_T,Total,FT,Full-time,NAT_DEF,National definition,A,Annual,2011,,54.001,,A,Normal value,0,Units,1,One
DATAFLOW,OECD.ELS.SAE:DSD_FTPT@DF_FTPT_NATIONAL_INC(1.0),Incidence of full-time and part-time employment based on national definitions,I,ISR,Israel,EMP,Employment,PT_POP_SUB,Percentage of population in the same subgroup,F,Female,_T,Total,EMP,Employment,MAIN,Main job,_T,Total,FT,Full-time,NAT_DEF,National definition,A,Annual,2011,,66.416,,A,Normal value,0,Units,1,One
DATAFLOW,OECD.ELS.SAE:DSD_FTPT@DF_FTPT_NATIONAL_INC(1.0),Incidence of full-time and part-time employment based on national definitions,I,ITA,Italy,EMP,Employment,PT_POP_SUB,Percentage of population in the same subgroup,F,Female,_T,Total,EMP,Employment,MAIN,Main job,_T,Total,FT,Full-time,NAT_DEF,National definition,A,Annual,2011,,70.823,,A,Normal value,0,Units,1,One
DATAFLOW,OECD.ELS.SAE:DSD_FTPT@DF_FTPT_NATIONAL_INC(1.0),Incidence of full-time and part-time employment based on national definitions,I,JPN,Japan,EMP,Employment,PT_POP_SUB,Percentage of population in the same subgroup,F,Female,_T,Total,EMP,Employment,MAIN,Main job,_T,Total,FT,Full-time,NAT_DEF,National definition,A,Annual,2011,,65.223,,A,Normal value,0,Units,1,One
DATAFLOW,OECD.ELS.SAE:DSD_FTPT@DF_FTPT_NATIONAL_INC(1.0),Incidence of full-time and part-time employment based on national definitions,I,MEX,Mexico,EMP,Employment,PT_POP_SUB,Percentage of population in the same subgroup,F,Female,_T,Total,EMP,Employment,MAIN,Main job,_T,Total,FT,Full-time,NAT_DEF,National definition,A,Annual,2011,,65.446,,A,Normal value,0,Units,1,One
DATAFLOW,OECD.ELS.SAE:DSD_FTPT@DF_FTPT_NATIONAL_INC(1.0),Incidence of full-time and part-time employment based on national definitions,I,NLD,Netherlands,EMP,Employment,PT_POP_SUB,Percentage of population in the same subgroup,F,Female,_T,Total,EMP,Employment,MAIN,Main job,_T,Total,FT,Full-time,NAT_DEF,National definition,A,Annual,2011,,25.046,,A,Normal value,0,Units,1,One
DATAFLOW,OECD.ELS.SAE:DSD_FTPT@DF_FTPT_NATIONAL_INC(1.0),Incidence of full-time and part-time employment based on national definitions,I,NOR,Norway,EMP,Employment,PT_POP_SUB,Percentage of population in the same subgroup,F,Female,_T,Total,EMP,Employment,MAIN,Main job,_T,Total,FT,Full-time,NAT_DEF,National definition,A,Annual,2011,,58.937,,A,Normal value,0,Units,1,One
DATAFLOW,OECD.ELS.SAE:DSD_FTPT@DF_FTPT_NATIONAL_INC(1.0),Incidence of full-time and part-time employment based on national definitions,I,POL,Poland,EMP,Employment,PT_POP_SUB,Percentage of population in the same subgroup,F,Female,_T,Total,EMP,Employment,MAIN,Main job,_T,Total,FT,Full-time,NAT_DEF,National definition,A,Annual,2011,,88.82,,A,Normal value,0,Units,1,One
DATAFLOW,OECD.ELS.SAE:DSD_FTPT@DF_FTPT_NATIONAL_INC(1.0),Incidence of full-time and part-time employment based on national definitions,I,ESP,Spain,EMP,Employment,PT_POP_SUB,Percentage of population in the same subgroup,F,Female,_T,Total,EMP,Employment,MAIN,Main job,_T,Total,FT,Full-time,NAT_DEF,National definition,A,Annual,2011,,77.093,,A,Normal value,0,Units,1,One
DATAFLOW,OECD.ELS.SAE:DSD_FTPT@DF_FTPT_NATIONAL_INC(1.0),Incidence of full-time and part-time employment based on national definitions,I,SWE,Sweden,EMP,Employment,PT_POP_SUB,Percentage of population in the same subgroup,F,Female,_T,Total,EMP,Employment,MAIN,Main job,_T,Total,FT,Full-time,NAT_DEF,National definition,A,Annual,2011,,65.349,,A,Normal value,0,Units,1,One
DATAFLOW,OECD.ELS.SAE:DSD_FTPT@DF_FTPT_NATIONAL_INC(1.0),Incidence of full-time and part-time employment based on national definitions,I,CHE,Switzerland,EMP,Employment,PT_POP_SUB,Percentage of population in the same subgroup,F,Female,_T,Total,EMP,Employment,MAIN,Main job,_T,Total,FT,Full-time,NAT_DEF,National definition,A,Annual,2011,,42.269,,A,Normal value,0,Units,1,One
DATAFLOW,OECD.ELS.SAE:DSD_FTPT@DF_FTPT_NATIONAL_INC(1.0),Incidence of full-time and part-time employment based on national definitions,I,TUR,Türkiye,EMP,Employment,PT_POP_SUB,Percentage of population in the same subgroup,F,Female,_T,Total,EMP,Employment,MAIN,Main job,_T,Total,FT,Full-time,NAT_DEF,National definition,A,Annual,2011,,75.663,,A,Normal value,0,Units,1,One
DATAFLOW,OECD.ELS.SAE:DSD_FTPT@DF_FTPT_NATIONAL_INC(1.0),Incidence of full-time and part-time employment based on national definitions,I,GBR,United Kingdom,EMP,Employment,PT_POP_SUB,Percentage of population in the same subgroup,F,Female,_T,Total,EMP,Employment,MAIN,Main job,_T,Total,FT,Full-time,NAT_DEF,National definition,A,Annual,2011,,56.928,,A,Normal value,0,Units,1,One
DATAFLOW,OECD.ELS.SAE:DSD_FTPT@DF_FTPT_NATIONAL_INC(1.0),Incidence of full-time and part-time employment based on national definitions,I,USA,United States,EMP,Employment,PT_POP_SUB,Percentage of population in the same subgroup,F,Female,_T,Total,EMP,Employment,MAIN,Main job,_T,Total,FT,Full-time,NAT_DEF,National definition,A,Annual,2011,,73.538,,A,Normal value,0,Units,1,One
DATAFLOW,OECD.ELS.SAE:DSD_FTPT@DF_FTPT_NATIONAL_INC(1.0),Incidence of full-time and part-time employment based on national definitions,I,IDN,Indonesia,EMP,Employment,PT_POP_SUB,Percentage of population in the same subgroup,F,Female,_T,Total,EMP,Employment,MAIN,Main job,_T,Total,FT,Full-time,NAT_DEF,National definition,A,Annual,2011,,55.297,,A,Normal value,0,Units,1,One
DATAFLOW,OECD.ELS.SAE:DSD_FTPT@DF_FTPT_NATIONAL_INC(1.0),Incidence of full-time and part-time employment based on national definitions,I,ROU,Romania,EMP,Employment,PT_POP_SUB,Percentage of population in the same subgroup,F,Female,_T,Total,EMP,Employment,MAIN,Main job,_T,Total,FT,Full-time,NAT_DEF,National definition,A,Annual,2011,,88.21,,A,Normal value,0,Units,1,One
DATAFLOW,OECD.ELS.SAE:DSD_FTPT@DF_FTPT_NATIONAL_INC(1.0),Incidence of full-time and part-time employment based on national definitions,I,RUS,Russia,EMP,Employment,PT_POP_SUB,Percentage of population in the same subgroup,F,Female,_T,Total,EMP,Employment,MAIN,Main job,_T,Total,FT,Full-time,NAT_DEF,National definition,A,Annual,2011,,90.227,,A,Normal value,0,Units,1,One
DATAFLOW,OECD.ELS.SAE:DSD_FTPT@DF_FTPT_NATIONAL_INC(1.0),Incidence of full-time and part-time employment based on national definitions,I,ZAF,South Africa,EMP,Employment,PT_POP_SUB,Percentage of population in the same subgroup,F,Female,_T,Total,EMP,Employment,MAIN,Main job,_T,Total,FT,Full-time,NAT_DEF,National definition,A,Annual,2011,,85.547,,A,Normal value,0,Units,1,One
DATAFLOW,OECD.ELS.SAE:DSD_FTPT@DF_FTPT_NATIONAL_INC(1.0),Incidence of full-time and part-time employment based on national definitions,I,AUS,Australia,EMP,Employment,PT_POP_SUB,Percentage of population in the same subgroup,F,Female,_T,Total,EMP,Employment,MAIN,Main job,_T,Total,FT,Full-time,NAT_DEF,National definition,A,Annual,2012,,54.43,,A,Normal value,0,Units,1,One
DATAFLOW,OECD.ELS.SAE:DSD_FTPT@DF_FTPT_NATIONAL_INC(1.0),Incidence of full-time and part-time employment based on national definitions,I,AUT,Austria,EMP,Employment,PT_POP_SUB,Percentage of population in the same subgroup,F,Female,_T,Total,EMP,Employment,MAIN,Main job,_T,Total,FT,Full-time,NAT_DEF,National definition,A,Annual,2012,,54.945,,A,Normal value,0,Units,1,One
DATAFLOW,OECD.ELS.SAE:DSD_FTPT@DF_FTPT_NATIONAL_INC(1.0),Incidence of full-time and part-time employment based on national definitions,I,BEL,Belgium,EMP,Employment,PT_POP_SUB,Percentage of population in the same subgroup,F,Female,_T,Total,EMP,Employment,MAIN,Main job,_T,Total,FT,Full-time,NAT_DEF,National definition,A,Annual,2012,,56.269,,A,Normal value,0,Units,1,One
DATAFLOW,OECD.ELS.SAE:DSD_FTPT@DF_FTPT_NATIONAL_INC(1.0),Incidence of full-time and part-time employment based on national definitions,I,CHL,Chile,EMP,Employment,PT_POP_SUB,Percentage of population in the same subgroup,F,Female,_T,Total,EMP,Employment,MAIN,Main job,_T,Total,FT,Full-time,NAT_DEF,National definition,A,Annual,2012,,72.249,,A,Normal value,0,Units,1,One
DATAFLOW,OECD.ELS.SAE:DSD_FTPT@DF_FTPT_NATIONAL_INC(1.0),Incidence of full-time and part-time employment based on national definitions,I,COL,Colombia,EMP,Employment,PT_POP_SUB,Percentage of population in the same subgroup,F,Female,_T,Total,EMP,Employment,MAIN,Main job,_T,Total,FT,Full-time,NAT_DEF,National definition,A,Annual,2012,,71.366,,A,Normal value,0,Units,1,One
DATAFLOW,OECD.ELS.SAE:DSD_FTPT@DF_FTPT_NATIONAL_INC(1.0),Incidence of full-time and part-time employment based on national definitions,I,CRI,Costa Rica,EMP,Employment,PT_POP_SUB,Percentage of population in the same subgroup,F,Female,_T,Total,EMP,Employment,MAIN,Main job,_T,Total,FT,Full-time,NAT_DEF,National definition,A,Annual,2012,,64.52,,A,Normal value,0,Units,1,One
DATAFLOW,OECD.ELS.SAE:DSD_FTPT@DF_FTPT_NATIONAL_INC(1.0),Incidence of full-time and part-time employment based on national definitions,I,DNK,Denmark,EMP,Employment,PT_POP_SUB,Percentage of population in the same subgroup,F,Female,_T,Total,EMP,Employment,MAIN,Main job,_T,Total,FT,Full-time,NAT_DEF,National definition,A,Annual,2012,,64.249,,A,Normal value,0,Units,1,One
DATAFLOW,OECD.ELS.SAE:DSD_FTPT@DF_FTPT_NATIONAL_INC(1.0),Incidence of full-time and part-time employment based on national definitions,I,FIN,Finland,EMP,Employment,PT_POP_SUB,Percentage of population in the same subgroup,F,Female,_T,Total,EMP,Employment,MAIN,Main job,_T,Total,FT,Full-time,NAT_DEF,National definition,A,Annual,2012,,79.877,,A,Normal value,0,Units,1,One
DATAFLOW,OECD.ELS.SAE:DSD_FTPT@DF_FTPT_NATIONAL_INC(1.0),Incidence of full-time and part-time employment based on national definitions,I,FRA,France,EMP,Employment,PT_POP_SUB,Percentage of population in the same subgroup,F,Female,_T,Total,EMP,Employment,MAIN,Main job,_T,Total,FT,Full-time,NAT_DEF,National definition,A,Annual,2012,,69.772,,A,Normal value,0,Units,1,One
DATAFLOW,OECD.ELS.SAE:DSD_FTPT@DF_FTPT_NATIONAL_INC(1.0),Incidence of full-time and part-time employment based on national definitions,I,DEU,Germany,EMP,Employment,PT_POP_SUB,Percentage of population in the same subgroup,F,Female,_T,Total,EMP,Employment,MAIN,Main job,_T,Total,FT,Full-time,NAT_DEF,National definition,A,Annual,2012,,54.073,,A,Normal value,0,Units,1,One
DATAFLOW,OECD.ELS.SAE:DSD_FTPT@DF_FTPT_NATIONAL_INC(1.0),Incidence of full-time and part-time employment based on national definitions,I,ISR,Israel,EMP,Employment,PT_POP_SUB,Percentage of population in the same subgroup,F,Female,_T,Total,EMP,Employment,MAIN,Main job,_T,Total,FT,Full-time,NAT_DEF,National definition,A,Annual,2012,,66.397,,A,Normal value,0,Units,1,One
DATAFLOW,OECD.ELS.SAE:DSD_FTPT@DF_FTPT_NATIONAL_INC(1.0),Incidence of full-time and part-time employment based on national definitions,I,ITA,Italy,EMP,Employment,PT_POP_SUB,Percentage of population in the same subgroup,F,Female,_T,Total,EMP,Employment,MAIN,Main job,_T,Total,FT,Full-time,NAT_DEF,National definition,A,Annual,2012,,69.059,,A,Normal value,0,Units,1,One
DATAFLOW,OECD.ELS.SAE:DSD_FTPT@DF_FTPT_NATIONAL_INC(1.0),Incidence of full-time and part-time employment based on national definitions,I,JPN,Japan,EMP,Employment,PT_POP_SUB,Percentage of population in the same subgroup,F,Female,_T,Total,EMP,Employment,MAIN,Main job,_T,Total,FT,Full-time,NAT_DEF,National definition,A,Annual,2012,,65.473,,A,Normal value,0,Units,1,One
DATAFLOW,OECD.ELS.SAE:DSD_FTPT@DF_FTPT_NATIONAL_INC(1.0),Incidence of full-time and part-time employment based on national definitions,I,MEX,Mexico,EMP,Employment,PT_POP_SUB,Percentage of population in the same subgroup,F,Female,_T,Total,EMP,Employment,MAIN,Main job,_T,Total,FT,Full-time,NAT_DEF,National definition,A,Annual,2012,,64.955,,A,Normal value,0,Units,1,One
DATAFLOW,OECD.ELS.SAE:DSD_FTPT@DF_FTPT_NATIONAL_INC(1.0),Incidence of full-time and part-time employment based on national definitions,I,NLD,Netherlands,EMP,Employment,PT_POP_SUB,Percentage of population in the same subgroup,F,Female,_T,Total,EMP,Employment,MAIN,Main job,_T,Total,FT,Full-time,NAT_DEF,National definition,A,Annual,2012,,24.629,,A,Normal value,0,Units,1,One
DATAFLOW,OECD.ELS.SAE:DSD_FTPT@DF_FTPT_NATIONAL_INC(1.0),Incidence of full-time and part-time employment based on national definitions,I,POL,Poland,EMP,Employment,PT_POP_SUB,Percentage of population in the same subgroup,F,Female,_T,Total,EMP,Employment,MAIN,Main job,_T,Total,FT,Full-time,NAT_DEF,National definition,A,Annual,2012,,88.74,,A,Normal value,0,Units,1,One
DATAFLOW,OECD.ELS.SAE:DSD_FTPT@DF_FTPT_NATIONAL_INC(1.0),Incidence of full-time and part-time employment based on national definitions,I,ESP,Spain,EMP,Employment,PT_POP_SUB,Percentage of population in the same subgroup,F,Female,_T,Total,EMP,Employment,MAIN,Main job,_T,Total,FT,Full-time,NAT_DEF,National definition,A,Annual,2012,,76.055,,A,Normal value,0,Units,1,One
DATAFLOW,OECD.ELS.SAE:DSD_FTPT@DF_FTPT_NATIONAL_INC(1.0),Incidence of full-time and part-time employment based on national definitions,I,SWE,Sweden,EMP,Employment,PT_POP_SUB,Percentage of population in the same subgroup,F,Female,_T,Total,EMP,Employment,MAIN,Main job,_T,Total,FT,Full-time,NAT_DEF,National definition,A,Annual,2012,,66.188,,A,Normal value,0,Units,1,One
DATAFLOW,OECD.ELS.SAE:DSD_FTPT@DF_FTPT_NATIONAL_INC(1.0),Incidence of full-time and part-time employment based on national definitions,I,CHE,Switzerland,EMP,Employment,PT_POP_SUB,Percentage of population in the same subgroup,F,Female,_T,Total,EMP,Employment,MAIN,Main job,_T,Total,FT,Full-time,NAT_DEF,National definition,A,Annual,2012,,41.451,,A,Normal value,0,Units,1,One
DATAFLOW,OECD.ELS.SAE:DSD_FTPT@DF_FTPT_NATIONAL_INC(1.0),Incidence of full-time and part-time employment based on national definitions,I,TUR,Türkiye,EMP,Employment,PT_POP_SUB,Percentage of population in the same subgroup,F,Female,_T,Total,EMP,Employment,MAIN,Main job,_T,Total,FT,Full-time,NAT_DEF,National definition,A,Annual,2012,,75.831,,A,Normal value,0,Units,1,One
DATAFLOW,OECD.ELS.SAE:DSD_FTPT@DF_FTPT_NATIONAL_INC(1.0),Incidence of full-time and part-time employment based on national definitions,I,GBR,United Kingdom,EMP,Employment,PT_POP_SUB,Percentage of population in the same subgroup,F,Female,_T,Total,EMP,Employment,MAIN,Main job,_T,Total,FT,Full-time,NAT_DEF,National definition,A,Annual,2012,,56.735,,A,Normal value,0,Units,1,One
DATAFLOW,OECD.ELS.SAE:DSD_FTPT@DF_FTPT_NATIONAL_INC(1.0),Incidence of full-time and part-time employment based on national definitions,I,USA,United States,EMP,Employment,PT_POP_SUB,Percentage of population in the same subgroup,F,Female,_T,Total,EMP,Employment,MAIN,Main job,_T,Total,FT,Full-time,NAT_DEF,National definition,A,Annual,2012,,73.724,,A,Normal value,0,Units,1,One
DATAFLOW,OECD.ELS.SAE:DSD_FTPT@DF_FTPT_NATIONAL_INC(1.0),Incidence of full-time and part-time employment based on national definitions,I,EU27,European Union (27 countries),EMP,Employment,PT_POP_SUB,Percentage of population in the same subgroup,F,Female,_T,Total,EMP,Employment,MAIN,Main job,_T,Total,FT,Full-time,NAT_DEF,National definition,A,Annual,2012,,69.571,,A,Normal value,0,Units,1,One
DATAFLOW,OECD.ELS.SAE:DSD_FTPT@DF_FTPT_NATIONAL_INC(1.0),Incidence of full-time and part-time employment based on national definitions,I,IDN,Indonesia,EMP,Employment,PT_POP_SUB,Percentage of population in the same subgroup,F,Female,_T,Total,EMP,Employment,MAIN,Main job,_T,Total,FT,Full-time,NAT_DEF,National definition,A,Annual,2012,,56.012,,A,Normal value,0,Units,1,One
DATAFLOW,OECD.ELS.SAE:DSD_FTPT@DF_FTPT_NATIONAL_INC(1.0),Incidence of full-time and part-time employment based on national definitions,I,RUS,Russia,EMP,Employment,PT_POP_SUB,Percentage of population in the same subgroup,F,Female,_T,Total,EMP,Employment,MAIN,Main job,_T,Total,FT,Full-time,NAT_DEF,National definition,A,Annual,2012,,90.497,,A,Normal value,0,Units,1,One
DATAFLOW,OECD.ELS.SAE:DSD_FTPT@DF_FTPT_NATIONAL_INC(1.0),Incidence of full-time and part-time employment based on national definitions,I,ZAF,South Africa,EMP,Employment,PT_POP_SUB,Percentage of population in the same subgroup,F,Female,_T,Total,EMP,Employment,MAIN,Main job,_T,Total,FT,Full-time,NAT_DEF,National definition,A,Annual,2012,,84.7,,A,Normal value,0,Units,1,One
DATAFLOW,OECD.ELS.SAE:DSD_FTPT@DF_FTPT_NATIONAL_INC(1.0),Incidence of full-time and part-time employment based on national definitions,I,AUS,Australia,EMP,Employment,PT_POP_SUB,Percentage of population in the same subgroup,F,Female,_T,Total,EMP,Employment,MAIN,Main job,_T,Total,FT,Full-time,NAT_DEF,National definition,A,Annual,2010,,54.253,,A,Normal value,0,Units,1,One
DATAFLOW,OECD.ELS.SAE:DSD_FTPT@DF_FTPT_NATIONAL_INC(1.0),Incidence of full-time and part-time employment based on national definitions,I,BEL,Belgium,EMP,Employment,PT_POP_SUB,Percentage of population in the same subgroup,F,Female,_T,Total,EMP,Employment,MAIN,Main job,_T,Total,FT,Full-time,NAT_DEF,National definition,A,Annual,2010,,57.625,,A,Normal value,0,Units,1,One
DATAFLOW,OECD.ELS.SAE:DSD_FTPT@DF_FTPT_NATIONAL_INC(1.0),Incidence of full-time and part-time employment based on national definitions,I,CAN,Canada,EMP,Employment,PT_POP_SUB,Percentage of population in the same subgroup,F,Female,_T,Total,EMP,Employment,MAIN,Main job,_T,Total,FT,Full-time,NAT_DEF,National definition,A,Annual,2010,,72.474,,A,Normal value,0,Units,1,One
DATAFLOW,OECD.ELS.SAE:DSD_FTPT@DF_FTPT_NATIONAL_INC(1.0),Incidence of full-time and part-time employment based on national definitions,I,COL,Colombia,EMP,Employment,PT_POP_SUB,Percentage of population in the same subgroup,F,Female,_T,Total,EMP,Employment,MAIN,Main job,_T,Total,FT,Full-time,NAT_DEF,National definition,A,Annual,2010,,73.691,,A,Normal value,0,Units,1,One
DATAFLOW,OECD.ELS.SAE:DSD_FTPT@DF_FTPT_NATIONAL_INC(1.0),Incidence of full-time and part-time employment based on national definitions,I,CRI,Costa Rica,EMP,Employment,PT_POP_SUB,Percentage of population in the same subgroup,F,Female,_T,Total,EMP,Employment,MAIN,Main job,_T,Total,FT,Full-time,NAT_DEF,National definition,A,Annual,2010,,64.14,,A,Normal value,0,Units,1,One
DATAFLOW,OECD.ELS.SAE:DSD_FTPT@DF_FTPT_NATIONAL_INC(1.0),Incidence of full-time and part-time employment based on national definitions,I,DNK,Denmark,EMP,Employment,PT_POP_SUB,Percentage of population in the same subgroup,F,Female,_T,Total,EMP,Employment,MAIN,Main job,_T,Total,FT,Full-time,NAT_DEF,National definition,A,Annual,2010,,62.046,,A,Normal value,0,Units,1,One
DATAFLOW,OECD.ELS.SAE:DSD_FTPT@DF_FTPT_NATIONAL_INC(1.0),Incidence of full-time and part-time employment based on national definitions,I,FIN,Finland,EMP,Employment,PT_POP_SUB,Percentage of population in the same subgroup,F,Female,_T,Total,EMP,Employment,MAIN,Main job,_T,Total,FT,Full-time,NAT_DEF,National definition,A,Annual,2010,,80.42,,A,Normal value,0,Units,1,One
DATAFLOW,OECD.ELS.SAE:DSD_FTPT@DF_FTPT_NATIONAL_INC(1.0),Incidence of full-time and part-time employment based on national definitions,I,FRA,France,EMP,Employment,PT_POP_SUB,Percentage of population in the same subgroup,F,Female,_T,Total,EMP,Employment,MAIN,Main job,_T,Total,FT,Full-time,NAT_DEF,National definition,A,Annual,2010,,69.865,,A,Normal value,0,Units,1,One
DATAFLOW,OECD.ELS.SAE:DSD_FTPT@DF_FTPT_NATIONAL_INC(1.0),Incidence of full-time and part-time employment based on national definitions,I,DEU,Germany,EMP,Employment,PT_POP_SUB,Percentage of population in the same subgroup,F,Female,_T,Total,EMP,Employment,MAIN,Main job,_T,Total,FT,Full-time,NAT_DEF,National definition,A,Annual,2010,,54.169,,A,Normal value,0,Units,1,One
DATAFLOW,OECD.ELS.SAE:DSD_FTPT@DF_FTPT_NATIONAL_INC(1.0),Incidence of full-time and part-time employment based on national definitions,I,GRC,Greece,EMP,Employment,PT_POP_SUB,Percentage of population in the same subgroup,F,Female,_T,Total,EMP,Employment,MAIN,Main job,_T,Total,FT,Full-time,NAT_DEF,National definition,A,Annual,2010,,89.526,,A,Normal value,0,Units,1,One
DATAFLOW,OECD.ELS.SAE:DSD_FTPT@DF_FTPT_NATIONAL_INC(1.0),Incidence of full-time and part-time employment based on national definitions,I,IRL,Ireland,EMP,Employment,PT_POP_SUB,Percentage of population in the same subgroup,F,Female,_T,Total,EMP,Employment,MAIN,Main job,_T,Total,FT,Full-time,NAT_DEF,National definition,A,Annual,2010,,65.624,,A,Normal value,0,Units,1,One
DATAFLOW,OECD.ELS.SAE:DSD_FTPT@DF_FTPT_NATIONAL_INC(1.0),Incidence of full-time and part-time employment based on national definitions,I,ISR,Israel,EMP,Employment,PT_POP_SUB,Percentage of population in the same subgroup,F,Female,_T,Total,EMP,Employment,MAIN,Main job,_T,Total,FT,Full-time,NAT_DEF,National definition,A,Annual,2010,,64.948,,A,Normal value,0,Units,1,One
DATAFLOW,OECD.ELS.SAE:DSD_FTPT@DF_FTPT_NATIONAL_INC(1.0),Incidence of full-time and part-time employment based on national definitions,I,ITA,Italy,EMP,Employment,PT_POP_SUB,Percentage of population in the same subgroup,F,Female,_T,Total,EMP,Employment,MAIN,Main job,_T,Total,FT,Full-time,NAT_DEF,National definition,A,Annual,2010,,71.081,,A,Normal value,0,Units,1,One
DATAFLOW,OECD.ELS.SAE:DSD_FTPT@DF_FTPT_NATIONAL_INC(1.0),Incidence of full-time and part-time employment based on national definitions,I,JPN,Japan,EMP,Employment,PT_POP_SUB,Percentage of population in the same subgroup,F,Female,_T,Total,EMP,Employment,MAIN,Main job,_T,Total,FT,Full-time,NAT_DEF,National definition,A,Annual,2010,,66.12,,A,Normal value,0,Units,1,One
DATAFLOW,OECD.ELS.SAE:DSD_FTPT@DF_FTPT_NATIONAL_INC(1.0),Incidence of full-time and part-time employment based on national definitions,I,MEX,Mexico,EMP,Employment,PT_POP_SUB,Percentage of population in the same subgroup,F,Female,_T,Total,EMP,Employment,MAIN,Main job,_T,Total,FT,Full-time,NAT_DEF,National definition,A,Annual,2010,,65.248,,A,Normal value,0,Units,1,One
DATAFLOW,OECD.ELS.SAE:DSD_FTPT@DF_FTPT_NATIONAL_INC(1.0),Incidence of full-time and part-time employment based on national definitions,I,POL,Poland,EMP,Employment,PT_POP_SUB,Percentage of population in the same subgroup,F,Female,_T,Total,EMP,Employment,MAIN,Main job,_T,Total,FT,Full-time,NAT_DEF,National definition,A,Annual,2010,,88.382,,A,Normal value,0,Units,1,One
DATAFLOW,OECD.ELS.SAE:DSD_FTPT@DF_FTPT_NATIONAL_INC(1.0),Incidence of full-time and part-time employment based on national definitions,I,SWE,Sweden,EMP,Employment,PT_POP_SUB,Percentage of population in the same subgroup,F,Female,_T,Total,EMP,Employment,MAIN,Main job,_T,Total,FT,Full-time,NAT_DEF,National definition,A,Annual,2010,,64.409,,A,Normal value,0,Units,1,One
DATAFLOW,OECD.ELS.SAE:DSD_FTPT@DF_FTPT_NATIONAL_INC(1.0),Incidence of full-time and part-time employment based on national definitions,I,CHE,Switzerland,EMP,Employment,PT_POP_SUB,Percentage of population in the same subgroup,F,Female,_T,Total,EMP,Employment,MAIN,Main job,_T,Total,FT,Full-time,NAT_DEF,National definition,A,Annual,2010,,41.527,,A,Normal value,0,Units,1,One
DATAFLOW,OECD.ELS.SAE:DSD_FTPT@DF_FTPT_NATIONAL_INC(1.0),Incidence of full-time and part-time employment based on national definitions,I,TUR,Türkiye,EMP,Employment,PT_POP_SUB,Percentage of population in the same subgroup,F,Female,_T,Total,EMP,Employment,MAIN,Main job,_T,Total,FT,Full-time,NAT_DEF,National definition,A,Annual,2010,,76.591,,A,Normal value,0,Units,1,One
DATAFLOW,OECD.ELS.SAE:DSD_FTPT@DF_FTPT_NATIONAL_INC(1.0),Incidence of full-time and part-time employment based on national definitions,I,GBR,United Kingdom,EMP,Employment,PT_POP_SUB,Percentage of population in the same subgroup,F,Female,_T,Total,EMP,Employment,MAIN,Main job,_T,Total,FT,Full-time,NAT_DEF,National definition,A,Annual,2010,,56.801,,A,Normal value,0,Units,1,One
DATAFLOW,OECD.ELS.SAE:DSD_FTPT@DF_FTPT_NATIONAL_INC(1.0),Incidence of full-time and part-time employment based on national definitions,I,USA,United States,EMP,Employment,PT_POP_SUB,Percentage of population in the same subgroup,F,Female,_T,Total,EMP,Employment,MAIN,Main job,_T,Total,FT,Full-time,NAT_DEF,National definition,A,Annual,2010,,73.379,,A,Normal value,0,Units,1,One
DATAFLOW,OECD.ELS.SAE:DSD_FTPT@DF_FTPT_NATIONAL_INC(1.0),Incidence of full-time and part-time employment based on national definitions,I,EU22OECD,European Union (22 countries) in OECD,EMP,Employment,PT_POP_SUB,Percentage of population in the same subgroup,F,Female,_T,Total,EMP,Employment,MAIN,Main job,_T,Total,FT,Full-time,NAT_DEF,National definition,A,Annual,2010,,68.605,,A,Normal value,0,Units,1,One
DATAFLOW,OECD.ELS.SAE:DSD_FTPT@DF_FTPT_NATIONAL_INC(1.0),Incidence of full-time and part-time employment based on national definitions,I,OECD,OECD,EMP,Employment,PT_POP_SUB,Percentage of population in the same subgroup,F,Female,_T,Total,EMP,Employment,MAIN,Main job,_T,Total,FT,Full-time,NAT_DEF,National definition,A,Annual,2010,,68.677,,A,Normal value,0,Units,1,One
DATAFLOW,OECD.ELS.SAE:DSD_FTPT@DF_FTPT_NATIONAL_INC(1.0),Incidence of full-time and part-time employment based on national definitions,I,IDN,Indonesia,EMP,Employment,PT_POP_SUB,Percentage of population in the same subgroup,F,Female,_T,Total,EMP,Employment,MAIN,Main job,_T,Total,FT,Full-time,NAT_DEF,National definition,A,Annual,2010,,55.973,,A,Normal value,0,Units,1,One
DATAFLOW,OECD.ELS.SAE:DSD_FTPT@DF_FTPT_NATIONAL_INC(1.0),Incidence of full-time and part-time employment based on national definitions,I,ROU,Romania,EMP,Employment,PT_POP_SUB,Percentage of population in the same subgroup,F,Female,_T,Total,EMP,Employment,MAIN,Main job,_T,Total,FT,Full-time,NAT_DEF,National definition,A,Annual,2010,,88.367,,A,Normal value,0,Units,1,One
DATAFLOW,OECD.ELS.SAE:DSD_FTPT@DF_FTPT_NATIONAL_INC(1.0),Incidence of full-time and part-time employment based on national definitions,I,RUS,Russia,EMP,Employment,PT_POP_SUB,Percentage of population in the same subgroup,F,Female,_T,Total,EMP,Employment,MAIN,Main job,_T,Total,FT,Full-time,NAT_DEF,National definition,A,Annual,2010,,89.9,,A,Normal value,0,Units,1,One
DATAFLOW,OECD.ELS.SAE:DSD_FTPT@DF_FTPT_NATIONAL_INC(1.0),Incidence of full-time and part-time employment based on national definitions,I,ZAF,South Africa,EMP,Employment,PT_POP_SUB,Percentage of population in the same subgroup,F,Female,_T,Total,EMP,Employment,MAIN,Main job,_T,Total,FT,Full-time,NAT_DEF,National definition,A,Annual,2010,,85.681,,A,Normal value,0,Units,1,One
DATAFLOW,OECD.ELS.SAE:DSD_FTPT@DF_FTPT_NATIONAL_INC(1.0),Incidence of full-time and part-time employment based on national definitions,I,AUS,Australia,EMP,Employment,PT_POP_SUB,Percentage of population in the same subgroup,M,Male,_T,Total,EMP,Employment,MAIN,Main job,_T,Total,FT,Full-time,NAT_DEF,National definition,A,Annual,2010,,83.497,,A,Normal value,0,Units,1,One
DATAFLOW,OECD.ELS.SAE:DSD_FTPT@DF_FTPT_NATIONAL_INC(1.0),Incidence of full-time and part-time employment based on national definitions,I,AUS,Australia,EMP,Employment,PT_POP_SUB,Percentage of population in the same subgroup,M,Male,_T,Total,EMP,Employment,MAIN,Main job,_T,Total,FT,Full-time,NAT_DEF,National definition,A,Annual,2012,,83.818,,A,Normal value,0,Units,1,One
DATAFLOW,OECD.ELS.SAE:DSD_FTPT@DF_FTPT_NATIONAL_INC(1.0),Incidence of full-time and part-time employment based on national definitions,I,AUS,Australia,EMP,Employment,PT_POP_SUB,Percentage of population in the same subgroup,M,Male,_T,Total,EMP,Employment,MAIN,Main job,_T,Total,FT,Full-time,NAT_DEF,National definition,A,Annual,2014,,82.707,,A,Normal value,0,Units,1,One
DATAFLOW,OECD.ELS.SAE:DSD_FTPT@DF_FTPT_NATIONAL_INC(1.0),Incidence of full-time and part-time employment based on national definitions,I,AUS,Australia,EMP,Employment,PT_POP_SUB,Percentage of population in the same subgroup,M,Male,_T,Total,EMP,Employment,MAIN,Main job,_T,Total,FT,Full-time,NAT_DEF,National definition,A,Annual,2015,,82.326,,A,Normal value,0,Units,1,One
DATAFLOW,OECD.ELS.SAE:DSD_FTPT@DF_FTPT_NATIONAL_INC(1.0),Incidence of full-time and part-time employment based on national definitions,I,AUT,Austria,EMP,Employment,PT_POP_SUB,Percentage of population in the same subgroup,M,Male,_T,Total,EMP,Employment,MAIN,Main job,_T,Total,FT,Full-time,NAT_DEF,National definition,A,Annual,2022,,87.396,,A,Normal value,0,Units,1,One
DATAFLOW,OECD.ELS.SAE:DSD_FTPT@DF_FTPT_NATIONAL_INC(1.0),Incidence of full-time and part-time employment based on national definitions,I,BEL,Belgium,EMP,Employment,PT_POP_SUB,Percentage of population in the same subgroup,M,Male,_T,Total,EMP,Employment,MAIN,Main job,_T,Total,FT,Full-time,NAT_DEF,National definition,A,Annual,2013,,90.594,,A,Normal value,0,Units,1,One
DATAFLOW,OECD.ELS.SAE:DSD_FTPT@DF_FTPT_NATIONAL_INC(1.0),Incidence of full-time and part-time employment based on national definitions,I,BEL,Belgium,EMP,Employment,PT_POP_SUB,Percentage of population in the same subgroup,M,Male,_T,Total,EMP,Employment,MAIN,Main job,_T,Total,FT,Full-time,NAT_DEF,National definition,A,Annual,2014,,90.856,,A,Normal value,0,Units,1,One
DATAFLOW,OECD.ELS.SAE:DSD_FTPT@DF_FTPT_NATIONAL_INC(1.0),Incidence of full-time and part-time employment based on national definitions,I,BEL,Belgium,EMP,Employment,PT_POP_SUB,Percentage of population in the same subgroup,M,Male,_T,Total,EMP,Employment,MAIN,Main job,_T,Total,FT,Full-time,NAT_DEF,National definition,A,Annual,2016,,89.808,,A,Normal value,0,Units,1,One
DATAFLOW,OECD.ELS.SAE:DSD_FTPT@DF_FTPT_NATIONAL_INC(1.0),Incidence of full-time and part-time employment based on national definitions,I,BEL,Belgium,EMP,Employment,PT_POP_SUB,Percentage of population in the same subgroup,M,Male,_T,Total,EMP,Employment,MAIN,Main job,_T,Total,FT,Full-time,NAT_DEF,National definition,A,Annual,2019,,89.416,,A,Normal value,0,Units,1,One
DATAFLOW,OECD.ELS.SAE:DSD_FTPT@DF_FTPT_NATIONAL_INC(1.0),Incidence of full-time and part-time employment based on national definitions,I,BEL,Belgium,EMP,Employment,PT_POP_SUB,Percentage of population in the same subgroup,M,Male,_T,Total,EMP,Employment,MAIN,Main job,_T,Total,FT,Full-time,NAT_DEF,National definition,A,Annual,2022,,88.425,,A,Normal value,0,Units,1,One
DATAFLOW,OECD.ELS.SAE:DSD_FTPT@DF_FTPT_NATIONAL_INC(1.0),Incidence of full-time and part-time employment based on national definitions,I,CAN,Canada,EMP,Employment,PT_POP_SUB,Percentage of population in the same subgroup,M,Male,_T,Total,EMP,Employment,MAIN,Main job,_T,Total,FT,Full-time,NAT_DEF,National definition,A,Annual,2010,,87.612,,A,Normal value,0,Units,1,One
DATAFLOW,OECD.ELS.SAE:DSD_FTPT@DF_FTPT_NATIONAL_INC(1.0),Incidence of full-time and part-time employment based on national definitions,I,CAN,Canada,EMP,Employment,PT_POP_SUB,Percentage of population in the same subgroup,M,Male,_T,Total,EMP,Employment,MAIN,Main job,_T,Total,FT,Full-time,NAT_DEF,National definition,A,Annual,2013,,87.632,,A,Normal value,0,Units,1,One
DATAFLOW,OECD.ELS.SAE:DSD_FTPT@DF_FTPT_NATIONAL_INC(1.0),Incidence of full-time and part-time employment based on national definitions,I,CHL,Chile,EMP,Employment,PT_POP_SUB,Percentage of population in the same subgroup,M,Male,_T,Total,EMP,Employment,MAIN,Main job,_T,Total,FT,Full-time,NAT_DEF,National definition,A,Annual,2022,,86.066,,A,Normal value,0,Units,1,One
DATAFLOW,OECD.ELS.SAE:DSD_FTPT@DF_FTPT_NATIONAL_INC(1.0),Incidence of full-time and part-time employment based on national definitions,I,COL,Colombia,EMP,Employment,PT_POP_SUB,Percentage of population in the same subgroup,M,Male,_T,Total,EMP,Employment,MAIN,Main job,_T,Total,FT,Full-time,NAT_DEF,National definition,A,Annual,2010,,90.488,,A,Normal value,0,Units,1,One
DATAFLOW,OECD.ELS.SAE:DSD_FTPT@DF_FTPT_NATIONAL_INC(1.0),Incidence of full-time and part-time employment based on national definitions,I,COL,Colombia,EMP,Employment,PT_POP_SUB,Percentage of population in the same subgroup,M,Male,_T,Total,EMP,Employment,MAIN,Main job,_T,Total,FT,Full-time,NAT_DEF,National definition,A,Annual,2011,,90.219,,A,Normal value,0,Units,1,One
DATAFLOW,OECD.ELS.SAE:DSD_FTPT@DF_FTPT_NATIONAL_INC(1.0),Incidence of full-time and part-time employment based on national definitions,I,COL,Colombia,EMP,Employment,PT_POP_SUB,Percentage of population in the same subgroup,M,Male,_T,Total,EMP,Employment,MAIN,Main job,_T,Total,FT,Full-time,NAT_DEF,National definition,A,Annual,2012,,89.456,,A,Normal value,0,Units,1,One
DATAFLOW,OECD.ELS.SAE:DSD_FTPT@DF_FTPT_NATIONAL_INC(1.0),Incidence of full-time and part-time employment based on national definitions,I,COL,Colombia,EMP,Employment,PT_POP_SUB,Percentage of population in the same subgroup,M,Male,_T,Total,EMP,Employment,MAIN,Main job,_T,Total,FT,Full-time,NAT_DEF,National definition,A,Annual,2013,,89.716,,A,Normal value,0,Units,1,One
DATAFLOW,OECD.ELS.SAE:DSD_FTPT@DF_FTPT_NATIONAL_INC(1.0),Incidence of full-time and part-time employment based on national definitions,I,COL,Colombia,EMP,Employment,PT_POP_SUB,Percentage of population in the same subgroup,M,Male,_T,Total,EMP,Employment,MAIN,Main job,_T,Total,FT,Full-time,NAT_DEF,National definition,A,Annual,2014,,90.771,,A,Normal value,0,Units,1,One
DATAFLOW,OECD.ELS.SAE:DSD_FTPT@DF_FTPT_NATIONAL_INC(1.0),Incidence of full-time and part-time employment based on national definitions,I,COL,Colombia,EMP,Employment,PT_POP_SUB,Percentage of population in the same subgroup,M,Male,_T,Total,EMP,Employment,MAIN,Main job,_T,Total,FT,Full-time,NAT_DEF,National definition,A,Annual,2015,,90.96,,A,Normal value,0,Units,1,One
DATAFLOW,OECD.ELS.SAE:DSD_FTPT@DF_FTPT_NATIONAL_INC(1.0),Incidence of full-time and part-time employment based on national definitions,I,COL,Colombia,EMP,Employment,PT_POP_SUB,Percentage of population in the same subgroup,M,Male,_T,Total,EMP,Employment,MAIN,Main job,_T,Total,FT,Full-time,NAT_DEF,National definition,A,Annual,2016,,91.622,,A,Normal value,0,Units,1,One
DATAFLOW,OECD.ELS.SAE:DSD_FTPT@DF_FTPT_NATIONAL_INC(1.0),Incidence of full-time and part-time employment based on national definitions,I,COL,Colombia,EMP,Employment,PT_POP_SUB,Percentage of population in the same subgroup,M,Male,_T,Total,EMP,Employment,MAIN,Main job,_T,Total,FT,Full-time,NAT_DEF,National definition,A,Annual,2017,,91.48,,A,Normal value,0,Units,1,One
DATAFLOW,OECD.ELS.SAE:DSD_FTPT@DF_FTPT_NATIONAL_INC(1.0),Incidence of full-time and part-time employment based on national definitions,I,COL,Colombia,EMP,Employment,PT_POP_SUB,Percentage of population in the same subgroup,M,Male,_T,Total,EMP,Employment,MAIN,Main job,_T,Total,FT,Full-time,NAT_DEF,National definition,A,Annual,2018,,91.781,,A,Normal value,0,Units,1,One
DATAFLOW,OECD.ELS.SAE:DSD_FTPT@DF_FTPT_NATIONAL_INC(1.0),Incidence of full-time and part-time employment based on national definitions,I,COL,Colombia,EMP,Employment,PT_POP_SUB,Percentage of population in the same subgroup,M,Male,_T,Total,EMP,Employment,MAIN,Main job,_T,Total,FT,Full-time,NAT_DEF,National definition,A,Annual,2019,,91.035,,A,Normal value,0,Units,1,One
DATAFLOW,OECD.ELS.SAE:DSD_FTPT@DF_FTPT_NATIONAL_INC(1.0),Incidence of full-time and part-time employment based on national definitions,I,COL,Colombia,EMP,Employment,PT_POP_SUB,Percentage of population in the same subgroup,M,Male,_T,Total,EMP,Employment,MAIN,Main job,_T,Total,FT,Full-time,NAT_DEF,National definition,A,Annual,2020,,91.655,,A,Normal value,0,Units,1,One
DATAFLOW,OECD.ELS.SAE:DSD_FTPT@DF_FTPT_NATIONAL_INC(1.0),Incidence of full-time and part-time employment based on national definitions,I,CRI,Costa Rica,EMP,Employment,PT_POP_SUB,Percentage of population in the same subgroup,M,Male,_T,Total,EMP,Employment,MAIN,Main job,_T,Total,FT,Full-time,NAT_DEF,National definition,A,Annual,2010,,84.175,,A,Normal value,0,Units,1,One
DATAFLOW,OECD.ELS.SAE:DSD_FTPT@DF_FTPT_NATIONAL_INC(1.0),Incidence of full-time and part-time employment based on national definitions,I,CRI,Costa Rica,EMP,Employment,PT_POP_SUB,Percentage of population in the same subgroup,M,Male,_T,Total,EMP,Employment,MAIN,Main job,_T,Total,FT,Full-time,NAT_DEF,National definition,A,Annual,2011,,86.352,,A,Normal value,0,Units,1,One
DATAFLOW,OECD.ELS.SAE:DSD_FTPT@DF_FTPT_NATIONAL_INC(1.0),Incidence of full-time and part-time employment based on national definitions,I,CRI,Costa Rica,EMP,Employment,PT_POP_SUB,Percentage of population in the same subgroup,M,Male,_T,Total,EMP,Employment,MAIN,Main job,_T,Total,FT,Full-time,NAT_DEF,National definition,A,Annual,2012,,84.176,,A,Normal value,0,Units,1,One
DATAFLOW,OECD.ELS.SAE:DSD_FTPT@DF_FTPT_NATIONAL_INC(1.0),Incidence of full-time and part-time employment based on national definitions,I,CRI,Costa Rica,EMP,Employment,PT_POP_SUB,Percentage of population in the same subgroup,M,Male,_T,Total,EMP,Employment,MAIN,Main job,_T,Total,FT,Full-time,NAT_DEF,National definition,A,Annual,2013,,81.175,,A,Normal value,0,Units,1,One
DATAFLOW,OECD.ELS.SAE:DSD_FTPT@DF_FTPT_NATIONAL_INC(1.0),Incidence of full-time and part-time employment based on national definitions,I,CRI,Costa Rica,EMP,Employment,PT_POP_SUB,Percentage of population in the same subgroup,M,Male,_T,Total,EMP,Employment,MAIN,Main job,_T,Total,FT,Full-time,NAT_DEF,National definition,A,Annual,2014,,81.064,,A,Normal value,0,Units,1,One
DATAFLOW,OECD.ELS.SAE:DSD_FTPT@DF_FTPT_NATIONAL_INC(1.0),Incidence of full-time and part-time employment based on national definitions,I,CRI,Costa Rica,EMP,Employment,PT_POP_SUB,Percentage of population in the same subgroup,M,Male,_T,Total,EMP,Employment,MAIN,Main job,_T,Total,FT,Full-time,NAT_DEF,National definition,A,Annual,2015,,81.255,,A,Normal value,0,Units,1,One
DATAFLOW,OECD.ELS.SAE:DSD_FTPT@DF_FTPT_NATIONAL_INC(1.0),Incidence of full-time and part-time employment based on national definitions,I,CRI,Costa Rica,EMP,Employment,PT_POP_SUB,Percentage of population in the same subgroup,M,Male,_T,Total,EMP,Employment,MAIN,Main job,_T,Total,FT,Full-time,NAT_DEF,National definition,A,Annual,2016,,83.07,,A,Normal value,0,Units,1,One
DATAFLOW,OECD.ELS.SAE:DSD_FTPT@DF_FTPT_NATIONAL_INC(1.0),Incidence of full-time and part-time employment based on national definitions,I,CRI,Costa Rica,EMP,Employment,PT_POP_SUB,Percentage of population in the same subgroup,M,Male,_T,Total,EMP,Employment,MAIN,Main job,_T,Total,FT,Full-time,NAT_DEF,National definition,A,Annual,2017,,81.559,,A,Normal value,0,Units,1,One
DATAFLOW,OECD.ELS.SAE:DSD_FTPT@DF_FTPT_NATIONAL_INC(1.0),Incidence of full-time and part-time employment based on national definitions,I,CRI,Costa Rica,EMP,Employment,PT_POP_SUB,Percentage of population in the same subgroup,M,Male,_T,Total,EMP,Employment,MAIN,Main job,_T,Total,FT,Full-time,NAT_DEF,National definition,A,Annual,2018,,80.934,,A,Normal value,0,Units,1,One
DATAFLOW,OECD.ELS.SAE:DSD_FTPT@DF_FTPT_NATIONAL_INC(1.0),Incidence of full-time and part-time employment based on national definitions,I,CRI,Costa Rica,EMP,Employment,PT_POP_SUB,Percentage of population in the same subgroup,M,Male,_T,Total,EMP,Employment,MAIN,Main job,_T,Total,FT,Full-time,NAT_DEF,National definition,A,Annual,2022,,80.835,,A,Normal value,0,Units,1,One
DATAFLOW,OECD.ELS.SAE:DSD_FTPT@DF_FTPT_NATIONAL_INC(1.0),Incidence of full-time and part-time employment based on national definitions,I,CZE,Czechia,EMP,Employment,PT_POP_SUB,Percentage of population in the same subgroup,M,Male,_T,Total,EMP,Employment,MAIN,Main job,_T,Total,FT,Full-time,NAT_DEF,National definition,A,Annual,2021,,96.393,,A,Normal value,0,Units,1,One
DATAFLOW,OECD.ELS.SAE:DSD_FTPT@DF_FTPT_NATIONAL_INC(1.0),Incidence of full-time and part-time employment based on national definitions,I,CZE,Czechia,EMP,Employment,PT_POP_SUB,Percentage of population in the same subgroup,M,Male,_T,Total,EMP,Employment,MAIN,Main job,_T,Total,FT,Full-time,NAT_DEF,National definition,A,Annual,2022,,96.243,,A,Normal value,0,Units,1,One
DATAFLOW,OECD.ELS.SAE:DSD_FTPT@DF_FTPT_NATIONAL_INC(1.0),Incidence of full-time and part-time employment based on national definitions,I,DNK,Denmark,EMP,Employment,PT_POP_SUB,Percentage of population in the same subgroup,M,Male,_T,Total,EMP,Employment,MAIN,Main job,_T,Total,FT,Full-time,NAT_DEF,National definition,A,Annual,2010,,86.825,,A,Normal value,0,Units,1,One
DATAFLOW,OECD.ELS.SAE:DSD_FTPT@DF_FTPT_NATIONAL_INC(1.0),Incidence of full-time and part-time employment based on national definitions,I,DNK,Denmark,EMP,Employment,PT_POP_SUB,Percentage of population in the same subgroup,M,Male,_T,Total,EMP,Employment,MAIN,Main job,_T,Total,FT,Full-time,NAT_DEF,National definition,A,Annual,2017,,84.426,,A,Normal value,0,Units,1,One
DATAFLOW,OECD.ELS.SAE:DSD_FTPT@DF_FTPT_NATIONAL_INC(1.0),Incidence of full-time and part-time employment based on national definitions,I,FIN,Finland,EMP,Employment,PT_POP_SUB,Percentage of population in the same subgroup,M,Male,_T,Total,EMP,Employment,MAIN,Main job,_T,Total,FT,Full-time,NAT_DEF,National definition,A,Annual,2010,,90.039,,A,Normal value,0,Units,1,One
DATAFLOW,OECD.ELS.SAE:DSD_FTPT@DF_FTPT_NATIONAL_INC(1.0),Incidence of full-time and part-time employment based on national definitions,I,FIN,Finland,EMP,Employment,PT_POP_SUB,Percentage of population in the same subgroup,M,Male,_T,Total,EMP,Employment,MAIN,Main job,_T,Total,FT,Full-time,NAT_DEF,National definition,A,Annual,2011,,89.442,,A,Normal value,0,Units,1,One
DATAFLOW,OECD.ELS.SAE:DSD_FTPT@DF_FTPT_NATIONAL_INC(1.0),Incidence of full-time and part-time employment based on national definitions,I,FIN,Finland,EMP,Employment,PT_POP_SUB,Percentage of population in the same subgroup,M,Male,_T,Total,EMP,Employment,MAIN,Main job,_T,Total,FT,Full-time,NAT_DEF,National definition,A,Annual,2012,,89.668,,A,Normal value,0,Units,1,One
DATAFLOW,OECD.ELS.SAE:DSD_FTPT@DF_FTPT_NATIONAL_INC(1.0),Incidence of full-time and part-time employment based on national definitions,I,FRA,France,EMP,Employment,PT_POP_SUB,Percentage of population in the same subgroup,M,Male,_T,Total,EMP,Employment,MAIN,Main job,_T,Total,FT,Full-time,NAT_DEF,National definition,A,Annual,2010,,93.325,,A,Normal value,0,Units,1,One
DATAFLOW,OECD.ELS.SAE:DSD_FTPT@DF_FTPT_NATIONAL_INC(1.0),Incidence of full-time and part-time employment based on national definitions,I,FRA,France,EMP,Employment,PT_POP_SUB,Percentage of population in the same subgroup,M,Male,_T,Total,EMP,Employment,MAIN,Main job,_T,Total,FT,Full-time,NAT_DEF,National definition,A,Annual,2012,,93.132,,A,Normal value,0,Units,1,One
DATAFLOW,OECD.ELS.SAE:DSD_FTPT@DF_FTPT_NATIONAL_INC(1.0),Incidence of full-time and part-time employment based on national definitions,I,FRA,France,EMP,Employment,PT_POP_SUB,Percentage of population in the same subgroup,M,Male,_T,Total,EMP,Employment,MAIN,Main job,_T,Total,FT,Full-time,NAT_DEF,National definition,A,Annual,2013,,92.783,,A,Normal value,0,Units,1,One
DATAFLOW,OECD.ELS.SAE:DSD_FTPT@DF_FTPT_NATIONAL_INC(1.0),Incidence of full-time and part-time employment based on national definitions,I,FRA,France,EMP,Employment,PT_POP_SUB,Percentage of population in the same subgroup,M,Male,_T,Total,EMP,Employment,MAIN,Main job,_T,Total,FT,Full-time,NAT_DEF,National definition,A,Annual,2014,,92.183,,A,Normal value,0,Units,1,One
DATAFLOW,OECD.ELS.SAE:DSD_FTPT@DF_FTPT_NATIONAL_INC(1.0),Incidence of full-time and part-time employment based on national definitions,I,FRA,France,EMP,Employment,PT_POP_SUB,Percentage of population in the same subgroup,M,Male,_T,Total,EMP,Employment,MAIN,Main job,_T,Total,FT,Full-time,NAT_DEF,National definition,A,Annual,2017,,91.775,,A,Normal value,0,Units,1,One
DATAFLOW,OECD.ELS.SAE:DSD_FTPT@DF_FTPT_NATIONAL_INC(1.0),Incidence of full-time and part-time employment based on national definitions,I,FRA,France,EMP,Employment,PT_POP_SUB,Percentage of population in the same subgroup,M,Male,_T,Total,EMP,Employment,MAIN,Main job,_T,Total,FT,Full-time,NAT_DEF,National definition,A,Annual,2019,,91.826,,A,Normal value,0,Units,1,One
DATAFLOW,OECD.ELS.SAE:DSD_FTPT@DF_FTPT_NATIONAL_INC(1.0),Incidence of full-time and part-time employment based on national definitions,I,FRA,France,EMP,Employment,PT_POP_SUB,Percentage of population in the same subgroup,M,Male,_T,Total,EMP,Employment,MAIN,Main job,_T,Total,FT,Full-time,NAT_DEF,National definition,A,Annual,2020,,91.634,,A,Normal value,0,Units,1,One
DATAFLOW,OECD.ELS.SAE:DSD_FTPT@DF_FTPT_NATIONAL_INC(1.0),Incidence of full-time and part-time employment based on national definitions,I,FRA,France,EMP,Employment,PT_POP_SUB,Percentage of population in the same subgroup,M,Male,_T,Total,EMP,Employment,MAIN,Main job,_T,Total,FT,Full-time,NAT_DEF,National definition,A,Annual,2021,,91.686,,A,Normal value,0,Units,1,One
DATAFLOW,OECD.ELS.SAE:DSD_FTPT@DF_FTPT_NATIONAL_INC(1.0),Incidence of full-time and part-time employment based on national definitions,I,DEU,Germany,EMP,Employment,PT_POP_SUB,Percentage of population in the same subgroup,M,Male,_T,Total,EMP,Employment,MAIN,Main job,_T,Total,FT,Full-time,NAT_DEF,National definition,A,Annual,2010,,90.439,,A,Normal value,0,Units,1,One
DATAFLOW,OECD.ELS.SAE:DSD_FTPT@DF_FTPT_NATIONAL_INC(1.0),Incidence of full-time and part-time employment based on national definitions,I,DEU,Germany,EMP,Employment,PT_POP_SUB,Percentage of population in the same subgroup,M,Male,_T,Total,EMP,Employment,MAIN,Main job,_T,Total,FT,Full-time,NAT_DEF,National definition,A,Annual,2011,,89.838,,A,Normal value,0,Units,1,One
DATAFLOW,OECD.ELS.SAE:DSD_FTPT@DF_FTPT_NATIONAL_INC(1.0),Incidence of full-time and part-time employment based on national definitions,I,DEU,Germany,EMP,Employment,PT_POP_SUB,Percentage of population in the same subgroup,M,Male,_T,Total,EMP,Employment,MAIN,Main job,_T,Total,FT,Full-time,NAT_DEF,National definition,A,Annual,2012,,89.651,,A,Normal value,0,Units,1,One
DATAFLOW,OECD.ELS.SAE:DSD_FTPT@DF_FTPT_NATIONAL_INC(1.0),Incidence of full-time and part-time employment based on national definitions,I,DEU,Germany,EMP,Employment,PT_POP_SUB,Percentage of population in the same subgroup,M,Male,_T,Total,EMP,Employment,MAIN,Main job,_T,Total,FT,Full-time,NAT_DEF,National definition,A,Annual,2013,,89.383,,A,Normal value,0,Units,1,One
DATAFLOW,OECD.ELS.SAE:DSD_FTPT@DF_FTPT_NATIONAL_INC(1.0),Incidence of full-time and part-time employment based on national definitions,I,DEU,Germany,EMP,Employment,PT_POP_SUB,Percentage of population in the same subgroup,M,Male,_T,Total,EMP,Employment,MAIN,Main job,_T,Total,FT,Full-time,NAT_DEF,National definition,A,Annual,2014,,89.24,,A,Normal value,0,Units,1,One
DATAFLOW,OECD.ELS.SAE:DSD_FTPT@DF_FTPT_NATIONAL_INC(1.0),Incidence of full-time and part-time employment based on national definitions,I,DEU,Germany,EMP,Employment,PT_POP_SUB,Percentage of population in the same subgroup,M,Male,_T,Total,EMP,Employment,MAIN,Main job,_T,Total,FT,Full-time,NAT_DEF,National definition,A,Annual,2015,,89.01,,A,Normal value,0,Units,1,One
DATAFLOW,OECD.ELS.SAE:DSD_FTPT@DF_FTPT_NATIONAL_INC(1.0),Incidence of full-time and part-time employment based on national definitions,I,DEU,Germany,EMP,Employment,PT_POP_SUB,Percentage of population in the same subgroup,M,Male,_T,Total,EMP,Employment,MAIN,Main job,_T,Total,FT,Full-time,NAT_DEF,National definition,A,Annual,2016,,88.855,,A,Normal value,0,Units,1,One
DATAFLOW,OECD.ELS.SAE:DSD_FTPT@DF_FTPT_NATIONAL_INC(1.0),Incidence of full-time and part-time employment based on national definitions,I,DEU,Germany,EMP,Employment,PT_POP_SUB,Percentage of population in the same subgroup,M,Male,_T,Total,EMP,Employment,MAIN,Main job,_T,Total,FT,Full-time,NAT_DEF,National definition,A,Annual,2017,,88.449,,A,Normal value,0,Units,1,One
DATAFLOW,OECD.ELS.SAE:DSD_FTPT@DF_FTPT_NATIONAL_INC(1.0),Incidence of full-time and part-time employment based on national definitions,I,DEU,Germany,EMP,Employment,PT_POP_SUB,Percentage of population in the same subgroup,M,Male,_T,Total,EMP,Employment,MAIN,Main job,_T,Total,FT,Full-time,NAT_DEF,National definition,A,Annual,2018,,88.431,,A,Normal value,0,Units,1,One
DATAFLOW,OECD.ELS.SAE:DSD_FTPT@DF_FTPT_NATIONAL_INC(1.0),Incidence of full-time and part-time employment based on national definitions,I,DEU,Germany,EMP,Employment,PT_POP_SUB,Percentage of population in the same subgroup,M,Male,_T,Total,EMP,Employment,MAIN,Main job,_T,Total,FT,Full-time,NAT_DEF,National definition,A,Annual,2019,,88.115,,A,Normal value,0,Units,1,One
DATAFLOW,OECD.ELS.SAE:DSD_FTPT@DF_FTPT_NATIONAL_INC(1.0),Incidence of full-time and part-time employment based on national definitions,I,GRC,Greece,EMP,Employment,PT_POP_SUB,Percentage of population in the same subgroup,M,Male,_T,Total,EMP,Employment,MAIN,Main job,_T,Total,FT,Full-time,NAT_DEF,National definition,A,Annual,2011,,95.474,,A,Normal value,0,Units,1,One
DATAFLOW,OECD.ELS.SAE:DSD_FTPT@DF_FTPT_NATIONAL_INC(1.0),Incidence of full-time and part-time employment based on national definitions,I,GRC,Greece,EMP,Employment,PT_POP_SUB,Percentage of population in the same subgroup,M,Male,_T,Total,EMP,Employment,MAIN,Main job,_T,Total,FT,Full-time,NAT_DEF,National definition,A,Annual,2012,,95.02,,A,Normal value,0,Units,1,One
DATAFLOW,OECD.ELS.SAE:DSD_FTPT@DF_FTPT_NATIONAL_INC(1.0),Incidence of full-time and part-time employment based on national definitions,I,GRC,Greece,EMP,Employment,PT_POP_SUB,Percentage of population in the same subgroup,M,Male,_T,Total,EMP,Employment,MAIN,Main job,_T,Total,FT,Full-time,NAT_DEF,National definition,A,Annual,2013,,94.404,,A,Normal value,0,Units,1,One
DATAFLOW,OECD.ELS.SAE:DSD_FTPT@DF_FTPT_NATIONAL_INC(1.0),Incidence of full-time and part-time employment based on national definitions,I,IRL,Ireland,EMP,Employment,PT_POP_SUB,Percentage of population in the same subgroup,M,Male,_T,Total,EMP,Employment,MAIN,Main job,_T,Total,FT,Full-time,NAT_DEF,National definition,A,Annual,2011,,87.553,,A,Normal value,0,Units,1,One
DATAFLOW,OECD.ELS.SAE:DSD_FTPT@DF_FTPT_NATIONAL_INC(1.0),Incidence of full-time and part-time employment based on national definitions,I,IRL,Ireland,EMP,Employment,PT_POP_SUB,Percentage of population in the same subgroup,M,Male,_T,Total,EMP,Employment,MAIN,Main job,_T,Total,FT,Full-time,NAT_DEF,National definition,A,Annual,2014,,87.177,,A,Normal value,0,Units,1,One
DATAFLOW,OECD.ELS.SAE:DSD_FTPT@DF_FTPT_NATIONAL_INC(1.0),Incidence of full-time and part-time employment based on national definitions,I,ISR,Israel,EMP,Employment,PT_POP_SUB,Percentage of population in the same subgroup,M,Male,_T,Total,EMP,Employment,MAIN,Main job,_T,Total,FT,Full-time,NAT_DEF,National definition,A,Annual,2010,,87.276,,A,Normal value,0,Units,1,One
DATAFLOW,OECD.ELS.SAE:DSD_FTPT@DF_FTPT_NATIONAL_INC(1.0),Incidence of full-time and part-time employment based on national definitions,I,ISR,Israel,EMP,Employment,PT_POP_SUB,Percentage of population in the same subgroup,M,Male,_T,Total,EMP,Employment,MAIN,Main job,_T,Total,FT,Full-time,NAT_DEF,National definition,A,Annual,2011,,87.2,,A,Normal value,0,Units,1,One
DATAFLOW,OECD.ELS.SAE:DSD_FTPT@DF_FTPT_NATIONAL_INC(1.0),Incidence of full-time and part-time employment based on national definitions,I,ISR,Israel,EMP,Employment,PT_POP_SUB,Percentage of population in the same subgroup,M,Male,_T,Total,EMP,Employment,MAIN,Main job,_T,Total,FT,Full-time,NAT_DEF,National definition,A,Annual,2012,,86.201,,A,Normal value,0,Units,1,One
DATAFLOW,OECD.ELS.SAE:DSD_FTPT@DF_FTPT_NATIONAL_INC(1.0),Incidence of full-time and part-time employment based on national definitions,I,ISR,Israel,EMP,Employment,PT_POP_SUB,Percentage of population in the same subgroup,M,Male,_T,Total,EMP,Employment,MAIN,Main job,_T,Total,FT,Full-time,NAT_DEF,National definition,A,Annual,2022,,86.236,,A,Normal value,0,Units,1,One
DATAFLOW,OECD.ELS.SAE:DSD_FTPT@DF_FTPT_NATIONAL_INC(1.0),Incidence of full-time and part-time employment based on national definitions,I,ITA,Italy,EMP,Employment,PT_POP_SUB,Percentage of population in the same subgroup,M,Male,_T,Total,EMP,Employment,MAIN,Main job,_T,Total,FT,Full-time,NAT_DEF,National definition,A,Annual,2012,,92.869,,A,Normal value,0,Units,1,One
DATAFLOW,OECD.ELS.SAE:DSD_FTPT@DF_FTPT_NATIONAL_INC(1.0),Incidence of full-time and part-time employment based on national definitions,I,ITA,Italy,EMP,Employment,PT_POP_SUB,Percentage of population in the same subgroup,M,Male,_T,Total,EMP,Employment,MAIN,Main job,_T,Total,FT,Full-time,NAT_DEF,National definition,A,Annual,2015,,91.457,,A,Normal value,0,Units,1,One
DATAFLOW,OECD.ELS.SAE:DSD_FTPT@DF_FTPT_NATIONAL_INC(1.0),Incidence of full-time and part-time employment based on national definitions,I,ITA,Italy,EMP,Employment,PT_POP_SUB,Percentage of population in the same subgroup,M,Male,_T,Total,EMP,Employment,MAIN,Main job,_T,Total,FT,Full-time,NAT_DEF,National definition,A,Annual,2016,,91.279,,A,Normal value,0,Units,1,One
DATAFLOW,OECD.ELS.SAE:DSD_FTPT@DF_FTPT_NATIONAL_INC(1.0),Incidence of full-time and part-time employment based on national definitions,I,ITA,Italy,EMP,Employment,PT_POP_SUB,Percentage of population in the same subgroup,M,Male,_T,Total,EMP,Employment,MAIN,Main job,_T,Total,FT,Full-time,NAT_DEF,National definition,A,Annual,2017,,91.283,,A,Normal value,0,Units,1,One
DATAFLOW,OECD.ELS.SAE:DSD_FTPT@DF_FTPT_NATIONAL_INC(1.0),Incidence of full-time and part-time employment based on national definitions,I,ITA,Italy,EMP,Employment,PT_POP_SUB,Percentage of population in the same subgroup,M,Male,_T,Total,EMP,Employment,MAIN,Main job,_T,Total,FT,Full-time,NAT_DEF,National definition,A,Annual,2018,,91.499,,A,Normal value,0,Units,1,One
DATAFLOW,OECD.ELS.SAE:DSD_FTPT@DF_FTPT_NATIONAL_INC(1.0),Incidence of full-time and part-time employment based on national definitions,I,ITA,Italy,EMP,Employment,PT_POP_SUB,Percentage of population in the same subgroup,M,Male,_T,Total,EMP,Employment,MAIN,Main job,_T,Total,FT,Full-time,NAT_DEF,National definition,A,Annual,2019,,91.285,,A,Normal value,0,Units,1,One
DATAFLOW,OECD.ELS.SAE:DSD_FTPT@DF_FTPT_NATIONAL_INC(1.0),Incidence of full-time and part-time employment based on national definitions,I,ITA,Italy,EMP,Employment,PT_POP_SUB,Percentage of population in the same subgroup,M,Male,_T,Total,EMP,Employment,MAIN,Main job,_T,Total,FT,Full-time,NAT_DEF,National definition,A,Annual,2020,,91.463,,A,Normal value,0,Units,1,One
DATAFLOW,OECD.ELS.SAE:DSD_FTPT@DF_FTPT_NATIONAL_INC(1.0),Incidence of full-time and part-time employment based on national definitions,I,ITA,Italy,EMP,Employment,PT_POP_SUB,Percentage of population in the same subgroup,M,Male,_T,Total,EMP,Employment,MAIN,Main job,_T,Total,FT,Full-time,NAT_DEF,National definition,A,Annual,2021,,90.93,,A,Normal value,0,Units,1,One
DATAFLOW,OECD.ELS.SAE:DSD_FTPT@DF_FTPT_NATIONAL_INC(1.0),Incidence of full-time and part-time employment based on national definitions,I,ITA,Italy,EMP,Employment,PT_POP_SUB,Percentage of population in the same subgroup,M,Male,_T,Total,EMP,Employment,MAIN,Main job,_T,Total,FT,Full-time,NAT_DEF,National definition,A,Annual,2022,,91.788,,A,Normal value,0,Units,1,One
DATAFLOW,OECD.ELS.SAE:DSD_FTPT@DF_FTPT_NATIONAL_INC(1.0),Incidence of full-time and part-time employment based on national definitions,I,JPN,Japan,EMP,Employment,PT_POP_SUB,Percentage of population in the same subgroup,M,Male,_T,Total,EMP,Employment,MAIN,Main job,_T,Total,FT,Full-time,NAT_DEF,National definition,A,Annual,2010,,89.609,,A,Normal value,0,Units,1,One
DATAFLOW,OECD.ELS.SAE:DSD_FTPT@DF_FTPT_NATIONAL_INC(1.0),Incidence of full-time and part-time employment based on national definitions,I,JPN,Japan,EMP,Employment,PT_POP_SUB,Percentage of population in the same subgroup,M,Male,_T,Total,EMP,Employment,MAIN,Main job,_T,Total,FT,Full-time,NAT_DEF,National definition,A,Annual,2011,,89.728,,A,Normal value,0,Units,1,One
DATAFLOW,OECD.ELS.SAE:DSD_FTPT@DF_FTPT_NATIONAL_INC(1.0),Incidence of full-time and part-time employment based on national definitions,I,JPN,Japan,EMP,Employment,PT_POP_SUB,Percentage of population in the same subgroup,M,Male,_T,Total,EMP,Employment,MAIN,Main job,_T,Total,FT,Full-time,NAT_DEF,National definition,A,Annual,2012,,89.678,,A,Normal value,0,Units,1,One
DATAFLOW,OECD.ELS.SAE:DSD_FTPT@DF_FTPT_NATIONAL_INC(1.0),Incidence of full-time and part-time employment based on national definitions,I,JPN,Japan,EMP,Employment,PT_POP_SUB,Percentage of population in the same subgroup,M,Male,_T,Total,EMP,Employment,MAIN,Main job,_T,Total,FT,Full-time,NAT_DEF,National definition,A,Annual,2013,,88.674,,A,Normal value,0,Units,1,One
DATAFLOW,OECD.ELS.SAE:DSD_FTPT@DF_FTPT_NATIONAL_INC(1.0),Incidence of full-time and part-time employment based on national definitions,I,JPN,Japan,EMP,Employment,PT_POP_SUB,Percentage of population in the same subgroup,M,Male,_T,Total,EMP,Employment,MAIN,Main job,_T,Total,FT,Full-time,NAT_DEF,National definition,A,Annual,2014,,88.027,,A,Normal value,0,Units,1,One
DATAFLOW,OECD.ELS.SAE:DSD_FTPT@DF_FTPT_NATIONAL_INC(1.0),Incidence of full-time and part-time employment based on national definitions,I,JPN,Japan,EMP,Employment,PT_POP_SUB,Percentage of population in the same subgroup,M,Male,_T,Total,EMP,Employment,MAIN,Main job,_T,Total,FT,Full-time,NAT_DEF,National definition,A,Annual,2015,,88.01,,A,Normal value,0,Units,1,One
DATAFLOW,OECD.ELS.SAE:DSD_FTPT@DF_FTPT_NATIONAL_INC(1.0),Incidence of full-time and part-time employment based on national definitions,I,JPN,Japan,EMP,Employment,PT_POP_SUB,Percentage of population in the same subgroup,M,Male,_T,Total,EMP,Employment,MAIN,Main job,_T,Total,FT,Full-time,NAT_DEF,National definition,A,Annual,2016,,88.081,,A,Normal value,0,Units,1,One
DATAFLOW,OECD.ELS.SAE:DSD_FTPT@DF_FTPT_NATIONAL_INC(1.0),Incidence of full-time and part-time employment based on national definitions,I,JPN,Japan,EMP,Employment,PT_POP_SUB,Percentage of population in the same subgroup,M,Male,_T,Total,EMP,Employment,MAIN,Main job,_T,Total,FT,Full-time,NAT_DEF,National definition,A,Annual,2017,,88.495,,A,Normal value,0,Units,1,One
DATAFLOW,OECD.ELS.SAE:DSD_FTPT@DF_FTPT_NATIONAL_INC(1.0),Incidence of full-time and part-time employment based on national definitions,I,JPN,Japan,EMP,Employment,PT_POP_SUB,Percentage of population in the same subgroup,M,Male,_T,Total,EMP,Employment,MAIN,Main job,_T,Total,FT,Full-time,NAT_DEF,National definition,A,Annual,2018,,87.248,,A,Normal value,0,Units,1,One
DATAFLOW,OECD.ELS.SAE:DSD_FTPT@DF_FTPT_NATIONAL_INC(1.0),Incidence of full-time and part-time employment based on national definitions,I,JPN,Japan,EMP,Employment,PT_POP_SUB,Percentage of population in the same subgroup,M,Male,_T,Total,EMP,Employment,MAIN,Main job,_T,Total,FT,Full-time,NAT_DEF,National definition,A,Annual,2019,,85.84,,A,Normal value,0,Units,1,One
DATAFLOW,OECD.ELS.SAE:DSD_FTPT@DF_FTPT_NATIONAL_INC(1.0),Incidence of full-time and part-time employment based on national definitions,I,JPN,Japan,EMP,Employment,PT_POP_SUB,Percentage of population in the same subgroup,M,Male,_T,Total,EMP,Employment,MAIN,Main job,_T,Total,FT,Full-time,NAT_DEF,National definition,A,Annual,2020,,85.007,,A,Normal value,0,Units,1,One
DATAFLOW,OECD.ELS.SAE:DSD_FTPT@DF_FTPT_NATIONAL_INC(1.0),Incidence of full-time and part-time employment based on national definitions,I,JPN,Japan,EMP,Employment,PT_POP_SUB,Percentage of population in the same subgroup,M,Male,_T,Total,EMP,Employment,MAIN,Main job,_T,Total,FT,Full-time,NAT_DEF,National definition,A,Annual,2021,,85.02,,A,Normal value,0,Units,1,One
DATAFLOW,OECD.ELS.SAE:DSD_FTPT@DF_FTPT_NATIONAL_INC(1.0),Incidence of full-time and part-time employment based on national definitions,I,JPN,Japan,EMP,Employment,PT_POP_SUB,Percentage of population in the same subgroup,M,Male,_T,Total,EMP,Employment,MAIN,Main job,_T,Total,FT,Full-time,NAT_DEF,National definition,A,Annual,2022,,85.71,,A,Normal value,0,Units,1,One
DATAFLOW,OECD.ELS.SAE:DSD_FTPT@DF_FTPT_NATIONAL_INC(1.0),Incidence of full-time and part-time employment based on national definitions,I,MEX,Mexico,EMP,Employment,PT_POP_SUB,Percentage of population in the same subgroup,M,Male,_T,Total,EMP,Employment,MAIN,Main job,_T,Total,FT,Full-time,NAT_DEF,National definition,A,Annual,2011,,83.257,,A,Normal value,0,Units,1,One
DATAFLOW,OECD.ELS.SAE:DSD_FTPT@DF_FTPT_NATIONAL_INC(1.0),Incidence of full-time and part-time employment based on national definitions,I,MEX,Mexico,EMP,Employment,PT_POP_SUB,Percentage of population in the same subgroup,M,Male,_T,Total,EMP,Employment,MAIN,Main job,_T,Total,FT,Full-time,NAT_DEF,National definition,A,Annual,2012,,82.839,,A,Normal value,0,Units,1,One
DATAFLOW,OECD.ELS.SAE:DSD_FTPT@DF_FTPT_NATIONAL_INC(1.0),Incidence of full-time and part-time employment based on national definitions,I,MEX,Mexico,EMP,Employment,PT_POP_SUB,Percentage of population in the same subgroup,M,Male,_T,Total,EMP,Employment,MAIN,Main job,_T,Total,FT,Full-time,NAT_DEF,National definition,A,Annual,2013,,83.044,,A,Normal value,0,Units,1,One
DATAFLOW,OECD.ELS.SAE:DSD_FTPT@DF_FTPT_NATIONAL_INC(1.0),Incidence of full-time and part-time employment based on national definitions,I,MEX,Mexico,EMP,Employment,PT_POP_SUB,Percentage of population in the same subgroup,M,Male,_T,Total,EMP,Employment,MAIN,Main job,_T,Total,FT,Full-time,NAT_DEF,National definition,A,Annual,2014,,83.41,,A,Normal value,0,Units,1,One
DATAFLOW,OECD.ELS.SAE:DSD_FTPT@DF_FTPT_NATIONAL_INC(1.0),Incidence of full-time and part-time employment based on national definitions,I,MEX,Mexico,EMP,Employment,PT_POP_SUB,Percentage of population in the same subgroup,M,Male,_T,Total,EMP,Employment,MAIN,Main job,_T,Total,FT,Full-time,NAT_DEF,National definition,A,Annual,2015,,83.435,,A,Normal value,0,Units,1,One
DATAFLOW,OECD.ELS.SAE:DSD_FTPT@DF_FTPT_NATIONAL_INC(1.0),Incidence of full-time and part-time employment based on national definitions,I,MEX,Mexico,EMP,Employment,PT_POP_SUB,Percentage of population in the same subgroup,M,Male,_T,Total,EMP,Employment,MAIN,Main job,_T,Total,FT,Full-time,NAT_DEF,National definition,A,Annual,2016,,83.842,,A,Normal value,0,Units,1,One
DATAFLOW,OECD.ELS.SAE:DSD_FTPT@DF_FTPT_NATIONAL_INC(1.0),Incidence of full-time and part-time employment based on national definitions,I,MEX,Mexico,EMP,Employment,PT_POP_SUB,Percentage of population in the same subgroup,M,Male,_T,Total,EMP,Employment,MAIN,Main job,_T,Total,FT,Full-time,NAT_DEF,National definition,A,Annual,2017,,84.369,,A,Normal value,0,Units,1,One
DATAFLOW,OECD.ELS.SAE:DSD_FTPT@DF_FTPT_NATIONAL_INC(1.0),Incidence of full-time and part-time employment based on national definitions,I,MEX,Mexico,EMP,Employment,PT_POP_SUB,Percentage of population in the same subgroup,M,Male,_T,Total,EMP,Employment,MAIN,Main job,_T,Total,FT,Full-time,NAT_DEF,National definition,A,Annual,2018,,84.568,,A,Normal value,0,Units,1,One
DATAFLOW,OECD.ELS.SAE:DSD_FTPT@DF_FTPT_NATIONAL_INC(1.0),Incidence of full-time and part-time employment based on national definitions,I,MEX,Mexico,EMP,Employment,PT_POP_SUB,Percentage of population in the same subgroup,M,Male,_T,Total,EMP,Employment,MAIN,Main job,_T,Total,FT,Full-time,NAT_DEF,National definition,A,Annual,2019,,84.113,,A,Normal value,0,Units,1,One
DATAFLOW,OECD.ELS.SAE:DSD_FTPT@DF_FTPT_NATIONAL_INC(1.0),Incidence of full-time and part-time employment based on national definitions,I,MEX,Mexico,EMP,Employment,PT_POP_SUB,Percentage of population in the same subgroup,M,Male,_T,Total,EMP,Employment,MAIN,Main job,_T,Total,FT,Full-time,NAT_DEF,National definition,A,Annual,2020,,83.193,,A,Normal value,0,Units,1,One
DATAFLOW,OECD.ELS.SAE:DSD_FTPT@DF_FTPT_NATIONAL_INC(1.0),Incidence of full-time and part-time employment based on national definitions,I,MEX,Mexico,EMP,Employment,PT_POP_SUB,Percentage of population in the same subgroup,M,Male,_T,Total,EMP,Employment,MAIN,Main job,_T,Total,FT,Full-time,NAT_DEF,National definition,A,Annual,2021,,83,,A,Normal value,0,Units,1,One
DATAFLOW,OECD.ELS.SAE:DSD_FTPT@DF_FTPT_NATIONAL_INC(1.0),Incidence of full-time and part-time employment based on national definitions,I,MEX,Mexico,EMP,Employment,PT_POP_SUB,Percentage of population in the same subgroup,M,Male,_T,Total,EMP,Employment,MAIN,Main job,_T,Total,FT,Full-time,NAT_DEF,National definition,A,Annual,2022,,84.12,,A,Normal value,0,Units,1,One
DATAFLOW,OECD.ELS.SAE:DSD_FTPT@DF_FTPT_NATIONAL_INC(1.0),Incidence of full-time and part-time employment based on national definitions,I,NLD,Netherlands,EMP,Employment,PT_POP_SUB,Percentage of population in the same subgroup,M,Male,_T,Total,EMP,Employment,MAIN,Main job,_T,Total,FT,Full-time,NAT_DEF,National definition,A,Annual,2010,,76.452,,A,Normal value,0,Units,1,One
DATAFLOW,OECD.ELS.SAE:DSD_FTPT@DF_FTPT_NATIONAL_INC(1.0),Incidence of full-time and part-time employment based on national definitions,I,NLD,Netherlands,EMP,Employment,PT_POP_SUB,Percentage of population in the same subgroup,M,Male,_T,Total,EMP,Employment,MAIN,Main job,_T,Total,FT,Full-time,NAT_DEF,National definition,A,Annual,2011,,76.261,,A,Normal value,0,Units,1,One
DATAFLOW,OECD.ELS.SAE:DSD_FTPT@DF_FTPT_NATIONAL_INC(1.0),Incidence of full-time and part-time employment based on national definitions,I,NLD,Netherlands,EMP,Employment,PT_POP_SUB,Percentage of population in the same subgroup,M,Male,_T,Total,EMP,Employment,MAIN,Main job,_T,Total,FT,Full-time,NAT_DEF,National definition,A,Annual,2013,,74.924,,A,Normal value,0,Units,1,One
DATAFLOW,OECD.ELS.SAE:DSD_FTPT@DF_FTPT_NATIONAL_INC(1.0),Incidence of full-time and part-time employment based on national definitions,I,NLD,Netherlands,EMP,Employment,PT_POP_SUB,Percentage of population in the same subgroup,M,Male,_T,Total,EMP,Employment,MAIN,Main job,_T,Total,FT,Full-time,NAT_DEF,National definition,A,Annual,2014,,74.392,,A,Normal value,0,Units,1,One
DATAFLOW,OECD.ELS.SAE:DSD_FTPT@DF_FTPT_NATIONAL_INC(1.0),Incidence of full-time and part-time employment based on national definitions,I,NLD,Netherlands,EMP,Employment,PT_POP_SUB,Percentage of population in the same subgroup,M,Male,_T,Total,EMP,Employment,MAIN,Main job,_T,Total,FT,Full-time,NAT_DEF,National definition,A,Annual,2015,,74.427,,A,Normal value,0,Units,1,One
DATAFLOW,OECD.ELS.SAE:DSD_FTPT@DF_FTPT_NATIONAL_INC(1.0),Incidence of full-time and part-time employment based on national definitions,I,NLD,Netherlands,EMP,Employment,PT_POP_SUB,Percentage of population in the same subgroup,M,Male,_T,Total,EMP,Employment,MAIN,Main job,_T,Total,FT,Full-time,NAT_DEF,National definition,A,Annual,2016,,74.604,,A,Normal value,0,Units,1,One
DATAFLOW,OECD.ELS.SAE:DSD_FTPT@DF_FTPT_NATIONAL_INC(1.0),Incidence of full-time and part-time employment based on national definitions,I,NLD,Netherlands,EMP,Employment,PT_POP_SUB,Percentage of population in the same subgroup,M,Male,_T,Total,EMP,Employment,MAIN,Main job,_T,Total,FT,Full-time,NAT_DEF,National definition,A,Annual,2017,,74.026,,A,Normal value,0,Units,1,One
DATAFLOW,OECD.ELS.SAE:DSD_FTPT@DF_FTPT_NATIONAL_INC(1.0),Incidence of full-time and part-time employment based on national definitions,I,NLD,Netherlands,EMP,Employment,PT_POP_SUB,Percentage of population in the same subgroup,M,Male,_T,Total,EMP,Employment,MAIN,Main job,_T,Total,FT,Full-time,NAT_DEF,National definition,A,Annual,2018,,73.572,,A,Normal value,0,Units,1,One
DATAFLOW,OECD.ELS.SAE:DSD_FTPT@DF_FTPT_NATIONAL_INC(1.0),Incidence of full-time and part-time employment based on national definitions,I,NLD,Netherlands,EMP,Employment,PT_POP_SUB,Percentage of population in the same subgroup,M,Male,_T,Total,EMP,Employment,MAIN,Main job,_T,Total,FT,Full-time,NAT_DEF,National definition,A,Annual,2019,,72.982,,A,Normal value,0,Units,1,One
DATAFLOW,OECD.ELS.SAE:DSD_FTPT@DF_FTPT_NATIONAL_INC(1.0),Incidence of full-time and part-time employment based on national definitions,I,NLD,Netherlands,EMP,Employment,PT_POP_SUB,Percentage of population in the same subgroup,M,Male,_T,Total,EMP,Employment,MAIN,Main job,_T,Total,FT,Full-time,NAT_DEF,National definition,A,Annual,2020,,72.644,,A,Normal value,0,Units,1,One
DATAFLOW,OECD.ELS.SAE:DSD_FTPT@DF_FTPT_NATIONAL_INC(1.0),Incidence of full-time and part-time employment based on national definitions,I,NLD,Netherlands,EMP,Employment,PT_POP_SUB,Percentage of population in the same subgroup,M,Male,_T,Total,EMP,Employment,MAIN,Main job,_T,Total,FT,Full-time,NAT_DEF,National definition,A,Annual,2021,,71.503,,A,Normal value,0,Units,1,One
DATAFLOW,OECD.ELS.SAE:DSD_FTPT@DF_FTPT_NATIONAL_INC(1.0),Incidence of full-time and part-time employment based on national definitions,I,NLD,Netherlands,EMP,Employment,PT_POP_SUB,Percentage of population in the same subgroup,M,Male,_T,Total,EMP,Employment,MAIN,Main job,_T,Total,FT,Full-time,NAT_DEF,National definition,A,Annual,2022,,70.698,,A,Normal value,0,Units,1,One
DATAFLOW,OECD.ELS.SAE:DSD_FTPT@DF_FTPT_NATIONAL_INC(1.0),Incidence of full-time and part-time employment based on national definitions,I,POL,Poland,EMP,Employment,PT_POP_SUB,Percentage of population in the same subgroup,M,Male,_T,Total,EMP,Employment,MAIN,Main job,_T,Total,FT,Full-time,NAT_DEF,National definition,A,Annual,2010,,94.201,,A,Normal value,0,Units,1,One
DATAFLOW,OECD.ELS.SAE:DSD_FTPT@DF_FTPT_NATIONAL_INC(1.0),Incidence of full-time and part-time employment based on national definitions,I,POL,Poland,EMP,Employment,PT_POP_SUB,Percentage of population in the same subgroup,M,Male,_T,Total,EMP,Employment,MAIN,Main job,_T,Total,FT,Full-time,NAT_DEF,National definition,A,Annual,2011,,94.472,,A,Normal value,0,Units,1,One
DATAFLOW,OECD.ELS.SAE:DSD_FTPT@DF_FTPT_NATIONAL_INC(1.0),Incidence of full-time and part-time employment based on national definitions,I,POL,Poland,EMP,Employment,PT_POP_SUB,Percentage of population in the same subgroup,M,Male,_T,Total,EMP,Employment,MAIN,Main job,_T,Total,FT,Full-time,NAT_DEF,National definition,A,Annual,2012,,94.757,,A,Normal value,0,Units,1,One
DATAFLOW,OECD.ELS.SAE:DSD_FTPT@DF_FTPT_NATIONAL_INC(1.0),Incidence of full-time and part-time employment based on national definitions,I,POL,Poland,EMP,Employment,PT_POP_SUB,Percentage of population in the same subgroup,M,Male,_T,Total,EMP,Employment,MAIN,Main job,_T,Total,FT,Full-time,NAT_DEF,National definition,A,Annual,2014,,94.877,,A,Normal value,0,Units,1,One
DATAFLOW,OECD.ELS.SAE:DSD_FTPT@DF_FTPT_NATIONAL_INC(1.0),Incidence of full-time and part-time employment based on national definitions,I,POL,Poland,EMP,Employment,PT_POP_SUB,Percentage of population in the same subgroup,M,Male,_T,Total,EMP,Employment,MAIN,Main job,_T,Total,FT,Full-time,NAT_DEF,National definition,A,Annual,2015,,95.14,,A,Normal value,0,Units,1,One
DATAFLOW,OECD.ELS.SAE:DSD_FTPT@DF_FTPT_NATIONAL_INC(1.0),Incidence of full-time and part-time employment based on national definitions,I,POL,Poland,EMP,Employment,PT_POP_SUB,Percentage of population in the same subgroup,M,Male,_T,Total,EMP,Employment,MAIN,Main job,_T,Total,FT,Full-time,NAT_DEF,National definition,A,Annual,2017,,95.538,,A,Normal value,0,Units,1,One
DATAFLOW,OECD.ELS.SAE:DSD_FTPT@DF_FTPT_NATIONAL_INC(1.0),Incidence of full-time and part-time employment based on national definitions,I,POL,Poland,EMP,Employment,PT_POP_SUB,Percentage of population in the same subgroup,M,Male,_T,Total,EMP,Employment,MAIN,Main job,_T,Total,FT,Full-time,NAT_DEF,National definition,A,Annual,2018,,95.41,,A,Normal value,0,Units,1,One
DATAFLOW,OECD.ELS.SAE:DSD_FTPT@DF_FTPT_NATIONAL_INC(1.0),Incidence of full-time and part-time employment based on national definitions,I,SVK,Slovak Republic,EMP,Employment,PT_POP_SUB,Percentage of population in the same subgroup,M,Male,_T,Total,EMP,Employment,MAIN,Main job,_T,Total,FT,Full-time,NAT_DEF,National definition,A,Annual,2022,,97.458,,A,Normal value,0,Units,1,One
DATAFLOW,OECD.ELS.SAE:DSD_FTPT@DF_FTPT_NATIONAL_INC(1.0),Incidence of full-time and part-time employment based on national definitions,I,ESP,Spain,EMP,Employment,PT_POP_SUB,Percentage of population in the same subgroup,M,Male,_T,Total,EMP,Employment,MAIN,Main job,_T,Total,FT,Full-time,NAT_DEF,National definition,A,Annual,2010,,94.66,,A,Normal value,0,Units,1,One
DATAFLOW,OECD.ELS.SAE:DSD_FTPT@DF_FTPT_NATIONAL_INC(1.0),Incidence of full-time and part-time employment based on national definitions,I,ESP,Spain,EMP,Employment,PT_POP_SUB,Percentage of population in the same subgroup,M,Male,_T,Total,EMP,Employment,MAIN,Main job,_T,Total,FT,Full-time,NAT_DEF,National definition,A,Annual,2011,,94.052,,A,Normal value,0,Units,1,One
DATAFLOW,OECD.ELS.SAE:DSD_FTPT@DF_FTPT_NATIONAL_INC(1.0),Incidence of full-time and part-time employment based on national definitions,I,ESP,Spain,EMP,Employment,PT_POP_SUB,Percentage of population in the same subgroup,M,Male,_T,Total,EMP,Employment,MAIN,Main job,_T,Total,FT,Full-time,NAT_DEF,National definition,A,Annual,2014,,92.194,,A,Normal value,0,Units,1,One
DATAFLOW,OECD.ELS.SAE:DSD_FTPT@DF_FTPT_NATIONAL_INC(1.0),Incidence of full-time and part-time employment based on national definitions,I,ESP,Spain,EMP,Employment,PT_POP_SUB,Percentage of population in the same subgroup,M,Male,_T,Total,EMP,Employment,MAIN,Main job,_T,Total,FT,Full-time,NAT_DEF,National definition,A,Annual,2015,,92.082,,A,Normal value,0,Units,1,One
DATAFLOW,OECD.ELS.SAE:DSD_FTPT@DF_FTPT_NATIONAL_INC(1.0),Incidence of full-time and part-time employment based on national definitions,I,ESP,Spain,EMP,Employment,PT_POP_SUB,Percentage of population in the same subgroup,M,Male,_T,Total,EMP,Employment,MAIN,Main job,_T,Total,FT,Full-time,NAT_DEF,National definition,A,Annual,2016,,92.236,,A,Normal value,0,Units,1,One
DATAFLOW,OECD.ELS.SAE:DSD_FTPT@DF_FTPT_NATIONAL_INC(1.0),Incidence of full-time and part-time employment based on national definitions,I,ESP,Spain,EMP,Employment,PT_POP_SUB,Percentage of population in the same subgroup,M,Male,_T,Total,EMP,Employment,MAIN,Main job,_T,Total,FT,Full-time,NAT_DEF,National definition,A,Annual,2019,,93.037,,A,Normal value,0,Units,1,One
DATAFLOW,OECD.ELS.SAE:DSD_FTPT@DF_FTPT_NATIONAL_INC(1.0),Incidence of full-time and part-time employment based on national definitions,I,ESP,Spain,EMP,Employment,PT_POP_SUB,Percentage of population in the same subgroup,M,Male,_T,Total,EMP,Employment,MAIN,Main job,_T,Total,FT,Full-time,NAT_DEF,National definition,A,Annual,2020,,93.285,,A,Normal value,0,Units,1,One
DATAFLOW,OECD.ELS.SAE:DSD_FTPT@DF_FTPT_NATIONAL_INC(1.0),Incidence of full-time and part-time employment based on national definitions,I,SWE,Sweden,EMP,Employment,PT_POP_SUB,Percentage of population in the same subgroup,M,Male,_T,Total,EMP,Employment,MAIN,Main job,_T,Total,FT,Full-time,NAT_DEF,National definition,A,Annual,2010,,86.255,,A,Normal value,0,Units,1,One
DATAFLOW,OECD.ELS.SAE:DSD_FTPT@DF_FTPT_NATIONAL_INC(1.0),Incidence of full-time and part-time employment based on national definitions,I,SWE,Sweden,EMP,Employment,PT_POP_SUB,Percentage of population in the same subgroup,M,Male,_T,Total,EMP,Employment,MAIN,Main job,_T,Total,FT,Full-time,NAT_DEF,National definition,A,Annual,2011,,86.566,,A,Normal value,0,Units,1,One
DATAFLOW,OECD.ELS.SAE:DSD_FTPT@DF_FTPT_NATIONAL_INC(1.0),Incidence of full-time and part-time employment based on national definitions,I,SWE,Sweden,EMP,Employment,PT_POP_SUB,Percentage of population in the same subgroup,M,Male,_T,Total,EMP,Employment,MAIN,Main job,_T,Total,FT,Full-time,NAT_DEF,National definition,A,Annual,2012,,86.211,,A,Normal value,0,Units,1,One
DATAFLOW,OECD.ELS.SAE:DSD_FTPT@DF_FTPT_NATIONAL_INC(1.0),Incidence of full-time and part-time employment based on national definitions,I,SWE,Sweden,EMP,Employment,PT_POP_SUB,Percentage of population in the same subgroup,M,Male,_T,Total,EMP,Employment,MAIN,Main job,_T,Total,FT,Full-time,NAT_DEF,National definition,A,Annual,2015,,85.629,,A,Normal value,0,Units,1,One
DATAFLOW,OECD.ELS.SAE:DSD_FTPT@DF_FTPT_NATIONAL_INC(1.0),Incidence of full-time and part-time employment based on national definitions,I,CHE,Switzerland,EMP,Employment,PT_POP_SUB,Percentage of population in the same subgroup,M,Male,_T,Total,EMP,Employment,MAIN,Main job,_T,Total,FT,Full-time,NAT_DEF,National definition,A,Annual,2010,,86.59,,A,Normal value,0,Units,1,One
DATAFLOW,OECD.ELS.SAE:DSD_FTPT@DF_FTPT_NATIONAL_INC(1.0),Incidence of full-time and part-time employment based on national definitions,I,CHE,Switzerland,EMP,Employment,PT_POP_SUB,Percentage of population in the same subgroup,M,Male,_T,Total,EMP,Employment,MAIN,Main job,_T,Total,FT,Full-time,NAT_DEF,National definition,A,Annual,2015,,83.516,,A,Normal value,0,Units,1,One
DATAFLOW,OECD.ELS.SAE:DSD_FTPT@DF_FTPT_NATIONAL_INC(1.0),Incidence of full-time and part-time employment based on national definitions,I,CHE,Switzerland,EMP,Employment,PT_POP_SUB,Percentage of population in the same subgroup,M,Male,_T,Total,EMP,Employment,MAIN,Main job,_T,Total,FT,Full-time,NAT_DEF,National definition,A,Annual,2017,,82.514,,A,Normal value,0,Units,1,One
DATAFLOW,OECD.ELS.SAE:DSD_FTPT@DF_FTPT_NATIONAL_INC(1.0),Incidence of full-time and part-time employment based on national definitions,I,TUR,Türkiye,EMP,Employment,PT_POP_SUB,Percentage of population in the same subgroup,M,Male,_T,Total,EMP,Employment,MAIN,Main job,_T,Total,FT,Full-time,NAT_DEF,National definition,A,Annual,2010,,93.271,,A,Normal value,0,Units,1,One
DATAFLOW,OECD.ELS.SAE:DSD_FTPT@DF_FTPT_NATIONAL_INC(1.0),Incidence of full-time and part-time employment based on national definitions,I,TUR,Türkiye,EMP,Employment,PT_POP_SUB,Percentage of population in the same subgroup,M,Male,_T,Total,EMP,Employment,MAIN,Main job,_T,Total,FT,Full-time,NAT_DEF,National definition,A,Annual,2011,,93.366,,A,Normal value,0,Units,1,One
DATAFLOW,OECD.ELS.SAE:DSD_FTPT@DF_FTPT_NATIONAL_INC(1.0),Incidence of full-time and part-time employment based on national definitions,I,TUR,Türkiye,EMP,Employment,PT_POP_SUB,Percentage of population in the same subgroup,M,Male,_T,Total,EMP,Employment,MAIN,Main job,_T,Total,FT,Full-time,NAT_DEF,National definition,A,Annual,2012,,93.29,,A,Normal value,0,Units,1,One
DATAFLOW,OECD.ELS.SAE:DSD_FTPT@DF_FTPT_NATIONAL_INC(1.0),Incidence of full-time and part-time employment based on national definitions,I,TUR,Türkiye,EMP,Employment,PT_POP_SUB,Percentage of population in the same subgroup,M,Male,_T,Total,EMP,Employment,MAIN,Main job,_T,Total,FT,Full-time,NAT_DEF,National definition,A,Annual,2013,,92.993,,A,Normal value,0,Units,1,One
DATAFLOW,OECD.ELS.SAE:DSD_FTPT@DF_FTPT_NATIONAL_INC(1.0),Incidence of full-time and part-time employment based on national definitions,I,TUR,Türkiye,EMP,Employment,PT_POP_SUB,Percentage of population in the same subgroup,M,Male,_T,Total,EMP,Employment,MAIN,Main job,_T,Total,FT,Full-time,NAT_DEF,National definition,A,Annual,2014,,93.61,,A,Normal value,0,Units,1,One
DATAFLOW,OECD.ELS.SAE:DSD_FTPT@DF_FTPT_NATIONAL_INC(1.0),Incidence of full-time and part-time employment based on national definitions,I,TUR,Türkiye,EMP,Employment,PT_POP_SUB,Percentage of population in the same subgroup,M,Male,_T,Total,EMP,Employment,MAIN,Main job,_T,Total,FT,Full-time,NAT_DEF,National definition,A,Annual,2015,,94.069,,A,Normal value,0,Units,1,One
DATAFLOW,OECD.ELS.SAE:DSD_FTPT@DF_FTPT_NATIONAL_INC(1.0),Incidence of full-time and part-time employment based on national definitions,I,TUR,Türkiye,EMP,Employment,PT_POP_SUB,Percentage of population in the same subgroup,M,Male,_T,Total,EMP,Employment,MAIN,Main job,_T,Total,FT,Full-time,NAT_DEF,National definition,A,Annual,2016,,94.188,,A,Normal value,0,Units,1,One
DATAFLOW,OECD.ELS.SAE:DSD_FTPT@DF_FTPT_NATIONAL_INC(1.0),Incidence of full-time and part-time employment based on national definitions,I,TUR,Türkiye,EMP,Employment,PT_POP_SUB,Percentage of population in the same subgroup,M,Male,_T,Total,EMP,Employment,MAIN,Main job,_T,Total,FT,Full-time,NAT_DEF,National definition,A,Annual,2017,,94.111,,A,Normal value,0,Units,1,One
DATAFLOW,OECD.ELS.SAE:DSD_FTPT@DF_FTPT_NATIONAL_INC(1.0),Incidence of full-time and part-time employment based on national definitions,I,TUR,Türkiye,EMP,Employment,PT_POP_SUB,Percentage of population in the same subgroup,M,Male,_T,Total,EMP,Employment,MAIN,Main job,_T,Total,FT,Full-time,NAT_DEF,National definition,A,Annual,2018,,93.57,,A,Normal value,0,Units,1,One
DATAFLOW,OECD.ELS.SAE:DSD_FTPT@DF_FTPT_NATIONAL_INC(1.0),Incidence of full-time and part-time employment based on national definitions,I,TUR,Türkiye,EMP,Employment,PT_POP_SUB,Percentage of population in the same subgroup,M,Male,_T,Total,EMP,Employment,MAIN,Main job,_T,Total,FT,Full-time,NAT_DEF,National definition,A,Annual,2019,,93.616,,A,Normal value,0,Units,1,One
DATAFLOW,OECD.ELS.SAE:DSD_FTPT@DF_FTPT_NATIONAL_INC(1.0),Incidence of full-time and part-time employment based on national definitions,I,TUR,Türkiye,EMP,Employment,PT_POP_SUB,Percentage of population in the same subgroup,M,Male,_T,Total,EMP,Employment,MAIN,Main job,_T,Total,FT,Full-time,NAT_DEF,National definition,A,Annual,2020,,91.582,,A,Normal value,0,Units,1,One
DATAFLOW,OECD.ELS.SAE:DSD_FTPT@DF_FTPT_NATIONAL_INC(1.0),Incidence of full-time and part-time employment based on national definitions,I,TUR,Türkiye,EMP,Employment,PT_POP_SUB,Percentage of population in the same subgroup,M,Male,_T,Total,EMP,Employment,MAIN,Main job,_T,Total,FT,Full-time,NAT_DEF,National definition,A,Annual,2021,,93.831,,A,Normal value,0,Units,1,One
DATAFLOW,OECD.ELS.SAE:DSD_FTPT@DF_FTPT_NATIONAL_INC(1.0),Incidence of full-time and part-time employment based on national definitions,I,TUR,Türkiye,EMP,Employment,PT_POP_SUB,Percentage of population in the same subgroup,M,Male,_T,Total,EMP,Employment,MAIN,Main job,_T,Total,FT,Full-time,NAT_DEF,National definition,A,Annual,2022,,93.948,,A,Normal value,0,Units,1,One
DATAFLOW,OECD.ELS.SAE:DSD_FTPT@DF_FTPT_NATIONAL_INC(1.0),Incidence of full-time and part-time employment based on national definitions,I,GBR,United Kingdom,EMP,Employment,PT_POP_SUB,Percentage of population in the same subgroup,M,Male,_T,Total,EMP,Employment,MAIN,Main job,_T,Total,FT,Full-time,NAT_DEF,National definition,A,Annual,2010,,87.464,,A,Normal value,0,Units,1,One
DATAFLOW,OECD.ELS.SAE:DSD_FTPT@DF_FTPT_NATIONAL_INC(1.0),Incidence of full-time and part-time employment based on national definitions,I,GBR,United Kingdom,EMP,Employment,PT_POP_SUB,Percentage of population in the same subgroup,M,Male,_T,Total,EMP,Employment,MAIN,Main job,_T,Total,FT,Full-time,NAT_DEF,National definition,A,Annual,2011,,87.381,,A,Normal value,0,Units,1,One
DATAFLOW,OECD.ELS.SAE:DSD_FTPT@DF_FTPT_NATIONAL_INC(1.0),Incidence of full-time and part-time employment based on national definitions,I,GBR,United Kingdom,EMP,Employment,PT_POP_SUB,Percentage of population in the same subgroup,M,Male,_T,Total,EMP,Employment,MAIN,Main job,_T,Total,FT,Full-time,NAT_DEF,National definition,A,Annual,2012,,86.731,,A,Normal value,0,Units,1,One
DATAFLOW,OECD.ELS.SAE:DSD_FTPT@DF_FTPT_NATIONAL_INC(1.0),Incidence of full-time and part-time employment based on national definitions,I,GBR,United Kingdom,EMP,Employment,PT_POP_SUB,Percentage of population in the same subgroup,M,Male,_T,Total,EMP,Employment,MAIN,Main job,_T,Total,FT,Full-time,NAT_DEF,National definition,A,Annual,2013,,86.817,,A,Normal value,0,Units,1,One
DATAFLOW,OECD.ELS.SAE:DSD_FTPT@DF_FTPT_NATIONAL_INC(1.0),Incidence of full-time and part-time employment based on national definitions,I,GBR,United Kingdom,EMP,Employment,PT_POP_SUB,Percentage of population in the same subgroup,M,Male,_T,Total,EMP,Employment,MAIN,Main job,_T,Total,FT,Full-time,NAT_DEF,National definition,A,Annual,2014,,87.019,,A,Normal value,0,Units,1,One
DATAFLOW,OECD.ELS.SAE:DSD_FTPT@DF_FTPT_NATIONAL_INC(1.0),Incidence of full-time and part-time employment based on national definitions,I,GBR,United Kingdom,EMP,Employment,PT_POP_SUB,Percentage of population in the same subgroup,M,Male,_T,Total,EMP,Employment,MAIN,Main job,_T,Total,FT,Full-time,NAT_DEF,National definition,A,Annual,2015,,86.93,,A,Normal value,0,Units,1,One
DATAFLOW,OECD.ELS.SAE:DSD_FTPT@DF_FTPT_NATIONAL_INC(1.0),Incidence of full-time and part-time employment based on national definitions,I,GBR,United Kingdom,EMP,Employment,PT_POP_SUB,Percentage of population in the same subgroup,M,Male,_T,Total,EMP,Employment,MAIN,Main job,_T,Total,FT,Full-time,NAT_DEF,National definition,A,Annual,2016,,86.736,,A,Normal value,0,Units,1,One
DATAFLOW,OECD.ELS.SAE:DSD_FTPT@DF_FTPT_NATIONAL_INC(1.0),Incidence of full-time and part-time employment based on national definitions,I,GBR,United Kingdom,EMP,Employment,PT_POP_SUB,Percentage of population in the same subgroup,M,Male,_T,Total,EMP,Employment,MAIN,Main job,_T,Total,FT,Full-time,NAT_DEF,National definition,A,Annual,2017,,86.774,,A,Normal value,0,Units,1,One
DATAFLOW,OECD.ELS.SAE:DSD_FTPT@DF_FTPT_NATIONAL_INC(1.0),Incidence of full-time and part-time employment based on national definitions,I,GBR,United Kingdom,EMP,Employment,PT_POP_SUB,Percentage of population in the same subgroup,M,Male,_T,Total,EMP,Employment,MAIN,Main job,_T,Total,FT,Full-time,NAT_DEF,National definition,A,Annual,2018,,86.756,,A,Normal value,0,Units,1,One
DATAFLOW,OECD.ELS.SAE:DSD_FTPT@DF_FTPT_NATIONAL_INC(1.0),Incidence of full-time and part-time employment based on national definitions,I,GBR,United Kingdom,EMP,Employment,PT_POP_SUB,Percentage of population in the same subgroup,M,Male,_T,Total,EMP,Employment,MAIN,Main job,_T,Total,FT,Full-time,NAT_DEF,National definition,A,Annual,2019,,86.726,,A,Normal value,0,Units,1,One
DATAFLOW,OECD.ELS.SAE:DSD_FTPT@DF_FTPT_NATIONAL_INC(1.0),Incidence of full-time and part-time employment based on national definitions,I,GBR,United Kingdom,EMP,Employment,PT_POP_SUB,Percentage of population in the same subgroup,M,Male,_T,Total,EMP,Employment,MAIN,Main job,_T,Total,FT,Full-time,NAT_DEF,National definition,A,Annual,2020,,87.319,,A,Normal value,0,Units,1,One
DATAFLOW,OECD.ELS.SAE:DSD_FTPT@DF_FTPT_NATIONAL_INC(1.0),Incidence of full-time and part-time employment based on national definitions,I,GBR,United Kingdom,EMP,Employment,PT_POP_SUB,Percentage of population in the same subgroup,M,Male,_T,Total,EMP,Employment,MAIN,Main job,_T,Total,FT,Full-time,NAT_DEF,National definition,A,Annual,2021,,87.502,,A,Normal value,0,Units,1,One
DATAFLOW,OECD.ELS.SAE:DSD_FTPT@DF_FTPT_NATIONAL_INC(1.0),Incidence of full-time and part-time employment based on national definitions,I,USA,United States,EMP,Employment,PT_POP_SUB,Percentage of population in the same subgroup,M,Male,_T,Total,EMP,Employment,MAIN,Main job,_T,Total,FT,Full-time,NAT_DEF,National definition,A,Annual,2010,,86.559,,A,Normal value,0,Units,1,One
DATAFLOW,OECD.ELS.SAE:DSD_FTPT@DF_FTPT_NATIONAL_INC(1.0),Incidence of full-time and part-time employment based on national definitions,I,USA,United States,EMP,Employment,PT_POP_SUB,Percentage of population in the same subgroup,M,Male,_T,Total,EMP,Employment,MAIN,Main job,_T,Total,FT,Full-time,NAT_DEF,National definition,A,Annual,2011,,86.596,,A,Normal value,0,Units,1,One
DATAFLOW,OECD.ELS.SAE:DSD_FTPT@DF_FTPT_NATIONAL_INC(1.0),Incidence of full-time and part-time employment based on national definitions,I,USA,United States,EMP,Employment,PT_POP_SUB,Percentage of population in the same subgroup,M,Male,_T,Total,EMP,Employment,MAIN,Main job,_T,Total,FT,Full-time,NAT_DEF,National definition,A,Annual,2012,,86.663,,A,Normal value,0,Units,1,One
DATAFLOW,OECD.ELS.SAE:DSD_FTPT@DF_FTPT_NATIONAL_INC(1.0),Incidence of full-time and part-time employment based on national definitions,I,USA,United States,EMP,Employment,PT_POP_SUB,Percentage of population in the same subgroup,M,Male,_T,Total,EMP,Employment,MAIN,Main job,_T,Total,FT,Full-time,NAT_DEF,National definition,A,Annual,2013,,86.879,,A,Normal value,0,Units,1,One
DATAFLOW,OECD.ELS.SAE:DSD_FTPT@DF_FTPT_NATIONAL_INC(1.0),Incidence of full-time and part-time employment based on national definitions,I,USA,United States,EMP,Employment,PT_POP_SUB,Percentage of population in the same subgroup,M,Male,_T,Total,EMP,Employment,MAIN,Main job,_T,Total,FT,Full-time,NAT_DEF,National definition,A,Annual,2014,,87.305,,A,Normal value,0,Units,1,One
DATAFLOW,OECD.ELS.SAE:DSD_FTPT@DF_FTPT_NATIONAL_INC(1.0),Incidence of full-time and part-time employment based on national definitions,I,USA,United States,EMP,Employment,PT_POP_SUB,Percentage of population in the same subgroup,M,Male,_T,Total,EMP,Employment,MAIN,Main job,_T,Total,FT,Full-time,NAT_DEF,National definition,A,Annual,2015,,87.642,,A,Normal value,0,Units,1,One
DATAFLOW,OECD.ELS.SAE:DSD_FTPT@DF_FTPT_NATIONAL_INC(1.0),Incidence of full-time and part-time employment based on national definitions,I,USA,United States,EMP,Employment,PT_POP_SUB,Percentage of population in the same subgroup,M,Male,_T,Total,EMP,Employment,MAIN,Main job,_T,Total,FT,Full-time,NAT_DEF,National definition,A,Annual,2016,,87.587,,A,Normal value,0,Units,1,One
DATAFLOW,OECD.ELS.SAE:DSD_FTPT@DF_FTPT_NATIONAL_INC(1.0),Incidence of full-time and part-time employment based on national definitions,I,USA,United States,EMP,Employment,PT_POP_SUB,Percentage of population in the same subgroup,M,Male,_T,Total,EMP,Employment,MAIN,Main job,_T,Total,FT,Full-time,NAT_DEF,National definition,A,Annual,2017,,87.954,,A,Normal value,0,Units,1,One
DATAFLOW,OECD.ELS.SAE:DSD_FTPT@DF_FTPT_NATIONAL_INC(1.0),Incidence of full-time and part-time employment based on national definitions,I,USA,United States,EMP,Employment,PT_POP_SUB,Percentage of population in the same subgroup,M,Male,_T,Total,EMP,Employment,MAIN,Main job,_T,Total,FT,Full-time,NAT_DEF,National definition,A,Annual,2018,,88.193,,A,Normal value,0,Units,1,One
DATAFLOW,OECD.ELS.SAE:DSD_FTPT@DF_FTPT_NATIONAL_INC(1.0),Incidence of full-time and part-time employment based on national definitions,I,USA,United States,EMP,Employment,PT_POP_SUB,Percentage of population in the same subgroup,M,Male,_T,Total,EMP,Employment,MAIN,Main job,_T,Total,FT,Full-time,NAT_DEF,National definition,A,Annual,2019,,88.453,,A,Normal value,0,Units,1,One
DATAFLOW,OECD.ELS.SAE:DSD_FTPT@DF_FTPT_NATIONAL_INC(1.0),Incidence of full-time and part-time employment based on national definitions,I,USA,United States,EMP,Employment,PT_POP_SUB,Percentage of population in the same subgroup,M,Male,_T,Total,EMP,Employment,MAIN,Main job,_T,Total,FT,Full-time,NAT_DEF,National definition,A,Annual,2020,,88.418,,A,Normal value,0,Units,1,One
DATAFLOW,OECD.ELS.SAE:DSD_FTPT@DF_FTPT_NATIONAL_INC(1.0),Incidence of full-time and part-time employment based on national definitions,I,USA,United States,EMP,Employment,PT_POP_SUB,Percentage of population in the same subgroup,M,Male,_T,Total,EMP,Employment,MAIN,Main job,_T,Total,FT,Full-time,NAT_DEF,National definition,A,Annual,2021,,88.473,,A,Normal value,0,Units,1,One
DATAFLOW,OECD.ELS.SAE:DSD_FTPT@DF_FTPT_NATIONAL_INC(1.0),Incidence of full-time and part-time employment based on national definitions,I,USA,United States,EMP,Employment,PT_POP_SUB,Percentage of population in the same subgroup,M,Male,_T,Total,EMP,Employment,MAIN,Main job,_T,Total,FT,Full-time,NAT_DEF,National definition,A,Annual,2022,,88.449,,A,Normal value,0,Units,1,One
DATAFLOW,OECD.ELS.SAE:DSD_FTPT@DF_FTPT_NATIONAL_INC(1.0),Incidence of full-time and part-time employment based on national definitions,I,EU27,European Union (27 countries),EMP,Employment,PT_POP_SUB,Percentage of population in the same subgroup,M,Male,_T,Total,EMP,Employment,MAIN,Main job,_T,Total,FT,Full-time,NAT_DEF,National definition,A,Annual,2012,,91.436,,A,Normal value,0,Units,1,One
DATAFLOW,OECD.ELS.SAE:DSD_FTPT@DF_FTPT_NATIONAL_INC(1.0),Incidence of full-time and part-time employment based on national definitions,I,EU19OECD,European Union (19 countries) in OECD,EMP,Employment,PT_POP_SUB,Percentage of population in the same subgroup,M,Male,_T,Total,EMP,Employment,MAIN,Main job,_T,Total,FT,Full-time,NAT_DEF,National definition,A,Annual,2014,,90.108,,A,Normal value,0,Units,1,One
DATAFLOW,OECD.ELS.SAE:DSD_FTPT@DF_FTPT_NATIONAL_INC(1.0),Incidence of full-time and part-time employment based on national definitions,I,EU22OECD,European Union (22 countries) in OECD,EMP,Employment,PT_POP_SUB,Percentage of population in the same subgroup,M,Male,_T,Total,EMP,Employment,MAIN,Main job,_T,Total,FT,Full-time,NAT_DEF,National definition,A,Annual,2011,,91.781,,A,Normal value,0,Units,1,One
DATAFLOW,OECD.ELS.SAE:DSD_FTPT@DF_FTPT_NATIONAL_INC(1.0),Incidence of full-time and part-time employment based on national definitions,I,EU22OECD,European Union (22 countries) in OECD,EMP,Employment,PT_POP_SUB,Percentage of population in the same subgroup,M,Male,_T,Total,EMP,Employment,MAIN,Main job,_T,Total,FT,Full-time,NAT_DEF,National definition,A,Annual,2012,,91.36,,A,Normal value,0,Units,1,One
DATAFLOW,OECD.ELS.SAE:DSD_FTPT@DF_FTPT_NATIONAL_INC(1.0),Incidence of full-time and part-time employment based on national definitions,I,EU22OECD,European Union (22 countries) in OECD,EMP,Employment,PT_POP_SUB,Percentage of population in the same subgroup,M,Male,_T,Total,EMP,Employment,MAIN,Main job,_T,Total,FT,Full-time,NAT_DEF,National definition,A,Annual,2017,,90.517,,A,Normal value,0,Units,1,One
DATAFLOW,OECD.ELS.SAE:DSD_FTPT@DF_FTPT_NATIONAL_INC(1.0),Incidence of full-time and part-time employment based on national definitions,I,OECD,OECD,EMP,Employment,PT_POP_SUB,Percentage of population in the same subgroup,M,Male,_T,Total,EMP,Employment,MAIN,Main job,_T,Total,FT,Full-time,NAT_DEF,National definition,A,Annual,2010,,88.875,,A,Normal value,0,Units,1,One
DATAFLOW,OECD.ELS.SAE:DSD_FTPT@DF_FTPT_NATIONAL_INC(1.0),Incidence of full-time and part-time employment based on national definitions,I,OECD,OECD,EMP,Employment,PT_POP_SUB,Percentage of population in the same subgroup,M,Male,_T,Total,EMP,Employment,MAIN,Main job,_T,Total,FT,Full-time,NAT_DEF,National definition,A,Annual,2012,,88.535,,A,Normal value,0,Units,1,One
DATAFLOW,OECD.ELS.SAE:DSD_FTPT@DF_FTPT_NATIONAL_INC(1.0),Incidence of full-time and part-time employment based on national definitions,I,OECD,OECD,EMP,Employment,PT_POP_SUB,Percentage of population in the same subgroup,M,Male,_T,Total,EMP,Employment,MAIN,Main job,_T,Total,FT,Full-time,NAT_DEF,National definition,A,Annual,2013,,88.316,,A,Normal value,0,Units,1,One
DATAFLOW,OECD.ELS.SAE:DSD_FTPT@DF_FTPT_NATIONAL_INC(1.0),Incidence of full-time and part-time employment based on national definitions,I,OECD,OECD,EMP,Employment,PT_POP_SUB,Percentage of population in the same subgroup,M,Male,_T,Total,EMP,Employment,MAIN,Main job,_T,Total,FT,Full-time,NAT_DEF,National definition,A,Annual,2014,,88.367,,A,Normal value,0,Units,1,One
DATAFLOW,OECD.ELS.SAE:DSD_FTPT@DF_FTPT_NATIONAL_INC(1.0),Incidence of full-time and part-time employment based on national definitions,I,OECD,OECD,EMP,Employment,PT_POP_SUB,Percentage of population in the same subgroup,M,Male,_T,Total,EMP,Employment,MAIN,Main job,_T,Total,FT,Full-time,NAT_DEF,National definition,A,Annual,2016,,88.441,,A,Normal value,0,Units,1,One
DATAFLOW,OECD.ELS.SAE:DSD_FTPT@DF_FTPT_NATIONAL_INC(1.0),Incidence of full-time and part-time employment based on national definitions,I,BGR,Bulgaria,EMP,Employment,PT_POP_SUB,Percentage of population in the same subgroup,M,Male,_T,Total,EMP,Employment,MAIN,Main job,_T,Total,FT,Full-time,NAT_DEF,National definition,A,Annual,2010,,98.341,,A,Normal value,0,Units,1,One
DATAFLOW,OECD.ELS.SAE:DSD_FTPT@DF_FTPT_NATIONAL_INC(1.0),Incidence of full-time and part-time employment based on national definitions,I,BGR,Bulgaria,EMP,Employment,PT_POP_SUB,Percentage of population in the same subgroup,M,Male,_T,Total,EMP,Employment,MAIN,Main job,_T,Total,FT,Full-time,NAT_DEF,National definition,A,Annual,2014,,98.116,,A,Normal value,0,Units,1,One
DATAFLOW,OECD.ELS.SAE:DSD_FTPT@DF_FTPT_NATIONAL_INC(1.0),Incidence of full-time and part-time employment based on national definitions,I,IDN,Indonesia,EMP,Employment,PT_POP_SUB,Percentage of population in the same subgroup,M,Male,_T,Total,EMP,Employment,MAIN,Main job,_T,Total,FT,Full-time,NAT_DEF,National definition,A,Annual,2010,,71.119,,A,Normal value,0,Units,1,One
DATAFLOW,OECD.ELS.SAE:DSD_FTPT@DF_FTPT_NATIONAL_INC(1.0),Incidence of full-time and part-time employment based on national definitions,I,IDN,Indonesia,EMP,Employment,PT_POP_SUB,Percentage of population in the same subgroup,M,Male,_T,Total,EMP,Employment,MAIN,Main job,_T,Total,FT,Full-time,NAT_DEF,National definition,A,Annual,2011,,70.557,,A,Normal value,0,Units,1,One
DATAFLOW,OECD.ELS.SAE:DSD_FTPT@DF_FTPT_NATIONAL_INC(1.0),Incidence of full-time and part-time employment based on national definitions,I,IDN,Indonesia,EMP,Employment,PT_POP_SUB,Percentage of population in the same subgroup,M,Male,_T,Total,EMP,Employment,MAIN,Main job,_T,Total,FT,Full-time,NAT_DEF,National definition,A,Annual,2012,,70.042,,A,Normal value,0,Units,1,One
DATAFLOW,OECD.ELS.SAE:DSD_FTPT@DF_FTPT_NATIONAL_INC(1.0),Incidence of full-time and part-time employment based on national definitions,I,IDN,Indonesia,EMP,Employment,PT_POP_SUB,Percentage of population in the same subgroup,M,Male,_T,Total,EMP,Employment,MAIN,Main job,_T,Total,FT,Full-time,NAT_DEF,National definition,A,Annual,2013,,65.607,,A,Normal value,0,Units,1,One
DATAFLOW,OECD.ELS.SAE:DSD_FTPT@DF_FTPT_NATIONAL_INC(1.0),Incidence of full-time and part-time employment based on national definitions,I,IDN,Indonesia,EMP,Employment,PT_POP_SUB,Percentage of population in the same subgroup,M,Male,_T,Total,EMP,Employment,MAIN,Main job,_T,Total,FT,Full-time,NAT_DEF,National definition,A,Annual,2014,,70.01,,A,Normal value,0,Units,1,One
DATAFLOW,OECD.ELS.SAE:DSD_FTPT@DF_FTPT_NATIONAL_INC(1.0),Incidence of full-time and part-time employment based on national definitions,I,IDN,Indonesia,EMP,Employment,PT_POP_SUB,Percentage of population in the same subgroup,M,Male,_T,Total,EMP,Employment,MAIN,Main job,_T,Total,FT,Full-time,NAT_DEF,National definition,A,Annual,2015,,72.29,,A,Normal value,0,Units,1,One
DATAFLOW,OECD.ELS.SAE:DSD_FTPT@DF_FTPT_NATIONAL_INC(1.0),Incidence of full-time and part-time employment based on national definitions,I,IDN,Indonesia,EMP,Employment,PT_POP_SUB,Percentage of population in the same subgroup,M,Male,_T,Total,EMP,Employment,MAIN,Main job,_T,Total,FT,Full-time,NAT_DEF,National definition,A,Annual,2016,,73.629,,A,Normal value,0,Units,1,One
DATAFLOW,OECD.ELS.SAE:DSD_FTPT@DF_FTPT_NATIONAL_INC(1.0),Incidence of full-time and part-time employment based on national definitions,I,IDN,Indonesia,EMP,Employment,PT_POP_SUB,Percentage of population in the same subgroup,M,Male,_T,Total,EMP,Employment,MAIN,Main job,_T,Total,FT,Full-time,NAT_DEF,National definition,A,Annual,2017,,73.059,,A,Normal value,0,Units,1,One
DATAFLOW,OECD.ELS.SAE:DSD_FTPT@DF_FTPT_NATIONAL_INC(1.0),Incidence of full-time and part-time employment based on national definitions,I,ROU,Romania,EMP,Employment,PT_POP_SUB,Percentage of population in the same subgroup,M,Male,_T,Total,EMP,Employment,MAIN,Main job,_T,Total,FT,Full-time,NAT_DEF,National definition,A,Annual,2011,,90.223,,A,Normal value,0,Units,1,One
DATAFLOW,OECD.ELS.SAE:DSD_FTPT@DF_FTPT_NATIONAL_INC(1.0),Incidence of full-time and part-time employment based on national definitions,I,ROU,Romania,EMP,Employment,PT_POP_SUB,Percentage of population in the same subgroup,M,Male,_T,Total,EMP,Employment,MAIN,Main job,_T,Total,FT,Full-time,NAT_DEF,National definition,A,Annual,2012,,90.316,,A,Normal value,0,Units,1,One
DATAFLOW,OECD.ELS.SAE:DSD_FTPT@DF_FTPT_NATIONAL_INC(1.0),Incidence of full-time and part-time employment based on national definitions,I,ROU,Romania,EMP,Employment,PT_POP_SUB,Percentage of population in the same subgroup,M,Male,_T,Total,EMP,Employment,MAIN,Main job,_T,Total,FT,Full-time,NAT_DEF,National definition,A,Annual,2014,,90.898,,A,Normal value,0,Units,1,One
DATAFLOW,OECD.ELS.SAE:DSD_FTPT@DF_FTPT_NATIONAL_INC(1.0),Incidence of full-time and part-time employment based on national definitions,I,ROU,Romania,EMP,Employment,PT_POP_SUB,Percentage of population in the same subgroup,M,Male,_T,Total,EMP,Employment,MAIN,Main job,_T,Total,FT,Full-time,NAT_DEF,National definition,A,Annual,2015,,90.595,,A,Normal value,0,Units,1,One
DATAFLOW,OECD.ELS.SAE:DSD_FTPT@DF_FTPT_NATIONAL_INC(1.0),Incidence of full-time and part-time employment based on national definitions,I,ROU,Romania,EMP,Employment,PT_POP_SUB,Percentage of population in the same subgroup,M,Male,_T,Total,EMP,Employment,MAIN,Main job,_T,Total,FT,Full-time,NAT_DEF,National definition,A,Annual,2016,,91.917,,A,Normal value,0,Units,1,One
DATAFLOW,OECD.ELS.SAE:DSD_FTPT@DF_FTPT_NATIONAL_INC(1.0),Incidence of full-time and part-time employment based on national definitions,I,ROU,Romania,EMP,Employment,PT_POP_SUB,Percentage of population in the same subgroup,M,Male,_T,Total,EMP,Employment,MAIN,Main job,_T,Total,FT,Full-time,NAT_DEF,National definition,A,Annual,2017,,92.456,,A,Normal value,0,Units,1,One
DATAFLOW,OECD.ELS.SAE:DSD_FTPT@DF_FTPT_NATIONAL_INC(1.0),Incidence of full-time and part-time employment based on national definitions,I,ROU,Romania,EMP,Employment,PT_POP_SUB,Percentage of population in the same subgroup,M,Male,_T,Total,EMP,Employment,MAIN,Main job,_T,Total,FT,Full-time,NAT_DEF,National definition,A,Annual,2018,,92.947,,A,Normal value,0,Units,1,One
DATAFLOW,OECD.ELS.SAE:DSD_FTPT@DF_FTPT_NATIONAL_INC(1.0),Incidence of full-time and part-time employment based on national definitions,I,ROU,Romania,EMP,Employment,PT_POP_SUB,Percentage of population in the same subgroup,M,Male,_T,Total,EMP,Employment,MAIN,Main job,_T,Total,FT,Full-time,NAT_DEF,National definition,A,Annual,2019,,93.245,,A,Normal value,0,Units,1,One
DATAFLOW,OECD.ELS.SAE:DSD_FTPT@DF_FTPT_NATIONAL_INC(1.0),Incidence of full-time and part-time employment based on national definitions,I,ROU,Romania,EMP,Employment,PT_POP_SUB,Percentage of population in the same subgroup,M,Male,_T,Total,EMP,Employment,MAIN,Main job,_T,Total,FT,Full-time,NAT_DEF,National definition,A,Annual,2022,,96.058,,A,Normal value,0,Units,1,One
DATAFLOW,OECD.ELS.SAE:DSD_FTPT@DF_FTPT_NATIONAL_INC(1.0),Incidence of full-time and part-time employment based on national definitions,I,RUS,Russia,EMP,Employment,PT_POP_SUB,Percentage of population in the same subgroup,M,Male,_T,Total,EMP,Employment,MAIN,Main job,_T,Total,FT,Full-time,NAT_DEF,National definition,A,Annual,2010,,94.438,,A,Normal value,0,Units,1,One
DATAFLOW,OECD.ELS.SAE:DSD_FTPT@DF_FTPT_NATIONAL_INC(1.0),Incidence of full-time and part-time employment based on national definitions,I,RUS,Russia,EMP,Employment,PT_POP_SUB,Percentage of population in the same subgroup,M,Male,_T,Total,EMP,Employment,MAIN,Main job,_T,Total,FT,Full-time,NAT_DEF,National definition,A,Annual,2011,,94.854,,A,Normal value,0,Units,1,One
DATAFLOW,OECD.ELS.SAE:DSD_FTPT@DF_FTPT_NATIONAL_INC(1.0),Incidence of full-time and part-time employment based on national definitions,I,RUS,Russia,EMP,Employment,PT_POP_SUB,Percentage of population in the same subgroup,M,Male,_T,Total,EMP,Employment,MAIN,Main job,_T,Total,FT,Full-time,NAT_DEF,National definition,A,Annual,2012,,95.076,,A,Normal value,0,Units,1,One
DATAFLOW,OECD.ELS.SAE:DSD_FTPT@DF_FTPT_NATIONAL_INC(1.0),Incidence of full-time and part-time employment based on national definitions,I,RUS,Russia,EMP,Employment,PT_POP_SUB,Percentage of population in the same subgroup,M,Male,_T,Total,EMP,Employment,MAIN,Main job,_T,Total,FT,Full-time,NAT_DEF,National definition,A,Annual,2013,,95.14,,A,Normal value,0,Units,1,One
DATAFLOW,OECD.ELS.SAE:DSD_FTPT@DF_FTPT_NATIONAL_INC(1.0),Incidence of full-time and part-time employment based on national definitions,I,RUS,Russia,EMP,Employment,PT_POP_SUB,Percentage of population in the same subgroup,M,Male,_T,Total,EMP,Employment,MAIN,Main job,_T,Total,FT,Full-time,NAT_DEF,National definition,A,Annual,2014,,95.328,,A,Normal value,0,Units,1,One
DATAFLOW,OECD.ELS.SAE:DSD_FTPT@DF_FTPT_NATIONAL_INC(1.0),Incidence of full-time and part-time employment based on national definitions,I,RUS,Russia,EMP,Employment,PT_POP_SUB,Percentage of population in the same subgroup,M,Male,_T,Total,EMP,Employment,MAIN,Main job,_T,Total,FT,Full-time,NAT_DEF,National definition,A,Annual,2015,,95.062,,A,Normal value,0,Units,1,One
DATAFLOW,OECD.ELS.SAE:DSD_FTPT@DF_FTPT_NATIONAL_INC(1.0),Incidence of full-time and part-time employment based on national definitions,I,RUS,Russia,EMP,Employment,PT_POP_SUB,Percentage of population in the same subgroup,M,Male,_T,Total,EMP,Employment,MAIN,Main job,_T,Total,FT,Full-time,NAT_DEF,National definition,A,Annual,2016,,94.803,,A,Normal value,0,Units,1,One
DATAFLOW,OECD.ELS.SAE:DSD_FTPT@DF_FTPT_NATIONAL_INC(1.0),Incidence of full-time and part-time employment based on national definitions,I,RUS,Russia,EMP,Employment,PT_POP_SUB,Percentage of population in the same subgroup,M,Male,_T,Total,EMP,Employment,MAIN,Main job,_T,Total,FT,Full-time,NAT_DEF,National definition,A,Annual,2018,,95.064,,A,Normal value,0,Units,1,One
DATAFLOW,OECD.ELS.SAE:DSD_FTPT@DF_FTPT_NATIONAL_INC(1.0),Incidence of full-time and part-time employment based on national definitions,I,RUS,Russia,EMP,Employment,PT_POP_SUB,Percentage of population in the same subgroup,M,Male,_T,Total,EMP,Employment,MAIN,Main job,_T,Total,FT,Full-time,NAT_DEF,National definition,A,Annual,2019,,94.819,,A,Normal value,0,Units,1,One
DATAFLOW,OECD.ELS.SAE:DSD_FTPT@DF_FTPT_NATIONAL_INC(1.0),Incidence of full-time and part-time employment based on national definitions,I,RUS,Russia,EMP,Employment,PT_POP_SUB,Percentage of population in the same subgroup,M,Male,_T,Total,EMP,Employment,MAIN,Main job,_T,Total,FT,Full-time,NAT_DEF,National definition,A,Annual,2020,,91.139,,A,Normal value,0,Units,1,One
DATAFLOW,OECD.ELS.SAE:DSD_FTPT@DF_FTPT_NATIONAL_INC(1.0),Incidence of full-time and part-time employment based on national definitions,I,ZAF,South Africa,EMP,Employment,PT_POP_SUB,Percentage of population in the same subgroup,M,Male,_T,Total,EMP,Employment,MAIN,Main job,_T,Total,FT,Full-time,NAT_DEF,National definition,A,Annual,2010,,93.781,,A,Normal value,0,Units,1,One
DATAFLOW,OECD.ELS.SAE:DSD_FTPT@DF_FTPT_NATIONAL_INC(1.0),Incidence of full-time and part-time employment based on national definitions,I,ZAF,South Africa,EMP,Employment,PT_POP_SUB,Percentage of population in the same subgroup,M,Male,_T,Total,EMP,Employment,MAIN,Main job,_T,Total,FT,Full-time,NAT_DEF,National definition,A,Annual,2011,,93.406,,A,Normal value,0,Units,1,One
DATAFLOW,OECD.ELS.SAE:DSD_FTPT@DF_FTPT_NATIONAL_INC(1.0),Incidence of full-time and part-time employment based on national definitions,I,ZAF,South Africa,EMP,Employment,PT_POP_SUB,Percentage of population in the same subgroup,M,Male,_T,Total,EMP,Employment,MAIN,Main job,_T,Total,FT,Full-time,NAT_DEF,National definition,A,Annual,2012,,93.388,,A,Normal value,0,Units,1,One
DATAFLOW,OECD.ELS.SAE:DSD_FTPT@DF_FTPT_NATIONAL_INC(1.0),Incidence of full-time and part-time employment based on national definitions,I,ZAF,South Africa,EMP,Employment,PT_POP_SUB,Percentage of population in the same subgroup,M,Male,_T,Total,EMP,Employment,MAIN,Main job,_T,Total,FT,Full-time,NAT_DEF,National definition,A,Annual,2013,,92.889,,A,Normal value,0,Units,1,One
DATAFLOW,OECD.ELS.SAE:DSD_FTPT@DF_FTPT_NATIONAL_INC(1.0),Incidence of full-time and part-time employment based on national definitions,I,ZAF,South Africa,EMP,Employment,PT_POP_SUB,Percentage of population in the same subgroup,M,Male,_T,Total,EMP,Employment,MAIN,Main job,_T,Total,FT,Full-time,NAT_DEF,National definition,A,Annual,2014,,92.752,,A,Normal value,0,Units,1,One
DATAFLOW,OECD.ELS.SAE:DSD_FTPT@DF_FTPT_NATIONAL_INC(1.0),Incidence of full-time and part-time employment based on national definitions,I,ZAF,South Africa,EMP,Employment,PT_POP_SUB,Percentage of population in the same subgroup,M,Male,_T,Total,EMP,Employment,MAIN,Main job,_T,Total,FT,Full-time,NAT_DEF,National definition,A,Annual,2015,,92.472,,A,Normal value,0,Units,1,One
DATAFLOW,OECD.ELS.SAE:DSD_FTPT@DF_FTPT_NATIONAL_INC(1.0),Incidence of full-time and part-time employment based on national definitions,I,ZAF,South Africa,EMP,Employment,PT_POP_SUB,Percentage of population in the same subgroup,M,Male,_T,Total,EMP,Employment,MAIN,Main job,_T,Total,FT,Full-time,NAT_DEF,National definition,A,Annual,2016,,92.377,,A,Normal value,0,Units,1,One
DATAFLOW,OECD.ELS.SAE:DSD_FTPT@DF_FTPT_NATIONAL_INC(1.0),Incidence of full-time and part-time employment based on national definitions,I,ZAF,South Africa,EMP,Employment,PT_POP_SUB,Percentage of population in the same subgroup,M,Male,_T,Total,EMP,Employment,MAIN,Main job,_T,Total,FT,Full-time,NAT_DEF,National definition,A,Annual,2017,,92.023,,A,Normal value,0,Units,1,One
DATAFLOW,OECD.ELS.SAE:DSD_FTPT@DF_FTPT_NATIONAL_INC(1.0),Incidence of full-time and part-time employment based on national definitions,I,ZAF,South Africa,EMP,Employment,PT_POP_SUB,Percentage of population in the same subgroup,M,Male,_T,Total,EMP,Employment,MAIN,Main job,_T,Total,FT,Full-time,NAT_DEF,National definition,A,Annual,2018,,91.715,,A,Normal value,0,Units,1,One
DATAFLOW,OECD.ELS.SAE:DSD_FTPT@DF_FTPT_NATIONAL_INC(1.0),Incidence of full-time and part-time employment based on national definitions,I,ZAF,South Africa,EMP,Employment,PT_POP_SUB,Percentage of population in the same subgroup,M,Male,_T,Total,EMP,Employment,MAIN,Main job,_T,Total,FT,Full-time,NAT_DEF,National definition,A,Annual,2019,,91.426,,A,Normal value,0,Units,1,One
DATAFLOW,OECD.ELS.SAE:DSD_FTPT@DF_FTPT_NATIONAL_INC(1.0),Incidence of full-time and part-time employment based on national definitions,I,ZAF,South Africa,EMP,Employment,PT_POP_SUB,Percentage of population in the same subgroup,M,Male,_T,Total,EMP,Employment,MAIN,Main job,_T,Total,FT,Full-time,NAT_DEF,National definition,A,Annual,2020,,90.139,,A,Normal value,0,Units,1,One
DATAFLOW,OECD.ELS.SAE:DSD_FTPT@DF_FTPT_NATIONAL_INC(1.0),Incidence of full-time and part-time employment based on national definitions,I,ZAF,South Africa,EMP,Employment,PT_POP_SUB,Percentage of population in the same subgroup,M,Male,_T,Total,EMP,Employment,MAIN,Main job,_T,Total,FT,Full-time,NAT_DEF,National definition,A,Annual,2021,,90.153,,A,Normal value,0,Units,1,One
DATAFLOW,OECD.ELS.SAE:DSD_FTPT@DF_FTPT_NATIONAL_INC(1.0),Incidence of full-time and part-time employment based on national definitions,I,ZAF,South Africa,EMP,Employment,PT_POP_SUB,Percentage of population in the same subgroup,M,Male,_T,Total,EMP,Employment,MAIN,Main job,_T,Total,FT,Full-time,NAT_DEF,National definition,A,Annual,2022,,89.595,,A,Normal value,0,Units,1,One
DATAFLOW,OECD.ELS.SAE:DSD_FTPT@DF_FTPT_NATIONAL_INC(1.0),Incidence of full-time and part-time employment based on national definitions,I,EU27,European Union (27 countries),EMP,Employment,PT_POP_SUB,Percentage of population in the same subgroup,M,Male,_T,Total,EMP,Employment,MAIN,Main job,_T,Total,FT,Full-time,NAT_DEF,National definition,A,Annual,2014,,90.855,,A,Normal value,0,Units,1,One
DATAFLOW,OECD.ELS.SAE:DSD_FTPT@DF_FTPT_NATIONAL_INC(1.0),Incidence of full-time and part-time employment based on national definitions,I,EU27,European Union (27 countries),EMP,Employment,PT_POP_SUB,Percentage of population in the same subgroup,F,Female,_T,Total,EMP,Employment,MAIN,Main job,_T,Total,FT,Full-time,NAT_DEF,National definition,A,Annual,2014,,69.124,,A,Normal value,0,Units,1,One
DATAFLOW,OECD.ELS.SAE:DSD_FTPT@DF_FTPT_NATIONAL_INC(1.0),Incidence of full-time and part-time employment based on national definitions,I,EU27,European Union (27 countries),EMP,Employment,PT_POP_SUB,Percentage of population in the same subgroup,F,Female,_T,Total,EMP,Employment,MAIN,Main job,_T,Total,FT,Full-time,NAT_DEF,National definition,A,Annual,2015,,69.187,,A,Normal value,0,Units,1,One
DATAFLOW,OECD.ELS.SAE:DSD_FTPT@DF_FTPT_NATIONAL_INC(1.0),Incidence of full-time and part-time employment based on national definitions,I,EU27,European Union (27 countries),EMP,Employment,PT_POP_SUB,Percentage of population in the same subgroup,M,Male,_T,Total,EMP,Employment,MAIN,Main job,_T,Total,FT,Full-time,NAT_DEF,National definition,A,Annual,2016,,90.768,,A,Normal value,0,Units,1,One
DATAFLOW,OECD.ELS.SAE:DSD_FTPT@DF_FTPT_NATIONAL_INC(1.0),Incidence of full-time and part-time employment based on national definitions,I,EU27,European Union (27 countries),EMP,Employment,PT_POP_SUB,Percentage of population in the same subgroup,F,Female,_T,Total,EMP,Employment,MAIN,Main job,_T,Total,FT,Full-time,NAT_DEF,National definition,A,Annual,2017,,69.511,,A,Normal value,0,Units,1,One
DATAFLOW,OECD.ELS.SAE:DSD_FTPT@DF_FTPT_NATIONAL_INC(1.0),Incidence of full-time and part-time employment based on national definitions,I,EU27,European Union (27 countries),EMP,Employment,PT_POP_SUB,Percentage of population in the same subgroup,F,Female,_T,Total,EMP,Employment,MAIN,Main job,_T,Total,FT,Full-time,NAT_DEF,National definition,A,Annual,2018,,69.778,,A,Normal value,0,Units,1,One
DATAFLOW,OECD.ELS.SAE:DSD_FTPT@DF_FTPT_NATIONAL_INC(1.0),Incidence of full-time and part-time employment based on national definitions,I,EU27,European Union (27 countries),EMP,Employment,PT_POP_SUB,Percentage of population in the same subgroup,F,Female,_T,Total,EMP,Employment,MAIN,Main job,_T,Total,FT,Full-time,NAT_DEF,National definition,A,Annual,2019,,69.763,,A,Normal value,0,Units,1,One
DATAFLOW,OECD.ELS.SAE:DSD_FTPT@DF_FTPT_NATIONAL_INC(1.0),Incidence of full-time and part-time employment based on national definitions,I,CHL,Chile,EMP,Employment,PT_POP_SUB,Percentage of population in the same subgroup,M,Male,_T,Total,EMP,Employment,MAIN,Main job,_T,Total,FT,Full-time,NAT_DEF,National definition,A,Annual,2015,,87.178,,A,Normal value,0,Units,1,One
DATAFLOW,OECD.ELS.SAE:DSD_FTPT@DF_FTPT_NATIONAL_INC(1.0),Incidence of full-time and part-time employment based on national definitions,I,CHL,Chile,EMP,Employment,PT_POP_SUB,Percentage of population in the same subgroup,M,Male,_T,Total,EMP,Employment,MAIN,Main job,_T,Total,FT,Full-time,NAT_DEF,National definition,A,Annual,2020,,85.792,,A,Normal value,0,Units,1,One
DATAFLOW,OECD.ELS.SAE:DSD_FTPT@DF_FTPT_NATIONAL_INC(1.0),Incidence of full-time and part-time employment based on national definitions,I,DNK,Denmark,EMP,Employment,PT_POP_SUB,Percentage of population in the same subgroup,M,Male,_T,Total,EMP,Employment,MAIN,Main job,_T,Total,FT,Full-time,NAT_DEF,National definition,A,Annual,2020,,84.506,,A,Normal value,0,Units,1,One
DATAFLOW,OECD.ELS.SAE:DSD_FTPT@DF_FTPT_NATIONAL_INC(1.0),Incidence of full-time and part-time employment based on national definitions,I,IRL,Ireland,EMP,Employment,PT_POP_SUB,Percentage of population in the same subgroup,M,Male,_T,Total,EMP,Employment,MAIN,Main job,_T,Total,FT,Full-time,NAT_DEF,National definition,A,Annual,2021,,91.14,,A,Normal value,0,Units,1,One
DATAFLOW,OECD.ELS.SAE:DSD_FTPT@DF_FTPT_NATIONAL_INC(1.0),Incidence of full-time and part-time employment based on national definitions,I,IRL,Ireland,EMP,Employment,PT_POP_SUB,Percentage of population in the same subgroup,F,Female,_T,Total,EMP,Employment,MAIN,Main job,_T,Total,FT,Full-time,NAT_DEF,National definition,A,Annual,2022,,70.53,,A,Normal value,0,Units,1,One
DATAFLOW,OECD.ELS.SAE:DSD_FTPT@DF_FTPT_NATIONAL_INC(1.0),Incidence of full-time and part-time employment based on national definitions,I,CHE,Switzerland,EMP,Employment,PT_POP_SUB,Percentage of population in the same subgroup,M,Male,_T,Total,EMP,Employment,MAIN,Main job,_T,Total,FT,Full-time,NAT_DEF,National definition,A,Annual,2022,,81.2,,A,Normal value,0,Units,1,One
DATAFLOW,OECD.ELS.SAE:DSD_FTPT@DF_FTPT_NATIONAL_INC(1.0),Incidence of full-time and part-time employment based on national definitions,I,AUS,Australia,EMP,Employment,PT_POP_SUB,Percentage of population in the same subgroup,F,Female,_T,Total,EMP,Employment,MAIN,Main job,_T,Total,FT,Full-time,NAT_DEF,National definition,A,Annual,2016,,53.417,,A,Normal value,0,Units,1,One
DATAFLOW,OECD.ELS.SAE:DSD_FTPT@DF_FTPT_NATIONAL_INC(1.0),Incidence of full-time and part-time employment based on national definitions,I,AUS,Australia,EMP,Employment,PT_POP_SUB,Percentage of population in the same subgroup,F,Female,_T,Total,EMP,Employment,MAIN,Main job,_T,Total,FT,Full-time,NAT_DEF,National definition,A,Annual,2018,,53.627,,A,Normal value,0,Units,1,One
DATAFLOW,OECD.ELS.SAE:DSD_FTPT@DF_FTPT_NATIONAL_INC(1.0),Incidence of full-time and part-time employment based on national definitions,I,AUS,Australia,EMP,Employment,PT_POP_SUB,Percentage of population in the same subgroup,F,Female,_T,Total,EMP,Employment,MAIN,Main job,_T,Total,FT,Full-time,NAT_DEF,National definition,A,Annual,2019,,54.201,,A,Normal value,0,Units,1,One
DATAFLOW,OECD.ELS.SAE:DSD_FTPT@DF_FTPT_NATIONAL_INC(1.0),Incidence of full-time and part-time employment based on national definitions,I,AUS,Australia,EMP,Employment,PT_POP_SUB,Percentage of population in the same subgroup,M,Male,_T,Total,EMP,Employment,MAIN,Main job,_T,Total,FT,Full-time,NAT_DEF,National definition,A,Annual,2020,,81.05,,A,Normal value,0,Units,1,One
DATAFLOW,OECD.ELS.SAE:DSD_FTPT@DF_FTPT_NATIONAL_INC(1.0),Incidence of full-time and part-time employment based on national definitions,I,EU22OECD,European Union (22 countries) in OECD,EMP,Employment,PT_POP_SUB,Percentage of population in the same subgroup,F,Female,_T,Total,EMP,Employment,MAIN,Main job,_T,Total,FT,Full-time,NAT_DEF,National definition,A,Annual,2011,,68.433,,A,Normal value,0,Units,1,One
DATAFLOW,OECD.ELS.SAE:DSD_FTPT@DF_FTPT_NATIONAL_INC(1.0),Incidence of full-time and part-time employment based on national definitions,I,EU22OECD,European Union (22 countries) in OECD,EMP,Employment,PT_POP_SUB,Percentage of population in the same subgroup,F,Female,_T,Total,EMP,Employment,MAIN,Main job,_T,Total,FT,Full-time,NAT_DEF,National definition,A,Annual,2012,,67.936,,A,Normal value,0,Units,1,One
DATAFLOW,OECD.ELS.SAE:DSD_FTPT@DF_FTPT_NATIONAL_INC(1.0),Incidence of full-time and part-time employment based on national definitions,I,EU22OECD,European Union (22 countries) in OECD,EMP,Employment,PT_POP_SUB,Percentage of population in the same subgroup,F,Female,_T,Total,EMP,Employment,MAIN,Main job,_T,Total,FT,Full-time,NAT_DEF,National definition,A,Annual,2015,,67.54,,A,Normal value,0,Units,1,One
DATAFLOW,OECD.ELS.SAE:DSD_FTPT@DF_FTPT_NATIONAL_INC(1.0),Incidence of full-time and part-time employment based on national definitions,I,EU22OECD,European Union (22 countries) in OECD,EMP,Employment,PT_POP_SUB,Percentage of population in the same subgroup,M,Male,_T,Total,EMP,Employment,MAIN,Main job,_T,Total,FT,Full-time,NAT_DEF,National definition,A,Annual,2016,,90.564,,A,Normal value,0,Units,1,One
DATAFLOW,OECD.ELS.SAE:DSD_FTPT@DF_FTPT_NATIONAL_INC(1.0),Incidence of full-time and part-time employment based on national definitions,I,EU22OECD,European Union (22 countries) in OECD,EMP,Employment,PT_POP_SUB,Percentage of population in the same subgroup,F,Female,_T,Total,EMP,Employment,MAIN,Main job,_T,Total,FT,Full-time,NAT_DEF,National definition,A,Annual,2018,,68.086,,A,Normal value,0,Units,1,One
DATAFLOW,OECD.ELS.SAE:DSD_FTPT@DF_FTPT_NATIONAL_INC(1.0),Incidence of full-time and part-time employment based on national definitions,I,EU22OECD,European Union (22 countries) in OECD,EMP,Employment,PT_POP_SUB,Percentage of population in the same subgroup,M,Male,_T,Total,EMP,Employment,MAIN,Main job,_T,Total,FT,Full-time,NAT_DEF,National definition,A,Annual,2019,,90.494,,A,Normal value,0,Units,1,One
DATAFLOW,OECD.ELS.SAE:DSD_FTPT@DF_FTPT_NATIONAL_INC(1.0),Incidence of full-time and part-time employment based on national definitions,I,EU22OECD,European Union (22 countries) in OECD,EMP,Employment,PT_POP_SUB,Percentage of population in the same subgroup,F,Female,_T,Total,EMP,Employment,MAIN,Main job,_T,Total,FT,Full-time,NAT_DEF,National definition,A,Annual,2019,,68.083,,A,Normal value,0,Units,1,One
DATAFLOW,OECD.ELS.SAE:DSD_FTPT@DF_FTPT_NATIONAL_INC(1.0),Incidence of full-time and part-time employment based on national definitions,I,POL,Poland,EMP,Employment,PT_POP_SUB,Percentage of population in the same subgroup,F,Female,_T,Total,EMP,Employment,MAIN,Main job,_T,Total,FT,Full-time,NAT_DEF,National definition,A,Annual,2019,,89.821,,A,Normal value,0,Units,1,One
DATAFLOW,OECD.ELS.SAE:DSD_FTPT@DF_FTPT_NATIONAL_INC(1.0),Incidence of full-time and part-time employment based on national definitions,I,POL,Poland,EMP,Employment,PT_POP_SUB,Percentage of population in the same subgroup,M,Male,_T,Total,EMP,Employment,MAIN,Main job,_T,Total,FT,Full-time,NAT_DEF,National definition,A,Annual,2019,,95.626,,A,Normal value,0,Units,1,One
DATAFLOW,OECD.ELS.SAE:DSD_FTPT@DF_FTPT_NATIONAL_INC(1.0),Incidence of full-time and part-time employment based on national definitions,I,POL,Poland,EMP,Employment,PT_POP_SUB,Percentage of population in the same subgroup,F,Female,_T,Total,EMP,Employment,MAIN,Main job,_T,Total,FT,Full-time,NAT_DEF,National definition,A,Annual,2020,,90.106,,A,Normal value,0,Units,1,One
DATAFLOW,OECD.ELS.SAE:DSD_FTPT@DF_FTPT_NATIONAL_INC(1.0),Incidence of full-time and part-time employment based on national definitions,I,POL,Poland,EMP,Employment,PT_POP_SUB,Percentage of population in the same subgroup,M,Male,_T,Total,EMP,Employment,MAIN,Main job,_T,Total,FT,Full-time,NAT_DEF,National definition,A,Annual,2020,,95.779,,A,Normal value,0,Units,1,One
DATAFLOW,OECD.ELS.SAE:DSD_FTPT@DF_FTPT_NATIONAL_INC(1.0),Incidence of full-time and part-time employment based on national definitions,I,POL,Poland,EMP,Employment,PT_POP_SUB,Percentage of population in the same subgroup,F,Female,_T,Total,EMP,Employment,MAIN,Main job,_T,Total,FT,Full-time,NAT_DEF,National definition,A,Annual,2021,,92.026,,A,Normal value,0,Units,1,One
DATAFLOW,OECD.ELS.SAE:DSD_FTPT@DF_FTPT_NATIONAL_INC(1.0),Incidence of full-time and part-time employment based on national definitions,I,POL,Poland,EMP,Employment,PT_POP_SUB,Percentage of population in the same subgroup,M,Male,_T,Total,EMP,Employment,MAIN,Main job,_T,Total,FT,Full-time,NAT_DEF,National definition,A,Annual,2021,,96.399,,A,Normal value,0,Units,1,One
DATAFLOW,OECD.ELS.SAE:DSD_FTPT@DF_FTPT_NATIONAL_INC(1.0),Incidence of full-time and part-time employment based on national definitions,I,POL,Poland,EMP,Employment,PT_POP_SUB,Percentage of population in the same subgroup,F,Female,_T,Total,EMP,Employment,MAIN,Main job,_T,Total,FT,Full-time,NAT_DEF,National definition,A,Annual,2022,,92.031,,A,Normal value,0,Units,1,One
DATAFLOW,OECD.ELS.SAE:DSD_FTPT@DF_FTPT_NATIONAL_INC(1.0),Incidence of full-time and part-time employment based on national definitions,I,POL,Poland,EMP,Employment,PT_POP_SUB,Percentage of population in the same subgroup,M,Male,_T,Total,EMP,Employment,MAIN,Main job,_T,Total,FT,Full-time,NAT_DEF,National definition,A,Annual,2022,,96.268,,A,Normal value,0,Units,1,One
DATAFLOW,OECD.ELS.SAE:DSD_FTPT@DF_FTPT_NATIONAL_INC(1.0),Incidence of full-time and part-time employment based on national definitions,I,POL,Poland,EMP,Employment,PT_POP_SUB,Percentage of population in the same subgroup,F,Female,_T,Total,EMP,Employment,MAIN,Main job,_T,Total,FT,Full-time,NAT_DEF,National definition,A,Annual,2023,,91.519,,A,Normal value,0,Units,1,One
DATAFLOW,OECD.ELS.SAE:DSD_FTPT@DF_FTPT_NATIONAL_INC(1.0),Incidence of full-time and part-time employment based on national definitions,I,EU19OECD,European Union (19 countries) in OECD,EMP,Employment,PT_POP_SUB,Percentage of population in the same subgroup,M,Male,_T,Total,EMP,Employment,MAIN,Main job,_T,Total,FT,Full-time,NAT_DEF,National definition,A,Annual,2019,,89.799,,A,Normal value,0,Units,1,One
DATAFLOW,OECD.ELS.SAE:DSD_FTPT@DF_FTPT_NATIONAL_INC(1.0),Incidence of full-time and part-time employment based on national definitions,I,EU19OECD,European Union (19 countries) in OECD,EMP,Employment,PT_POP_SUB,Percentage of population in the same subgroup,F,Female,_T,Total,EMP,Employment,MAIN,Main job,_T,Total,FT,Full-time,NAT_DEF,National definition,A,Annual,2012,,64.528,,A,Normal value,0,Units,1,One
DATAFLOW,OECD.ELS.SAE:DSD_FTPT@DF_FTPT_NATIONAL_INC(1.0),Incidence of full-time and part-time employment based on national definitions,I,EU19OECD,European Union (19 countries) in OECD,EMP,Employment,PT_POP_SUB,Percentage of population in the same subgroup,F,Female,_T,Total,EMP,Employment,MAIN,Main job,_T,Total,FT,Full-time,NAT_DEF,National definition,A,Annual,2015,,63.753,,A,Normal value,0,Units,1,One
DATAFLOW,OECD.ELS.SAE:DSD_FTPT@DF_FTPT_NATIONAL_INC(1.0),Incidence of full-time and part-time employment based on national definitions,I,EU19OECD,European Union (19 countries) in OECD,EMP,Employment,PT_POP_SUB,Percentage of population in the same subgroup,F,Female,_T,Total,EMP,Employment,MAIN,Main job,_T,Total,FT,Full-time,NAT_DEF,National definition,A,Annual,2017,,64.084,,A,Normal value,0,Units,1,One
DATAFLOW,OECD.ELS.SAE:DSD_FTPT@DF_FTPT_NATIONAL_INC(1.0),Incidence of full-time and part-time employment based on national definitions,I,EU19OECD,European Union (19 countries) in OECD,EMP,Employment,PT_POP_SUB,Percentage of population in the same subgroup,F,Female,_T,Total,EMP,Employment,MAIN,Main job,_T,Total,FT,Full-time,NAT_DEF,National definition,A,Annual,2018,,64.413,,A,Normal value,0,Units,1,One
DATAFLOW,OECD.ELS.SAE:DSD_FTPT@DF_FTPT_NATIONAL_INC(1.0),Incidence of full-time and part-time employment based on national definitions,I,OECD,OECD,EMP,Employment,PT_POP_SUB,Percentage of population in the same subgroup,M,Male,_T,Total,EMP,Employment,MAIN,Main job,_T,Total,FT,Full-time,NAT_DEF,National definition,A,Annual,2017,,88.601,,A,Normal value,0,Units,1,One
DATAFLOW,OECD.ELS.SAE:DSD_FTPT@DF_FTPT_NATIONAL_INC(1.0),Incidence of full-time and part-time employment based on national definitions,I,OECD,OECD,EMP,Employment,PT_POP_SUB,Percentage of population in the same subgroup,M,Male,_T,Total,EMP,Employment,MAIN,Main job,_T,Total,FT,Full-time,NAT_DEF,National definition,A,Annual,2018,,88.547,,A,Normal value,0,Units,1,One
DATAFLOW,OECD.ELS.SAE:DSD_FTPT@DF_FTPT_NATIONAL_INC(1.0),Incidence of full-time and part-time employment based on national definitions,I,OECD,OECD,EMP,Employment,PT_POP_SUB,Percentage of population in the same subgroup,M,Male,_T,Total,EMP,Employment,MAIN,Main job,_T,Total,FT,Full-time,NAT_DEF,National definition,A,Annual,2019,,88.305,,A,Normal value,0,Units,1,One
DATAFLOW,OECD.ELS.SAE:DSD_FTPT@DF_FTPT_NATIONAL_INC(1.0),Incidence of full-time and part-time employment based on national definitions,I,OECD,OECD,EMP,Employment,PT_POP_SUB,Percentage of population in the same subgroup,M,Male,_T,Total,EMP,Employment,MAIN,Main job,_T,Total,FT,Full-time,NAT_DEF,National definition,A,Annual,2020,,88.027,,A,Normal value,0,Units,1,One
DATAFLOW,OECD.ELS.SAE:DSD_FTPT@DF_FTPT_NATIONAL_INC(1.0),Incidence of full-time and part-time employment based on national definitions,I,OECD,OECD,EMP,Employment,PT_POP_SUB,Percentage of population in the same subgroup,F,Female,_T,Total,EMP,Employment,MAIN,Main job,_T,Total,FT,Full-time,NAT_DEF,National definition,A,Annual,2011,,68.587,,A,Normal value,0,Units,1,One
DATAFLOW,OECD.ELS.SAE:DSD_FTPT@DF_FTPT_NATIONAL_INC(1.0),Incidence of full-time and part-time employment based on national definitions,I,OECD,OECD,EMP,Employment,PT_POP_SUB,Percentage of population in the same subgroup,F,Female,_T,Total,EMP,Employment,MAIN,Main job,_T,Total,FT,Full-time,NAT_DEF,National definition,A,Annual,2015,,68.752,,A,Normal value,0,Units,1,One
DATAFLOW,OECD.ELS.SAE:DSD_FTPT@DF_FTPT_NATIONAL_INC(1.0),Incidence of full-time and part-time employment based on national definitions,I,OECD,OECD,EMP,Employment,PT_POP_SUB,Percentage of population in the same subgroup,F,Female,_T,Total,EMP,Employment,MAIN,Main job,_T,Total,FT,Full-time,NAT_DEF,National definition,A,Annual,2016,,68.933,,A,Normal value,0,Units,1,One
DATAFLOW,OECD.ELS.SAE:DSD_FTPT@DF_FTPT_NATIONAL_INC(1.0),Incidence of full-time and part-time employment based on national definitions,I,OECD,OECD,EMP,Employment,PT_POP_SUB,Percentage of population in the same subgroup,F,Female,_T,Total,EMP,Employment,MAIN,Main job,_T,Total,FT,Full-time,NAT_DEF,National definition,A,Annual,2018,,69.417,,A,Normal value,0,Units,1,One
DATAFLOW,OECD.ELS.SAE:DSD_FTPT@DF_FTPT_NATIONAL_INC(1.0),Incidence of full-time and part-time employment based on national definitions,I,OECD,OECD,EMP,Employment,PT_POP_SUB,Percentage of population in the same subgroup,F,Female,_T,Total,EMP,Employment,MAIN,Main job,_T,Total,FT,Full-time,NAT_DEF,National definition,A,Annual,2019,,69.457,,A,Normal value,0,Units,1,One
DATAFLOW,OECD.ELS.SAE:DSD_FTPT@DF_FTPT_NATIONAL_INC(1.0),Incidence of full-time and part-time employment based on national definitions,I,OECD,OECD,EMP,Employment,PT_POP_SUB,Percentage of population in the same subgroup,F,Female,_T,Total,EMP,Employment,MAIN,Main job,_T,Total,FT,Full-time,NAT_DEF,National definition,A,Annual,2020,,69.845,,A,Normal value,0,Units,1,One
DATAFLOW,OECD.ELS.SAE:DSD_FTPT@DF_FTPT_NATIONAL_INC(1.0),Incidence of full-time and part-time employment based on national definitions,I,PER,Peru,EMP,Employment,PT_POP_SUB,Percentage of population in the same subgroup,F,Female,_T,Total,EMP,Employment,MAIN,Main job,_T,Total,FT,Full-time,NAT_DEF,National definition,A,Annual,2010,,64.959,,A,Normal value,0,Units,1,One
DATAFLOW,OECD.ELS.SAE:DSD_FTPT@DF_FTPT_NATIONAL_INC(1.0),Incidence of full-time and part-time employment based on national definitions,I,PER,Peru,EMP,Employment,PT_POP_SUB,Percentage of population in the same subgroup,M,Male,_T,Total,EMP,Employment,MAIN,Main job,_T,Total,FT,Full-time,NAT_DEF,National definition,A,Annual,2010,,81.894,,A,Normal value,0,Units,1,One
DATAFLOW,OECD.ELS.SAE:DSD_FTPT@DF_FTPT_NATIONAL_INC(1.0),Incidence of full-time and part-time employment based on national definitions,I,PER,Peru,EMP,Employment,PT_POP_SUB,Percentage of population in the same subgroup,M,Male,_T,Total,EMP,Employment,MAIN,Main job,_T,Total,FT,Full-time,NAT_DEF,National definition,A,Annual,2011,,81.823,,A,Normal value,0,Units,1,One
DATAFLOW,OECD.ELS.SAE:DSD_FTPT@DF_FTPT_NATIONAL_INC(1.0),Incidence of full-time and part-time employment based on national definitions,I,PER,Peru,EMP,Employment,PT_POP_SUB,Percentage of population in the same subgroup,F,Female,_T,Total,EMP,Employment,MAIN,Main job,_T,Total,FT,Full-time,NAT_DEF,National definition,A,Annual,2011,,64.769,,A,Normal value,0,Units,1,One
DATAFLOW,OECD.ELS.SAE:DSD_FTPT@DF_FTPT_NATIONAL_INC(1.0),Incidence of full-time and part-time employment based on national definitions,I,PER,Peru,EMP,Employment,PT_POP_SUB,Percentage of population in the same subgroup,M,Male,_T,Total,EMP,Employment,MAIN,Main job,_T,Total,FT,Full-time,NAT_DEF,National definition,A,Annual,2012,,80.911,,A,Normal value,0,Units,1,One
DATAFLOW,OECD.ELS.SAE:DSD_FTPT@DF_FTPT_NATIONAL_INC(1.0),Incidence of full-time and part-time employment based on national definitions,I,PER,Peru,EMP,Employment,PT_POP_SUB,Percentage of population in the same subgroup,F,Female,_T,Total,EMP,Employment,MAIN,Main job,_T,Total,FT,Full-time,NAT_DEF,National definition,A,Annual,2013,,64.597,,A,Normal value,0,Units,1,One
DATAFLOW,OECD.ELS.SAE:DSD_FTPT@DF_FTPT_NATIONAL_INC(1.0),Incidence of full-time and part-time employment based on national definitions,I,PER,Peru,EMP,Employment,PT_POP_SUB,Percentage of population in the same subgroup,F,Female,_T,Total,EMP,Employment,MAIN,Main job,_T,Total,FT,Full-time,NAT_DEF,National definition,A,Annual,2014,,64.987,,A,Normal value,0,Units,1,One
DATAFLOW,OECD.ELS.SAE:DSD_FTPT@DF_FTPT_NATIONAL_INC(1.0),Incidence of full-time and part-time employment based on national definitions,I,PER,Peru,EMP,Employment,PT_POP_SUB,Percentage of population in the same subgroup,F,Female,_T,Total,EMP,Employment,MAIN,Main job,_T,Total,FT,Full-time,NAT_DEF,National definition,A,Annual,2015,,66.722,,A,Normal value,0,Units,1,One
DATAFLOW,OECD.ELS.SAE:DSD_FTPT@DF_FTPT_NATIONAL_INC(1.0),Incidence of full-time and part-time employment based on national definitions,I,PER,Peru,EMP,Employment,PT_POP_SUB,Percentage of population in the same subgroup,F,Female,_T,Total,EMP,Employment,MAIN,Main job,_T,Total,FT,Full-time,NAT_DEF,National definition,A,Annual,2016,,65.128,,A,Normal value,0,Units,1,One
DATAFLOW,OECD.ELS.SAE:DSD_FTPT@DF_FTPT_NATIONAL_INC(1.0),Incidence of full-time and part-time employment based on national definitions,I,PER,Peru,EMP,Employment,PT_POP_SUB,Percentage of population in the same subgroup,M,Male,_T,Total,EMP,Employment,MAIN,Main job,_T,Total,FT,Full-time,NAT_DEF,National definition,A,Annual,2016,,80.94,,A,Normal value,0,Units,1,One
DATAFLOW,OECD.ELS.SAE:DSD_FTPT@DF_FTPT_NATIONAL_INC(1.0),Incidence of full-time and part-time employment based on national definitions,I,PER,Peru,EMP,Employment,PT_POP_SUB,Percentage of population in the same subgroup,F,Female,_T,Total,EMP,Employment,MAIN,Main job,_T,Total,FT,Full-time,NAT_DEF,National definition,A,Annual,2018,,66.064,,A,Normal value,0,Units,1,One
DATAFLOW,OECD.ELS.SAE:DSD_FTPT@DF_FTPT_NATIONAL_INC(1.0),Incidence of full-time and part-time employment based on national definitions,I,PER,Peru,EMP,Employment,PT_POP_SUB,Percentage of population in the same subgroup,M,Male,_T,Total,EMP,Employment,MAIN,Main job,_T,Total,FT,Full-time,NAT_DEF,National definition,A,Annual,2018,,80.89,,A,Normal value,0,Units,1,One
DATAFLOW,OECD.ELS.SAE:DSD_FTPT@DF_FTPT_NATIONAL_INC(1.0),Incidence of full-time and part-time employment based on national definitions,I,PER,Peru,EMP,Employment,PT_POP_SUB,Percentage of population in the same subgroup,M,Male,_T,Total,EMP,Employment,MAIN,Main job,_T,Total,FT,Full-time,NAT_DEF,National definition,A,Annual,2019,,80.26,,A,Normal value,0,Units,1,One
DATAFLOW,OECD.ELS.SAE:DSD_FTPT@DF_FTPT_NATIONAL_INC(1.0),Incidence of full-time and part-time employment based on national definitions,I,PER,Peru,EMP,Employment,PT_POP_SUB,Percentage of population in the same subgroup,M,Male,_T,Total,EMP,Employment,MAIN,Main job,_T,Total,FT,Full-time,NAT_DEF,National definition,A,Annual,2021,,79.458,,A,Normal value,0,Units,1,One
DATAFLOW,OECD.ELS.SAE:DSD_FTPT@DF_FTPT_NATIONAL_INC(1.0),Incidence of full-time and part-time employment based on national definitions,I,PER,Peru,EMP,Employment,PT_POP_SUB,Percentage of population in the same subgroup,F,Female,_T,Total,EMP,Employment,MAIN,Main job,_T,Total,FT,Full-time,NAT_DEF,National definition,A,Annual,2021,,64.639,,A,Normal value,0,Units,1,One
DATAFLOW,OECD.ELS.SAE:DSD_FTPT@DF_FTPT_NATIONAL_INC(1.0),Incidence of full-time and part-time employment based on national definitions,I,PER,Peru,EMP,Employment,PT_POP_SUB,Percentage of population in the same subgroup,F,Female,_T,Total,EMP,Employment,MAIN,Main job,_T,Total,FT,Full-time,NAT_DEF,National definition,A,Annual,2022,,63.913,,A,Normal value,0,Units,1,One
DATAFLOW,OECD.ELS.SAE:DSD_FTPT@DF_FTPT_NATIONAL_INC(1.0),Incidence of full-time and part-time employment based on national definitions,I,PER,Peru,EMP,Employment,PT_POP_SUB,Percentage of population in the same subgroup,M,Male,_T,Total,EMP,Employment,MAIN,Main job,_T,Total,FT,Full-time,NAT_DEF,National definition,A,Annual,2022,,80.113,,A,Normal value,0,Units,1,One
DATAFLOW,OECD.ELS.SAE:DSD_FTPT@DF_FTPT_NATIONAL_INC(1.0),Incidence of full-time and part-time employment based on national definitions,I,PER,Peru,EMP,Employment,PT_POP_SUB,Percentage of population in the same subgroup,M,Male,_T,Total,EMP,Employment,MAIN,Main job,_T,Total,FT,Full-time,NAT_DEF,National definition,A,Annual,2023,,81.387,,A,Normal value,0,Units,1,One
DATAFLOW,OECD.ELS.SAE:DSD_FTPT@DF_FTPT_NATIONAL_INC(1.0),Incidence of full-time and part-time employment based on national definitions,I,PER,Peru,EMP,Employment,PT_POP_SUB,Percentage of population in the same subgroup,F,Female,_T,Total,EMP,Employment,MAIN,Main job,_T,Total,FT,Full-time,NAT_DEF,National definition,A,Annual,2023,,65.514,,A,Normal value,0,Units,1,One
DATAFLOW,OECD.ELS.SAE:DSD_FTPT@DF_FTPT_NATIONAL_INC(1.0),Incidence of full-time and part-time employment based on national definitions,I,CAN,Canada,EMP,Employment,PT_POP_SUB,Percentage of population in the same subgroup,F,Female,_T,Total,EMP,Employment,MAIN,Main job,_T,Total,FT,Full-time,NAT_DEF,National definition,A,Annual,2011,,72.828,,A,Normal value,0,Units,1,One
DATAFLOW,OECD.ELS.SAE:DSD_FTPT@DF_FTPT_NATIONAL_INC(1.0),Incidence of full-time and part-time employment based on national definitions,I,CAN,Canada,EMP,Employment,PT_POP_SUB,Percentage of population in the same subgroup,M,Male,_T,Total,EMP,Employment,MAIN,Main job,_T,Total,FT,Full-time,NAT_DEF,National definition,A,Annual,2011,,87.541,,A,Normal value,0,Units,1,One
DATAFLOW,OECD.ELS.SAE:DSD_FTPT@DF_FTPT_NATIONAL_INC(1.0),Incidence of full-time and part-time employment based on national definitions,I,CAN,Canada,EMP,Employment,PT_POP_SUB,Percentage of population in the same subgroup,M,Male,_T,Total,EMP,Employment,MAIN,Main job,_T,Total,FT,Full-time,NAT_DEF,National definition,A,Annual,2012,,87.91,,A,Normal value,0,Units,1,One
DATAFLOW,OECD.ELS.SAE:DSD_FTPT@DF_FTPT_NATIONAL_INC(1.0),Incidence of full-time and part-time employment based on national definitions,I,CAN,Canada,EMP,Employment,PT_POP_SUB,Percentage of population in the same subgroup,F,Female,_T,Total,EMP,Employment,MAIN,Main job,_T,Total,FT,Full-time,NAT_DEF,National definition,A,Annual,2013,,73.225,,A,Normal value,0,Units,1,One
DATAFLOW,OECD.ELS.SAE:DSD_FTPT@DF_FTPT_NATIONAL_INC(1.0),Incidence of full-time and part-time employment based on national definitions,I,CAN,Canada,EMP,Employment,PT_POP_SUB,Percentage of population in the same subgroup,M,Male,_T,Total,EMP,Employment,MAIN,Main job,_T,Total,FT,Full-time,NAT_DEF,National definition,A,Annual,2015,,87.64,,A,Normal value,0,Units,1,One
DATAFLOW,OECD.ELS.SAE:DSD_FTPT@DF_FTPT_NATIONAL_INC(1.0),Incidence of full-time and part-time employment based on national definitions,I,CAN,Canada,EMP,Employment,PT_POP_SUB,Percentage of population in the same subgroup,F,Female,_T,Total,EMP,Employment,MAIN,Main job,_T,Total,FT,Full-time,NAT_DEF,National definition,A,Annual,2016,,73.531,,A,Normal value,0,Units,1,One
DATAFLOW,OECD.ELS.SAE:DSD_FTPT@DF_FTPT_NATIONAL_INC(1.0),Incidence of full-time and part-time employment based on national definitions,I,CAN,Canada,EMP,Employment,PT_POP_SUB,Percentage of population in the same subgroup,F,Female,_T,Total,EMP,Employment,MAIN,Main job,_T,Total,FT,Full-time,NAT_DEF,National definition,A,Annual,2017,,73.605,,A,Normal value,0,Units,1,One
DATAFLOW,OECD.ELS.SAE:DSD_FTPT@DF_FTPT_NATIONAL_INC(1.0),Incidence of full-time and part-time employment based on national definitions,I,CAN,Canada,EMP,Employment,PT_POP_SUB,Percentage of population in the same subgroup,M,Male,_T,Total,EMP,Employment,MAIN,Main job,_T,Total,FT,Full-time,NAT_DEF,National definition,A,Annual,2017,,86.865,,A,Normal value,0,Units,1,One
DATAFLOW,OECD.ELS.SAE:DSD_FTPT@DF_FTPT_NATIONAL_INC(1.0),Incidence of full-time and part-time employment based on national definitions,I,CAN,Canada,EMP,Employment,PT_POP_SUB,Percentage of population in the same subgroup,M,Male,_T,Total,EMP,Employment,MAIN,Main job,_T,Total,FT,Full-time,NAT_DEF,National definition,A,Annual,2018,,87.414,,A,Normal value,0,Units,1,One
DATAFLOW,OECD.ELS.SAE:DSD_FTPT@DF_FTPT_NATIONAL_INC(1.0),Incidence of full-time and part-time employment based on national definitions,I,CAN,Canada,EMP,Employment,PT_POP_SUB,Percentage of population in the same subgroup,F,Female,_T,Total,EMP,Employment,MAIN,Main job,_T,Total,FT,Full-time,NAT_DEF,National definition,A,Annual,2019,,74.352,,A,Normal value,0,Units,1,One
DATAFLOW,OECD.ELS.SAE:DSD_FTPT@DF_FTPT_NATIONAL_INC(1.0),Incidence of full-time and part-time employment based on national definitions,I,CAN,Canada,EMP,Employment,PT_POP_SUB,Percentage of population in the same subgroup,M,Male,_T,Total,EMP,Employment,MAIN,Main job,_T,Total,FT,Full-time,NAT_DEF,National definition,A,Annual,2020,,87.806,,A,Normal value,0,Units,1,One
DATAFLOW,OECD.ELS.SAE:DSD_FTPT@DF_FTPT_NATIONAL_INC(1.0),Incidence of full-time and part-time employment based on national definitions,I,CAN,Canada,EMP,Employment,PT_POP_SUB,Percentage of population in the same subgroup,M,Male,_T,Total,EMP,Employment,MAIN,Main job,_T,Total,FT,Full-time,NAT_DEF,National definition,A,Annual,2022,,87.681,,A,Normal value,0,Units,1,One
DATAFLOW,OECD.ELS.SAE:DSD_FTPT@DF_FTPT_NATIONAL_INC(1.0),Incidence of full-time and part-time employment based on national definitions,I,CAN,Canada,EMP,Employment,PT_POP_SUB,Percentage of population in the same subgroup,F,Female,_T,Total,EMP,Employment,MAIN,Main job,_T,Total,FT,Full-time,NAT_DEF,National definition,A,Annual,2023,,76.354,,A,Normal value,0,Units,1,One
DATAFLOW,OECD.ELS.SAE:DSD_FTPT@DF_FTPT_NATIONAL_INC(1.0),Incidence of full-time and part-time employment based on national definitions,I,CAN,Canada,EMP,Employment,PT_POP_SUB,Percentage of population in the same subgroup,M,Male,_T,Total,EMP,Employment,MAIN,Main job,_T,Total,FT,Full-time,NAT_DEF,National definition,A,Annual,2023,,87.281,,A,Normal value,0,Units,1,One
DATAFLOW,OECD.ELS.SAE:DSD_FTPT@DF_FTPT_NATIONAL_INC(1.0),Incidence of full-time and part-time employment based on national definitions,I,ARG,Argentina,EMP,Employment,PT_POP_SUB,Percentage of population in the same subgroup,F,Female,_T,Total,EMP,Employment,MAIN,Main job,_T,Total,FT,Full-time,NAT_DEF,National definition,A,Annual,2016,,61.313,,A,Normal value,0,Units,1,One
DATAFLOW,OECD.ELS.SAE:DSD_FTPT@DF_FTPT_NATIONAL_INC(1.0),Incidence of full-time and part-time employment based on national definitions,I,ARG,Argentina,EMP,Employment,PT_POP_SUB,Percentage of population in the same subgroup,M,Male,_T,Total,EMP,Employment,MAIN,Main job,_T,Total,FT,Full-time,NAT_DEF,National definition,A,Annual,2016,,85.008,,A,Normal value,0,Units,1,One
DATAFLOW,OECD.ELS.SAE:DSD_FTPT@DF_FTPT_NATIONAL_INC(1.0),Incidence of full-time and part-time employment based on national definitions,I,ARG,Argentina,EMP,Employment,PT_POP_SUB,Percentage of population in the same subgroup,M,Male,_T,Total,EMP,Employment,MAIN,Main job,_T,Total,FT,Full-time,NAT_DEF,National definition,A,Annual,2017,,83.286,,A,Normal value,0,Units,1,One
DATAFLOW,OECD.ELS.SAE:DSD_FTPT@DF_FTPT_NATIONAL_INC(1.0),Incidence of full-time and part-time employment based on national definitions,I,ARG,Argentina,EMP,Employment,PT_POP_SUB,Percentage of population in the same subgroup,F,Female,_T,Total,EMP,Employment,MAIN,Main job,_T,Total,FT,Full-time,NAT_DEF,National definition,A,Annual,2017,,62.06,,A,Normal value,0,Units,1,One
DATAFLOW,OECD.ELS.SAE:DSD_FTPT@DF_FTPT_NATIONAL_INC(1.0),Incidence of full-time and part-time employment based on national definitions,I,ARG,Argentina,EMP,Employment,PT_POP_SUB,Percentage of population in the same subgroup,M,Male,_T,Total,EMP,Employment,MAIN,Main job,_T,Total,FT,Full-time,NAT_DEF,National definition,A,Annual,2018,,83.318,,A,Normal value,0,Units,1,One
DATAFLOW,OECD.ELS.SAE:DSD_FTPT@DF_FTPT_NATIONAL_INC(1.0),Incidence of full-time and part-time employment based on national definitions,I,ARG,Argentina,EMP,Employment,PT_POP_SUB,Percentage of population in the same subgroup,F,Female,_T,Total,EMP,Employment,MAIN,Main job,_T,Total,FT,Full-time,NAT_DEF,National definition,A,Annual,2018,,59.027,,A,Normal value,0,Units,1,One
DATAFLOW,OECD.ELS.SAE:DSD_FTPT@DF_FTPT_NATIONAL_INC(1.0),Incidence of full-time and part-time employment based on national definitions,I,ARG,Argentina,EMP,Employment,PT_POP_SUB,Percentage of population in the same subgroup,M,Male,_T,Total,EMP,Employment,MAIN,Main job,_T,Total,FT,Full-time,NAT_DEF,National definition,A,Annual,2019,,82.543,,A,Normal value,0,Units,1,One
DATAFLOW,OECD.ELS.SAE:DSD_FTPT@DF_FTPT_NATIONAL_INC(1.0),Incidence of full-time and part-time employment based on national definitions,I,ARG,Argentina,EMP,Employment,PT_POP_SUB,Percentage of population in the same subgroup,F,Female,_T,Total,EMP,Employment,MAIN,Main job,_T,Total,FT,Full-time,NAT_DEF,National definition,A,Annual,2019,,58.678,,A,Normal value,0,Units,1,One
DATAFLOW,OECD.ELS.SAE:DSD_FTPT@DF_FTPT_NATIONAL_INC(1.0),Incidence of full-time and part-time employment based on national definitions,I,ARG,Argentina,EMP,Employment,PT_POP_SUB,Percentage of population in the same subgroup,M,Male,_T,Total,EMP,Employment,MAIN,Main job,_T,Total,FT,Full-time,NAT_DEF,National definition,A,Annual,2020,,78.609,,A,Normal value,0,Units,1,One
DATAFLOW,OECD.ELS.SAE:DSD_FTPT@DF_FTPT_NATIONAL_INC(1.0),Incidence of full-time and part-time employment based on national definitions,I,ARG,Argentina,EMP,Employment,PT_POP_SUB,Percentage of population in the same subgroup,F,Female,_T,Total,EMP,Employment,MAIN,Main job,_T,Total,FT,Full-time,NAT_DEF,National definition,A,Annual,2020,,56.653,,A,Normal value,0,Units,1,One
DATAFLOW,OECD.ELS.SAE:DSD_FTPT@DF_FTPT_NATIONAL_INC(1.0),Incidence of full-time and part-time employment based on national definitions,I,ARG,Argentina,EMP,Employment,PT_POP_SUB,Percentage of population in the same subgroup,M,Male,_T,Total,EMP,Employment,MAIN,Main job,_T,Total,FT,Full-time,NAT_DEF,National definition,A,Annual,2021,,82.25,,A,Normal value,0,Units,1,One
DATAFLOW,OECD.ELS.SAE:DSD_FTPT@DF_FTPT_NATIONAL_INC(1.0),Incidence of full-time and part-time employment based on national definitions,I,ARG,Argentina,EMP,Employment,PT_POP_SUB,Percentage of population in the same subgroup,F,Female,_T,Total,EMP,Employment,MAIN,Main job,_T,Total,FT,Full-time,NAT_DEF,National definition,A,Annual,2021,,61.192,,A,Normal value,0,Units,1,One
DATAFLOW,OECD.ELS.SAE:DSD_FTPT@DF_FTPT_NATIONAL_INC(1.0),Incidence of full-time and part-time employment based on national definitions,I,ARG,Argentina,EMP,Employment,PT_POP_SUB,Percentage of population in the same subgroup,M,Male,_T,Total,EMP,Employment,MAIN,Main job,_T,Total,FT,Full-time,NAT_DEF,National definition,A,Annual,2022,,83.2,,A,Normal value,0,Units,1,One
DATAFLOW,OECD.ELS.SAE:DSD_FTPT@DF_FTPT_NATIONAL_INC(1.0),Incidence of full-time and part-time employment based on national definitions,I,ARG,Argentina,EMP,Employment,PT_POP_SUB,Percentage of population in the same subgroup,F,Female,_T,Total,EMP,Employment,MAIN,Main job,_T,Total,FT,Full-time,NAT_DEF,National definition,A,Annual,2022,,60.82,,A,Normal value,0,Units,1,One
DATAFLOW,OECD.ELS.SAE:DSD_FTPT@DF_FTPT_NATIONAL_INC(1.0),Incidence of full-time and part-time employment based on national definitions,I,ARG,Argentina,EMP,Employment,PT_POP_SUB,Percentage of population in the same subgroup,M,Male,_T,Total,EMP,Employment,MAIN,Main job,_T,Total,FT,Full-time,NAT_DEF,National definition,A,Annual,2023,,84.841,,A,Normal value,0,Units,1,One
DATAFLOW,OECD.ELS.SAE:DSD_FTPT@DF_FTPT_NATIONAL_INC(1.0),Incidence of full-time and part-time employment based on national definitions,I,ARG,Argentina,EMP,Employment,PT_POP_SUB,Percentage of population in the same subgroup,F,Female,_T,Total,EMP,Employment,MAIN,Main job,_T,Total,FT,Full-time,NAT_DEF,National definition,A,Annual,2023,,61.599,,A,Normal value,0,Units,1,One
DATAFLOW,OECD.ELS.SAE:DSD_FTPT@DF_FTPT_NATIONAL_INC(1.0),Incidence of full-time and part-time employment based on national definitions,I,AUT,Austria,EMP,Employment,PT_POP_SUB,Percentage of population in the same subgroup,M,Male,_T,Total,EMP,Employment,MAIN,Main job,_T,Total,FT,Full-time,NAT_DEF,National definition,A,Annual,2024,,86.289,,A,Normal value,0,Units,1,One
DATAFLOW,OECD.ELS.SAE:DSD_FTPT@DF_FTPT_NATIONAL_INC(1.0),Incidence of full-time and part-time employment based on national definitions,I,BEL,Belgium,EMP,Employment,PT_POP_SUB,Percentage of population in the same subgroup,F,Female,_T,Total,EMP,Employment,MAIN,Main job,_T,Total,FT,Full-time,NAT_DEF,National definition,A,Annual,2024,,61.463,,A,Normal value,0,Units,1,One
DATAFLOW,OECD.ELS.SAE:DSD_FTPT@DF_FTPT_NATIONAL_INC(1.0),Incidence of full-time and part-time employment based on national definitions,I,CAN,Canada,EMP,Employment,PT_POP_SUB,Percentage of population in the same subgroup,F,Female,_T,Total,EMP,Employment,MAIN,Main job,_T,Total,FT,Full-time,NAT_DEF,National definition,A,Annual,2024,,76.13,,A,Normal value,0,Units,1,One
DATAFLOW,OECD.ELS.SAE:DSD_FTPT@DF_FTPT_NATIONAL_INC(1.0),Incidence of full-time and part-time employment based on national definitions,I,CHL,Chile,EMP,Employment,PT_POP_SUB,Percentage of population in the same subgroup,F,Female,_T,Total,EMP,Employment,MAIN,Main job,_T,Total,FT,Full-time,NAT_DEF,National definition,A,Annual,2024,,73.889,,A,Normal value,0,Units,1,One
DATAFLOW,OECD.ELS.SAE:DSD_FTPT@DF_FTPT_NATIONAL_INC(1.0),Incidence of full-time and part-time employment based on national definitions,I,COL,Colombia,EMP,Employment,PT_POP_SUB,Percentage of population in the same subgroup,F,Female,_T,Total,EMP,Employment,MAIN,Main job,_T,Total,FT,Full-time,NAT_DEF,National definition,A,Annual,2024,,80.15,,A,Normal value,0,Units,1,One
DATAFLOW,OECD.ELS.SAE:DSD_FTPT@DF_FTPT_NATIONAL_INC(1.0),Incidence of full-time and part-time employment based on national definitions,I,COL,Colombia,EMP,Employment,PT_POP_SUB,Percentage of population in the same subgroup,M,Male,_T,Total,EMP,Employment,MAIN,Main job,_T,Total,FT,Full-time,NAT_DEF,National definition,A,Annual,2024,,92.28,,A,Normal value,0,Units,1,One
DATAFLOW,OECD.ELS.SAE:DSD_FTPT@DF_FTPT_NATIONAL_INC(1.0),Incidence of full-time and part-time employment based on national definitions,I,FRA,France,EMP,Employment,PT_POP_SUB,Percentage of population in the same subgroup,M,Male,_T,Total,EMP,Employment,MAIN,Main job,_T,Total,FT,Full-time,NAT_DEF,National definition,A,Annual,2024,,91.254,,A,Normal value,0,Units,1,One
DATAFLOW,OECD.ELS.SAE:DSD_FTPT@DF_FTPT_NATIONAL_INC(1.0),Incidence of full-time and part-time employment based on national definitions,I,FRA,France,EMP,Employment,PT_POP_SUB,Percentage of population in the same subgroup,F,Female,_T,Total,EMP,Employment,MAIN,Main job,_T,Total,FT,Full-time,NAT_DEF,National definition,A,Annual,2024,,73.198,,A,Normal value,0,Units,1,One
DATAFLOW,OECD.ELS.SAE:DSD_FTPT@DF_FTPT_NATIONAL_INC(1.0),Incidence of full-time and part-time employment based on national definitions,I,IRL,Ireland,EMP,Employment,PT_POP_SUB,Percentage of population in the same subgroup,F,Female,_T,Total,EMP,Employment,MAIN,Main job,_T,Total,FT,Full-time,NAT_DEF,National definition,A,Annual,2024,,71.799,,A,Normal value,0,Units,1,One
DATAFLOW,OECD.ELS.SAE:DSD_FTPT@DF_FTPT_NATIONAL_INC(1.0),Incidence of full-time and part-time employment based on national definitions,I,ITA,Italy,EMP,Employment,PT_POP_SUB,Percentage of population in the same subgroup,F,Female,_T,Total,EMP,Employment,MAIN,Main job,_T,Total,FT,Full-time,NAT_DEF,National definition,A,Annual,2024,,70.037,,A,Normal value,0,Units,1,One
DATAFLOW,OECD.ELS.SAE:DSD_FTPT@DF_FTPT_NATIONAL_INC(1.0),Incidence of full-time and part-time employment based on national definitions,I,JPN,Japan,EMP,Employment,PT_POP_SUB,Percentage of population in the same subgroup,F,Female,_T,Total,EMP,Employment,MAIN,Main job,_T,Total,FT,Full-time,NAT_DEF,National definition,A,Annual,2024,,61.669,,A,Normal value,0,Units,1,One
DATAFLOW,OECD.ELS.SAE:DSD_FTPT@DF_FTPT_NATIONAL_INC(1.0),Incidence of full-time and part-time employment based on national definitions,I,JPN,Japan,EMP,Employment,PT_POP_SUB,Percentage of population in the same subgroup,M,Male,_T,Total,EMP,Employment,MAIN,Main job,_T,Total,FT,Full-time,NAT_DEF,National definition,A,Annual,2024,,84.645,,A,Normal value,0,Units,1,One
DATAFLOW,OECD.ELS.SAE:DSD_FTPT@DF_FTPT_NATIONAL_INC(1.0),Incidence of full-time and part-time employment based on national definitions,I,MEX,Mexico,EMP,Employment,PT_POP_SUB,Percentage of population in the same subgroup,F,Female,_T,Total,EMP,Employment,MAIN,Main job,_T,Total,FT,Full-time,NAT_DEF,National definition,A,Annual,2024,,67.206,,A,Normal value,0,Units,1,One
DATAFLOW,OECD.ELS.SAE:DSD_FTPT@DF_FTPT_NATIONAL_INC(1.0),Incidence of full-time and part-time employment based on national definitions,I,MEX,Mexico,EMP,Employment,PT_POP_SUB,Percentage of population in the same subgroup,M,Male,_T,Total,EMP,Employment,MAIN,Main job,_T,Total,FT,Full-time,NAT_DEF,National definition,A,Annual,2024,,83.475,,A,Normal value,0,Units,1,One
DATAFLOW,OECD.ELS.SAE:DSD_FTPT@DF_FTPT_NATIONAL_INC(1.0),Incidence of full-time and part-time employment based on national definitions,I,POL,Poland,EMP,Employment,PT_POP_SUB,Percentage of population in the same subgroup,F,Female,_T,Total,EMP,Employment,MAIN,Main job,_T,Total,FT,Full-time,NAT_DEF,National definition,A,Annual,2024,,91.413,,A,Normal value,0,Units,1,One
DATAFLOW,OECD.ELS.SAE:DSD_FTPT@DF_FTPT_NATIONAL_INC(1.0),Incidence of full-time and part-time employment based on national definitions,I,POL,Poland,EMP,Employment,PT_POP_SUB,Percentage of population in the same subgroup,M,Male,_T,Total,EMP,Employment,MAIN,Main job,_T,Total,FT,Full-time,NAT_DEF,National definition,A,Annual,2024,,96.238,,A,Normal value,0,Units,1,One
DATAFLOW,OECD.ELS.SAE:DSD_FTPT@DF_FTPT_NATIONAL_INC(1.0),Incidence of full-time and part-time employment based on national definitions,I,ESP,Spain,EMP,Employment,PT_POP_SUB,Percentage of population in the same subgroup,M,Male,_T,Total,EMP,Employment,MAIN,Main job,_T,Total,FT,Full-time,NAT_DEF,National definition,A,Annual,2024,,93.234,,A,Normal value,0,Units,1,One
DATAFLOW,OECD.ELS.SAE:DSD_FTPT@DF_FTPT_NATIONAL_INC(1.0),Incidence of full-time and part-time employment based on national definitions,I,TUR,Türkiye,EMP,Employment,PT_POP_SUB,Percentage of population in the same subgroup,F,Female,_T,Total,EMP,Employment,MAIN,Main job,_T,Total,FT,Full-time,NAT_DEF,National definition,A,Annual,2024,,82.538,,A,Normal value,0,Units,1,One
DATAFLOW,OECD.ELS.SAE:DSD_FTPT@DF_FTPT_NATIONAL_INC(1.0),Incidence of full-time and part-time employment based on national definitions,I,TUR,Türkiye,EMP,Employment,PT_POP_SUB,Percentage of population in the same subgroup,M,Male,_T,Total,EMP,Employment,MAIN,Main job,_T,Total,FT,Full-time,NAT_DEF,National definition,A,Annual,2024,,91.494,,A,Normal value,0,Units,1,One
DATAFLOW,OECD.ELS.SAE:DSD_FTPT@DF_FTPT_NATIONAL_INC(1.0),Incidence of full-time and part-time employment based on national definitions,I,GBR,United Kingdom,EMP,Employment,PT_POP_SUB,Percentage of population in the same subgroup,F,Female,_T,Total,EMP,Employment,MAIN,Main job,_T,Total,FT,Full-time,NAT_DEF,National definition,A,Annual,2024,,63.008,,A,Normal value,0,Units,1,One
DATAFLOW,OECD.ELS.SAE:DSD_FTPT@DF_FTPT_NATIONAL_INC(1.0),Incidence of full-time and part-time employment based on national definitions,I,GBR,United Kingdom,EMP,Employment,PT_POP_SUB,Percentage of population in the same subgroup,M,Male,_T,Total,EMP,Employment,MAIN,Main job,_T,Total,FT,Full-time,NAT_DEF,National definition,A,Annual,2024,,86.021,,A,Normal value,0,Units,1,One
DATAFLOW,OECD.ELS.SAE:DSD_FTPT@DF_FTPT_NATIONAL_INC(1.0),Incidence of full-time and part-time employment based on national definitions,I,USA,United States,EMP,Employment,PT_POP_SUB,Percentage of population in the same subgroup,M,Male,_T,Total,EMP,Employment,MAIN,Main job,_T,Total,FT,Full-time,NAT_DEF,National definition,A,Annual,2024,,87.743,,A,Normal value,0,Units,1,One
DATAFLOW,OECD.ELS.SAE:DSD_FTPT@DF_FTPT_NATIONAL_INC(1.0),Incidence of full-time and part-time employment based on national definitions,I,USA,United States,EMP,Employment,PT_POP_SUB,Percentage of population in the same subgroup,F,Female,_T,Total,EMP,Employment,MAIN,Main job,_T,Total,FT,Full-time,NAT_DEF,National definition,A,Annual,2024,,76.947,,A,Normal value,0,Units,1,One
DATAFLOW,OECD.ELS.SAE:DSD_FTPT@DF_FTPT_NATIONAL_INC(1.0),Incidence of full-time and part-time employment based on national definitions,I,PER,Peru,EMP,Employment,PT_POP_SUB,Percentage of population in the same subgroup,F,Female,_T,Total,EMP,Employment,MAIN,Main job,_T,Total,FT,Full-time,NAT_DEF,National definition,A,Annual,2024,,67.249,,A,Normal value,0,Units,1,One
DATAFLOW,OECD.ELS.SAE:DSD_FTPT@DF_FTPT_NATIONAL_INC(1.0),Incidence of full-time and part-time employment based on national definitions,I,PER,Peru,EMP,Employment,PT_POP_SUB,Percentage of population in the same subgroup,M,Male,_T,Total,EMP,Employment,MAIN,Main job,_T,Total,FT,Full-time,NAT_DEF,National definition,A,Annual,2024,,81.707,,A,Normal value,0,Units,1,One
DATAFLOW,OECD.ELS.SAE:DSD_FTPT@DF_FTPT_NATIONAL_INC(1.0),Incidence of full-time and part-time employment based on national definitions,I,ROU,Romania,EMP,Employment,PT_POP_SUB,Percentage of population in the same subgroup,M,Male,_T,Total,EMP,Employment,MAIN,Main job,_T,Total,FT,Full-time,NAT_DEF,National definition,A,Annual,2024,,96.513,,A,Normal value,0,Units,1,One
DATAFLOW,OECD.ELS.SAE:DSD_FTPT@DF_FTPT_NATIONAL_INC(1.0),Incidence of full-time and part-time employment based on national definitions,I,ZAF,South Africa,EMP,Employment,PT_POP_SUB,Percentage of population in the same subgroup,M,Male,_T,Total,EMP,Employment,MAIN,Main job,_T,Total,FT,Full-time,NAT_DEF,National definition,A,Annual,2024,,89.768,,A,Normal value,0,Units,1,One
DATAFLOW,OECD.ELS.SAE:DSD_FTPT@DF_FTPT_NATIONAL_INC(1.0),Incidence of full-time and part-time employment based on national definitions,I,ZAF,South Africa,EMP,Employment,PT_POP_SUB,Percentage of population in the same subgroup,F,Female,_T,Total,EMP,Employment,MAIN,Main job,_T,Total,FT,Full-time,NAT_DEF,National definition,A,Annual,2024,,83.04,,A,Normal value,0,Units,1,One
DATAFLOW,OECD.ELS.SAE:DSD_FTPT@DF_FTPT_NATIONAL_INC(1.0),Incidence of full-time and part-time employment based on national definitions,I,BEL,Belgium,EMP,Employment,PT_POP_SUB,Percentage of population in the same subgroup,F,Female,_T,Total,EMP,Employment,MAIN,Main job,_T,Total,FT,Full-time,NAT_DEF,National definition,A,Annual,2023,,61.613,,A,Normal value,0,Units,1,One
DATAFLOW,OECD.ELS.SAE:DSD_FTPT@DF_FTPT_NATIONAL_INC(1.0),Incidence of full-time and part-time employment based on national definitions,I,CHL,Chile,EMP,Employment,PT_POP_SUB,Percentage of population in the same subgroup,M,Male,_T,Total,EMP,Employment,MAIN,Main job,_T,Total,FT,Full-time,NAT_DEF,National definition,A,Annual,2023,,85.894,,A,Normal value,0,Units,1,One
DATAFLOW,OECD.ELS.SAE:DSD_FTPT@DF_FTPT_NATIONAL_INC(1.0),Incidence of full-time and part-time employment based on national definitions,I,COL,Colombia,EMP,Employment,PT_POP_SUB,Percentage of population in the same subgroup,M,Male,_T,Total,EMP,Employment,MAIN,Main job,_T,Total,FT,Full-time,NAT_DEF,National definition,A,Annual,2023,,92.515,,A,Normal value,0,Units,1,One
DATAFLOW,OECD.ELS.SAE:DSD_FTPT@DF_FTPT_NATIONAL_INC(1.0),Incidence of full-time and part-time employment based on national definitions,I,COL,Colombia,EMP,Employment,PT_POP_SUB,Percentage of population in the same subgroup,F,Female,_T,Total,EMP,Employment,MAIN,Main job,_T,Total,FT,Full-time,NAT_DEF,National definition,A,Annual,2023,,79.936,,A,Normal value,0,Units,1,One
DATAFLOW,OECD.ELS.SAE:DSD_FTPT@DF_FTPT_NATIONAL_INC(1.0),Incidence of full-time and part-time employment based on national definitions,I,DNK,Denmark,EMP,Employment,PT_POP_SUB,Percentage of population in the same subgroup,F,Female,_T,Total,EMP,Employment,MAIN,Main job,_T,Total,FT,Full-time,NAT_DEF,National definition,A,Annual,2023,,64.025,,A,Normal value,0,Units,1,One
DATAFLOW,OECD.ELS.SAE:DSD_FTPT@DF_FTPT_NATIONAL_INC(1.0),Incidence of full-time and part-time employment based on national definitions,I,FRA,France,EMP,Employment,PT_POP_SUB,Percentage of population in the same subgroup,F,Female,_T,Total,EMP,Employment,MAIN,Main job,_T,Total,FT,Full-time,NAT_DEF,National definition,A,Annual,2023,,73.497,,A,Normal value,0,Units,1,One
DATAFLOW,OECD.ELS.SAE:DSD_FTPT@DF_FTPT_NATIONAL_INC(1.0),Incidence of full-time and part-time employment based on national definitions,I,ITA,Italy,EMP,Employment,PT_POP_SUB,Percentage of population in the same subgroup,M,Male,_T,Total,EMP,Employment,MAIN,Main job,_T,Total,FT,Full-time,NAT_DEF,National definition,A,Annual,2023,,92.025,,A,Normal value,0,Units,1,One
DATAFLOW,OECD.ELS.SAE:DSD_FTPT@DF_FTPT_NATIONAL_INC(1.0),Incidence of full-time and part-time employment based on national definitions,I,ITA,Italy,EMP,Employment,PT_POP_SUB,Percentage of population in the same subgroup,F,Female,_T,Total,EMP,Employment,MAIN,Main job,_T,Total,FT,Full-time,NAT_DEF,National definition,A,Annual,2023,,68.527,,A,Normal value,0,Units,1,One
DATAFLOW,OECD.ELS.SAE:DSD_FTPT@DF_FTPT_NATIONAL_INC(1.0),Incidence of full-time and part-time employment based on national definitions,I,JPN,Japan,EMP,Employment,PT_POP_SUB,Percentage of population in the same subgroup,M,Male,_T,Total,EMP,Employment,MAIN,Main job,_T,Total,FT,Full-time,NAT_DEF,National definition,A,Annual,2023,,85.766,,A,Normal value,0,Units,1,One
DATAFLOW,OECD.ELS.SAE:DSD_FTPT@DF_FTPT_NATIONAL_INC(1.0),Incidence of full-time and part-time employment based on national definitions,I,JPN,Japan,EMP,Employment,PT_POP_SUB,Percentage of population in the same subgroup,F,Female,_T,Total,EMP,Employment,MAIN,Main job,_T,Total,FT,Full-time,NAT_DEF,National definition,A,Annual,2023,,62.158,,A,Normal value,0,Units,1,One
DATAFLOW,OECD.ELS.SAE:DSD_FTPT@DF_FTPT_NATIONAL_INC(1.0),Incidence of full-time and part-time employment based on national definitions,I,LTU,Lithuania,EMP,Employment,PT_POP_SUB,Percentage of population in the same subgroup,F,Female,_T,Total,EMP,Employment,MAIN,Main job,_T,Total,FT,Full-time,NAT_DEF,National definition,A,Annual,2023,,90.908,,A,Normal value,0,Units,1,One
DATAFLOW,OECD.ELS.SAE:DSD_FTPT@DF_FTPT_NATIONAL_INC(1.0),Incidence of full-time and part-time employment based on national definitions,I,MEX,Mexico,EMP,Employment,PT_POP_SUB,Percentage of population in the same subgroup,F,Female,_T,Total,EMP,Employment,MAIN,Main job,_T,Total,FT,Full-time,NAT_DEF,National definition,A,Annual,2023,,67.526,,A,Normal value,0,Units,1,One
DATAFLOW,OECD.ELS.SAE:DSD_FTPT@DF_FTPT_NATIONAL_INC(1.0),Incidence of full-time and part-time employment based on national definitions,I,MEX,Mexico,EMP,Employment,PT_POP_SUB,Percentage of population in the same subgroup,M,Male,_T,Total,EMP,Employment,MAIN,Main job,_T,Total,FT,Full-time,NAT_DEF,National definition,A,Annual,2023,,83.88,,A,Normal value,0,Units,1,One
DATAFLOW,OECD.ELS.SAE:DSD_FTPT@DF_FTPT_NATIONAL_INC(1.0),Incidence of full-time and part-time employment based on national definitions,I,NLD,Netherlands,EMP,Employment,PT_POP_SUB,Percentage of population in the same subgroup,F,Female,_T,Total,EMP,Employment,MAIN,Main job,_T,Total,FT,Full-time,NAT_DEF,National definition,A,Annual,2023,,31.101,,A,Normal value,0,Units,1,One
DATAFLOW,OECD.ELS.SAE:DSD_FTPT@DF_FTPT_NATIONAL_INC(1.0),Incidence of full-time and part-time employment based on national definitions,I,NLD,Netherlands,EMP,Employment,PT_POP_SUB,Percentage of population in the same subgroup,M,Male,_T,Total,EMP,Employment,MAIN,Main job,_T,Total,FT,Full-time,NAT_DEF,National definition,A,Annual,2023,,70.28,,A,Normal value,0,Units,1,One
DATAFLOW,OECD.ELS.SAE:DSD_FTPT@DF_FTPT_NATIONAL_INC(1.0),Incidence of full-time and part-time employment based on national definitions,I,NOR,Norway,EMP,Employment,PT_POP_SUB,Percentage of population in the same subgroup,F,Female,_T,Total,EMP,Employment,MAIN,Main job,_T,Total,FT,Full-time,NAT_DEF,National definition,A,Annual,2023,,65.197,,A,Normal value,0,Units,1,One
DATAFLOW,OECD.ELS.SAE:DSD_FTPT@DF_FTPT_NATIONAL_INC(1.0),Incidence of full-time and part-time employment based on national definitions,I,ESP,Spain,EMP,Employment,PT_POP_SUB,Percentage of population in the same subgroup,F,Female,_T,Total,EMP,Employment,MAIN,Main job,_T,Total,FT,Full-time,NAT_DEF,National definition,A,Annual,2023,,78.917,,A,Normal value,0,Units,1,One
DATAFLOW,OECD.ELS.SAE:DSD_FTPT@DF_FTPT_NATIONAL_INC(1.0),Incidence of full-time and part-time employment based on national definitions,I,TUR,Türkiye,EMP,Employment,PT_POP_SUB,Percentage of population in the same subgroup,F,Female,_T,Total,EMP,Employment,MAIN,Main job,_T,Total,FT,Full-time,NAT_DEF,National definition,A,Annual,2023,,85.126,,A,Normal value,0,Units,1,One
DATAFLOW,OECD.ELS.SAE:DSD_FTPT@DF_FTPT_NATIONAL_INC(1.0),Incidence of full-time and part-time employment based on national definitions,I,TUR,Türkiye,EMP,Employment,PT_POP_SUB,Percentage of population in the same subgroup,M,Male,_T,Total,EMP,Employment,MAIN,Main job,_T,Total,FT,Full-time,NAT_DEF,National definition,A,Annual,2023,,93.389,,A,Normal value,0,Units,1,One
DATAFLOW,OECD.ELS.SAE:DSD_FTPT@DF_FTPT_NATIONAL_INC(1.0),Incidence of full-time and part-time employment based on national definitions,I,GBR,United Kingdom,EMP,Employment,PT_POP_SUB,Percentage of population in the same subgroup,F,Female,_T,Total,EMP,Employment,MAIN,Main job,_T,Total,FT,Full-time,NAT_DEF,National definition,A,Annual,2023,,62.276,,A,Normal value,0,Units,1,One
DATAFLOW,OECD.ELS.SAE:DSD_FTPT@DF_FTPT_NATIONAL_INC(1.0),Incidence of full-time and part-time employment based on national definitions,I,USA,United States,EMP,Employment,PT_POP_SUB,Percentage of population in the same subgroup,F,Female,_T,Total,EMP,Employment,MAIN,Main job,_T,Total,FT,Full-time,NAT_DEF,National definition,A,Annual,2023,,77.525,,A,Normal value,0,Units,1,One
DATAFLOW,OECD.ELS.SAE:DSD_FTPT@DF_FTPT_NATIONAL_INC(1.0),Incidence of full-time and part-time employment based on national definitions,I,USA,United States,EMP,Employment,PT_POP_SUB,Percentage of population in the same subgroup,M,Male,_T,Total,EMP,Employment,MAIN,Main job,_T,Total,FT,Full-time,NAT_DEF,National definition,A,Annual,2023,,88.302,,A,Normal value,0,Units,1,One
DATAFLOW,OECD.ELS.SAE:DSD_FTPT@DF_FTPT_NATIONAL_INC(1.0),Incidence of full-time and part-time employment based on national definitions,I,ROU,Romania,EMP,Employment,PT_POP_SUB,Percentage of population in the same subgroup,F,Female,_T,Total,EMP,Employment,MAIN,Main job,_T,Total,FT,Full-time,NAT_DEF,National definition,A,Annual,2023,,96.738,,A,Normal value,0,Units,1,One
DATAFLOW,OECD.ELS.SAE:DSD_FTPT@DF_FTPT_NATIONAL_INC(1.0),Incidence of full-time and part-time employment based on national definitions,I,ZAF,South Africa,EMP,Employment,PT_POP_SUB,Percentage of population in the same subgroup,F,Female,_T,Total,EMP,Employment,MAIN,Main job,_T,Total,FT,Full-time,NAT_DEF,National definition,A,Annual,2023,,82.87,,A,Normal value,0,Units,1,One
DATAFLOW,OECD.ELS.SAE:DSD_FTPT@DF_FTPT_NATIONAL_INC(1.0),Incidence of full-time and part-time employment based on national definitions,I,ZAF,South Africa,EMP,Employment,PT_POP_SUB,Percentage of population in the same subgroup,M,Male,_T,Total,EMP,Employment,MAIN,Main job,_T,Total,FT,Full-time,NAT_DEF,National definition,A,Annual,2023,,90.085,,A,Normal value,0,Units,1,One
DATAFLOW,OECD.ELS.SAE:DSD_FTPT@DF_FTPT_NATIONAL_INC(1.0),Incidence of full-time and part-time employment based on national definitions,I,CHE,Switzerland,EMP,Employment,PT_POP_SUB,Percentage of population in the same subgroup,M,Male,_T,Total,EMP,Employment,MAIN,Main job,_T,Total,FT,Full-time,NAT_DEF,National definition,A,Annual,2023,,80.379,,A,Normal value,0,Units,1,One
DATAFLOW,OECD.ELS.SAE:DSD_FTPT@DF_FTPT_NATIONAL_INC(1.0),Incidence of full-time and part-time employment based on national definitions,I,CHE,Switzerland,EMP,Employment,PT_POP_SUB,Percentage of population in the same subgroup,M,Male,_T,Total,EMP,Employment,MAIN,Main job,_T,Total,FT,Full-time,NAT_DEF,National definition,A,Annual,2024,,79.544,,A,Normal value,0,Units,1,One
