STRUCTURE,STRUCTURE_ID,STRUCTURE_NAME,ACTION,REF_AREA,Reference area,MEASURE,Measure,UNIT_MEASURE,Unit of measure,SEX,Sex,AGE,Age,LABOUR_FORCE_STATUS,Labour force status,JOB_COVERAGE,Job coverage,WORKER_STATUS,Worker status,WORK_TIME_ARNGMNT,Working time arrangement,METHODOLOGY,Methodology,FREQ,Frequency of observation,TIME_PERIOD,Time period,OBS_VALUE,Observation value,OBS_STATUS,Observation status,UNIT_MULT,Unit multiplier,DECIMALS,Decimals
DATAFLOW,OECD.ELS.SAE:DSD_FTPT@DF_FTPT_NATIONAL_INC(1.0),Incidence of full-time and part-time employment based on national definitions,I,AUS,Australia,EMP,Employment,PT_POP_SUB,Percentage of population in the same subgroup,F,Female,_T,Total,EMP,Employment,MAIN,Main job,_T,Total,PT,Part-time,NAT_DEF,National definition,A,Annual,2025,,43.107,,A,Normal value,0,Units,1,One
DATAFLOW,OECD.ELS.SAE:DSD_FTPT@DF_FTPT_NATIONAL_INC(1.0),Incidence of full-time and part-time employment based on national definitions,I,AUT,Austria,EMP,Employment,PT_POP_SUB,Percentage of population in the same subgroup,F,Female,_T,Total,EMP,Employment,MAIN,Main job,_T,Total,PT,Part-time,NAT_DEF,National definition,A,Annual,2025,,49.841,,A,Normal value,0,Units,1,One
DATAFLOW,OECD.ELS.SAE:DSD_FTPT@DF_FTPT_NATIONAL_INC(1.0),Incidence of full-time and part-time employment based on national definitions,I,BEL,Belgium,EMP,Employment,PT_POP_SUB,Percentage of population in the same subgroup,F,Female,_T,Total,EMP,Employment,MAIN,Main job,_T,Total,PT,Part-time,NAT_DEF,National definition,A,Annual,2025,,39.453,,A,Normal value,0,Units,1,One
DATAFLOW,OECD.ELS.SAE:DSD_FTPT@DF_FTPT_NATIONAL_INC(1.0),Incidence of full-time and part-time employment based on national definitions,I,CAN,Canada,EMP,Employment,PT_POP_SUB,Percentage of population in the same subgroup,F,Female,_T,Total,EMP,Employment,MAIN,Main job,_T,Total,PT,Part-time,NAT_DEF,National definition,A,Annual,2025,,23.935,,A,Normal value,0,Units,1,One
DATAFLOW,OECD.ELS.SAE:DSD_FTPT@DF_FTPT_NATIONAL_INC(1.0),Incidence of full-time and part-time employment based on national definitions,I,CHL,Chile,EMP,Employment,PT_POP_SUB,Percentage of population in the same subgroup,F,Female,_T,Total,EMP,Employment,MAIN,Main job,_T,Total,PT,Part-time,NAT_DEF,National definition,A,Annual,2025,,26.483,,A,Normal value,0,Units,1,One
DATAFLOW,OECD.ELS.SAE:DSD_FTPT@DF_FTPT_NATIONAL_INC(1.0),Incidence of full-time and part-time employment based on national definitions,I,COL,Colombia,EMP,Employment,PT_POP_SUB,Percentage of population in the same subgroup,F,Female,_T,Total,EMP,Employment,MAIN,Main job,_T,Total,PT,Part-time,NAT_DEF,National definition,A,Annual,2025,,19.943,,A,Normal value,0,Units,1,One
DATAFLOW,OECD.ELS.SAE:DSD_FTPT@DF_FTPT_NATIONAL_INC(1.0),Incidence of full-time and part-time employment based on national definitions,I,CRI,Costa Rica,EMP,Employment,PT_POP_SUB,Percentage of population in the same subgroup,F,Female,_T,Total,EMP,Employment,MAIN,Main job,_T,Total,PT,Part-time,NAT_DEF,National definition,A,Annual,2025,,28.005,,A,Normal value,0,Units,1,One
DATAFLOW,OECD.ELS.SAE:DSD_FTPT@DF_FTPT_NATIONAL_INC(1.0),Incidence of full-time and part-time employment based on national definitions,I,CZE,Czechia,EMP,Employment,PT_POP_SUB,Percentage of population in the same subgroup,F,Female,_T,Total,EMP,Employment,MAIN,Main job,_T,Total,PT,Part-time,NAT_DEF,National definition,A,Annual,2025,,14.643,,A,Normal value,0,Units,1,One
DATAFLOW,OECD.ELS.SAE:DSD_FTPT@DF_FTPT_NATIONAL_INC(1.0),Incidence of full-time and part-time employment based on national definitions,I,DNK,Denmark,EMP,Employment,PT_POP_SUB,Percentage of population in the same subgroup,F,Female,_T,Total,EMP,Employment,MAIN,Main job,_T,Total,PT,Part-time,NAT_DEF,National definition,A,Annual,2025,,37.99,,A,Normal value,0,Units,1,One
DATAFLOW,OECD.ELS.SAE:DSD_FTPT@DF_FTPT_NATIONAL_INC(1.0),Incidence of full-time and part-time employment based on national definitions,I,EST,Estonia,EMP,Employment,PT_POP_SUB,Percentage of population in the same subgroup,F,Female,_T,Total,EMP,Employment,MAIN,Main job,_T,Total,PT,Part-time,NAT_DEF,National definition,A,Annual,2025,,19.13,,A,Normal value,0,Units,1,One
DATAFLOW,OECD.ELS.SAE:DSD_FTPT@DF_FTPT_NATIONAL_INC(1.0),Incidence of full-time and part-time employment based on national definitions,I,FIN,Finland,EMP,Employment,PT_POP_SUB,Percentage of population in the same subgroup,F,Female,_T,Total,EMP,Employment,MAIN,Main job,_T,Total,PT,Part-time,NAT_DEF,National definition,A,Annual,2025,,24.514,,A,Normal value,0,Units,1,One
DATAFLOW,OECD.ELS.SAE:DSD_FTPT@DF_FTPT_NATIONAL_INC(1.0),Incidence of full-time and part-time employment based on national definitions,I,FRA,France,EMP,Employment,PT_POP_SUB,Percentage of population in the same subgroup,F,Female,_T,Total,EMP,Employment,MAIN,Main job,_T,Total,PT,Part-time,NAT_DEF,National definition,A,Annual,2025,,26.563,,A,Normal value,0,Units,1,One
DATAFLOW,OECD.ELS.SAE:DSD_FTPT@DF_FTPT_NATIONAL_INC(1.0),Incidence of full-time and part-time employment based on national definitions,I,DEU,Germany,EMP,Employment,PT_POP_SUB,Percentage of population in the same subgroup,F,Female,_T,Total,EMP,Employment,MAIN,Main job,_T,Total,PT,Part-time,NAT_DEF,National definition,A,Annual,2025,,49.972,,A,Normal value,0,Units,1,One
DATAFLOW,OECD.ELS.SAE:DSD_FTPT@DF_FTPT_NATIONAL_INC(1.0),Incidence of full-time and part-time employment based on national definitions,I,GRC,Greece,EMP,Employment,PT_POP_SUB,Percentage of population in the same subgroup,F,Female,_T,Total,EMP,Employment,MAIN,Main job,_T,Total,PT,Part-time,NAT_DEF,National definition,A,Annual,2025,,8.542,,A,Normal value,0,Units,1,One
DATAFLOW,OECD.ELS.SAE:DSD_FTPT@DF_FTPT_NATIONAL_INC(1.0),Incidence of full-time and part-time employment based on national definitions,I,HUN,Hungary,EMP,Employment,PT_POP_SUB,Percentage of population in the same subgroup,F,Female,_T,Total,EMP,Employment,MAIN,Main job,_T,Total,PT,Part-time,NAT_DEF,National definition,A,Annual,2025,,7.967,,A,Normal value,0,Units,1,One
DATAFLOW,OECD.ELS.SAE:DSD_FTPT@DF_FTPT_NATIONAL_INC(1.0),Incidence of full-time and part-time employment based on national definitions,I,ISL,Iceland,EMP,Employment,PT_POP_SUB,Percentage of population in the same subgroup,F,Female,_T,Total,EMP,Employment,MAIN,Main job,_T,Total,PT,Part-time,NAT_DEF,National definition,A,Annual,2025,,33.021,,A,Normal value,0,Units,1,One
DATAFLOW,OECD.ELS.SAE:DSD_FTPT@DF_FTPT_NATIONAL_INC(1.0),Incidence of full-time and part-time employment based on national definitions,I,IRL,Ireland,EMP,Employment,PT_POP_SUB,Percentage of population in the same subgroup,F,Female,_T,Total,EMP,Employment,MAIN,Main job,_T,Total,PT,Part-time,NAT_DEF,National definition,A,Annual,2025,,28.45,,A,Normal value,0,Units,1,One
DATAFLOW,OECD.ELS.SAE:DSD_FTPT@DF_FTPT_NATIONAL_INC(1.0),Incidence of full-time and part-time employment based on national definitions,I,ISR,Israel,EMP,Employment,PT_POP_SUB,Percentage of population in the same subgroup,F,Female,_T,Total,EMP,Employment,MAIN,Main job,_T,Total,PT,Part-time,NAT_DEF,National definition,A,Annual,2025,,30.378,,A,Normal value,0,Units,1,One
DATAFLOW,OECD.ELS.SAE:DSD_FTPT@DF_FTPT_NATIONAL_INC(1.0),Incidence of full-time and part-time employment based on national definitions,I,ITA,Italy,EMP,Employment,PT_POP_SUB,Percentage of population in the same subgroup,F,Female,_T,Total,EMP,Employment,MAIN,Main job,_T,Total,PT,Part-time,NAT_DEF,National definition,A,Annual,2025,,27.943,,A,Normal value,0,Units,1,One
DATAFLOW,OECD.ELS.SAE:DSD_FTPT@DF_FTPT_NATIONAL_INC(1.0),Incidence of full-time and part-time employment based on national definitions,I,JPN,Japan,EMP,Employment,PT_POP_SUB,Percentage of population in the same subgroup,F,Female,_T,Total,EMP,Employment,MAIN,Main job,_T,Total,PT,Part-time,NAT_DEF,National definition,A,Annual,2025,,38.57,,A,Normal value,0,Units,1,One
DATAFLOW,OECD.ELS.SAE:DSD_FTPT@DF_FTPT_NATIONAL_INC(1.0),Incidence of full-time and part-time employment based on national definitions,I,LVA,Latvia,EMP,Employment,PT_POP_SUB,Percentage of population in the same subgroup,F,Female,_T,Total,EMP,Employment,MAIN,Main job,_T,Total,PT,Part-time,NAT_DEF,National definition,A,Annual,2025,,11.712,,A,Normal value,0,Units,1,One
DATAFLOW,OECD.ELS.SAE:DSD_FTPT@DF_FTPT_NATIONAL_INC(1.0),Incidence of full-time and part-time employment based on national definitions,I,LTU,Lithuania,EMP,Employment,PT_POP_SUB,Percentage of population in the same subgroup,F,Female,_T,Total,EMP,Employment,MAIN,Main job,_T,Total,PT,Part-time,NAT_DEF,National definition,A,Annual,2025,,8.466,,A,Normal value,0,Units,1,One
DATAFLOW,OECD.ELS.SAE:DSD_FTPT@DF_FTPT_NATIONAL_INC(1.0),Incidence of full-time and part-time employment based on national definitions,I,LUX,Luxembourg,EMP,Employment,PT_POP_SUB,Percentage of population in the same subgroup,F,Female,_T,Total,EMP,Employment,MAIN,Main job,_T,Total,PT,Part-time,NAT_DEF,National definition,A,Annual,2025,,29.381,,A,Normal value,0,Units,1,One
DATAFLOW,OECD.ELS.SAE:DSD_FTPT@DF_FTPT_NATIONAL_INC(1.0),Incidence of full-time and part-time employment based on national definitions,I,MEX,Mexico,EMP,Employment,PT_POP_SUB,Percentage of population in the same subgroup,F,Female,_T,Total,EMP,Employment,MAIN,Main job,_T,Total,PT,Part-time,NAT_DEF,National definition,A,Annual,2025,,32.399,,A,Normal value,0,Units,1,One
DATAFLOW,OECD.ELS.SAE:DSD_FTPT@DF_FTPT_NATIONAL_INC(1.0),Incidence of full-time and part-time employment based on national definitions,I,NLD,Netherlands,EMP,Employment,PT_POP_SUB,Percentage of population in the same subgroup,F,Female,_T,Total,EMP,Employment,MAIN,Main job,_T,Total,PT,Part-time,NAT_DEF,National definition,A,Annual,2025,,69.398,,A,Normal value,0,Units,1,One
DATAFLOW,OECD.ELS.SAE:DSD_FTPT@DF_FTPT_NATIONAL_INC(1.0),Incidence of full-time and part-time employment based on national definitions,I,NZL,New Zealand,EMP,Employment,PT_POP_SUB,Percentage of population in the same subgroup,F,Female,_T,Total,EMP,Employment,MAIN,Main job,_T,Total,PT,Part-time,NAT_DEF,National definition,A,Annual,2025,,29.216,,A,Normal value,0,Units,1,One
DATAFLOW,OECD.ELS.SAE:DSD_FTPT@DF_FTPT_NATIONAL_INC(1.0),Incidence of full-time and part-time employment based on national definitions,I,NOR,Norway,EMP,Employment,PT_POP_SUB,Percentage of population in the same subgroup,F,Female,_T,Total,EMP,Employment,MAIN,Main job,_T,Total,PT,Part-time,NAT_DEF,National definition,A,Annual,2025,,33.286,,A,Normal value,0,Units,1,One
DATAFLOW,OECD.ELS.SAE:DSD_FTPT@DF_FTPT_NATIONAL_INC(1.0),Incidence of full-time and part-time employment based on national definitions,I,POL,Poland,EMP,Employment,PT_POP_SUB,Percentage of population in the same subgroup,F,Female,_T,Total,EMP,Employment,MAIN,Main job,_T,Total,PT,Part-time,NAT_DEF,National definition,A,Annual,2025,,9.069,,A,Normal value,0,Units,1,One
DATAFLOW,OECD.ELS.SAE:DSD_FTPT@DF_FTPT_NATIONAL_INC(1.0),Incidence of full-time and part-time employment based on national definitions,I,PRT,Portugal,EMP,Employment,PT_POP_SUB,Percentage of population in the same subgroup,F,Female,_T,Total,EMP,Employment,MAIN,Main job,_T,Total,PT,Part-time,NAT_DEF,National definition,A,Annual,2025,,10.412,,A,Normal value,0,Units,1,One
DATAFLOW,OECD.ELS.SAE:DSD_FTPT@DF_FTPT_NATIONAL_INC(1.0),Incidence of full-time and part-time employment based on national definitions,I,SVK,Slovak Republic,EMP,Employment,PT_POP_SUB,Percentage of population in the same subgroup,F,Female,_T,Total,EMP,Employment,MAIN,Main job,_T,Total,PT,Part-time,NAT_DEF,National definition,A,Annual,2025,,7.003,,A,Normal value,0,Units,1,One
DATAFLOW,OECD.ELS.SAE:DSD_FTPT@DF_FTPT_NATIONAL_INC(1.0),Incidence of full-time and part-time employment based on national definitions,I,SVN,Slovenia,EMP,Employment,PT_POP_SUB,Percentage of population in the same subgroup,F,Female,_T,Total,EMP,Employment,MAIN,Main job,_T,Total,PT,Part-time,NAT_DEF,National definition,A,Annual,2025,,12.893,,A,Normal value,0,Units,1,One
DATAFLOW,OECD.ELS.SAE:DSD_FTPT@DF_FTPT_NATIONAL_INC(1.0),Incidence of full-time and part-time employment based on national definitions,I,ESP,Spain,EMP,Employment,PT_POP_SUB,Percentage of population in the same subgroup,F,Female,_T,Total,EMP,Employment,MAIN,Main job,_T,Total,PT,Part-time,NAT_DEF,National definition,A,Annual,2025,,21.433,,A,Normal value,0,Units,1,One
DATAFLOW,OECD.ELS.SAE:DSD_FTPT@DF_FTPT_NATIONAL_INC(1.0),Incidence of full-time and part-time employment based on national definitions,I,SWE,Sweden,EMP,Employment,PT_POP_SUB,Percentage of population in the same subgroup,F,Female,_T,Total,EMP,Employment,MAIN,Main job,_T,Total,PT,Part-time,NAT_DEF,National definition,A,Annual,2025,,28.749,,A,Normal value,0,Units,1,One
DATAFLOW,OECD.ELS.SAE:DSD_FTPT@DF_FTPT_NATIONAL_INC(1.0),Incidence of full-time and part-time employment based on national definitions,I,CHE,Switzerland,EMP,Employment,PT_POP_SUB,Percentage of population in the same subgroup,F,Female,_T,Total,EMP,Employment,MAIN,Main job,_T,Total,PT,Part-time,NAT_DEF,National definition,A,Annual,2025,,58.565,,A,Normal value,0,Units,1,One
DATAFLOW,OECD.ELS.SAE:DSD_FTPT@DF_FTPT_NATIONAL_INC(1.0),Incidence of full-time and part-time employment based on national definitions,I,TUR,Türkiye,EMP,Employment,PT_POP_SUB,Percentage of population in the same subgroup,F,Female,_T,Total,EMP,Employment,MAIN,Main job,_T,Total,PT,Part-time,NAT_DEF,National definition,A,Annual,2025,,19.853,,A,Normal value,0,Units,1,One
DATAFLOW,OECD.ELS.SAE:DSD_FTPT@DF_FTPT_NATIONAL_INC(1.0),Incidence of full-time and part-time employment based on national definitions,I,GBR,United Kingdom,EMP,Employment,PT_POP_SUB,Percentage of population in the same subgroup,F,Female,_T,Total,EMP,Employment,MAIN,Main job,_T,Total,PT,Part-time,NAT_DEF,National definition,A,Annual,2025,,37.061,,A,Normal value,0,Units,1,One
DATAFLOW,OECD.ELS.SAE:DSD_FTPT@DF_FTPT_NATIONAL_INC(1.0),Incidence of full-time and part-time employment based on national definitions,I,USA,United States,EMP,Employment,PT_POP_SUB,Percentage of population in the same subgroup,F,Female,_T,Total,EMP,Employment,MAIN,Main job,_T,Total,PT,Part-time,NAT_DEF,National definition,A,Annual,2025,,23.124,,A,Normal value,0,Units,1,One
DATAFLOW,OECD.ELS.SAE:DSD_FTPT@DF_FTPT_NATIONAL_INC(1.0),Incidence of full-time and part-time employment based on national definitions,I,EU27,European Union (27 countries),EMP,Employment,PT_POP_SUB,Percentage of population in the same subgroup,F,Female,_T,Total,EMP,Employment,MAIN,Main job,_T,Total,PT,Part-time,NAT_DEF,National definition,A,Annual,2025,,29.345,,A,Normal value,0,Units,1,One
DATAFLOW,OECD.ELS.SAE:DSD_FTPT@DF_FTPT_NATIONAL_INC(1.0),Incidence of full-time and part-time employment based on national definitions,I,EU19OECD,European Union (19 countries) in OECD,EMP,Employment,PT_POP_SUB,Percentage of population in the same subgroup,F,Female,_T,Total,EMP,Employment,MAIN,Main job,_T,Total,PT,Part-time,NAT_DEF,National definition,A,Annual,2025,,34.313,,A,Normal value,0,Units,1,One
DATAFLOW,OECD.ELS.SAE:DSD_FTPT@DF_FTPT_NATIONAL_INC(1.0),Incidence of full-time and part-time employment based on national definitions,I,EU22OECD,European Union (22 countries) in OECD,EMP,Employment,PT_POP_SUB,Percentage of population in the same subgroup,F,Female,_T,Total,EMP,Employment,MAIN,Main job,_T,Total,PT,Part-time,NAT_DEF,National definition,A,Annual,2025,,31.026,,A,Normal value,0,Units,1,One
DATAFLOW,OECD.ELS.SAE:DSD_FTPT@DF_FTPT_NATIONAL_INC(1.0),Incidence of full-time and part-time employment based on national definitions,I,OECD,OECD,EMP,Employment,PT_POP_SUB,Percentage of population in the same subgroup,F,Female,_T,Total,EMP,Employment,MAIN,Main job,_T,Total,PT,Part-time,NAT_DEF,National definition,A,Annual,2025,,29.54,,A,Normal value,0,Units,1,One
DATAFLOW,OECD.ELS.SAE:DSD_FTPT@DF_FTPT_NATIONAL_INC(1.0),Incidence of full-time and part-time employment based on national definitions,I,BGR,Bulgaria,EMP,Employment,PT_POP_SUB,Percentage of population in the same subgroup,F,Female,_T,Total,EMP,Employment,MAIN,Main job,_T,Total,PT,Part-time,NAT_DEF,National definition,A,Annual,2025,,2.058,,A,Normal value,0,Units,1,One
DATAFLOW,OECD.ELS.SAE:DSD_FTPT@DF_FTPT_NATIONAL_INC(1.0),Incidence of full-time and part-time employment based on national definitions,I,HRV,Croatia,EMP,Employment,PT_POP_SUB,Percentage of population in the same subgroup,F,Female,_T,Total,EMP,Employment,MAIN,Main job,_T,Total,PT,Part-time,NAT_DEF,National definition,A,Annual,2025,,4.919,,A,Normal value,0,Units,1,One
DATAFLOW,OECD.ELS.SAE:DSD_FTPT@DF_FTPT_NATIONAL_INC(1.0),Incidence of full-time and part-time employment based on national definitions,I,CYP,Cyprus,EMP,Employment,PT_POP_SUB,Percentage of population in the same subgroup,F,Female,_T,Total,EMP,Employment,MAIN,Main job,_T,Total,PT,Part-time,NAT_DEF,National definition,A,Annual,2025,,11.214,,A,Normal value,0,Units,1,One
DATAFLOW,OECD.ELS.SAE:DSD_FTPT@DF_FTPT_NATIONAL_INC(1.0),Incidence of full-time and part-time employment based on national definitions,I,MLT,Malta,EMP,Employment,PT_POP_SUB,Percentage of population in the same subgroup,F,Female,_T,Total,EMP,Employment,MAIN,Main job,_T,Total,PT,Part-time,NAT_DEF,National definition,A,Annual,2025,,18.241,,A,Normal value,0,Units,1,One
DATAFLOW,OECD.ELS.SAE:DSD_FTPT@DF_FTPT_NATIONAL_INC(1.0),Incidence of full-time and part-time employment based on national definitions,I,MKD,North Macedonia,EMP,Employment,PT_POP_SUB,Percentage of population in the same subgroup,F,Female,_T,Total,EMP,Employment,MAIN,Main job,_T,Total,PT,Part-time,NAT_DEF,National definition,A,Annual,2025,,4.024,,A,Normal value,0,Units,1,One
DATAFLOW,OECD.ELS.SAE:DSD_FTPT@DF_FTPT_NATIONAL_INC(1.0),Incidence of full-time and part-time employment based on national definitions,I,ROU,Romania,EMP,Employment,PT_POP_SUB,Percentage of population in the same subgroup,F,Female,_T,Total,EMP,Employment,MAIN,Main job,_T,Total,PT,Part-time,NAT_DEF,National definition,A,Annual,2025,,1.867,,A,Normal value,0,Units,1,One
DATAFLOW,OECD.ELS.SAE:DSD_FTPT@DF_FTPT_NATIONAL_INC(1.0),Incidence of full-time and part-time employment based on national definitions,I,ZAF,South Africa,EMP,Employment,PT_POP_SUB,Percentage of population in the same subgroup,F,Female,_T,Total,EMP,Employment,MAIN,Main job,_T,Total,PT,Part-time,NAT_DEF,National definition,A,Annual,2025,,16.828,,A,Normal value,0,Units,1,One
DATAFLOW,OECD.ELS.SAE:DSD_FTPT@DF_FTPT_NATIONAL_INC(1.0),Incidence of full-time and part-time employment based on national definitions,I,AUS,Australia,EMP,Employment,PT_POP_SUB,Percentage of population in the same subgroup,F,Female,_T,Total,EMP,Employment,MAIN,Main job,_T,Total,PT,Part-time,NAT_DEF,National definition,A,Annual,2011,,45.572,,A,Normal value,0,Units,1,One
DATAFLOW,OECD.ELS.SAE:DSD_FTPT@DF_FTPT_NATIONAL_INC(1.0),Incidence of full-time and part-time employment based on national definitions,I,AUS,Australia,EMP,Employment,PT_POP_SUB,Percentage of population in the same subgroup,F,Female,_T,Total,EMP,Employment,MAIN,Main job,_T,Total,PT,Part-time,NAT_DEF,National definition,A,Annual,2015,,46.372,,A,Normal value,0,Units,1,One
DATAFLOW,OECD.ELS.SAE:DSD_FTPT@DF_FTPT_NATIONAL_INC(1.0),Incidence of full-time and part-time employment based on national definitions,I,AUS,Australia,EMP,Employment,PT_POP_SUB,Percentage of population in the same subgroup,F,Female,_T,Total,EMP,Employment,MAIN,Main job,_T,Total,PT,Part-time,NAT_DEF,National definition,A,Annual,2017,,46.687,,A,Normal value,0,Units,1,One
DATAFLOW,OECD.ELS.SAE:DSD_FTPT@DF_FTPT_NATIONAL_INC(1.0),Incidence of full-time and part-time employment based on national definitions,I,AUS,Australia,EMP,Employment,PT_POP_SUB,Percentage of population in the same subgroup,F,Female,_T,Total,EMP,Employment,MAIN,Main job,_T,Total,PT,Part-time,NAT_DEF,National definition,A,Annual,2020,,45.519,,A,Normal value,0,Units,1,One
DATAFLOW,OECD.ELS.SAE:DSD_FTPT@DF_FTPT_NATIONAL_INC(1.0),Incidence of full-time and part-time employment based on national definitions,I,AUS,Australia,EMP,Employment,PT_POP_SUB,Percentage of population in the same subgroup,F,Female,_T,Total,EMP,Employment,MAIN,Main job,_T,Total,PT,Part-time,NAT_DEF,National definition,A,Annual,2021,,44.862,,A,Normal value,0,Units,1,One
DATAFLOW,OECD.ELS.SAE:DSD_FTPT@DF_FTPT_NATIONAL_INC(1.0),Incidence of full-time and part-time employment based on national definitions,I,AUS,Australia,EMP,Employment,PT_POP_SUB,Percentage of population in the same subgroup,F,Female,_T,Total,EMP,Employment,MAIN,Main job,_T,Total,PT,Part-time,NAT_DEF,National definition,A,Annual,2022,,43.69,,A,Normal value,0,Units,1,One
DATAFLOW,OECD.ELS.SAE:DSD_FTPT@DF_FTPT_NATIONAL_INC(1.0),Incidence of full-time and part-time employment based on national definitions,I,AUS,Australia,EMP,Employment,PT_POP_SUB,Percentage of population in the same subgroup,F,Female,_T,Total,EMP,Employment,MAIN,Main job,_T,Total,PT,Part-time,NAT_DEF,National definition,A,Annual,2023,,42.675,,A,Normal value,0,Units,1,One
DATAFLOW,OECD.ELS.SAE:DSD_FTPT@DF_FTPT_NATIONAL_INC(1.0),Incidence of full-time and part-time employment based on national definitions,I,AUS,Australia,EMP,Employment,PT_POP_SUB,Percentage of population in the same subgroup,F,Female,_T,Total,EMP,Employment,MAIN,Main job,_T,Total,PT,Part-time,NAT_DEF,National definition,A,Annual,2024,,43.173,,A,Normal value,0,Units,1,One
DATAFLOW,OECD.ELS.SAE:DSD_FTPT@DF_FTPT_NATIONAL_INC(1.0),Incidence of full-time and part-time employment based on national definitions,I,AUT,Austria,EMP,Employment,PT_POP_SUB,Percentage of population in the same subgroup,F,Female,_T,Total,EMP,Employment,MAIN,Main job,_T,Total,PT,Part-time,NAT_DEF,National definition,A,Annual,2010,,43.801,,A,Normal value,0,Units,1,One
DATAFLOW,OECD.ELS.SAE:DSD_FTPT@DF_FTPT_NATIONAL_INC(1.0),Incidence of full-time and part-time employment based on national definitions,I,AUT,Austria,EMP,Employment,PT_POP_SUB,Percentage of population in the same subgroup,F,Female,_T,Total,EMP,Employment,MAIN,Main job,_T,Total,PT,Part-time,NAT_DEF,National definition,A,Annual,2014,,46.891,,A,Normal value,0,Units,1,One
DATAFLOW,OECD.ELS.SAE:DSD_FTPT@DF_FTPT_NATIONAL_INC(1.0),Incidence of full-time and part-time employment based on national definitions,I,AUT,Austria,EMP,Employment,PT_POP_SUB,Percentage of population in the same subgroup,F,Female,_T,Total,EMP,Employment,MAIN,Main job,_T,Total,PT,Part-time,NAT_DEF,National definition,A,Annual,2016,,47.691,,A,Normal value,0,Units,1,One
DATAFLOW,OECD.ELS.SAE:DSD_FTPT@DF_FTPT_NATIONAL_INC(1.0),Incidence of full-time and part-time employment based on national definitions,I,AUT,Austria,EMP,Employment,PT_POP_SUB,Percentage of population in the same subgroup,F,Female,_T,Total,EMP,Employment,MAIN,Main job,_T,Total,PT,Part-time,NAT_DEF,National definition,A,Annual,2020,,47.321,,A,Normal value,0,Units,1,One
DATAFLOW,OECD.ELS.SAE:DSD_FTPT@DF_FTPT_NATIONAL_INC(1.0),Incidence of full-time and part-time employment based on national definitions,I,AUT,Austria,EMP,Employment,PT_POP_SUB,Percentage of population in the same subgroup,F,Female,_T,Total,EMP,Employment,MAIN,Main job,_T,Total,PT,Part-time,NAT_DEF,National definition,A,Annual,2023,,50.598,,A,Normal value,0,Units,1,One
DATAFLOW,OECD.ELS.SAE:DSD_FTPT@DF_FTPT_NATIONAL_INC(1.0),Incidence of full-time and part-time employment based on national definitions,I,AUT,Austria,EMP,Employment,PT_POP_SUB,Percentage of population in the same subgroup,F,Female,_T,Total,EMP,Employment,MAIN,Main job,_T,Total,PT,Part-time,NAT_DEF,National definition,A,Annual,2024,,51.106,,A,Normal value,0,Units,1,One
DATAFLOW,OECD.ELS.SAE:DSD_FTPT@DF_FTPT_NATIONAL_INC(1.0),Incidence of full-time and part-time employment based on national definitions,I,CAN,Canada,EMP,Employment,PT_POP_SUB,Percentage of population in the same subgroup,F,Female,_T,Total,EMP,Employment,MAIN,Main job,_T,Total,PT,Part-time,NAT_DEF,National definition,A,Annual,2012,,26.833,,A,Normal value,0,Units,1,One
DATAFLOW,OECD.ELS.SAE:DSD_FTPT@DF_FTPT_NATIONAL_INC(1.0),Incidence of full-time and part-time employment based on national definitions,I,CAN,Canada,EMP,Employment,PT_POP_SUB,Percentage of population in the same subgroup,F,Female,_T,Total,EMP,Employment,MAIN,Main job,_T,Total,PT,Part-time,NAT_DEF,National definition,A,Annual,2014,,27.011,,A,Normal value,0,Units,1,One
DATAFLOW,OECD.ELS.SAE:DSD_FTPT@DF_FTPT_NATIONAL_INC(1.0),Incidence of full-time and part-time employment based on national definitions,I,CAN,Canada,EMP,Employment,PT_POP_SUB,Percentage of population in the same subgroup,F,Female,_T,Total,EMP,Employment,MAIN,Main job,_T,Total,PT,Part-time,NAT_DEF,National definition,A,Annual,2015,,26.266,,A,Normal value,0,Units,1,One
DATAFLOW,OECD.ELS.SAE:DSD_FTPT@DF_FTPT_NATIONAL_INC(1.0),Incidence of full-time and part-time employment based on national definitions,I,CAN,Canada,EMP,Employment,PT_POP_SUB,Percentage of population in the same subgroup,F,Female,_T,Total,EMP,Employment,MAIN,Main job,_T,Total,PT,Part-time,NAT_DEF,National definition,A,Annual,2020,,24.386,,A,Normal value,0,Units,1,One
DATAFLOW,OECD.ELS.SAE:DSD_FTPT@DF_FTPT_NATIONAL_INC(1.0),Incidence of full-time and part-time employment based on national definitions,I,CAN,Canada,EMP,Employment,PT_POP_SUB,Percentage of population in the same subgroup,F,Female,_T,Total,EMP,Employment,MAIN,Main job,_T,Total,PT,Part-time,NAT_DEF,National definition,A,Annual,2021,,24.225,,A,Normal value,0,Units,1,One
DATAFLOW,OECD.ELS.SAE:DSD_FTPT@DF_FTPT_NATIONAL_INC(1.0),Incidence of full-time and part-time employment based on national definitions,I,CAN,Canada,EMP,Employment,PT_POP_SUB,Percentage of population in the same subgroup,F,Female,_T,Total,EMP,Employment,MAIN,Main job,_T,Total,PT,Part-time,NAT_DEF,National definition,A,Annual,2022,,24.422,,A,Normal value,0,Units,1,One
DATAFLOW,OECD.ELS.SAE:DSD_FTPT@DF_FTPT_NATIONAL_INC(1.0),Incidence of full-time and part-time employment based on national definitions,I,CHL,Chile,EMP,Employment,PT_POP_SUB,Percentage of population in the same subgroup,F,Female,_T,Total,EMP,Employment,MAIN,Main job,_T,Total,PT,Part-time,NAT_DEF,National definition,A,Annual,2010,,28.193,,A,Normal value,0,Units,1,One
DATAFLOW,OECD.ELS.SAE:DSD_FTPT@DF_FTPT_NATIONAL_INC(1.0),Incidence of full-time and part-time employment based on national definitions,I,CHL,Chile,EMP,Employment,PT_POP_SUB,Percentage of population in the same subgroup,F,Female,_T,Total,EMP,Employment,MAIN,Main job,_T,Total,PT,Part-time,NAT_DEF,National definition,A,Annual,2011,,28.598,,A,Normal value,0,Units,1,One
DATAFLOW,OECD.ELS.SAE:DSD_FTPT@DF_FTPT_NATIONAL_INC(1.0),Incidence of full-time and part-time employment based on national definitions,I,CHL,Chile,EMP,Employment,PT_POP_SUB,Percentage of population in the same subgroup,F,Female,_T,Total,EMP,Employment,MAIN,Main job,_T,Total,PT,Part-time,NAT_DEF,National definition,A,Annual,2013,,27.401,,A,Normal value,0,Units,1,One
DATAFLOW,OECD.ELS.SAE:DSD_FTPT@DF_FTPT_NATIONAL_INC(1.0),Incidence of full-time and part-time employment based on national definitions,I,CHL,Chile,EMP,Employment,PT_POP_SUB,Percentage of population in the same subgroup,F,Female,_T,Total,EMP,Employment,MAIN,Main job,_T,Total,PT,Part-time,NAT_DEF,National definition,A,Annual,2014,,28.002,,A,Normal value,0,Units,1,One
DATAFLOW,OECD.ELS.SAE:DSD_FTPT@DF_FTPT_NATIONAL_INC(1.0),Incidence of full-time and part-time employment based on national definitions,I,CHL,Chile,EMP,Employment,PT_POP_SUB,Percentage of population in the same subgroup,F,Female,_T,Total,EMP,Employment,MAIN,Main job,_T,Total,PT,Part-time,NAT_DEF,National definition,A,Annual,2015,,27.629,,A,Normal value,0,Units,1,One
DATAFLOW,OECD.ELS.SAE:DSD_FTPT@DF_FTPT_NATIONAL_INC(1.0),Incidence of full-time and part-time employment based on national definitions,I,CHL,Chile,EMP,Employment,PT_POP_SUB,Percentage of population in the same subgroup,F,Female,_T,Total,EMP,Employment,MAIN,Main job,_T,Total,PT,Part-time,NAT_DEF,National definition,A,Annual,2017,,28.046,,A,Normal value,0,Units,1,One
DATAFLOW,OECD.ELS.SAE:DSD_FTPT@DF_FTPT_NATIONAL_INC(1.0),Incidence of full-time and part-time employment based on national definitions,I,CHL,Chile,EMP,Employment,PT_POP_SUB,Percentage of population in the same subgroup,F,Female,_T,Total,EMP,Employment,MAIN,Main job,_T,Total,PT,Part-time,NAT_DEF,National definition,A,Annual,2018,,27.471,,A,Normal value,0,Units,1,One
DATAFLOW,OECD.ELS.SAE:DSD_FTPT@DF_FTPT_NATIONAL_INC(1.0),Incidence of full-time and part-time employment based on national definitions,I,CHL,Chile,EMP,Employment,PT_POP_SUB,Percentage of population in the same subgroup,F,Female,_T,Total,EMP,Employment,MAIN,Main job,_T,Total,PT,Part-time,NAT_DEF,National definition,A,Annual,2019,,27.26,,A,Normal value,0,Units,1,One
DATAFLOW,OECD.ELS.SAE:DSD_FTPT@DF_FTPT_NATIONAL_INC(1.0),Incidence of full-time and part-time employment based on national definitions,I,CHL,Chile,EMP,Employment,PT_POP_SUB,Percentage of population in the same subgroup,F,Female,_T,Total,EMP,Employment,MAIN,Main job,_T,Total,PT,Part-time,NAT_DEF,National definition,A,Annual,2020,,25.764,,A,Normal value,0,Units,1,One
DATAFLOW,OECD.ELS.SAE:DSD_FTPT@DF_FTPT_NATIONAL_INC(1.0),Incidence of full-time and part-time employment based on national definitions,I,CHL,Chile,EMP,Employment,PT_POP_SUB,Percentage of population in the same subgroup,F,Female,_T,Total,EMP,Employment,MAIN,Main job,_T,Total,PT,Part-time,NAT_DEF,National definition,A,Annual,2022,,25.948,,A,Normal value,0,Units,1,One
DATAFLOW,OECD.ELS.SAE:DSD_FTPT@DF_FTPT_NATIONAL_INC(1.0),Incidence of full-time and part-time employment based on national definitions,I,CHL,Chile,EMP,Employment,PT_POP_SUB,Percentage of population in the same subgroup,F,Female,_T,Total,EMP,Employment,MAIN,Main job,_T,Total,PT,Part-time,NAT_DEF,National definition,A,Annual,2023,,25.607,,A,Normal value,0,Units,1,One
DATAFLOW,OECD.ELS.SAE:DSD_FTPT@DF_FTPT_NATIONAL_INC(1.0),Incidence of full-time and part-time employment based on national definitions,I,COL,Colombia,EMP,Employment,PT_POP_SUB,Percentage of population in the same subgroup,F,Female,_T,Total,EMP,Employment,MAIN,Main job,_T,Total,PT,Part-time,NAT_DEF,National definition,A,Annual,2011,,27.37,,A,Normal value,0,Units,1,One
DATAFLOW,OECD.ELS.SAE:DSD_FTPT@DF_FTPT_NATIONAL_INC(1.0),Incidence of full-time and part-time employment based on national definitions,I,CRI,Costa Rica,EMP,Employment,PT_POP_SUB,Percentage of population in the same subgroup,F,Female,_T,Total,EMP,Employment,MAIN,Main job,_T,Total,PT,Part-time,NAT_DEF,National definition,A,Annual,2019,,40.31,,A,Normal value,0,Units,1,One
DATAFLOW,OECD.ELS.SAE:DSD_FTPT@DF_FTPT_NATIONAL_INC(1.0),Incidence of full-time and part-time employment based on national definitions,I,CRI,Costa Rica,EMP,Employment,PT_POP_SUB,Percentage of population in the same subgroup,F,Female,_T,Total,EMP,Employment,MAIN,Main job,_T,Total,PT,Part-time,NAT_DEF,National definition,A,Annual,2020,,36.757,,A,Normal value,0,Units,1,One
DATAFLOW,OECD.ELS.SAE:DSD_FTPT@DF_FTPT_NATIONAL_INC(1.0),Incidence of full-time and part-time employment based on national definitions,I,CRI,Costa Rica,EMP,Employment,PT_POP_SUB,Percentage of population in the same subgroup,F,Female,_T,Total,EMP,Employment,MAIN,Main job,_T,Total,PT,Part-time,NAT_DEF,National definition,A,Annual,2021,,38.365,,A,Normal value,0,Units,1,One
DATAFLOW,OECD.ELS.SAE:DSD_FTPT@DF_FTPT_NATIONAL_INC(1.0),Incidence of full-time and part-time employment based on national definitions,I,CRI,Costa Rica,EMP,Employment,PT_POP_SUB,Percentage of population in the same subgroup,F,Female,_T,Total,EMP,Employment,MAIN,Main job,_T,Total,PT,Part-time,NAT_DEF,National definition,A,Annual,2023,,31.537,,A,Normal value,0,Units,1,One
DATAFLOW,OECD.ELS.SAE:DSD_FTPT@DF_FTPT_NATIONAL_INC(1.0),Incidence of full-time and part-time employment based on national definitions,I,CRI,Costa Rica,EMP,Employment,PT_POP_SUB,Percentage of population in the same subgroup,F,Female,_T,Total,EMP,Employment,MAIN,Main job,_T,Total,PT,Part-time,NAT_DEF,National definition,A,Annual,2024,,31.447,,A,Normal value,0,Units,1,One
DATAFLOW,OECD.ELS.SAE:DSD_FTPT@DF_FTPT_NATIONAL_INC(1.0),Incidence of full-time and part-time employment based on national definitions,I,CZE,Czechia,EMP,Employment,PT_POP_SUB,Percentage of population in the same subgroup,F,Female,_T,Total,EMP,Employment,MAIN,Main job,_T,Total,PT,Part-time,NAT_DEF,National definition,A,Annual,2010,,9.888,,A,Normal value,0,Units,1,One
DATAFLOW,OECD.ELS.SAE:DSD_FTPT@DF_FTPT_NATIONAL_INC(1.0),Incidence of full-time and part-time employment based on national definitions,I,CZE,Czechia,EMP,Employment,PT_POP_SUB,Percentage of population in the same subgroup,F,Female,_T,Total,EMP,Employment,MAIN,Main job,_T,Total,PT,Part-time,NAT_DEF,National definition,A,Annual,2011,,9.351,,A,Normal value,0,Units,1,One
DATAFLOW,OECD.ELS.SAE:DSD_FTPT@DF_FTPT_NATIONAL_INC(1.0),Incidence of full-time and part-time employment based on national definitions,I,CZE,Czechia,EMP,Employment,PT_POP_SUB,Percentage of population in the same subgroup,F,Female,_T,Total,EMP,Employment,MAIN,Main job,_T,Total,PT,Part-time,NAT_DEF,National definition,A,Annual,2012,,9.533,,A,Normal value,0,Units,1,One
DATAFLOW,OECD.ELS.SAE:DSD_FTPT@DF_FTPT_NATIONAL_INC(1.0),Incidence of full-time and part-time employment based on national definitions,I,CZE,Czechia,EMP,Employment,PT_POP_SUB,Percentage of population in the same subgroup,F,Female,_T,Total,EMP,Employment,MAIN,Main job,_T,Total,PT,Part-time,NAT_DEF,National definition,A,Annual,2013,,10.98,,A,Normal value,0,Units,1,One
DATAFLOW,OECD.ELS.SAE:DSD_FTPT@DF_FTPT_NATIONAL_INC(1.0),Incidence of full-time and part-time employment based on national definitions,I,CZE,Czechia,EMP,Employment,PT_POP_SUB,Percentage of population in the same subgroup,F,Female,_T,Total,EMP,Employment,MAIN,Main job,_T,Total,PT,Part-time,NAT_DEF,National definition,A,Annual,2014,,10.418,,A,Normal value,0,Units,1,One
DATAFLOW,OECD.ELS.SAE:DSD_FTPT@DF_FTPT_NATIONAL_INC(1.0),Incidence of full-time and part-time employment based on national definitions,I,CZE,Czechia,EMP,Employment,PT_POP_SUB,Percentage of population in the same subgroup,F,Female,_T,Total,EMP,Employment,MAIN,Main job,_T,Total,PT,Part-time,NAT_DEF,National definition,A,Annual,2015,,10.375,,A,Normal value,0,Units,1,One
DATAFLOW,OECD.ELS.SAE:DSD_FTPT@DF_FTPT_NATIONAL_INC(1.0),Incidence of full-time and part-time employment based on national definitions,I,CZE,Czechia,EMP,Employment,PT_POP_SUB,Percentage of population in the same subgroup,F,Female,_T,Total,EMP,Employment,MAIN,Main job,_T,Total,PT,Part-time,NAT_DEF,National definition,A,Annual,2016,,11.138,,A,Normal value,0,Units,1,One
DATAFLOW,OECD.ELS.SAE:DSD_FTPT@DF_FTPT_NATIONAL_INC(1.0),Incidence of full-time and part-time employment based on national definitions,I,CZE,Czechia,EMP,Employment,PT_POP_SUB,Percentage of population in the same subgroup,F,Female,_T,Total,EMP,Employment,MAIN,Main job,_T,Total,PT,Part-time,NAT_DEF,National definition,A,Annual,2017,,12.15,,A,Normal value,0,Units,1,One
DATAFLOW,OECD.ELS.SAE:DSD_FTPT@DF_FTPT_NATIONAL_INC(1.0),Incidence of full-time and part-time employment based on national definitions,I,CZE,Czechia,EMP,Employment,PT_POP_SUB,Percentage of population in the same subgroup,F,Female,_T,Total,EMP,Employment,MAIN,Main job,_T,Total,PT,Part-time,NAT_DEF,National definition,A,Annual,2018,,12.286,,A,Normal value,0,Units,1,One
DATAFLOW,OECD.ELS.SAE:DSD_FTPT@DF_FTPT_NATIONAL_INC(1.0),Incidence of full-time and part-time employment based on national definitions,I,CZE,Czechia,EMP,Employment,PT_POP_SUB,Percentage of population in the same subgroup,F,Female,_T,Total,EMP,Employment,MAIN,Main job,_T,Total,PT,Part-time,NAT_DEF,National definition,A,Annual,2019,,12.047,,A,Normal value,0,Units,1,One
DATAFLOW,OECD.ELS.SAE:DSD_FTPT@DF_FTPT_NATIONAL_INC(1.0),Incidence of full-time and part-time employment based on national definitions,I,CZE,Czechia,EMP,Employment,PT_POP_SUB,Percentage of population in the same subgroup,F,Female,_T,Total,EMP,Employment,MAIN,Main job,_T,Total,PT,Part-time,NAT_DEF,National definition,A,Annual,2020,,11.346,,A,Normal value,0,Units,1,One
DATAFLOW,OECD.ELS.SAE:DSD_FTPT@DF_FTPT_NATIONAL_INC(1.0),Incidence of full-time and part-time employment based on national definitions,I,CZE,Czechia,EMP,Employment,PT_POP_SUB,Percentage of population in the same subgroup,F,Female,_T,Total,EMP,Employment,MAIN,Main job,_T,Total,PT,Part-time,NAT_DEF,National definition,A,Annual,2021,,10.84,,A,Normal value,0,Units,1,One
DATAFLOW,OECD.ELS.SAE:DSD_FTPT@DF_FTPT_NATIONAL_INC(1.0),Incidence of full-time and part-time employment based on national definitions,I,CZE,Czechia,EMP,Employment,PT_POP_SUB,Percentage of population in the same subgroup,F,Female,_T,Total,EMP,Employment,MAIN,Main job,_T,Total,PT,Part-time,NAT_DEF,National definition,A,Annual,2023,,13.228,,A,Normal value,0,Units,1,One
DATAFLOW,OECD.ELS.SAE:DSD_FTPT@DF_FTPT_NATIONAL_INC(1.0),Incidence of full-time and part-time employment based on national definitions,I,CZE,Czechia,EMP,Employment,PT_POP_SUB,Percentage of population in the same subgroup,F,Female,_T,Total,EMP,Employment,MAIN,Main job,_T,Total,PT,Part-time,NAT_DEF,National definition,A,Annual,2024,,14.199,,A,Normal value,0,Units,1,One
DATAFLOW,OECD.ELS.SAE:DSD_FTPT@DF_FTPT_NATIONAL_INC(1.0),Incidence of full-time and part-time employment based on national definitions,I,DNK,Denmark,EMP,Employment,PT_POP_SUB,Percentage of population in the same subgroup,F,Female,_T,Total,EMP,Employment,MAIN,Main job,_T,Total,PT,Part-time,NAT_DEF,National definition,A,Annual,2020,,33.676,,A,Normal value,0,Units,1,One
DATAFLOW,OECD.ELS.SAE:DSD_FTPT@DF_FTPT_NATIONAL_INC(1.0),Incidence of full-time and part-time employment based on national definitions,I,DNK,Denmark,EMP,Employment,PT_POP_SUB,Percentage of population in the same subgroup,F,Female,_T,Total,EMP,Employment,MAIN,Main job,_T,Total,PT,Part-time,NAT_DEF,National definition,A,Annual,2022,,34.761,,A,Normal value,0,Units,1,One
DATAFLOW,OECD.ELS.SAE:DSD_FTPT@DF_FTPT_NATIONAL_INC(1.0),Incidence of full-time and part-time employment based on national definitions,I,DNK,Denmark,EMP,Employment,PT_POP_SUB,Percentage of population in the same subgroup,F,Female,_T,Total,EMP,Employment,MAIN,Main job,_T,Total,PT,Part-time,NAT_DEF,National definition,A,Annual,2024,,38.685,,A,Normal value,0,Units,1,One
DATAFLOW,OECD.ELS.SAE:DSD_FTPT@DF_FTPT_NATIONAL_INC(1.0),Incidence of full-time and part-time employment based on national definitions,I,EST,Estonia,EMP,Employment,PT_POP_SUB,Percentage of population in the same subgroup,F,Female,_T,Total,EMP,Employment,MAIN,Main job,_T,Total,PT,Part-time,NAT_DEF,National definition,A,Annual,2010,,14.97,,A,Normal value,0,Units,1,One
DATAFLOW,OECD.ELS.SAE:DSD_FTPT@DF_FTPT_NATIONAL_INC(1.0),Incidence of full-time and part-time employment based on national definitions,I,EST,Estonia,EMP,Employment,PT_POP_SUB,Percentage of population in the same subgroup,F,Female,_T,Total,EMP,Employment,MAIN,Main job,_T,Total,PT,Part-time,NAT_DEF,National definition,A,Annual,2011,,15.954,,A,Normal value,0,Units,1,One
DATAFLOW,OECD.ELS.SAE:DSD_FTPT@DF_FTPT_NATIONAL_INC(1.0),Incidence of full-time and part-time employment based on national definitions,I,EST,Estonia,EMP,Employment,PT_POP_SUB,Percentage of population in the same subgroup,F,Female,_T,Total,EMP,Employment,MAIN,Main job,_T,Total,PT,Part-time,NAT_DEF,National definition,A,Annual,2012,,15.254,,A,Normal value,0,Units,1,One
DATAFLOW,OECD.ELS.SAE:DSD_FTPT@DF_FTPT_NATIONAL_INC(1.0),Incidence of full-time and part-time employment based on national definitions,I,EST,Estonia,EMP,Employment,PT_POP_SUB,Percentage of population in the same subgroup,F,Female,_T,Total,EMP,Employment,MAIN,Main job,_T,Total,PT,Part-time,NAT_DEF,National definition,A,Annual,2013,,14.241,,A,Normal value,0,Units,1,One
DATAFLOW,OECD.ELS.SAE:DSD_FTPT@DF_FTPT_NATIONAL_INC(1.0),Incidence of full-time and part-time employment based on national definitions,I,EST,Estonia,EMP,Employment,PT_POP_SUB,Percentage of population in the same subgroup,F,Female,_T,Total,EMP,Employment,MAIN,Main job,_T,Total,PT,Part-time,NAT_DEF,National definition,A,Annual,2014,,12.784,,A,Normal value,0,Units,1,One
DATAFLOW,OECD.ELS.SAE:DSD_FTPT@DF_FTPT_NATIONAL_INC(1.0),Incidence of full-time and part-time employment based on national definitions,I,EST,Estonia,EMP,Employment,PT_POP_SUB,Percentage of population in the same subgroup,F,Female,_T,Total,EMP,Employment,MAIN,Main job,_T,Total,PT,Part-time,NAT_DEF,National definition,A,Annual,2015,,15.212,,A,Normal value,0,Units,1,One
DATAFLOW,OECD.ELS.SAE:DSD_FTPT@DF_FTPT_NATIONAL_INC(1.0),Incidence of full-time and part-time employment based on national definitions,I,EST,Estonia,EMP,Employment,PT_POP_SUB,Percentage of population in the same subgroup,F,Female,_T,Total,EMP,Employment,MAIN,Main job,_T,Total,PT,Part-time,NAT_DEF,National definition,A,Annual,2016,,14.762,,A,Normal value,0,Units,1,One
DATAFLOW,OECD.ELS.SAE:DSD_FTPT@DF_FTPT_NATIONAL_INC(1.0),Incidence of full-time and part-time employment based on national definitions,I,EST,Estonia,EMP,Employment,PT_POP_SUB,Percentage of population in the same subgroup,F,Female,_T,Total,EMP,Employment,MAIN,Main job,_T,Total,PT,Part-time,NAT_DEF,National definition,A,Annual,2017,,15.004,,A,Normal value,0,Units,1,One
DATAFLOW,OECD.ELS.SAE:DSD_FTPT@DF_FTPT_NATIONAL_INC(1.0),Incidence of full-time and part-time employment based on national definitions,I,EST,Estonia,EMP,Employment,PT_POP_SUB,Percentage of population in the same subgroup,F,Female,_T,Total,EMP,Employment,MAIN,Main job,_T,Total,PT,Part-time,NAT_DEF,National definition,A,Annual,2018,,16.842,,A,Normal value,0,Units,1,One
DATAFLOW,OECD.ELS.SAE:DSD_FTPT@DF_FTPT_NATIONAL_INC(1.0),Incidence of full-time and part-time employment based on national definitions,I,EST,Estonia,EMP,Employment,PT_POP_SUB,Percentage of population in the same subgroup,F,Female,_T,Total,EMP,Employment,MAIN,Main job,_T,Total,PT,Part-time,NAT_DEF,National definition,A,Annual,2019,,17.658,,A,Normal value,0,Units,1,One
DATAFLOW,OECD.ELS.SAE:DSD_FTPT@DF_FTPT_NATIONAL_INC(1.0),Incidence of full-time and part-time employment based on national definitions,I,EST,Estonia,EMP,Employment,PT_POP_SUB,Percentage of population in the same subgroup,F,Female,_T,Total,EMP,Employment,MAIN,Main job,_T,Total,PT,Part-time,NAT_DEF,National definition,A,Annual,2020,,18.278,,A,Normal value,0,Units,1,One
DATAFLOW,OECD.ELS.SAE:DSD_FTPT@DF_FTPT_NATIONAL_INC(1.0),Incidence of full-time and part-time employment based on national definitions,I,EST,Estonia,EMP,Employment,PT_POP_SUB,Percentage of population in the same subgroup,F,Female,_T,Total,EMP,Employment,MAIN,Main job,_T,Total,PT,Part-time,NAT_DEF,National definition,A,Annual,2021,,18.182,,A,Normal value,0,Units,1,One
DATAFLOW,OECD.ELS.SAE:DSD_FTPT@DF_FTPT_NATIONAL_INC(1.0),Incidence of full-time and part-time employment based on national definitions,I,EST,Estonia,EMP,Employment,PT_POP_SUB,Percentage of population in the same subgroup,F,Female,_T,Total,EMP,Employment,MAIN,Main job,_T,Total,PT,Part-time,NAT_DEF,National definition,A,Annual,2022,,20.307,,A,Normal value,0,Units,1,One
DATAFLOW,OECD.ELS.SAE:DSD_FTPT@DF_FTPT_NATIONAL_INC(1.0),Incidence of full-time and part-time employment based on national definitions,I,EST,Estonia,EMP,Employment,PT_POP_SUB,Percentage of population in the same subgroup,F,Female,_T,Total,EMP,Employment,MAIN,Main job,_T,Total,PT,Part-time,NAT_DEF,National definition,A,Annual,2023,,19.386,,A,Normal value,0,Units,1,One
DATAFLOW,OECD.ELS.SAE:DSD_FTPT@DF_FTPT_NATIONAL_INC(1.0),Incidence of full-time and part-time employment based on national definitions,I,EST,Estonia,EMP,Employment,PT_POP_SUB,Percentage of population in the same subgroup,F,Female,_T,Total,EMP,Employment,MAIN,Main job,_T,Total,PT,Part-time,NAT_DEF,National definition,A,Annual,2024,,19.365,,A,Normal value,0,Units,1,One
DATAFLOW,OECD.ELS.SAE:DSD_FTPT@DF_FTPT_NATIONAL_INC(1.0),Incidence of full-time and part-time employment based on national definitions,I,FIN,Finland,EMP,Employment,PT_POP_SUB,Percentage of population in the same subgroup,F,Female,_T,Total,EMP,Employment,MAIN,Main job,_T,Total,PT,Part-time,NAT_DEF,National definition,A,Annual,2013,,20.214,,A,Normal value,0,Units,1,One
DATAFLOW,OECD.ELS.SAE:DSD_FTPT@DF_FTPT_NATIONAL_INC(1.0),Incidence of full-time and part-time employment based on national definitions,I,FIN,Finland,EMP,Employment,PT_POP_SUB,Percentage of population in the same subgroup,F,Female,_T,Total,EMP,Employment,MAIN,Main job,_T,Total,PT,Part-time,NAT_DEF,National definition,A,Annual,2014,,20.171,,A,Normal value,0,Units,1,One
DATAFLOW,OECD.ELS.SAE:DSD_FTPT@DF_FTPT_NATIONAL_INC(1.0),Incidence of full-time and part-time employment based on national definitions,I,FIN,Finland,EMP,Employment,PT_POP_SUB,Percentage of population in the same subgroup,F,Female,_T,Total,EMP,Employment,MAIN,Main job,_T,Total,PT,Part-time,NAT_DEF,National definition,A,Annual,2015,,19.788,,A,Normal value,0,Units,1,One
DATAFLOW,OECD.ELS.SAE:DSD_FTPT@DF_FTPT_NATIONAL_INC(1.0),Incidence of full-time and part-time employment based on national definitions,I,FIN,Finland,EMP,Employment,PT_POP_SUB,Percentage of population in the same subgroup,F,Female,_T,Total,EMP,Employment,MAIN,Main job,_T,Total,PT,Part-time,NAT_DEF,National definition,A,Annual,2016,,21.277,,A,Normal value,0,Units,1,One
DATAFLOW,OECD.ELS.SAE:DSD_FTPT@DF_FTPT_NATIONAL_INC(1.0),Incidence of full-time and part-time employment based on national definitions,I,FIN,Finland,EMP,Employment,PT_POP_SUB,Percentage of population in the same subgroup,F,Female,_T,Total,EMP,Employment,MAIN,Main job,_T,Total,PT,Part-time,NAT_DEF,National definition,A,Annual,2017,,21.557,,A,Normal value,0,Units,1,One
DATAFLOW,OECD.ELS.SAE:DSD_FTPT@DF_FTPT_NATIONAL_INC(1.0),Incidence of full-time and part-time employment based on national definitions,I,FIN,Finland,EMP,Employment,PT_POP_SUB,Percentage of population in the same subgroup,F,Female,_T,Total,EMP,Employment,MAIN,Main job,_T,Total,PT,Part-time,NAT_DEF,National definition,A,Annual,2018,,21.804,,A,Normal value,0,Units,1,One
DATAFLOW,OECD.ELS.SAE:DSD_FTPT@DF_FTPT_NATIONAL_INC(1.0),Incidence of full-time and part-time employment based on national definitions,I,FIN,Finland,EMP,Employment,PT_POP_SUB,Percentage of population in the same subgroup,F,Female,_T,Total,EMP,Employment,MAIN,Main job,_T,Total,PT,Part-time,NAT_DEF,National definition,A,Annual,2019,,22.543,,A,Normal value,0,Units,1,One
DATAFLOW,OECD.ELS.SAE:DSD_FTPT@DF_FTPT_NATIONAL_INC(1.0),Incidence of full-time and part-time employment based on national definitions,I,FIN,Finland,EMP,Employment,PT_POP_SUB,Percentage of population in the same subgroup,F,Female,_T,Total,EMP,Employment,MAIN,Main job,_T,Total,PT,Part-time,NAT_DEF,National definition,A,Annual,2020,,20.855,,A,Normal value,0,Units,1,One
DATAFLOW,OECD.ELS.SAE:DSD_FTPT@DF_FTPT_NATIONAL_INC(1.0),Incidence of full-time and part-time employment based on national definitions,I,FIN,Finland,EMP,Employment,PT_POP_SUB,Percentage of population in the same subgroup,F,Female,_T,Total,EMP,Employment,MAIN,Main job,_T,Total,PT,Part-time,NAT_DEF,National definition,A,Annual,2021,,24.355,,A,Normal value,0,Units,1,One
DATAFLOW,OECD.ELS.SAE:DSD_FTPT@DF_FTPT_NATIONAL_INC(1.0),Incidence of full-time and part-time employment based on national definitions,I,FIN,Finland,EMP,Employment,PT_POP_SUB,Percentage of population in the same subgroup,F,Female,_T,Total,EMP,Employment,MAIN,Main job,_T,Total,PT,Part-time,NAT_DEF,National definition,A,Annual,2022,,24.464,,A,Normal value,0,Units,1,One
DATAFLOW,OECD.ELS.SAE:DSD_FTPT@DF_FTPT_NATIONAL_INC(1.0),Incidence of full-time and part-time employment based on national definitions,I,FIN,Finland,EMP,Employment,PT_POP_SUB,Percentage of population in the same subgroup,F,Female,_T,Total,EMP,Employment,MAIN,Main job,_T,Total,PT,Part-time,NAT_DEF,National definition,A,Annual,2023,,24.135,,A,Normal value,0,Units,1,One
DATAFLOW,OECD.ELS.SAE:DSD_FTPT@DF_FTPT_NATIONAL_INC(1.0),Incidence of full-time and part-time employment based on national definitions,I,FIN,Finland,EMP,Employment,PT_POP_SUB,Percentage of population in the same subgroup,F,Female,_T,Total,EMP,Employment,MAIN,Main job,_T,Total,PT,Part-time,NAT_DEF,National definition,A,Annual,2024,,23.586,,A,Normal value,0,Units,1,One
DATAFLOW,OECD.ELS.SAE:DSD_FTPT@DF_FTPT_NATIONAL_INC(1.0),Incidence of full-time and part-time employment based on national definitions,I,FRA,France,EMP,Employment,PT_POP_SUB,Percentage of population in the same subgroup,F,Female,_T,Total,EMP,Employment,MAIN,Main job,_T,Total,PT,Part-time,NAT_DEF,National definition,A,Annual,2011,,30.147,,A,Normal value,0,Units,1,One
DATAFLOW,OECD.ELS.SAE:DSD_FTPT@DF_FTPT_NATIONAL_INC(1.0),Incidence of full-time and part-time employment based on national definitions,I,FRA,France,EMP,Employment,PT_POP_SUB,Percentage of population in the same subgroup,F,Female,_T,Total,EMP,Employment,MAIN,Main job,_T,Total,PT,Part-time,NAT_DEF,National definition,A,Annual,2022,,26.485,,A,Normal value,0,Units,1,One
DATAFLOW,OECD.ELS.SAE:DSD_FTPT@DF_FTPT_NATIONAL_INC(1.0),Incidence of full-time and part-time employment based on national definitions,I,DEU,Germany,EMP,Employment,PT_POP_SUB,Percentage of population in the same subgroup,F,Female,_T,Total,EMP,Employment,MAIN,Main job,_T,Total,PT,Part-time,NAT_DEF,National definition,A,Annual,2020,,48.556,,A,Normal value,0,Units,1,One
DATAFLOW,OECD.ELS.SAE:DSD_FTPT@DF_FTPT_NATIONAL_INC(1.0),Incidence of full-time and part-time employment based on national definitions,I,DEU,Germany,EMP,Employment,PT_POP_SUB,Percentage of population in the same subgroup,F,Female,_T,Total,EMP,Employment,MAIN,Main job,_T,Total,PT,Part-time,NAT_DEF,National definition,A,Annual,2021,,48.083,,A,Normal value,0,Units,1,One
DATAFLOW,OECD.ELS.SAE:DSD_FTPT@DF_FTPT_NATIONAL_INC(1.0),Incidence of full-time and part-time employment based on national definitions,I,DEU,Germany,EMP,Employment,PT_POP_SUB,Percentage of population in the same subgroup,F,Female,_T,Total,EMP,Employment,MAIN,Main job,_T,Total,PT,Part-time,NAT_DEF,National definition,A,Annual,2022,,48.054,,A,Normal value,0,Units,1,One
DATAFLOW,OECD.ELS.SAE:DSD_FTPT@DF_FTPT_NATIONAL_INC(1.0),Incidence of full-time and part-time employment based on national definitions,I,DEU,Germany,EMP,Employment,PT_POP_SUB,Percentage of population in the same subgroup,F,Female,_T,Total,EMP,Employment,MAIN,Main job,_T,Total,PT,Part-time,NAT_DEF,National definition,A,Annual,2023,,48.873,,A,Normal value,0,Units,1,One
DATAFLOW,OECD.ELS.SAE:DSD_FTPT@DF_FTPT_NATIONAL_INC(1.0),Incidence of full-time and part-time employment based on national definitions,I,DEU,Germany,EMP,Employment,PT_POP_SUB,Percentage of population in the same subgroup,F,Female,_T,Total,EMP,Employment,MAIN,Main job,_T,Total,PT,Part-time,NAT_DEF,National definition,A,Annual,2024,,49.589,,A,Normal value,0,Units,1,One
DATAFLOW,OECD.ELS.SAE:DSD_FTPT@DF_FTPT_NATIONAL_INC(1.0),Incidence of full-time and part-time employment based on national definitions,I,GRC,Greece,EMP,Employment,PT_POP_SUB,Percentage of population in the same subgroup,F,Female,_T,Total,EMP,Employment,MAIN,Main job,_T,Total,PT,Part-time,NAT_DEF,National definition,A,Annual,2011,,10.246,,A,Normal value,0,Units,1,One
DATAFLOW,OECD.ELS.SAE:DSD_FTPT@DF_FTPT_NATIONAL_INC(1.0),Incidence of full-time and part-time employment based on national definitions,I,GRC,Greece,EMP,Employment,PT_POP_SUB,Percentage of population in the same subgroup,F,Female,_T,Total,EMP,Employment,MAIN,Main job,_T,Total,PT,Part-time,NAT_DEF,National definition,A,Annual,2012,,11.903,,A,Normal value,0,Units,1,One
DATAFLOW,OECD.ELS.SAE:DSD_FTPT@DF_FTPT_NATIONAL_INC(1.0),Incidence of full-time and part-time employment based on national definitions,I,GRC,Greece,EMP,Employment,PT_POP_SUB,Percentage of population in the same subgroup,F,Female,_T,Total,EMP,Employment,MAIN,Main job,_T,Total,PT,Part-time,NAT_DEF,National definition,A,Annual,2013,,12.683,,A,Normal value,0,Units,1,One
DATAFLOW,OECD.ELS.SAE:DSD_FTPT@DF_FTPT_NATIONAL_INC(1.0),Incidence of full-time and part-time employment based on national definitions,I,GRC,Greece,EMP,Employment,PT_POP_SUB,Percentage of population in the same subgroup,F,Female,_T,Total,EMP,Employment,MAIN,Main job,_T,Total,PT,Part-time,NAT_DEF,National definition,A,Annual,2014,,13.228,,A,Normal value,0,Units,1,One
DATAFLOW,OECD.ELS.SAE:DSD_FTPT@DF_FTPT_NATIONAL_INC(1.0),Incidence of full-time and part-time employment based on national definitions,I,GRC,Greece,EMP,Employment,PT_POP_SUB,Percentage of population in the same subgroup,F,Female,_T,Total,EMP,Employment,MAIN,Main job,_T,Total,PT,Part-time,NAT_DEF,National definition,A,Annual,2015,,13.176,,A,Normal value,0,Units,1,One
DATAFLOW,OECD.ELS.SAE:DSD_FTPT@DF_FTPT_NATIONAL_INC(1.0),Incidence of full-time and part-time employment based on national definitions,I,GRC,Greece,EMP,Employment,PT_POP_SUB,Percentage of population in the same subgroup,F,Female,_T,Total,EMP,Employment,MAIN,Main job,_T,Total,PT,Part-time,NAT_DEF,National definition,A,Annual,2016,,13.824,,A,Normal value,0,Units,1,One
DATAFLOW,OECD.ELS.SAE:DSD_FTPT@DF_FTPT_NATIONAL_INC(1.0),Incidence of full-time and part-time employment based on national definitions,I,GRC,Greece,EMP,Employment,PT_POP_SUB,Percentage of population in the same subgroup,F,Female,_T,Total,EMP,Employment,MAIN,Main job,_T,Total,PT,Part-time,NAT_DEF,National definition,A,Annual,2017,,14.122,,A,Normal value,0,Units,1,One
DATAFLOW,OECD.ELS.SAE:DSD_FTPT@DF_FTPT_NATIONAL_INC(1.0),Incidence of full-time and part-time employment based on national definitions,I,GRC,Greece,EMP,Employment,PT_POP_SUB,Percentage of population in the same subgroup,F,Female,_T,Total,EMP,Employment,MAIN,Main job,_T,Total,PT,Part-time,NAT_DEF,National definition,A,Annual,2019,,13.557,,A,Normal value,0,Units,1,One
DATAFLOW,OECD.ELS.SAE:DSD_FTPT@DF_FTPT_NATIONAL_INC(1.0),Incidence of full-time and part-time employment based on national definitions,I,GRC,Greece,EMP,Employment,PT_POP_SUB,Percentage of population in the same subgroup,F,Female,_T,Total,EMP,Employment,MAIN,Main job,_T,Total,PT,Part-time,NAT_DEF,National definition,A,Annual,2020,,12.815,,A,Normal value,0,Units,1,One
DATAFLOW,OECD.ELS.SAE:DSD_FTPT@DF_FTPT_NATIONAL_INC(1.0),Incidence of full-time and part-time employment based on national definitions,I,GRC,Greece,EMP,Employment,PT_POP_SUB,Percentage of population in the same subgroup,F,Female,_T,Total,EMP,Employment,MAIN,Main job,_T,Total,PT,Part-time,NAT_DEF,National definition,A,Annual,2021,,12.531,,A,Normal value,0,Units,1,One
DATAFLOW,OECD.ELS.SAE:DSD_FTPT@DF_FTPT_NATIONAL_INC(1.0),Incidence of full-time and part-time employment based on national definitions,I,GRC,Greece,EMP,Employment,PT_POP_SUB,Percentage of population in the same subgroup,F,Female,_T,Total,EMP,Employment,MAIN,Main job,_T,Total,PT,Part-time,NAT_DEF,National definition,A,Annual,2022,,12.372,,A,Normal value,0,Units,1,One
DATAFLOW,OECD.ELS.SAE:DSD_FTPT@DF_FTPT_NATIONAL_INC(1.0),Incidence of full-time and part-time employment based on national definitions,I,GRC,Greece,EMP,Employment,PT_POP_SUB,Percentage of population in the same subgroup,F,Female,_T,Total,EMP,Employment,MAIN,Main job,_T,Total,PT,Part-time,NAT_DEF,National definition,A,Annual,2023,,11.784,,A,Normal value,0,Units,1,One
DATAFLOW,OECD.ELS.SAE:DSD_FTPT@DF_FTPT_NATIONAL_INC(1.0),Incidence of full-time and part-time employment based on national definitions,I,GRC,Greece,EMP,Employment,PT_POP_SUB,Percentage of population in the same subgroup,F,Female,_T,Total,EMP,Employment,MAIN,Main job,_T,Total,PT,Part-time,NAT_DEF,National definition,A,Annual,2024,,10.583,,A,Normal value,0,Units,1,One
DATAFLOW,OECD.ELS.SAE:DSD_FTPT@DF_FTPT_NATIONAL_INC(1.0),Incidence of full-time and part-time employment based on national definitions,I,HUN,Hungary,EMP,Employment,PT_POP_SUB,Percentage of population in the same subgroup,F,Female,_T,Total,EMP,Employment,MAIN,Main job,_T,Total,PT,Part-time,NAT_DEF,National definition,A,Annual,2010,,8.09,,A,Normal value,0,Units,1,One
DATAFLOW,OECD.ELS.SAE:DSD_FTPT@DF_FTPT_NATIONAL_INC(1.0),Incidence of full-time and part-time employment based on national definitions,I,HUN,Hungary,EMP,Employment,PT_POP_SUB,Percentage of population in the same subgroup,F,Female,_T,Total,EMP,Employment,MAIN,Main job,_T,Total,PT,Part-time,NAT_DEF,National definition,A,Annual,2011,,9.125,,A,Normal value,0,Units,1,One
DATAFLOW,OECD.ELS.SAE:DSD_FTPT@DF_FTPT_NATIONAL_INC(1.0),Incidence of full-time and part-time employment based on national definitions,I,HUN,Hungary,EMP,Employment,PT_POP_SUB,Percentage of population in the same subgroup,F,Female,_T,Total,EMP,Employment,MAIN,Main job,_T,Total,PT,Part-time,NAT_DEF,National definition,A,Annual,2012,,9.787,,A,Normal value,0,Units,1,One
DATAFLOW,OECD.ELS.SAE:DSD_FTPT@DF_FTPT_NATIONAL_INC(1.0),Incidence of full-time and part-time employment based on national definitions,I,HUN,Hungary,EMP,Employment,PT_POP_SUB,Percentage of population in the same subgroup,F,Female,_T,Total,EMP,Employment,MAIN,Main job,_T,Total,PT,Part-time,NAT_DEF,National definition,A,Annual,2013,,9.359,,A,Normal value,0,Units,1,One
DATAFLOW,OECD.ELS.SAE:DSD_FTPT@DF_FTPT_NATIONAL_INC(1.0),Incidence of full-time and part-time employment based on national definitions,I,HUN,Hungary,EMP,Employment,PT_POP_SUB,Percentage of population in the same subgroup,F,Female,_T,Total,EMP,Employment,MAIN,Main job,_T,Total,PT,Part-time,NAT_DEF,National definition,A,Annual,2014,,8.662,,A,Normal value,0,Units,1,One
DATAFLOW,OECD.ELS.SAE:DSD_FTPT@DF_FTPT_NATIONAL_INC(1.0),Incidence of full-time and part-time employment based on national definitions,I,HUN,Hungary,EMP,Employment,PT_POP_SUB,Percentage of population in the same subgroup,F,Female,_T,Total,EMP,Employment,MAIN,Main job,_T,Total,PT,Part-time,NAT_DEF,National definition,A,Annual,2015,,8.053,,A,Normal value,0,Units,1,One
DATAFLOW,OECD.ELS.SAE:DSD_FTPT@DF_FTPT_NATIONAL_INC(1.0),Incidence of full-time and part-time employment based on national definitions,I,HUN,Hungary,EMP,Employment,PT_POP_SUB,Percentage of population in the same subgroup,F,Female,_T,Total,EMP,Employment,MAIN,Main job,_T,Total,PT,Part-time,NAT_DEF,National definition,A,Annual,2016,,7.286,,A,Normal value,0,Units,1,One
DATAFLOW,OECD.ELS.SAE:DSD_FTPT@DF_FTPT_NATIONAL_INC(1.0),Incidence of full-time and part-time employment based on national definitions,I,HUN,Hungary,EMP,Employment,PT_POP_SUB,Percentage of population in the same subgroup,F,Female,_T,Total,EMP,Employment,MAIN,Main job,_T,Total,PT,Part-time,NAT_DEF,National definition,A,Annual,2017,,6.849,,A,Normal value,0,Units,1,One
DATAFLOW,OECD.ELS.SAE:DSD_FTPT@DF_FTPT_NATIONAL_INC(1.0),Incidence of full-time and part-time employment based on national definitions,I,HUN,Hungary,EMP,Employment,PT_POP_SUB,Percentage of population in the same subgroup,F,Female,_T,Total,EMP,Employment,MAIN,Main job,_T,Total,PT,Part-time,NAT_DEF,National definition,A,Annual,2018,,6.854,,A,Normal value,0,Units,1,One
DATAFLOW,OECD.ELS.SAE:DSD_FTPT@DF_FTPT_NATIONAL_INC(1.0),Incidence of full-time and part-time employment based on national definitions,I,HUN,Hungary,EMP,Employment,PT_POP_SUB,Percentage of population in the same subgroup,F,Female,_T,Total,EMP,Employment,MAIN,Main job,_T,Total,PT,Part-time,NAT_DEF,National definition,A,Annual,2019,,7.486,,A,Normal value,0,Units,1,One
DATAFLOW,OECD.ELS.SAE:DSD_FTPT@DF_FTPT_NATIONAL_INC(1.0),Incidence of full-time and part-time employment based on national definitions,I,HUN,Hungary,EMP,Employment,PT_POP_SUB,Percentage of population in the same subgroup,F,Female,_T,Total,EMP,Employment,MAIN,Main job,_T,Total,PT,Part-time,NAT_DEF,National definition,A,Annual,2020,,8.206,,A,Normal value,0,Units,1,One
DATAFLOW,OECD.ELS.SAE:DSD_FTPT@DF_FTPT_NATIONAL_INC(1.0),Incidence of full-time and part-time employment based on national definitions,I,HUN,Hungary,EMP,Employment,PT_POP_SUB,Percentage of population in the same subgroup,F,Female,_T,Total,EMP,Employment,MAIN,Main job,_T,Total,PT,Part-time,NAT_DEF,National definition,A,Annual,2021,,7.696,,A,Normal value,0,Units,1,One
DATAFLOW,OECD.ELS.SAE:DSD_FTPT@DF_FTPT_NATIONAL_INC(1.0),Incidence of full-time and part-time employment based on national definitions,I,HUN,Hungary,EMP,Employment,PT_POP_SUB,Percentage of population in the same subgroup,F,Female,_T,Total,EMP,Employment,MAIN,Main job,_T,Total,PT,Part-time,NAT_DEF,National definition,A,Annual,2022,,7.037,,A,Normal value,0,Units,1,One
DATAFLOW,OECD.ELS.SAE:DSD_FTPT@DF_FTPT_NATIONAL_INC(1.0),Incidence of full-time and part-time employment based on national definitions,I,HUN,Hungary,EMP,Employment,PT_POP_SUB,Percentage of population in the same subgroup,F,Female,_T,Total,EMP,Employment,MAIN,Main job,_T,Total,PT,Part-time,NAT_DEF,National definition,A,Annual,2023,,6.665,,A,Normal value,0,Units,1,One
DATAFLOW,OECD.ELS.SAE:DSD_FTPT@DF_FTPT_NATIONAL_INC(1.0),Incidence of full-time and part-time employment based on national definitions,I,HUN,Hungary,EMP,Employment,PT_POP_SUB,Percentage of population in the same subgroup,F,Female,_T,Total,EMP,Employment,MAIN,Main job,_T,Total,PT,Part-time,NAT_DEF,National definition,A,Annual,2024,,7.124,,A,Normal value,0,Units,1,One
DATAFLOW,OECD.ELS.SAE:DSD_FTPT@DF_FTPT_NATIONAL_INC(1.0),Incidence of full-time and part-time employment based on national definitions,I,ISL,Iceland,EMP,Employment,PT_POP_SUB,Percentage of population in the same subgroup,F,Female,_T,Total,EMP,Employment,MAIN,Main job,_T,Total,PT,Part-time,NAT_DEF,National definition,A,Annual,2010,,37.586,,A,Normal value,0,Units,1,One
DATAFLOW,OECD.ELS.SAE:DSD_FTPT@DF_FTPT_NATIONAL_INC(1.0),Incidence of full-time and part-time employment based on national definitions,I,ISL,Iceland,EMP,Employment,PT_POP_SUB,Percentage of population in the same subgroup,F,Female,_T,Total,EMP,Employment,MAIN,Main job,_T,Total,PT,Part-time,NAT_DEF,National definition,A,Annual,2011,,35.66,,A,Normal value,0,Units,1,One
DATAFLOW,OECD.ELS.SAE:DSD_FTPT@DF_FTPT_NATIONAL_INC(1.0),Incidence of full-time and part-time employment based on national definitions,I,ISL,Iceland,EMP,Employment,PT_POP_SUB,Percentage of population in the same subgroup,F,Female,_T,Total,EMP,Employment,MAIN,Main job,_T,Total,PT,Part-time,NAT_DEF,National definition,A,Annual,2012,,34.839,,A,Normal value,0,Units,1,One
DATAFLOW,OECD.ELS.SAE:DSD_FTPT@DF_FTPT_NATIONAL_INC(1.0),Incidence of full-time and part-time employment based on national definitions,I,ISL,Iceland,EMP,Employment,PT_POP_SUB,Percentage of population in the same subgroup,F,Female,_T,Total,EMP,Employment,MAIN,Main job,_T,Total,PT,Part-time,NAT_DEF,National definition,A,Annual,2013,,35.218,,A,Normal value,0,Units,1,One
DATAFLOW,OECD.ELS.SAE:DSD_FTPT@DF_FTPT_NATIONAL_INC(1.0),Incidence of full-time and part-time employment based on national definitions,I,ISL,Iceland,EMP,Employment,PT_POP_SUB,Percentage of population in the same subgroup,F,Female,_T,Total,EMP,Employment,MAIN,Main job,_T,Total,PT,Part-time,NAT_DEF,National definition,A,Annual,2014,,33.634,,A,Normal value,0,Units,1,One
DATAFLOW,OECD.ELS.SAE:DSD_FTPT@DF_FTPT_NATIONAL_INC(1.0),Incidence of full-time and part-time employment based on national definitions,I,ISL,Iceland,EMP,Employment,PT_POP_SUB,Percentage of population in the same subgroup,F,Female,_T,Total,EMP,Employment,MAIN,Main job,_T,Total,PT,Part-time,NAT_DEF,National definition,A,Annual,2015,,34.153,,A,Normal value,0,Units,1,One
DATAFLOW,OECD.ELS.SAE:DSD_FTPT@DF_FTPT_NATIONAL_INC(1.0),Incidence of full-time and part-time employment based on national definitions,I,ISL,Iceland,EMP,Employment,PT_POP_SUB,Percentage of population in the same subgroup,F,Female,_T,Total,EMP,Employment,MAIN,Main job,_T,Total,PT,Part-time,NAT_DEF,National definition,A,Annual,2016,,35.327,,A,Normal value,0,Units,1,One
DATAFLOW,OECD.ELS.SAE:DSD_FTPT@DF_FTPT_NATIONAL_INC(1.0),Incidence of full-time and part-time employment based on national definitions,I,ISL,Iceland,EMP,Employment,PT_POP_SUB,Percentage of population in the same subgroup,F,Female,_T,Total,EMP,Employment,MAIN,Main job,_T,Total,PT,Part-time,NAT_DEF,National definition,A,Annual,2017,,35.657,,A,Normal value,0,Units,1,One
DATAFLOW,OECD.ELS.SAE:DSD_FTPT@DF_FTPT_NATIONAL_INC(1.0),Incidence of full-time and part-time employment based on national definitions,I,ISL,Iceland,EMP,Employment,PT_POP_SUB,Percentage of population in the same subgroup,F,Female,_T,Total,EMP,Employment,MAIN,Main job,_T,Total,PT,Part-time,NAT_DEF,National definition,A,Annual,2018,,34.66,,A,Normal value,0,Units,1,One
DATAFLOW,OECD.ELS.SAE:DSD_FTPT@DF_FTPT_NATIONAL_INC(1.0),Incidence of full-time and part-time employment based on national definitions,I,ISL,Iceland,EMP,Employment,PT_POP_SUB,Percentage of population in the same subgroup,F,Female,_T,Total,EMP,Employment,MAIN,Main job,_T,Total,PT,Part-time,NAT_DEF,National definition,A,Annual,2019,,33.903,,A,Normal value,0,Units,1,One
DATAFLOW,OECD.ELS.SAE:DSD_FTPT@DF_FTPT_NATIONAL_INC(1.0),Incidence of full-time and part-time employment based on national definitions,I,ISL,Iceland,EMP,Employment,PT_POP_SUB,Percentage of population in the same subgroup,F,Female,_T,Total,EMP,Employment,MAIN,Main job,_T,Total,PT,Part-time,NAT_DEF,National definition,A,Annual,2020,,35.473,,A,Normal value,0,Units,1,One
DATAFLOW,OECD.ELS.SAE:DSD_FTPT@DF_FTPT_NATIONAL_INC(1.0),Incidence of full-time and part-time employment based on national definitions,I,ISL,Iceland,EMP,Employment,PT_POP_SUB,Percentage of population in the same subgroup,F,Female,_T,Total,EMP,Employment,MAIN,Main job,_T,Total,PT,Part-time,NAT_DEF,National definition,A,Annual,2021,,36.898,,A,Normal value,0,Units,1,One
DATAFLOW,OECD.ELS.SAE:DSD_FTPT@DF_FTPT_NATIONAL_INC(1.0),Incidence of full-time and part-time employment based on national definitions,I,ISL,Iceland,EMP,Employment,PT_POP_SUB,Percentage of population in the same subgroup,F,Female,_T,Total,EMP,Employment,MAIN,Main job,_T,Total,PT,Part-time,NAT_DEF,National definition,A,Annual,2022,,35.348,,A,Normal value,0,Units,1,One
DATAFLOW,OECD.ELS.SAE:DSD_FTPT@DF_FTPT_NATIONAL_INC(1.0),Incidence of full-time and part-time employment based on national definitions,I,ISL,Iceland,EMP,Employment,PT_POP_SUB,Percentage of population in the same subgroup,F,Female,_T,Total,EMP,Employment,MAIN,Main job,_T,Total,PT,Part-time,NAT_DEF,National definition,A,Annual,2023,,34.857,,A,Normal value,0,Units,1,One
DATAFLOW,OECD.ELS.SAE:DSD_FTPT@DF_FTPT_NATIONAL_INC(1.0),Incidence of full-time and part-time employment based on national definitions,I,ISL,Iceland,EMP,Employment,PT_POP_SUB,Percentage of population in the same subgroup,F,Female,_T,Total,EMP,Employment,MAIN,Main job,_T,Total,PT,Part-time,NAT_DEF,National definition,A,Annual,2024,,32.819,,A,Normal value,0,Units,1,One
DATAFLOW,OECD.ELS.SAE:DSD_FTPT@DF_FTPT_NATIONAL_INC(1.0),Incidence of full-time and part-time employment based on national definitions,I,IRL,Ireland,EMP,Employment,PT_POP_SUB,Percentage of population in the same subgroup,F,Female,_T,Total,EMP,Employment,MAIN,Main job,_T,Total,PT,Part-time,NAT_DEF,National definition,A,Annual,2011,,34.921,,A,Normal value,0,Units,1,One
DATAFLOW,OECD.ELS.SAE:DSD_FTPT@DF_FTPT_NATIONAL_INC(1.0),Incidence of full-time and part-time employment based on national definitions,I,IRL,Ireland,EMP,Employment,PT_POP_SUB,Percentage of population in the same subgroup,F,Female,_T,Total,EMP,Employment,MAIN,Main job,_T,Total,PT,Part-time,NAT_DEF,National definition,A,Annual,2012,,34.896,,A,Normal value,0,Units,1,One
DATAFLOW,OECD.ELS.SAE:DSD_FTPT@DF_FTPT_NATIONAL_INC(1.0),Incidence of full-time and part-time employment based on national definitions,I,IRL,Ireland,EMP,Employment,PT_POP_SUB,Percentage of population in the same subgroup,F,Female,_T,Total,EMP,Employment,MAIN,Main job,_T,Total,PT,Part-time,NAT_DEF,National definition,A,Annual,2013,,34.71,,A,Normal value,0,Units,1,One
DATAFLOW,OECD.ELS.SAE:DSD_FTPT@DF_FTPT_NATIONAL_INC(1.0),Incidence of full-time and part-time employment based on national definitions,I,IRL,Ireland,EMP,Employment,PT_POP_SUB,Percentage of population in the same subgroup,F,Female,_T,Total,EMP,Employment,MAIN,Main job,_T,Total,PT,Part-time,NAT_DEF,National definition,A,Annual,2015,,33.261,,A,Normal value,0,Units,1,One
DATAFLOW,OECD.ELS.SAE:DSD_FTPT@DF_FTPT_NATIONAL_INC(1.0),Incidence of full-time and part-time employment based on national definitions,I,IRL,Ireland,EMP,Employment,PT_POP_SUB,Percentage of population in the same subgroup,F,Female,_T,Total,EMP,Employment,MAIN,Main job,_T,Total,PT,Part-time,NAT_DEF,National definition,A,Annual,2016,,32.64,,A,Normal value,0,Units,1,One
DATAFLOW,OECD.ELS.SAE:DSD_FTPT@DF_FTPT_NATIONAL_INC(1.0),Incidence of full-time and part-time employment based on national definitions,I,IRL,Ireland,EMP,Employment,PT_POP_SUB,Percentage of population in the same subgroup,F,Female,_T,Total,EMP,Employment,MAIN,Main job,_T,Total,PT,Part-time,NAT_DEF,National definition,A,Annual,2017,,30.453,,A,Normal value,0,Units,1,One
DATAFLOW,OECD.ELS.SAE:DSD_FTPT@DF_FTPT_NATIONAL_INC(1.0),Incidence of full-time and part-time employment based on national definitions,I,IRL,Ireland,EMP,Employment,PT_POP_SUB,Percentage of population in the same subgroup,F,Female,_T,Total,EMP,Employment,MAIN,Main job,_T,Total,PT,Part-time,NAT_DEF,National definition,A,Annual,2018,,29.705,,A,Normal value,0,Units,1,One
DATAFLOW,OECD.ELS.SAE:DSD_FTPT@DF_FTPT_NATIONAL_INC(1.0),Incidence of full-time and part-time employment based on national definitions,I,IRL,Ireland,EMP,Employment,PT_POP_SUB,Percentage of population in the same subgroup,F,Female,_T,Total,EMP,Employment,MAIN,Main job,_T,Total,PT,Part-time,NAT_DEF,National definition,A,Annual,2019,,30.46,,A,Normal value,0,Units,1,One
DATAFLOW,OECD.ELS.SAE:DSD_FTPT@DF_FTPT_NATIONAL_INC(1.0),Incidence of full-time and part-time employment based on national definitions,I,IRL,Ireland,EMP,Employment,PT_POP_SUB,Percentage of population in the same subgroup,F,Female,_T,Total,EMP,Employment,MAIN,Main job,_T,Total,PT,Part-time,NAT_DEF,National definition,A,Annual,2020,,27.709,,A,Normal value,0,Units,1,One
DATAFLOW,OECD.ELS.SAE:DSD_FTPT@DF_FTPT_NATIONAL_INC(1.0),Incidence of full-time and part-time employment based on national definitions,I,IRL,Ireland,EMP,Employment,PT_POP_SUB,Percentage of population in the same subgroup,F,Female,_T,Total,EMP,Employment,MAIN,Main job,_T,Total,PT,Part-time,NAT_DEF,National definition,A,Annual,2021,,28.487,,A,Normal value,0,Units,1,One
DATAFLOW,OECD.ELS.SAE:DSD_FTPT@DF_FTPT_NATIONAL_INC(1.0),Incidence of full-time and part-time employment based on national definitions,I,IRL,Ireland,EMP,Employment,PT_POP_SUB,Percentage of population in the same subgroup,F,Female,_T,Total,EMP,Employment,MAIN,Main job,_T,Total,PT,Part-time,NAT_DEF,National definition,A,Annual,2023,,30.027,,A,Normal value,0,Units,1,One
DATAFLOW,OECD.ELS.SAE:DSD_FTPT@DF_FTPT_NATIONAL_INC(1.0),Incidence of full-time and part-time employment based on national definitions,I,ISR,Israel,EMP,Employment,PT_POP_SUB,Percentage of population in the same subgroup,F,Female,_T,Total,EMP,Employment,MAIN,Main job,_T,Total,PT,Part-time,NAT_DEF,National definition,A,Annual,2013,,33.274,,A,Normal value,0,Units,1,One
DATAFLOW,OECD.ELS.SAE:DSD_FTPT@DF_FTPT_NATIONAL_INC(1.0),Incidence of full-time and part-time employment based on national definitions,I,ISR,Israel,EMP,Employment,PT_POP_SUB,Percentage of population in the same subgroup,F,Female,_T,Total,EMP,Employment,MAIN,Main job,_T,Total,PT,Part-time,NAT_DEF,National definition,A,Annual,2014,,32.747,,A,Normal value,0,Units,1,One
DATAFLOW,OECD.ELS.SAE:DSD_FTPT@DF_FTPT_NATIONAL_INC(1.0),Incidence of full-time and part-time employment based on national definitions,I,ISR,Israel,EMP,Employment,PT_POP_SUB,Percentage of population in the same subgroup,F,Female,_T,Total,EMP,Employment,MAIN,Main job,_T,Total,PT,Part-time,NAT_DEF,National definition,A,Annual,2015,,32.424,,A,Normal value,0,Units,1,One
DATAFLOW,OECD.ELS.SAE:DSD_FTPT@DF_FTPT_NATIONAL_INC(1.0),Incidence of full-time and part-time employment based on national definitions,I,ISR,Israel,EMP,Employment,PT_POP_SUB,Percentage of population in the same subgroup,F,Female,_T,Total,EMP,Employment,MAIN,Main job,_T,Total,PT,Part-time,NAT_DEF,National definition,A,Annual,2016,,32.016,,A,Normal value,0,Units,1,One
DATAFLOW,OECD.ELS.SAE:DSD_FTPT@DF_FTPT_NATIONAL_INC(1.0),Incidence of full-time and part-time employment based on national definitions,I,ISR,Israel,EMP,Employment,PT_POP_SUB,Percentage of population in the same subgroup,F,Female,_T,Total,EMP,Employment,MAIN,Main job,_T,Total,PT,Part-time,NAT_DEF,National definition,A,Annual,2017,,31.765,,A,Normal value,0,Units,1,One
DATAFLOW,OECD.ELS.SAE:DSD_FTPT@DF_FTPT_NATIONAL_INC(1.0),Incidence of full-time and part-time employment based on national definitions,I,ISR,Israel,EMP,Employment,PT_POP_SUB,Percentage of population in the same subgroup,F,Female,_T,Total,EMP,Employment,MAIN,Main job,_T,Total,PT,Part-time,NAT_DEF,National definition,A,Annual,2019,,31.026,,A,Normal value,0,Units,1,One
DATAFLOW,OECD.ELS.SAE:DSD_FTPT@DF_FTPT_NATIONAL_INC(1.0),Incidence of full-time and part-time employment based on national definitions,I,ISR,Israel,EMP,Employment,PT_POP_SUB,Percentage of population in the same subgroup,F,Female,_T,Total,EMP,Employment,MAIN,Main job,_T,Total,PT,Part-time,NAT_DEF,National definition,A,Annual,2020,,29.819,,A,Normal value,0,Units,1,One
DATAFLOW,OECD.ELS.SAE:DSD_FTPT@DF_FTPT_NATIONAL_INC(1.0),Incidence of full-time and part-time employment based on national definitions,I,ISR,Israel,EMP,Employment,PT_POP_SUB,Percentage of population in the same subgroup,F,Female,_T,Total,EMP,Employment,MAIN,Main job,_T,Total,PT,Part-time,NAT_DEF,National definition,A,Annual,2021,,30.06,,A,Normal value,0,Units,1,One
DATAFLOW,OECD.ELS.SAE:DSD_FTPT@DF_FTPT_NATIONAL_INC(1.0),Incidence of full-time and part-time employment based on national definitions,I,ISR,Israel,EMP,Employment,PT_POP_SUB,Percentage of population in the same subgroup,F,Female,_T,Total,EMP,Employment,MAIN,Main job,_T,Total,PT,Part-time,NAT_DEF,National definition,A,Annual,2023,,32.347,,A,Normal value,0,Units,1,One
DATAFLOW,OECD.ELS.SAE:DSD_FTPT@DF_FTPT_NATIONAL_INC(1.0),Incidence of full-time and part-time employment based on national definitions,I,ISR,Israel,EMP,Employment,PT_POP_SUB,Percentage of population in the same subgroup,F,Female,_T,Total,EMP,Employment,MAIN,Main job,_T,Total,PT,Part-time,NAT_DEF,National definition,A,Annual,2024,,30.968,,A,Normal value,0,Units,1,One
DATAFLOW,OECD.ELS.SAE:DSD_FTPT@DF_FTPT_NATIONAL_INC(1.0),Incidence of full-time and part-time employment based on national definitions,I,ITA,Italy,EMP,Employment,PT_POP_SUB,Percentage of population in the same subgroup,F,Female,_T,Total,EMP,Employment,MAIN,Main job,_T,Total,PT,Part-time,NAT_DEF,National definition,A,Annual,2014,,32.227,,A,Normal value,0,Units,1,One
DATAFLOW,OECD.ELS.SAE:DSD_FTPT@DF_FTPT_NATIONAL_INC(1.0),Incidence of full-time and part-time employment based on national definitions,I,LVA,Latvia,EMP,Employment,PT_POP_SUB,Percentage of population in the same subgroup,F,Female,_T,Total,EMP,Employment,MAIN,Main job,_T,Total,PT,Part-time,NAT_DEF,National definition,A,Annual,2010,,11.268,,A,Normal value,0,Units,1,One
DATAFLOW,OECD.ELS.SAE:DSD_FTPT@DF_FTPT_NATIONAL_INC(1.0),Incidence of full-time and part-time employment based on national definitions,I,LVA,Latvia,EMP,Employment,PT_POP_SUB,Percentage of population in the same subgroup,F,Female,_T,Total,EMP,Employment,MAIN,Main job,_T,Total,PT,Part-time,NAT_DEF,National definition,A,Annual,2011,,10.812,,A,Normal value,0,Units,1,One
DATAFLOW,OECD.ELS.SAE:DSD_FTPT@DF_FTPT_NATIONAL_INC(1.0),Incidence of full-time and part-time employment based on national definitions,I,LVA,Latvia,EMP,Employment,PT_POP_SUB,Percentage of population in the same subgroup,F,Female,_T,Total,EMP,Employment,MAIN,Main job,_T,Total,PT,Part-time,NAT_DEF,National definition,A,Annual,2012,,11.4,,A,Normal value,0,Units,1,One
DATAFLOW,OECD.ELS.SAE:DSD_FTPT@DF_FTPT_NATIONAL_INC(1.0),Incidence of full-time and part-time employment based on national definitions,I,LVA,Latvia,EMP,Employment,PT_POP_SUB,Percentage of population in the same subgroup,F,Female,_T,Total,EMP,Employment,MAIN,Main job,_T,Total,PT,Part-time,NAT_DEF,National definition,A,Annual,2013,,10.004,,A,Normal value,0,Units,1,One
DATAFLOW,OECD.ELS.SAE:DSD_FTPT@DF_FTPT_NATIONAL_INC(1.0),Incidence of full-time and part-time employment based on national definitions,I,LVA,Latvia,EMP,Employment,PT_POP_SUB,Percentage of population in the same subgroup,F,Female,_T,Total,EMP,Employment,MAIN,Main job,_T,Total,PT,Part-time,NAT_DEF,National definition,A,Annual,2014,,9.605,,A,Normal value,0,Units,1,One
DATAFLOW,OECD.ELS.SAE:DSD_FTPT@DF_FTPT_NATIONAL_INC(1.0),Incidence of full-time and part-time employment based on national definitions,I,LVA,Latvia,EMP,Employment,PT_POP_SUB,Percentage of population in the same subgroup,F,Female,_T,Total,EMP,Employment,MAIN,Main job,_T,Total,PT,Part-time,NAT_DEF,National definition,A,Annual,2015,,10.75,,A,Normal value,0,Units,1,One
DATAFLOW,OECD.ELS.SAE:DSD_FTPT@DF_FTPT_NATIONAL_INC(1.0),Incidence of full-time and part-time employment based on national definitions,I,LVA,Latvia,EMP,Employment,PT_POP_SUB,Percentage of population in the same subgroup,F,Female,_T,Total,EMP,Employment,MAIN,Main job,_T,Total,PT,Part-time,NAT_DEF,National definition,A,Annual,2016,,11.74,,A,Normal value,0,Units,1,One
DATAFLOW,OECD.ELS.SAE:DSD_FTPT@DF_FTPT_NATIONAL_INC(1.0),Incidence of full-time and part-time employment based on national definitions,I,LVA,Latvia,EMP,Employment,PT_POP_SUB,Percentage of population in the same subgroup,F,Female,_T,Total,EMP,Employment,MAIN,Main job,_T,Total,PT,Part-time,NAT_DEF,National definition,A,Annual,2017,,11.591,,A,Normal value,0,Units,1,One
DATAFLOW,OECD.ELS.SAE:DSD_FTPT@DF_FTPT_NATIONAL_INC(1.0),Incidence of full-time and part-time employment based on national definitions,I,LVA,Latvia,EMP,Employment,PT_POP_SUB,Percentage of population in the same subgroup,F,Female,_T,Total,EMP,Employment,MAIN,Main job,_T,Total,PT,Part-time,NAT_DEF,National definition,A,Annual,2018,,10.84,,A,Normal value,0,Units,1,One
DATAFLOW,OECD.ELS.SAE:DSD_FTPT@DF_FTPT_NATIONAL_INC(1.0),Incidence of full-time and part-time employment based on national definitions,I,LVA,Latvia,EMP,Employment,PT_POP_SUB,Percentage of population in the same subgroup,F,Female,_T,Total,EMP,Employment,MAIN,Main job,_T,Total,PT,Part-time,NAT_DEF,National definition,A,Annual,2019,,11.904,,A,Normal value,0,Units,1,One
DATAFLOW,OECD.ELS.SAE:DSD_FTPT@DF_FTPT_NATIONAL_INC(1.0),Incidence of full-time and part-time employment based on national definitions,I,LVA,Latvia,EMP,Employment,PT_POP_SUB,Percentage of population in the same subgroup,F,Female,_T,Total,EMP,Employment,MAIN,Main job,_T,Total,PT,Part-time,NAT_DEF,National definition,A,Annual,2020,,12.278,,A,Normal value,0,Units,1,One
DATAFLOW,OECD.ELS.SAE:DSD_FTPT@DF_FTPT_NATIONAL_INC(1.0),Incidence of full-time and part-time employment based on national definitions,I,LVA,Latvia,EMP,Employment,PT_POP_SUB,Percentage of population in the same subgroup,F,Female,_T,Total,EMP,Employment,MAIN,Main job,_T,Total,PT,Part-time,NAT_DEF,National definition,A,Annual,2022,,10.083,,A,Normal value,0,Units,1,One
DATAFLOW,OECD.ELS.SAE:DSD_FTPT@DF_FTPT_NATIONAL_INC(1.0),Incidence of full-time and part-time employment based on national definitions,I,LVA,Latvia,EMP,Employment,PT_POP_SUB,Percentage of population in the same subgroup,F,Female,_T,Total,EMP,Employment,MAIN,Main job,_T,Total,PT,Part-time,NAT_DEF,National definition,A,Annual,2023,,10.164,,A,Normal value,0,Units,1,One
DATAFLOW,OECD.ELS.SAE:DSD_FTPT@DF_FTPT_NATIONAL_INC(1.0),Incidence of full-time and part-time employment based on national definitions,I,LVA,Latvia,EMP,Employment,PT_POP_SUB,Percentage of population in the same subgroup,F,Female,_T,Total,EMP,Employment,MAIN,Main job,_T,Total,PT,Part-time,NAT_DEF,National definition,A,Annual,2024,,10.527,,A,Normal value,0,Units,1,One
DATAFLOW,OECD.ELS.SAE:DSD_FTPT@DF_FTPT_NATIONAL_INC(1.0),Incidence of full-time and part-time employment based on national definitions,I,LTU,Lithuania,EMP,Employment,PT_POP_SUB,Percentage of population in the same subgroup,F,Female,_T,Total,EMP,Employment,MAIN,Main job,_T,Total,PT,Part-time,NAT_DEF,National definition,A,Annual,2010,,9.387,,A,Normal value,0,Units,1,One
DATAFLOW,OECD.ELS.SAE:DSD_FTPT@DF_FTPT_NATIONAL_INC(1.0),Incidence of full-time and part-time employment based on national definitions,I,LTU,Lithuania,EMP,Employment,PT_POP_SUB,Percentage of population in the same subgroup,F,Female,_T,Total,EMP,Employment,MAIN,Main job,_T,Total,PT,Part-time,NAT_DEF,National definition,A,Annual,2011,,10.545,,A,Normal value,0,Units,1,One
DATAFLOW,OECD.ELS.SAE:DSD_FTPT@DF_FTPT_NATIONAL_INC(1.0),Incidence of full-time and part-time employment based on national definitions,I,LTU,Lithuania,EMP,Employment,PT_POP_SUB,Percentage of population in the same subgroup,F,Female,_T,Total,EMP,Employment,MAIN,Main job,_T,Total,PT,Part-time,NAT_DEF,National definition,A,Annual,2012,,11.32,,A,Normal value,0,Units,1,One
DATAFLOW,OECD.ELS.SAE:DSD_FTPT@DF_FTPT_NATIONAL_INC(1.0),Incidence of full-time and part-time employment based on national definitions,I,LTU,Lithuania,EMP,Employment,PT_POP_SUB,Percentage of population in the same subgroup,F,Female,_T,Total,EMP,Employment,MAIN,Main job,_T,Total,PT,Part-time,NAT_DEF,National definition,A,Annual,2013,,10.828,,A,Normal value,0,Units,1,One
DATAFLOW,OECD.ELS.SAE:DSD_FTPT@DF_FTPT_NATIONAL_INC(1.0),Incidence of full-time and part-time employment based on national definitions,I,LTU,Lithuania,EMP,Employment,PT_POP_SUB,Percentage of population in the same subgroup,F,Female,_T,Total,EMP,Employment,MAIN,Main job,_T,Total,PT,Part-time,NAT_DEF,National definition,A,Annual,2014,,11.132,,A,Normal value,0,Units,1,One
DATAFLOW,OECD.ELS.SAE:DSD_FTPT@DF_FTPT_NATIONAL_INC(1.0),Incidence of full-time and part-time employment based on national definitions,I,LTU,Lithuania,EMP,Employment,PT_POP_SUB,Percentage of population in the same subgroup,F,Female,_T,Total,EMP,Employment,MAIN,Main job,_T,Total,PT,Part-time,NAT_DEF,National definition,A,Annual,2016,,9.978,,A,Normal value,0,Units,1,One
DATAFLOW,OECD.ELS.SAE:DSD_FTPT@DF_FTPT_NATIONAL_INC(1.0),Incidence of full-time and part-time employment based on national definitions,I,LTU,Lithuania,EMP,Employment,PT_POP_SUB,Percentage of population in the same subgroup,F,Female,_T,Total,EMP,Employment,MAIN,Main job,_T,Total,PT,Part-time,NAT_DEF,National definition,A,Annual,2017,,10.573,,A,Normal value,0,Units,1,One
DATAFLOW,OECD.ELS.SAE:DSD_FTPT@DF_FTPT_NATIONAL_INC(1.0),Incidence of full-time and part-time employment based on national definitions,I,LTU,Lithuania,EMP,Employment,PT_POP_SUB,Percentage of population in the same subgroup,F,Female,_T,Total,EMP,Employment,MAIN,Main job,_T,Total,PT,Part-time,NAT_DEF,National definition,A,Annual,2018,,10.056,,A,Normal value,0,Units,1,One
DATAFLOW,OECD.ELS.SAE:DSD_FTPT@DF_FTPT_NATIONAL_INC(1.0),Incidence of full-time and part-time employment based on national definitions,I,LTU,Lithuania,EMP,Employment,PT_POP_SUB,Percentage of population in the same subgroup,F,Female,_T,Total,EMP,Employment,MAIN,Main job,_T,Total,PT,Part-time,NAT_DEF,National definition,A,Annual,2019,,9.263,,A,Normal value,0,Units,1,One
DATAFLOW,OECD.ELS.SAE:DSD_FTPT@DF_FTPT_NATIONAL_INC(1.0),Incidence of full-time and part-time employment based on national definitions,I,LTU,Lithuania,EMP,Employment,PT_POP_SUB,Percentage of population in the same subgroup,F,Female,_T,Total,EMP,Employment,MAIN,Main job,_T,Total,PT,Part-time,NAT_DEF,National definition,A,Annual,2020,,8.829,,A,Normal value,0,Units,1,One
DATAFLOW,OECD.ELS.SAE:DSD_FTPT@DF_FTPT_NATIONAL_INC(1.0),Incidence of full-time and part-time employment based on national definitions,I,LTU,Lithuania,EMP,Employment,PT_POP_SUB,Percentage of population in the same subgroup,F,Female,_T,Total,EMP,Employment,MAIN,Main job,_T,Total,PT,Part-time,NAT_DEF,National definition,A,Annual,2021,,8.853,,A,Normal value,0,Units,1,One
DATAFLOW,OECD.ELS.SAE:DSD_FTPT@DF_FTPT_NATIONAL_INC(1.0),Incidence of full-time and part-time employment based on national definitions,I,LTU,Lithuania,EMP,Employment,PT_POP_SUB,Percentage of population in the same subgroup,F,Female,_T,Total,EMP,Employment,MAIN,Main job,_T,Total,PT,Part-time,NAT_DEF,National definition,A,Annual,2022,,8.906,,A,Normal value,0,Units,1,One
DATAFLOW,OECD.ELS.SAE:DSD_FTPT@DF_FTPT_NATIONAL_INC(1.0),Incidence of full-time and part-time employment based on national definitions,I,LTU,Lithuania,EMP,Employment,PT_POP_SUB,Percentage of population in the same subgroup,F,Female,_T,Total,EMP,Employment,MAIN,Main job,_T,Total,PT,Part-time,NAT_DEF,National definition,A,Annual,2024,,9.205,,A,Normal value,0,Units,1,One
DATAFLOW,OECD.ELS.SAE:DSD_FTPT@DF_FTPT_NATIONAL_INC(1.0),Incidence of full-time and part-time employment based on national definitions,I,LUX,Luxembourg,EMP,Employment,PT_POP_SUB,Percentage of population in the same subgroup,F,Female,_T,Total,EMP,Employment,MAIN,Main job,_T,Total,PT,Part-time,NAT_DEF,National definition,A,Annual,2010,,35.695,,A,Normal value,0,Units,1,One
DATAFLOW,OECD.ELS.SAE:DSD_FTPT@DF_FTPT_NATIONAL_INC(1.0),Incidence of full-time and part-time employment based on national definitions,I,LUX,Luxembourg,EMP,Employment,PT_POP_SUB,Percentage of population in the same subgroup,F,Female,_T,Total,EMP,Employment,MAIN,Main job,_T,Total,PT,Part-time,NAT_DEF,National definition,A,Annual,2011,,35.625,,A,Normal value,0,Units,1,One
DATAFLOW,OECD.ELS.SAE:DSD_FTPT@DF_FTPT_NATIONAL_INC(1.0),Incidence of full-time and part-time employment based on national definitions,I,LUX,Luxembourg,EMP,Employment,PT_POP_SUB,Percentage of population in the same subgroup,F,Female,_T,Total,EMP,Employment,MAIN,Main job,_T,Total,PT,Part-time,NAT_DEF,National definition,A,Annual,2012,,35.664,,A,Normal value,0,Units,1,One
DATAFLOW,OECD.ELS.SAE:DSD_FTPT@DF_FTPT_NATIONAL_INC(1.0),Incidence of full-time and part-time employment based on national definitions,I,LUX,Luxembourg,EMP,Employment,PT_POP_SUB,Percentage of population in the same subgroup,F,Female,_T,Total,EMP,Employment,MAIN,Main job,_T,Total,PT,Part-time,NAT_DEF,National definition,A,Annual,2013,,35.486,,A,Normal value,0,Units,1,One
DATAFLOW,OECD.ELS.SAE:DSD_FTPT@DF_FTPT_NATIONAL_INC(1.0),Incidence of full-time and part-time employment based on national definitions,I,LUX,Luxembourg,EMP,Employment,PT_POP_SUB,Percentage of population in the same subgroup,F,Female,_T,Total,EMP,Employment,MAIN,Main job,_T,Total,PT,Part-time,NAT_DEF,National definition,A,Annual,2014,,35.13,,A,Normal value,0,Units,1,One
DATAFLOW,OECD.ELS.SAE:DSD_FTPT@DF_FTPT_NATIONAL_INC(1.0),Incidence of full-time and part-time employment based on national definitions,I,LUX,Luxembourg,EMP,Employment,PT_POP_SUB,Percentage of population in the same subgroup,F,Female,_T,Total,EMP,Employment,MAIN,Main job,_T,Total,PT,Part-time,NAT_DEF,National definition,A,Annual,2015,,33.068,,A,Normal value,0,Units,1,One
DATAFLOW,OECD.ELS.SAE:DSD_FTPT@DF_FTPT_NATIONAL_INC(1.0),Incidence of full-time and part-time employment based on national definitions,I,LUX,Luxembourg,EMP,Employment,PT_POP_SUB,Percentage of population in the same subgroup,F,Female,_T,Total,EMP,Employment,MAIN,Main job,_T,Total,PT,Part-time,NAT_DEF,National definition,A,Annual,2016,,33.5,,A,Normal value,0,Units,1,One
DATAFLOW,OECD.ELS.SAE:DSD_FTPT@DF_FTPT_NATIONAL_INC(1.0),Incidence of full-time and part-time employment based on national definitions,I,LUX,Luxembourg,EMP,Employment,PT_POP_SUB,Percentage of population in the same subgroup,F,Female,_T,Total,EMP,Employment,MAIN,Main job,_T,Total,PT,Part-time,NAT_DEF,National definition,A,Annual,2017,,34.485,,A,Normal value,0,Units,1,One
DATAFLOW,OECD.ELS.SAE:DSD_FTPT@DF_FTPT_NATIONAL_INC(1.0),Incidence of full-time and part-time employment based on national definitions,I,LUX,Luxembourg,EMP,Employment,PT_POP_SUB,Percentage of population in the same subgroup,F,Female,_T,Total,EMP,Employment,MAIN,Main job,_T,Total,PT,Part-time,NAT_DEF,National definition,A,Annual,2018,,30.566,,A,Normal value,0,Units,1,One
DATAFLOW,OECD.ELS.SAE:DSD_FTPT@DF_FTPT_NATIONAL_INC(1.0),Incidence of full-time and part-time employment based on national definitions,I,LUX,Luxembourg,EMP,Employment,PT_POP_SUB,Percentage of population in the same subgroup,F,Female,_T,Total,EMP,Employment,MAIN,Main job,_T,Total,PT,Part-time,NAT_DEF,National definition,A,Annual,2019,,28.947,,A,Normal value,0,Units,1,One
DATAFLOW,OECD.ELS.SAE:DSD_FTPT@DF_FTPT_NATIONAL_INC(1.0),Incidence of full-time and part-time employment based on national definitions,I,LUX,Luxembourg,EMP,Employment,PT_POP_SUB,Percentage of population in the same subgroup,F,Female,_T,Total,EMP,Employment,MAIN,Main job,_T,Total,PT,Part-time,NAT_DEF,National definition,A,Annual,2020,,29.657,,A,Normal value,0,Units,1,One
DATAFLOW,OECD.ELS.SAE:DSD_FTPT@DF_FTPT_NATIONAL_INC(1.0),Incidence of full-time and part-time employment based on national definitions,I,LUX,Luxembourg,EMP,Employment,PT_POP_SUB,Percentage of population in the same subgroup,F,Female,_T,Total,EMP,Employment,MAIN,Main job,_T,Total,PT,Part-time,NAT_DEF,National definition,A,Annual,2021,,31.199,,A,Normal value,0,Units,1,One
DATAFLOW,OECD.ELS.SAE:DSD_FTPT@DF_FTPT_NATIONAL_INC(1.0),Incidence of full-time and part-time employment based on national definitions,I,LUX,Luxembourg,EMP,Employment,PT_POP_SUB,Percentage of population in the same subgroup,F,Female,_T,Total,EMP,Employment,MAIN,Main job,_T,Total,PT,Part-time,NAT_DEF,National definition,A,Annual,2022,,31.198,,A,Normal value,0,Units,1,One
DATAFLOW,OECD.ELS.SAE:DSD_FTPT@DF_FTPT_NATIONAL_INC(1.0),Incidence of full-time and part-time employment based on national definitions,I,LUX,Luxembourg,EMP,Employment,PT_POP_SUB,Percentage of population in the same subgroup,F,Female,_T,Total,EMP,Employment,MAIN,Main job,_T,Total,PT,Part-time,NAT_DEF,National definition,A,Annual,2023,,29.886,,A,Normal value,0,Units,1,One
DATAFLOW,OECD.ELS.SAE:DSD_FTPT@DF_FTPT_NATIONAL_INC(1.0),Incidence of full-time and part-time employment based on national definitions,I,LUX,Luxembourg,EMP,Employment,PT_POP_SUB,Percentage of population in the same subgroup,F,Female,_T,Total,EMP,Employment,MAIN,Main job,_T,Total,PT,Part-time,NAT_DEF,National definition,A,Annual,2024,,28.898,,A,Normal value,0,Units,1,One
DATAFLOW,OECD.ELS.SAE:DSD_FTPT@DF_FTPT_NATIONAL_INC(1.0),Incidence of full-time and part-time employment based on national definitions,I,MEX,Mexico,EMP,Employment,PT_POP_SUB,Percentage of population in the same subgroup,F,Female,_T,Total,EMP,Employment,MAIN,Main job,_T,Total,PT,Part-time,NAT_DEF,National definition,A,Annual,2016,,33.514,,A,Normal value,0,Units,1,One
DATAFLOW,OECD.ELS.SAE:DSD_FTPT@DF_FTPT_NATIONAL_INC(1.0),Incidence of full-time and part-time employment based on national definitions,I,NLD,Netherlands,EMP,Employment,PT_POP_SUB,Percentage of population in the same subgroup,F,Female,_T,Total,EMP,Employment,MAIN,Main job,_T,Total,PT,Part-time,NAT_DEF,National definition,A,Annual,2010,,74.763,,A,Normal value,0,Units,1,One
DATAFLOW,OECD.ELS.SAE:DSD_FTPT@DF_FTPT_NATIONAL_INC(1.0),Incidence of full-time and part-time employment based on national definitions,I,NLD,Netherlands,EMP,Employment,PT_POP_SUB,Percentage of population in the same subgroup,F,Female,_T,Total,EMP,Employment,MAIN,Main job,_T,Total,PT,Part-time,NAT_DEF,National definition,A,Annual,2024,,69.252,,A,Normal value,0,Units,1,One
DATAFLOW,OECD.ELS.SAE:DSD_FTPT@DF_FTPT_NATIONAL_INC(1.0),Incidence of full-time and part-time employment based on national definitions,I,NZL,New Zealand,EMP,Employment,PT_POP_SUB,Percentage of population in the same subgroup,F,Female,_T,Total,EMP,Employment,MAIN,Main job,_T,Total,PT,Part-time,NAT_DEF,National definition,A,Annual,2010,,34.036,,A,Normal value,0,Units,1,One
DATAFLOW,OECD.ELS.SAE:DSD_FTPT@DF_FTPT_NATIONAL_INC(1.0),Incidence of full-time and part-time employment based on national definitions,I,NZL,New Zealand,EMP,Employment,PT_POP_SUB,Percentage of population in the same subgroup,F,Female,_T,Total,EMP,Employment,MAIN,Main job,_T,Total,PT,Part-time,NAT_DEF,National definition,A,Annual,2011,,34.765,,A,Normal value,0,Units,1,One
DATAFLOW,OECD.ELS.SAE:DSD_FTPT@DF_FTPT_NATIONAL_INC(1.0),Incidence of full-time and part-time employment based on national definitions,I,NZL,New Zealand,EMP,Employment,PT_POP_SUB,Percentage of population in the same subgroup,F,Female,_T,Total,EMP,Employment,MAIN,Main job,_T,Total,PT,Part-time,NAT_DEF,National definition,A,Annual,2012,,35.342,,A,Normal value,0,Units,1,One
DATAFLOW,OECD.ELS.SAE:DSD_FTPT@DF_FTPT_NATIONAL_INC(1.0),Incidence of full-time and part-time employment based on national definitions,I,NZL,New Zealand,EMP,Employment,PT_POP_SUB,Percentage of population in the same subgroup,F,Female,_T,Total,EMP,Employment,MAIN,Main job,_T,Total,PT,Part-time,NAT_DEF,National definition,A,Annual,2013,,34.053,,A,Normal value,0,Units,1,One
DATAFLOW,OECD.ELS.SAE:DSD_FTPT@DF_FTPT_NATIONAL_INC(1.0),Incidence of full-time and part-time employment based on national definitions,I,NZL,New Zealand,EMP,Employment,PT_POP_SUB,Percentage of population in the same subgroup,F,Female,_T,Total,EMP,Employment,MAIN,Main job,_T,Total,PT,Part-time,NAT_DEF,National definition,A,Annual,2016,,32.304,,A,Normal value,0,Units,1,One
DATAFLOW,OECD.ELS.SAE:DSD_FTPT@DF_FTPT_NATIONAL_INC(1.0),Incidence of full-time and part-time employment based on national definitions,I,NZL,New Zealand,EMP,Employment,PT_POP_SUB,Percentage of population in the same subgroup,F,Female,_T,Total,EMP,Employment,MAIN,Main job,_T,Total,PT,Part-time,NAT_DEF,National definition,A,Annual,2017,,31.985,,A,Normal value,0,Units,1,One
DATAFLOW,OECD.ELS.SAE:DSD_FTPT@DF_FTPT_NATIONAL_INC(1.0),Incidence of full-time and part-time employment based on national definitions,I,NZL,New Zealand,EMP,Employment,PT_POP_SUB,Percentage of population in the same subgroup,F,Female,_T,Total,EMP,Employment,MAIN,Main job,_T,Total,PT,Part-time,NAT_DEF,National definition,A,Annual,2018,,31.15,,A,Normal value,0,Units,1,One
DATAFLOW,OECD.ELS.SAE:DSD_FTPT@DF_FTPT_NATIONAL_INC(1.0),Incidence of full-time and part-time employment based on national definitions,I,NZL,New Zealand,EMP,Employment,PT_POP_SUB,Percentage of population in the same subgroup,F,Female,_T,Total,EMP,Employment,MAIN,Main job,_T,Total,PT,Part-time,NAT_DEF,National definition,A,Annual,2019,,29.621,,A,Normal value,0,Units,1,One
DATAFLOW,OECD.ELS.SAE:DSD_FTPT@DF_FTPT_NATIONAL_INC(1.0),Incidence of full-time and part-time employment based on national definitions,I,NZL,New Zealand,EMP,Employment,PT_POP_SUB,Percentage of population in the same subgroup,F,Female,_T,Total,EMP,Employment,MAIN,Main job,_T,Total,PT,Part-time,NAT_DEF,National definition,A,Annual,2020,,29.42,,A,Normal value,0,Units,1,One
DATAFLOW,OECD.ELS.SAE:DSD_FTPT@DF_FTPT_NATIONAL_INC(1.0),Incidence of full-time and part-time employment based on national definitions,I,NZL,New Zealand,EMP,Employment,PT_POP_SUB,Percentage of population in the same subgroup,F,Female,_T,Total,EMP,Employment,MAIN,Main job,_T,Total,PT,Part-time,NAT_DEF,National definition,A,Annual,2021,,29.483,,A,Normal value,0,Units,1,One
DATAFLOW,OECD.ELS.SAE:DSD_FTPT@DF_FTPT_NATIONAL_INC(1.0),Incidence of full-time and part-time employment based on national definitions,I,NZL,New Zealand,EMP,Employment,PT_POP_SUB,Percentage of population in the same subgroup,F,Female,_T,Total,EMP,Employment,MAIN,Main job,_T,Total,PT,Part-time,NAT_DEF,National definition,A,Annual,2022,,28.366,,A,Normal value,0,Units,1,One
DATAFLOW,OECD.ELS.SAE:DSD_FTPT@DF_FTPT_NATIONAL_INC(1.0),Incidence of full-time and part-time employment based on national definitions,I,NZL,New Zealand,EMP,Employment,PT_POP_SUB,Percentage of population in the same subgroup,F,Female,_T,Total,EMP,Employment,MAIN,Main job,_T,Total,PT,Part-time,NAT_DEF,National definition,A,Annual,2023,,28.749,,A,Normal value,0,Units,1,One
DATAFLOW,OECD.ELS.SAE:DSD_FTPT@DF_FTPT_NATIONAL_INC(1.0),Incidence of full-time and part-time employment based on national definitions,I,NZL,New Zealand,EMP,Employment,PT_POP_SUB,Percentage of population in the same subgroup,F,Female,_T,Total,EMP,Employment,MAIN,Main job,_T,Total,PT,Part-time,NAT_DEF,National definition,A,Annual,2024,,28.75,,A,Normal value,0,Units,1,One
DATAFLOW,OECD.ELS.SAE:DSD_FTPT@DF_FTPT_NATIONAL_INC(1.0),Incidence of full-time and part-time employment based on national definitions,I,NOR,Norway,EMP,Employment,PT_POP_SUB,Percentage of population in the same subgroup,F,Female,_T,Total,EMP,Employment,MAIN,Main job,_T,Total,PT,Part-time,NAT_DEF,National definition,A,Annual,2010,,41.054,,A,Normal value,0,Units,1,One
DATAFLOW,OECD.ELS.SAE:DSD_FTPT@DF_FTPT_NATIONAL_INC(1.0),Incidence of full-time and part-time employment based on national definitions,I,NOR,Norway,EMP,Employment,PT_POP_SUB,Percentage of population in the same subgroup,F,Female,_T,Total,EMP,Employment,MAIN,Main job,_T,Total,PT,Part-time,NAT_DEF,National definition,A,Annual,2012,,40.199,,A,Normal value,0,Units,1,One
DATAFLOW,OECD.ELS.SAE:DSD_FTPT@DF_FTPT_NATIONAL_INC(1.0),Incidence of full-time and part-time employment based on national definitions,I,NOR,Norway,EMP,Employment,PT_POP_SUB,Percentage of population in the same subgroup,F,Female,_T,Total,EMP,Employment,MAIN,Main job,_T,Total,PT,Part-time,NAT_DEF,National definition,A,Annual,2013,,39.983,,A,Normal value,0,Units,1,One
DATAFLOW,OECD.ELS.SAE:DSD_FTPT@DF_FTPT_NATIONAL_INC(1.0),Incidence of full-time and part-time employment based on national definitions,I,NOR,Norway,EMP,Employment,PT_POP_SUB,Percentage of population in the same subgroup,F,Female,_T,Total,EMP,Employment,MAIN,Main job,_T,Total,PT,Part-time,NAT_DEF,National definition,A,Annual,2014,,38.883,,A,Normal value,0,Units,1,One
DATAFLOW,OECD.ELS.SAE:DSD_FTPT@DF_FTPT_NATIONAL_INC(1.0),Incidence of full-time and part-time employment based on national definitions,I,NOR,Norway,EMP,Employment,PT_POP_SUB,Percentage of population in the same subgroup,F,Female,_T,Total,EMP,Employment,MAIN,Main job,_T,Total,PT,Part-time,NAT_DEF,National definition,A,Annual,2015,,38.508,,A,Normal value,0,Units,1,One
DATAFLOW,OECD.ELS.SAE:DSD_FTPT@DF_FTPT_NATIONAL_INC(1.0),Incidence of full-time and part-time employment based on national definitions,I,NOR,Norway,EMP,Employment,PT_POP_SUB,Percentage of population in the same subgroup,F,Female,_T,Total,EMP,Employment,MAIN,Main job,_T,Total,PT,Part-time,NAT_DEF,National definition,A,Annual,2016,,38.013,,A,Normal value,0,Units,1,One
DATAFLOW,OECD.ELS.SAE:DSD_FTPT@DF_FTPT_NATIONAL_INC(1.0),Incidence of full-time and part-time employment based on national definitions,I,NOR,Norway,EMP,Employment,PT_POP_SUB,Percentage of population in the same subgroup,F,Female,_T,Total,EMP,Employment,MAIN,Main job,_T,Total,PT,Part-time,NAT_DEF,National definition,A,Annual,2017,,37.016,,A,Normal value,0,Units,1,One
DATAFLOW,OECD.ELS.SAE:DSD_FTPT@DF_FTPT_NATIONAL_INC(1.0),Incidence of full-time and part-time employment based on national definitions,I,NOR,Norway,EMP,Employment,PT_POP_SUB,Percentage of population in the same subgroup,F,Female,_T,Total,EMP,Employment,MAIN,Main job,_T,Total,PT,Part-time,NAT_DEF,National definition,A,Annual,2018,,37.036,,A,Normal value,0,Units,1,One
DATAFLOW,OECD.ELS.SAE:DSD_FTPT@DF_FTPT_NATIONAL_INC(1.0),Incidence of full-time and part-time employment based on national definitions,I,NOR,Norway,EMP,Employment,PT_POP_SUB,Percentage of population in the same subgroup,F,Female,_T,Total,EMP,Employment,MAIN,Main job,_T,Total,PT,Part-time,NAT_DEF,National definition,A,Annual,2019,,38.511,,A,Normal value,0,Units,1,One
DATAFLOW,OECD.ELS.SAE:DSD_FTPT@DF_FTPT_NATIONAL_INC(1.0),Incidence of full-time and part-time employment based on national definitions,I,NOR,Norway,EMP,Employment,PT_POP_SUB,Percentage of population in the same subgroup,F,Female,_T,Total,EMP,Employment,MAIN,Main job,_T,Total,PT,Part-time,NAT_DEF,National definition,A,Annual,2021,,36.922,,A,Normal value,0,Units,1,One
DATAFLOW,OECD.ELS.SAE:DSD_FTPT@DF_FTPT_NATIONAL_INC(1.0),Incidence of full-time and part-time employment based on national definitions,I,NOR,Norway,EMP,Employment,PT_POP_SUB,Percentage of population in the same subgroup,F,Female,_T,Total,EMP,Employment,MAIN,Main job,_T,Total,PT,Part-time,NAT_DEF,National definition,A,Annual,2022,,35.435,,A,Normal value,0,Units,1,One
DATAFLOW,OECD.ELS.SAE:DSD_FTPT@DF_FTPT_NATIONAL_INC(1.0),Incidence of full-time and part-time employment based on national definitions,I,NOR,Norway,EMP,Employment,PT_POP_SUB,Percentage of population in the same subgroup,F,Female,_T,Total,EMP,Employment,MAIN,Main job,_T,Total,PT,Part-time,NAT_DEF,National definition,A,Annual,2024,,33.732,,A,Normal value,0,Units,1,One
DATAFLOW,OECD.ELS.SAE:DSD_FTPT@DF_FTPT_NATIONAL_INC(1.0),Incidence of full-time and part-time employment based on national definitions,I,POL,Poland,EMP,Employment,PT_POP_SUB,Percentage of population in the same subgroup,F,Female,_T,Total,EMP,Employment,MAIN,Main job,_T,Total,PT,Part-time,NAT_DEF,National definition,A,Annual,2014,,11.071,,A,Normal value,0,Units,1,One
DATAFLOW,OECD.ELS.SAE:DSD_FTPT@DF_FTPT_NATIONAL_INC(1.0),Incidence of full-time and part-time employment based on national definitions,I,POL,Poland,EMP,Employment,PT_POP_SUB,Percentage of population in the same subgroup,F,Female,_T,Total,EMP,Employment,MAIN,Main job,_T,Total,PT,Part-time,NAT_DEF,National definition,A,Annual,2015,,10.537,,A,Normal value,0,Units,1,One
DATAFLOW,OECD.ELS.SAE:DSD_FTPT@DF_FTPT_NATIONAL_INC(1.0),Incidence of full-time and part-time employment based on national definitions,I,POL,Poland,EMP,Employment,PT_POP_SUB,Percentage of population in the same subgroup,F,Female,_T,Total,EMP,Employment,MAIN,Main job,_T,Total,PT,Part-time,NAT_DEF,National definition,A,Annual,2017,,10.769,,A,Normal value,0,Units,1,One
DATAFLOW,OECD.ELS.SAE:DSD_FTPT@DF_FTPT_NATIONAL_INC(1.0),Incidence of full-time and part-time employment based on national definitions,I,PRT,Portugal,EMP,Employment,PT_POP_SUB,Percentage of population in the same subgroup,F,Female,_T,Total,EMP,Employment,MAIN,Main job,_T,Total,PT,Part-time,NAT_DEF,National definition,A,Annual,2010,,15.685,,A,Normal value,0,Units,1,One
DATAFLOW,OECD.ELS.SAE:DSD_FTPT@DF_FTPT_NATIONAL_INC(1.0),Incidence of full-time and part-time employment based on national definitions,I,PRT,Portugal,EMP,Employment,PT_POP_SUB,Percentage of population in the same subgroup,F,Female,_T,Total,EMP,Employment,MAIN,Main job,_T,Total,PT,Part-time,NAT_DEF,National definition,A,Annual,2011,,12.506,,A,Normal value,0,Units,1,One
DATAFLOW,OECD.ELS.SAE:DSD_FTPT@DF_FTPT_NATIONAL_INC(1.0),Incidence of full-time and part-time employment based on national definitions,I,PRT,Portugal,EMP,Employment,PT_POP_SUB,Percentage of population in the same subgroup,F,Female,_T,Total,EMP,Employment,MAIN,Main job,_T,Total,PT,Part-time,NAT_DEF,National definition,A,Annual,2012,,12.957,,A,Normal value,0,Units,1,One
DATAFLOW,OECD.ELS.SAE:DSD_FTPT@DF_FTPT_NATIONAL_INC(1.0),Incidence of full-time and part-time employment based on national definitions,I,PRT,Portugal,EMP,Employment,PT_POP_SUB,Percentage of population in the same subgroup,F,Female,_T,Total,EMP,Employment,MAIN,Main job,_T,Total,PT,Part-time,NAT_DEF,National definition,A,Annual,2013,,13.216,,A,Normal value,0,Units,1,One
DATAFLOW,OECD.ELS.SAE:DSD_FTPT@DF_FTPT_NATIONAL_INC(1.0),Incidence of full-time and part-time employment based on national definitions,I,PRT,Portugal,EMP,Employment,PT_POP_SUB,Percentage of population in the same subgroup,F,Female,_T,Total,EMP,Employment,MAIN,Main job,_T,Total,PT,Part-time,NAT_DEF,National definition,A,Annual,2014,,12.397,,A,Normal value,0,Units,1,One
DATAFLOW,OECD.ELS.SAE:DSD_FTPT@DF_FTPT_NATIONAL_INC(1.0),Incidence of full-time and part-time employment based on national definitions,I,PRT,Portugal,EMP,Employment,PT_POP_SUB,Percentage of population in the same subgroup,F,Female,_T,Total,EMP,Employment,MAIN,Main job,_T,Total,PT,Part-time,NAT_DEF,National definition,A,Annual,2015,,12.448,,A,Normal value,0,Units,1,One
DATAFLOW,OECD.ELS.SAE:DSD_FTPT@DF_FTPT_NATIONAL_INC(1.0),Incidence of full-time and part-time employment based on national definitions,I,PRT,Portugal,EMP,Employment,PT_POP_SUB,Percentage of population in the same subgroup,F,Female,_T,Total,EMP,Employment,MAIN,Main job,_T,Total,PT,Part-time,NAT_DEF,National definition,A,Annual,2016,,12.14,,A,Normal value,0,Units,1,One
DATAFLOW,OECD.ELS.SAE:DSD_FTPT@DF_FTPT_NATIONAL_INC(1.0),Incidence of full-time and part-time employment based on national definitions,I,PRT,Portugal,EMP,Employment,PT_POP_SUB,Percentage of population in the same subgroup,F,Female,_T,Total,EMP,Employment,MAIN,Main job,_T,Total,PT,Part-time,NAT_DEF,National definition,A,Annual,2017,,11.83,,A,Normal value,0,Units,1,One
DATAFLOW,OECD.ELS.SAE:DSD_FTPT@DF_FTPT_NATIONAL_INC(1.0),Incidence of full-time and part-time employment based on national definitions,I,PRT,Portugal,EMP,Employment,PT_POP_SUB,Percentage of population in the same subgroup,F,Female,_T,Total,EMP,Employment,MAIN,Main job,_T,Total,PT,Part-time,NAT_DEF,National definition,A,Annual,2018,,10.828,,A,Normal value,0,Units,1,One
DATAFLOW,OECD.ELS.SAE:DSD_FTPT@DF_FTPT_NATIONAL_INC(1.0),Incidence of full-time and part-time employment based on national definitions,I,PRT,Portugal,EMP,Employment,PT_POP_SUB,Percentage of population in the same subgroup,F,Female,_T,Total,EMP,Employment,MAIN,Main job,_T,Total,PT,Part-time,NAT_DEF,National definition,A,Annual,2019,,11.322,,A,Normal value,0,Units,1,One
DATAFLOW,OECD.ELS.SAE:DSD_FTPT@DF_FTPT_NATIONAL_INC(1.0),Incidence of full-time and part-time employment based on national definitions,I,PRT,Portugal,EMP,Employment,PT_POP_SUB,Percentage of population in the same subgroup,F,Female,_T,Total,EMP,Employment,MAIN,Main job,_T,Total,PT,Part-time,NAT_DEF,National definition,A,Annual,2020,,10.58,,A,Normal value,0,Units,1,One
DATAFLOW,OECD.ELS.SAE:DSD_FTPT@DF_FTPT_NATIONAL_INC(1.0),Incidence of full-time and part-time employment based on national definitions,I,PRT,Portugal,EMP,Employment,PT_POP_SUB,Percentage of population in the same subgroup,F,Female,_T,Total,EMP,Employment,MAIN,Main job,_T,Total,PT,Part-time,NAT_DEF,National definition,A,Annual,2021,,9.94,,A,Normal value,0,Units,1,One
DATAFLOW,OECD.ELS.SAE:DSD_FTPT@DF_FTPT_NATIONAL_INC(1.0),Incidence of full-time and part-time employment based on national definitions,I,PRT,Portugal,EMP,Employment,PT_POP_SUB,Percentage of population in the same subgroup,F,Female,_T,Total,EMP,Employment,MAIN,Main job,_T,Total,PT,Part-time,NAT_DEF,National definition,A,Annual,2022,,9.889,,A,Normal value,0,Units,1,One
DATAFLOW,OECD.ELS.SAE:DSD_FTPT@DF_FTPT_NATIONAL_INC(1.0),Incidence of full-time and part-time employment based on national definitions,I,PRT,Portugal,EMP,Employment,PT_POP_SUB,Percentage of population in the same subgroup,F,Female,_T,Total,EMP,Employment,MAIN,Main job,_T,Total,PT,Part-time,NAT_DEF,National definition,A,Annual,2023,,10.806,,A,Normal value,0,Units,1,One
DATAFLOW,OECD.ELS.SAE:DSD_FTPT@DF_FTPT_NATIONAL_INC(1.0),Incidence of full-time and part-time employment based on national definitions,I,PRT,Portugal,EMP,Employment,PT_POP_SUB,Percentage of population in the same subgroup,F,Female,_T,Total,EMP,Employment,MAIN,Main job,_T,Total,PT,Part-time,NAT_DEF,National definition,A,Annual,2024,,10.728,,A,Normal value,0,Units,1,One
DATAFLOW,OECD.ELS.SAE:DSD_FTPT@DF_FTPT_NATIONAL_INC(1.0),Incidence of full-time and part-time employment based on national definitions,I,SVK,Slovak Republic,EMP,Employment,PT_POP_SUB,Percentage of population in the same subgroup,F,Female,_T,Total,EMP,Employment,MAIN,Main job,_T,Total,PT,Part-time,NAT_DEF,National definition,A,Annual,2010,,5.419,,A,Normal value,0,Units,1,One
DATAFLOW,OECD.ELS.SAE:DSD_FTPT@DF_FTPT_NATIONAL_INC(1.0),Incidence of full-time and part-time employment based on national definitions,I,SVK,Slovak Republic,EMP,Employment,PT_POP_SUB,Percentage of population in the same subgroup,F,Female,_T,Total,EMP,Employment,MAIN,Main job,_T,Total,PT,Part-time,NAT_DEF,National definition,A,Annual,2011,,5.895,,A,Normal value,0,Units,1,One
DATAFLOW,OECD.ELS.SAE:DSD_FTPT@DF_FTPT_NATIONAL_INC(1.0),Incidence of full-time and part-time employment based on national definitions,I,SVK,Slovak Republic,EMP,Employment,PT_POP_SUB,Percentage of population in the same subgroup,F,Female,_T,Total,EMP,Employment,MAIN,Main job,_T,Total,PT,Part-time,NAT_DEF,National definition,A,Annual,2012,,5.705,,A,Normal value,0,Units,1,One
DATAFLOW,OECD.ELS.SAE:DSD_FTPT@DF_FTPT_NATIONAL_INC(1.0),Incidence of full-time and part-time employment based on national definitions,I,SVK,Slovak Republic,EMP,Employment,PT_POP_SUB,Percentage of population in the same subgroup,F,Female,_T,Total,EMP,Employment,MAIN,Main job,_T,Total,PT,Part-time,NAT_DEF,National definition,A,Annual,2013,,6.403,,A,Normal value,0,Units,1,One
DATAFLOW,OECD.ELS.SAE:DSD_FTPT@DF_FTPT_NATIONAL_INC(1.0),Incidence of full-time and part-time employment based on national definitions,I,SVK,Slovak Republic,EMP,Employment,PT_POP_SUB,Percentage of population in the same subgroup,F,Female,_T,Total,EMP,Employment,MAIN,Main job,_T,Total,PT,Part-time,NAT_DEF,National definition,A,Annual,2014,,6.928,,A,Normal value,0,Units,1,One
DATAFLOW,OECD.ELS.SAE:DSD_FTPT@DF_FTPT_NATIONAL_INC(1.0),Incidence of full-time and part-time employment based on national definitions,I,SVK,Slovak Republic,EMP,Employment,PT_POP_SUB,Percentage of population in the same subgroup,F,Female,_T,Total,EMP,Employment,MAIN,Main job,_T,Total,PT,Part-time,NAT_DEF,National definition,A,Annual,2015,,8.283,,A,Normal value,0,Units,1,One
DATAFLOW,OECD.ELS.SAE:DSD_FTPT@DF_FTPT_NATIONAL_INC(1.0),Incidence of full-time and part-time employment based on national definitions,I,SVK,Slovak Republic,EMP,Employment,PT_POP_SUB,Percentage of population in the same subgroup,F,Female,_T,Total,EMP,Employment,MAIN,Main job,_T,Total,PT,Part-time,NAT_DEF,National definition,A,Annual,2016,,8.192,,A,Normal value,0,Units,1,One
DATAFLOW,OECD.ELS.SAE:DSD_FTPT@DF_FTPT_NATIONAL_INC(1.0),Incidence of full-time and part-time employment based on national definitions,I,SVK,Slovak Republic,EMP,Employment,PT_POP_SUB,Percentage of population in the same subgroup,F,Female,_T,Total,EMP,Employment,MAIN,Main job,_T,Total,PT,Part-time,NAT_DEF,National definition,A,Annual,2017,,8.483,,A,Normal value,0,Units,1,One
DATAFLOW,OECD.ELS.SAE:DSD_FTPT@DF_FTPT_NATIONAL_INC(1.0),Incidence of full-time and part-time employment based on national definitions,I,SVK,Slovak Republic,EMP,Employment,PT_POP_SUB,Percentage of population in the same subgroup,F,Female,_T,Total,EMP,Employment,MAIN,Main job,_T,Total,PT,Part-time,NAT_DEF,National definition,A,Annual,2018,,7.499,,A,Normal value,0,Units,1,One
DATAFLOW,OECD.ELS.SAE:DSD_FTPT@DF_FTPT_NATIONAL_INC(1.0),Incidence of full-time and part-time employment based on national definitions,I,SVK,Slovak Republic,EMP,Employment,PT_POP_SUB,Percentage of population in the same subgroup,F,Female,_T,Total,EMP,Employment,MAIN,Main job,_T,Total,PT,Part-time,NAT_DEF,National definition,A,Annual,2019,,7.005,,A,Normal value,0,Units,1,One
DATAFLOW,OECD.ELS.SAE:DSD_FTPT@DF_FTPT_NATIONAL_INC(1.0),Incidence of full-time and part-time employment based on national definitions,I,SVK,Slovak Republic,EMP,Employment,PT_POP_SUB,Percentage of population in the same subgroup,F,Female,_T,Total,EMP,Employment,MAIN,Main job,_T,Total,PT,Part-time,NAT_DEF,National definition,A,Annual,2020,,7.325,,A,Normal value,0,Units,1,One
DATAFLOW,OECD.ELS.SAE:DSD_FTPT@DF_FTPT_NATIONAL_INC(1.0),Incidence of full-time and part-time employment based on national definitions,I,SVK,Slovak Republic,EMP,Employment,PT_POP_SUB,Percentage of population in the same subgroup,F,Female,_T,Total,EMP,Employment,MAIN,Main job,_T,Total,PT,Part-time,NAT_DEF,National definition,A,Annual,2021,,5.109,,A,Normal value,0,Units,1,One
DATAFLOW,OECD.ELS.SAE:DSD_FTPT@DF_FTPT_NATIONAL_INC(1.0),Incidence of full-time and part-time employment based on national definitions,I,SVK,Slovak Republic,EMP,Employment,PT_POP_SUB,Percentage of population in the same subgroup,F,Female,_T,Total,EMP,Employment,MAIN,Main job,_T,Total,PT,Part-time,NAT_DEF,National definition,A,Annual,2023,,5.471,,A,Normal value,0,Units,1,One
DATAFLOW,OECD.ELS.SAE:DSD_FTPT@DF_FTPT_NATIONAL_INC(1.0),Incidence of full-time and part-time employment based on national definitions,I,SVK,Slovak Republic,EMP,Employment,PT_POP_SUB,Percentage of population in the same subgroup,F,Female,_T,Total,EMP,Employment,MAIN,Main job,_T,Total,PT,Part-time,NAT_DEF,National definition,A,Annual,2024,,6.549,,A,Normal value,0,Units,1,One
DATAFLOW,OECD.ELS.SAE:DSD_FTPT@DF_FTPT_NATIONAL_INC(1.0),Incidence of full-time and part-time employment based on national definitions,I,SVN,Slovenia,EMP,Employment,PT_POP_SUB,Percentage of population in the same subgroup,F,Female,_T,Total,EMP,Employment,MAIN,Main job,_T,Total,PT,Part-time,NAT_DEF,National definition,A,Annual,2010,,14.686,,A,Normal value,0,Units,1,One
DATAFLOW,OECD.ELS.SAE:DSD_FTPT@DF_FTPT_NATIONAL_INC(1.0),Incidence of full-time and part-time employment based on national definitions,I,SVN,Slovenia,EMP,Employment,PT_POP_SUB,Percentage of population in the same subgroup,F,Female,_T,Total,EMP,Employment,MAIN,Main job,_T,Total,PT,Part-time,NAT_DEF,National definition,A,Annual,2011,,13.344,,A,Normal value,0,Units,1,One
DATAFLOW,OECD.ELS.SAE:DSD_FTPT@DF_FTPT_NATIONAL_INC(1.0),Incidence of full-time and part-time employment based on national definitions,I,SVN,Slovenia,EMP,Employment,PT_POP_SUB,Percentage of population in the same subgroup,F,Female,_T,Total,EMP,Employment,MAIN,Main job,_T,Total,PT,Part-time,NAT_DEF,National definition,A,Annual,2012,,13.067,,A,Normal value,0,Units,1,One
DATAFLOW,OECD.ELS.SAE:DSD_FTPT@DF_FTPT_NATIONAL_INC(1.0),Incidence of full-time and part-time employment based on national definitions,I,SVN,Slovenia,EMP,Employment,PT_POP_SUB,Percentage of population in the same subgroup,F,Female,_T,Total,EMP,Employment,MAIN,Main job,_T,Total,PT,Part-time,NAT_DEF,National definition,A,Annual,2013,,13.464,,A,Normal value,0,Units,1,One
DATAFLOW,OECD.ELS.SAE:DSD_FTPT@DF_FTPT_NATIONAL_INC(1.0),Incidence of full-time and part-time employment based on national definitions,I,SVN,Slovenia,EMP,Employment,PT_POP_SUB,Percentage of population in the same subgroup,F,Female,_T,Total,EMP,Employment,MAIN,Main job,_T,Total,PT,Part-time,NAT_DEF,National definition,A,Annual,2014,,14.888,,A,Normal value,0,Units,1,One
DATAFLOW,OECD.ELS.SAE:DSD_FTPT@DF_FTPT_NATIONAL_INC(1.0),Incidence of full-time and part-time employment based on national definitions,I,SVN,Slovenia,EMP,Employment,PT_POP_SUB,Percentage of population in the same subgroup,F,Female,_T,Total,EMP,Employment,MAIN,Main job,_T,Total,PT,Part-time,NAT_DEF,National definition,A,Annual,2015,,14.42,,A,Normal value,0,Units,1,One
DATAFLOW,OECD.ELS.SAE:DSD_FTPT@DF_FTPT_NATIONAL_INC(1.0),Incidence of full-time and part-time employment based on national definitions,I,SVN,Slovenia,EMP,Employment,PT_POP_SUB,Percentage of population in the same subgroup,F,Female,_T,Total,EMP,Employment,MAIN,Main job,_T,Total,PT,Part-time,NAT_DEF,National definition,A,Annual,2016,,13.695,,A,Normal value,0,Units,1,One
DATAFLOW,OECD.ELS.SAE:DSD_FTPT@DF_FTPT_NATIONAL_INC(1.0),Incidence of full-time and part-time employment based on national definitions,I,SVN,Slovenia,EMP,Employment,PT_POP_SUB,Percentage of population in the same subgroup,F,Female,_T,Total,EMP,Employment,MAIN,Main job,_T,Total,PT,Part-time,NAT_DEF,National definition,A,Annual,2017,,15.131,,A,Normal value,0,Units,1,One
DATAFLOW,OECD.ELS.SAE:DSD_FTPT@DF_FTPT_NATIONAL_INC(1.0),Incidence of full-time and part-time employment based on national definitions,I,SVN,Slovenia,EMP,Employment,PT_POP_SUB,Percentage of population in the same subgroup,F,Female,_T,Total,EMP,Employment,MAIN,Main job,_T,Total,PT,Part-time,NAT_DEF,National definition,A,Annual,2018,,15.048,,A,Normal value,0,Units,1,One
DATAFLOW,OECD.ELS.SAE:DSD_FTPT@DF_FTPT_NATIONAL_INC(1.0),Incidence of full-time and part-time employment based on national definitions,I,SVN,Slovenia,EMP,Employment,PT_POP_SUB,Percentage of population in the same subgroup,F,Female,_T,Total,EMP,Employment,MAIN,Main job,_T,Total,PT,Part-time,NAT_DEF,National definition,A,Annual,2019,,13.046,,A,Normal value,0,Units,1,One
DATAFLOW,OECD.ELS.SAE:DSD_FTPT@DF_FTPT_NATIONAL_INC(1.0),Incidence of full-time and part-time employment based on national definitions,I,SVN,Slovenia,EMP,Employment,PT_POP_SUB,Percentage of population in the same subgroup,F,Female,_T,Total,EMP,Employment,MAIN,Main job,_T,Total,PT,Part-time,NAT_DEF,National definition,A,Annual,2020,,12.607,,A,Normal value,0,Units,1,One
DATAFLOW,OECD.ELS.SAE:DSD_FTPT@DF_FTPT_NATIONAL_INC(1.0),Incidence of full-time and part-time employment based on national definitions,I,SVN,Slovenia,EMP,Employment,PT_POP_SUB,Percentage of population in the same subgroup,F,Female,_T,Total,EMP,Employment,MAIN,Main job,_T,Total,PT,Part-time,NAT_DEF,National definition,A,Annual,2021,,13.409,,A,Normal value,0,Units,1,One
DATAFLOW,OECD.ELS.SAE:DSD_FTPT@DF_FTPT_NATIONAL_INC(1.0),Incidence of full-time and part-time employment based on national definitions,I,SVN,Slovenia,EMP,Employment,PT_POP_SUB,Percentage of population in the same subgroup,F,Female,_T,Total,EMP,Employment,MAIN,Main job,_T,Total,PT,Part-time,NAT_DEF,National definition,A,Annual,2022,,13.029,,A,Normal value,0,Units,1,One
DATAFLOW,OECD.ELS.SAE:DSD_FTPT@DF_FTPT_NATIONAL_INC(1.0),Incidence of full-time and part-time employment based on national definitions,I,SVN,Slovenia,EMP,Employment,PT_POP_SUB,Percentage of population in the same subgroup,F,Female,_T,Total,EMP,Employment,MAIN,Main job,_T,Total,PT,Part-time,NAT_DEF,National definition,A,Annual,2023,,13.053,,A,Normal value,0,Units,1,One
DATAFLOW,OECD.ELS.SAE:DSD_FTPT@DF_FTPT_NATIONAL_INC(1.0),Incidence of full-time and part-time employment based on national definitions,I,SVN,Slovenia,EMP,Employment,PT_POP_SUB,Percentage of population in the same subgroup,F,Female,_T,Total,EMP,Employment,MAIN,Main job,_T,Total,PT,Part-time,NAT_DEF,National definition,A,Annual,2024,,13.303,,A,Normal value,0,Units,1,One
DATAFLOW,OECD.ELS.SAE:DSD_FTPT@DF_FTPT_NATIONAL_INC(1.0),Incidence of full-time and part-time employment based on national definitions,I,ESP,Spain,EMP,Employment,PT_POP_SUB,Percentage of population in the same subgroup,F,Female,_T,Total,EMP,Employment,MAIN,Main job,_T,Total,PT,Part-time,NAT_DEF,National definition,A,Annual,2010,,22.666,,A,Normal value,0,Units,1,One
DATAFLOW,OECD.ELS.SAE:DSD_FTPT@DF_FTPT_NATIONAL_INC(1.0),Incidence of full-time and part-time employment based on national definitions,I,ESP,Spain,EMP,Employment,PT_POP_SUB,Percentage of population in the same subgroup,F,Female,_T,Total,EMP,Employment,MAIN,Main job,_T,Total,PT,Part-time,NAT_DEF,National definition,A,Annual,2015,,25.159,,A,Normal value,0,Units,1,One
DATAFLOW,OECD.ELS.SAE:DSD_FTPT@DF_FTPT_NATIONAL_INC(1.0),Incidence of full-time and part-time employment based on national definitions,I,ESP,Spain,EMP,Employment,PT_POP_SUB,Percentage of population in the same subgroup,F,Female,_T,Total,EMP,Employment,MAIN,Main job,_T,Total,PT,Part-time,NAT_DEF,National definition,A,Annual,2017,,24.15,,A,Normal value,0,Units,1,One
DATAFLOW,OECD.ELS.SAE:DSD_FTPT@DF_FTPT_NATIONAL_INC(1.0),Incidence of full-time and part-time employment based on national definitions,I,ESP,Spain,EMP,Employment,PT_POP_SUB,Percentage of population in the same subgroup,F,Female,_T,Total,EMP,Employment,MAIN,Main job,_T,Total,PT,Part-time,NAT_DEF,National definition,A,Annual,2018,,23.983,,A,Normal value,0,Units,1,One
DATAFLOW,OECD.ELS.SAE:DSD_FTPT@DF_FTPT_NATIONAL_INC(1.0),Incidence of full-time and part-time employment based on national definitions,I,ESP,Spain,EMP,Employment,PT_POP_SUB,Percentage of population in the same subgroup,F,Female,_T,Total,EMP,Employment,MAIN,Main job,_T,Total,PT,Part-time,NAT_DEF,National definition,A,Annual,2021,,22.49,,A,Normal value,0,Units,1,One
DATAFLOW,OECD.ELS.SAE:DSD_FTPT@DF_FTPT_NATIONAL_INC(1.0),Incidence of full-time and part-time employment based on national definitions,I,ESP,Spain,EMP,Employment,PT_POP_SUB,Percentage of population in the same subgroup,F,Female,_T,Total,EMP,Employment,MAIN,Main job,_T,Total,PT,Part-time,NAT_DEF,National definition,A,Annual,2024,,21.38,,A,Normal value,0,Units,1,One
DATAFLOW,OECD.ELS.SAE:DSD_FTPT@DF_FTPT_NATIONAL_INC(1.0),Incidence of full-time and part-time employment based on national definitions,I,SWE,Sweden,EMP,Employment,PT_POP_SUB,Percentage of population in the same subgroup,F,Female,_T,Total,EMP,Employment,MAIN,Main job,_T,Total,PT,Part-time,NAT_DEF,National definition,A,Annual,2013,,33.04,,A,Normal value,0,Units,1,One
DATAFLOW,OECD.ELS.SAE:DSD_FTPT@DF_FTPT_NATIONAL_INC(1.0),Incidence of full-time and part-time employment based on national definitions,I,SWE,Sweden,EMP,Employment,PT_POP_SUB,Percentage of population in the same subgroup,F,Female,_T,Total,EMP,Employment,MAIN,Main job,_T,Total,PT,Part-time,NAT_DEF,National definition,A,Annual,2015,,32.104,,A,Normal value,0,Units,1,One
DATAFLOW,OECD.ELS.SAE:DSD_FTPT@DF_FTPT_NATIONAL_INC(1.0),Incidence of full-time and part-time employment based on national definitions,I,SWE,Sweden,EMP,Employment,PT_POP_SUB,Percentage of population in the same subgroup,F,Female,_T,Total,EMP,Employment,MAIN,Main job,_T,Total,PT,Part-time,NAT_DEF,National definition,A,Annual,2016,,31.38,,A,Normal value,0,Units,1,One
DATAFLOW,OECD.ELS.SAE:DSD_FTPT@DF_FTPT_NATIONAL_INC(1.0),Incidence of full-time and part-time employment based on national definitions,I,SWE,Sweden,EMP,Employment,PT_POP_SUB,Percentage of population in the same subgroup,F,Female,_T,Total,EMP,Employment,MAIN,Main job,_T,Total,PT,Part-time,NAT_DEF,National definition,A,Annual,2017,,30.615,,A,Normal value,0,Units,1,One
DATAFLOW,OECD.ELS.SAE:DSD_FTPT@DF_FTPT_NATIONAL_INC(1.0),Incidence of full-time and part-time employment based on national definitions,I,SWE,Sweden,EMP,Employment,PT_POP_SUB,Percentage of population in the same subgroup,F,Female,_T,Total,EMP,Employment,MAIN,Main job,_T,Total,PT,Part-time,NAT_DEF,National definition,A,Annual,2018,,29.742,,A,Normal value,0,Units,1,One
DATAFLOW,OECD.ELS.SAE:DSD_FTPT@DF_FTPT_NATIONAL_INC(1.0),Incidence of full-time and part-time employment based on national definitions,I,SWE,Sweden,EMP,Employment,PT_POP_SUB,Percentage of population in the same subgroup,F,Female,_T,Total,EMP,Employment,MAIN,Main job,_T,Total,PT,Part-time,NAT_DEF,National definition,A,Annual,2019,,29.209,,A,Normal value,0,Units,1,One
DATAFLOW,OECD.ELS.SAE:DSD_FTPT@DF_FTPT_NATIONAL_INC(1.0),Incidence of full-time and part-time employment based on national definitions,I,SWE,Sweden,EMP,Employment,PT_POP_SUB,Percentage of population in the same subgroup,F,Female,_T,Total,EMP,Employment,MAIN,Main job,_T,Total,PT,Part-time,NAT_DEF,National definition,A,Annual,2020,,28.916,,A,Normal value,0,Units,1,One
DATAFLOW,OECD.ELS.SAE:DSD_FTPT@DF_FTPT_NATIONAL_INC(1.0),Incidence of full-time and part-time employment based on national definitions,I,SWE,Sweden,EMP,Employment,PT_POP_SUB,Percentage of population in the same subgroup,F,Female,_T,Total,EMP,Employment,MAIN,Main job,_T,Total,PT,Part-time,NAT_DEF,National definition,A,Annual,2021,,31.717,,A,Normal value,0,Units,1,One
DATAFLOW,OECD.ELS.SAE:DSD_FTPT@DF_FTPT_NATIONAL_INC(1.0),Incidence of full-time and part-time employment based on national definitions,I,SWE,Sweden,EMP,Employment,PT_POP_SUB,Percentage of population in the same subgroup,F,Female,_T,Total,EMP,Employment,MAIN,Main job,_T,Total,PT,Part-time,NAT_DEF,National definition,A,Annual,2022,,30.835,,A,Normal value,0,Units,1,One
DATAFLOW,OECD.ELS.SAE:DSD_FTPT@DF_FTPT_NATIONAL_INC(1.0),Incidence of full-time and part-time employment based on national definitions,I,SWE,Sweden,EMP,Employment,PT_POP_SUB,Percentage of population in the same subgroup,F,Female,_T,Total,EMP,Employment,MAIN,Main job,_T,Total,PT,Part-time,NAT_DEF,National definition,A,Annual,2023,,29.956,,A,Normal value,0,Units,1,One
DATAFLOW,OECD.ELS.SAE:DSD_FTPT@DF_FTPT_NATIONAL_INC(1.0),Incidence of full-time and part-time employment based on national definitions,I,SWE,Sweden,EMP,Employment,PT_POP_SUB,Percentage of population in the same subgroup,F,Female,_T,Total,EMP,Employment,MAIN,Main job,_T,Total,PT,Part-time,NAT_DEF,National definition,A,Annual,2024,,29.009,,A,Normal value,0,Units,1,One
DATAFLOW,OECD.ELS.SAE:DSD_FTPT@DF_FTPT_NATIONAL_INC(1.0),Incidence of full-time and part-time employment based on national definitions,I,CHE,Switzerland,EMP,Employment,PT_POP_SUB,Percentage of population in the same subgroup,F,Female,_T,Total,EMP,Employment,MAIN,Main job,_T,Total,PT,Part-time,NAT_DEF,National definition,A,Annual,2013,,58.76,,A,Normal value,0,Units,1,One
DATAFLOW,OECD.ELS.SAE:DSD_FTPT@DF_FTPT_NATIONAL_INC(1.0),Incidence of full-time and part-time employment based on national definitions,I,CHE,Switzerland,EMP,Employment,PT_POP_SUB,Percentage of population in the same subgroup,F,Female,_T,Total,EMP,Employment,MAIN,Main job,_T,Total,PT,Part-time,NAT_DEF,National definition,A,Annual,2021,,58.635,,A,Normal value,0,Units,1,One
DATAFLOW,OECD.ELS.SAE:DSD_FTPT@DF_FTPT_NATIONAL_INC(1.0),Incidence of full-time and part-time employment based on national definitions,I,CHE,Switzerland,EMP,Employment,PT_POP_SUB,Percentage of population in the same subgroup,F,Female,_T,Total,EMP,Employment,MAIN,Main job,_T,Total,PT,Part-time,NAT_DEF,National definition,A,Annual,2022,,57.845,,A,Normal value,0,Units,1,One
DATAFLOW,OECD.ELS.SAE:DSD_FTPT@DF_FTPT_NATIONAL_INC(1.0),Incidence of full-time and part-time employment based on national definitions,I,CHE,Switzerland,EMP,Employment,PT_POP_SUB,Percentage of population in the same subgroup,F,Female,_T,Total,EMP,Employment,MAIN,Main job,_T,Total,PT,Part-time,NAT_DEF,National definition,A,Annual,2023,,58.02,,A,Normal value,0,Units,1,One
DATAFLOW,OECD.ELS.SAE:DSD_FTPT@DF_FTPT_NATIONAL_INC(1.0),Incidence of full-time and part-time employment based on national definitions,I,CHE,Switzerland,EMP,Employment,PT_POP_SUB,Percentage of population in the same subgroup,F,Female,_T,Total,EMP,Employment,MAIN,Main job,_T,Total,PT,Part-time,NAT_DEF,National definition,A,Annual,2024,,58.651,,A,Normal value,0,Units,1,One
DATAFLOW,OECD.ELS.SAE:DSD_FTPT@DF_FTPT_NATIONAL_INC(1.0),Incidence of full-time and part-time employment based on national definitions,I,GBR,United Kingdom,EMP,Employment,PT_POP_SUB,Percentage of population in the same subgroup,F,Female,_T,Total,EMP,Employment,MAIN,Main job,_T,Total,PT,Part-time,NAT_DEF,National definition,A,Annual,2018,,41.488,,A,Normal value,0,Units,1,One
DATAFLOW,OECD.ELS.SAE:DSD_FTPT@DF_FTPT_NATIONAL_INC(1.0),Incidence of full-time and part-time employment based on national definitions,I,EU27,European Union (27 countries),EMP,Employment,PT_POP_SUB,Percentage of population in the same subgroup,F,Female,_T,Total,EMP,Employment,MAIN,Main job,_T,Total,PT,Part-time,NAT_DEF,National definition,A,Annual,2010,,29.792,,A,Normal value,0,Units,1,One
DATAFLOW,OECD.ELS.SAE:DSD_FTPT@DF_FTPT_NATIONAL_INC(1.0),Incidence of full-time and part-time employment based on national definitions,I,EU27,European Union (27 countries),EMP,Employment,PT_POP_SUB,Percentage of population in the same subgroup,F,Female,_T,Total,EMP,Employment,MAIN,Main job,_T,Total,PT,Part-time,NAT_DEF,National definition,A,Annual,2011,,29.991,,A,Normal value,0,Units,1,One
DATAFLOW,OECD.ELS.SAE:DSD_FTPT@DF_FTPT_NATIONAL_INC(1.0),Incidence of full-time and part-time employment based on national definitions,I,EU27,European Union (27 countries),EMP,Employment,PT_POP_SUB,Percentage of population in the same subgroup,F,Female,_T,Total,EMP,Employment,MAIN,Main job,_T,Total,PT,Part-time,NAT_DEF,National definition,A,Annual,2013,,30.993,,A,Normal value,0,Units,1,One
DATAFLOW,OECD.ELS.SAE:DSD_FTPT@DF_FTPT_NATIONAL_INC(1.0),Incidence of full-time and part-time employment based on national definitions,I,EU27,European Union (27 countries),EMP,Employment,PT_POP_SUB,Percentage of population in the same subgroup,F,Female,_T,Total,EMP,Employment,MAIN,Main job,_T,Total,PT,Part-time,NAT_DEF,National definition,A,Annual,2016,,30.691,,A,Normal value,0,Units,1,One
DATAFLOW,OECD.ELS.SAE:DSD_FTPT@DF_FTPT_NATIONAL_INC(1.0),Incidence of full-time and part-time employment based on national definitions,I,EU27,European Union (27 countries),EMP,Employment,PT_POP_SUB,Percentage of population in the same subgroup,F,Female,_T,Total,EMP,Employment,MAIN,Main job,_T,Total,PT,Part-time,NAT_DEF,National definition,A,Annual,2020,,29.978,,A,Normal value,0,Units,1,One
DATAFLOW,OECD.ELS.SAE:DSD_FTPT@DF_FTPT_NATIONAL_INC(1.0),Incidence of full-time and part-time employment based on national definitions,I,EU27,European Union (27 countries),EMP,Employment,PT_POP_SUB,Percentage of population in the same subgroup,F,Female,_T,Total,EMP,Employment,MAIN,Main job,_T,Total,PT,Part-time,NAT_DEF,National definition,A,Annual,2021,,29.618,,A,Normal value,0,Units,1,One
DATAFLOW,OECD.ELS.SAE:DSD_FTPT@DF_FTPT_NATIONAL_INC(1.0),Incidence of full-time and part-time employment based on national definitions,I,EU27,European Union (27 countries),EMP,Employment,PT_POP_SUB,Percentage of population in the same subgroup,F,Female,_T,Total,EMP,Employment,MAIN,Main job,_T,Total,PT,Part-time,NAT_DEF,National definition,A,Annual,2022,,29.291,,A,Normal value,0,Units,1,One
DATAFLOW,OECD.ELS.SAE:DSD_FTPT@DF_FTPT_NATIONAL_INC(1.0),Incidence of full-time and part-time employment based on national definitions,I,EU27,European Union (27 countries),EMP,Employment,PT_POP_SUB,Percentage of population in the same subgroup,F,Female,_T,Total,EMP,Employment,MAIN,Main job,_T,Total,PT,Part-time,NAT_DEF,National definition,A,Annual,2023,,29.472,,A,Normal value,0,Units,1,One
DATAFLOW,OECD.ELS.SAE:DSD_FTPT@DF_FTPT_NATIONAL_INC(1.0),Incidence of full-time and part-time employment based on national definitions,I,EU27,European Union (27 countries),EMP,Employment,PT_POP_SUB,Percentage of population in the same subgroup,F,Female,_T,Total,EMP,Employment,MAIN,Main job,_T,Total,PT,Part-time,NAT_DEF,National definition,A,Annual,2024,,29.53,,A,Normal value,0,Units,1,One
DATAFLOW,OECD.ELS.SAE:DSD_FTPT@DF_FTPT_NATIONAL_INC(1.0),Incidence of full-time and part-time employment based on national definitions,I,EU19OECD,European Union (19 countries) in OECD,EMP,Employment,PT_POP_SUB,Percentage of population in the same subgroup,F,Female,_T,Total,EMP,Employment,MAIN,Main job,_T,Total,PT,Part-time,NAT_DEF,National definition,A,Annual,2010,,34.528,,A,Normal value,0,Units,1,One
DATAFLOW,OECD.ELS.SAE:DSD_FTPT@DF_FTPT_NATIONAL_INC(1.0),Incidence of full-time and part-time employment based on national definitions,I,EU19OECD,European Union (19 countries) in OECD,EMP,Employment,PT_POP_SUB,Percentage of population in the same subgroup,F,Female,_T,Total,EMP,Employment,MAIN,Main job,_T,Total,PT,Part-time,NAT_DEF,National definition,A,Annual,2011,,34.819,,A,Normal value,0,Units,1,One
DATAFLOW,OECD.ELS.SAE:DSD_FTPT@DF_FTPT_NATIONAL_INC(1.0),Incidence of full-time and part-time employment based on national definitions,I,EU19OECD,European Union (19 countries) in OECD,EMP,Employment,PT_POP_SUB,Percentage of population in the same subgroup,F,Female,_T,Total,EMP,Employment,MAIN,Main job,_T,Total,PT,Part-time,NAT_DEF,National definition,A,Annual,2014,,36.203,,A,Normal value,0,Units,1,One
DATAFLOW,OECD.ELS.SAE:DSD_FTPT@DF_FTPT_NATIONAL_INC(1.0),Incidence of full-time and part-time employment based on national definitions,I,EU19OECD,European Union (19 countries) in OECD,EMP,Employment,PT_POP_SUB,Percentage of population in the same subgroup,F,Female,_T,Total,EMP,Employment,MAIN,Main job,_T,Total,PT,Part-time,NAT_DEF,National definition,A,Annual,2016,,36.098,,A,Normal value,0,Units,1,One
DATAFLOW,OECD.ELS.SAE:DSD_FTPT@DF_FTPT_NATIONAL_INC(1.0),Incidence of full-time and part-time employment based on national definitions,I,EU19OECD,European Union (19 countries) in OECD,EMP,Employment,PT_POP_SUB,Percentage of population in the same subgroup,F,Female,_T,Total,EMP,Employment,MAIN,Main job,_T,Total,PT,Part-time,NAT_DEF,National definition,A,Annual,2019,,35.626,,A,Normal value,0,Units,1,One
DATAFLOW,OECD.ELS.SAE:DSD_FTPT@DF_FTPT_NATIONAL_INC(1.0),Incidence of full-time and part-time employment based on national definitions,I,EU19OECD,European Union (19 countries) in OECD,EMP,Employment,PT_POP_SUB,Percentage of population in the same subgroup,F,Female,_T,Total,EMP,Employment,MAIN,Main job,_T,Total,PT,Part-time,NAT_DEF,National definition,A,Annual,2020,,35.359,,A,Normal value,0,Units,1,One
DATAFLOW,OECD.ELS.SAE:DSD_FTPT@DF_FTPT_NATIONAL_INC(1.0),Incidence of full-time and part-time employment based on national definitions,I,EU19OECD,European Union (19 countries) in OECD,EMP,Employment,PT_POP_SUB,Percentage of population in the same subgroup,F,Female,_T,Total,EMP,Employment,MAIN,Main job,_T,Total,PT,Part-time,NAT_DEF,National definition,A,Annual,2021,,35.02,,A,Normal value,0,Units,1,One
DATAFLOW,OECD.ELS.SAE:DSD_FTPT@DF_FTPT_NATIONAL_INC(1.0),Incidence of full-time and part-time employment based on national definitions,I,EU19OECD,European Union (19 countries) in OECD,EMP,Employment,PT_POP_SUB,Percentage of population in the same subgroup,F,Female,_T,Total,EMP,Employment,MAIN,Main job,_T,Total,PT,Part-time,NAT_DEF,National definition,A,Annual,2022,,34.549,,A,Normal value,0,Units,1,One
DATAFLOW,OECD.ELS.SAE:DSD_FTPT@DF_FTPT_NATIONAL_INC(1.0),Incidence of full-time and part-time employment based on national definitions,I,EU19OECD,European Union (19 countries) in OECD,EMP,Employment,PT_POP_SUB,Percentage of population in the same subgroup,F,Female,_T,Total,EMP,Employment,MAIN,Main job,_T,Total,PT,Part-time,NAT_DEF,National definition,A,Annual,2023,,34.62,,A,Normal value,0,Units,1,One
DATAFLOW,OECD.ELS.SAE:DSD_FTPT@DF_FTPT_NATIONAL_INC(1.0),Incidence of full-time and part-time employment based on national definitions,I,EU19OECD,European Union (19 countries) in OECD,EMP,Employment,PT_POP_SUB,Percentage of population in the same subgroup,F,Female,_T,Total,EMP,Employment,MAIN,Main job,_T,Total,PT,Part-time,NAT_DEF,National definition,A,Annual,2024,,34.651,,A,Normal value,0,Units,1,One
DATAFLOW,OECD.ELS.SAE:DSD_FTPT@DF_FTPT_NATIONAL_INC(1.0),Incidence of full-time and part-time employment based on national definitions,I,EU22OECD,European Union (22 countries) in OECD,EMP,Employment,PT_POP_SUB,Percentage of population in the same subgroup,F,Female,_T,Total,EMP,Employment,MAIN,Main job,_T,Total,PT,Part-time,NAT_DEF,National definition,A,Annual,2013,,32.665,,A,Normal value,0,Units,1,One
DATAFLOW,OECD.ELS.SAE:DSD_FTPT@DF_FTPT_NATIONAL_INC(1.0),Incidence of full-time and part-time employment based on national definitions,I,EU22OECD,European Union (22 countries) in OECD,EMP,Employment,PT_POP_SUB,Percentage of population in the same subgroup,F,Female,_T,Total,EMP,Employment,MAIN,Main job,_T,Total,PT,Part-time,NAT_DEF,National definition,A,Annual,2014,,32.531,,A,Normal value,0,Units,1,One
DATAFLOW,OECD.ELS.SAE:DSD_FTPT@DF_FTPT_NATIONAL_INC(1.0),Incidence of full-time and part-time employment based on national definitions,I,EU22OECD,European Union (22 countries) in OECD,EMP,Employment,PT_POP_SUB,Percentage of population in the same subgroup,F,Female,_T,Total,EMP,Employment,MAIN,Main job,_T,Total,PT,Part-time,NAT_DEF,National definition,A,Annual,2016,,32.349,,A,Normal value,0,Units,1,One
DATAFLOW,OECD.ELS.SAE:DSD_FTPT@DF_FTPT_NATIONAL_INC(1.0),Incidence of full-time and part-time employment based on national definitions,I,EU22OECD,European Union (22 countries) in OECD,EMP,Employment,PT_POP_SUB,Percentage of population in the same subgroup,F,Female,_T,Total,EMP,Employment,MAIN,Main job,_T,Total,PT,Part-time,NAT_DEF,National definition,A,Annual,2017,,32.22,,A,Normal value,0,Units,1,One
DATAFLOW,OECD.ELS.SAE:DSD_FTPT@DF_FTPT_NATIONAL_INC(1.0),Incidence of full-time and part-time employment based on national definitions,I,EU22OECD,European Union (22 countries) in OECD,EMP,Employment,PT_POP_SUB,Percentage of population in the same subgroup,F,Female,_T,Total,EMP,Employment,MAIN,Main job,_T,Total,PT,Part-time,NAT_DEF,National definition,A,Annual,2020,,31.64,,A,Normal value,0,Units,1,One
DATAFLOW,OECD.ELS.SAE:DSD_FTPT@DF_FTPT_NATIONAL_INC(1.0),Incidence of full-time and part-time employment based on national definitions,I,EU22OECD,European Union (22 countries) in OECD,EMP,Employment,PT_POP_SUB,Percentage of population in the same subgroup,F,Female,_T,Total,EMP,Employment,MAIN,Main job,_T,Total,PT,Part-time,NAT_DEF,National definition,A,Annual,2021,,31.305,,A,Normal value,0,Units,1,One
DATAFLOW,OECD.ELS.SAE:DSD_FTPT@DF_FTPT_NATIONAL_INC(1.0),Incidence of full-time and part-time employment based on national definitions,I,EU22OECD,European Union (22 countries) in OECD,EMP,Employment,PT_POP_SUB,Percentage of population in the same subgroup,F,Female,_T,Total,EMP,Employment,MAIN,Main job,_T,Total,PT,Part-time,NAT_DEF,National definition,A,Annual,2022,,30.959,,A,Normal value,0,Units,1,One
DATAFLOW,OECD.ELS.SAE:DSD_FTPT@DF_FTPT_NATIONAL_INC(1.0),Incidence of full-time and part-time employment based on national definitions,I,EU22OECD,European Union (22 countries) in OECD,EMP,Employment,PT_POP_SUB,Percentage of population in the same subgroup,F,Female,_T,Total,EMP,Employment,MAIN,Main job,_T,Total,PT,Part-time,NAT_DEF,National definition,A,Annual,2023,,31.134,,A,Normal value,0,Units,1,One
DATAFLOW,OECD.ELS.SAE:DSD_FTPT@DF_FTPT_NATIONAL_INC(1.0),Incidence of full-time and part-time employment based on national definitions,I,EU22OECD,European Union (22 countries) in OECD,EMP,Employment,PT_POP_SUB,Percentage of population in the same subgroup,F,Female,_T,Total,EMP,Employment,MAIN,Main job,_T,Total,PT,Part-time,NAT_DEF,National definition,A,Annual,2024,,31.233,,A,Normal value,0,Units,1,One
DATAFLOW,OECD.ELS.SAE:DSD_FTPT@DF_FTPT_NATIONAL_INC(1.0),Incidence of full-time and part-time employment based on national definitions,I,OECD,OECD,EMP,Employment,PT_POP_SUB,Percentage of population in the same subgroup,F,Female,_T,Total,EMP,Employment,MAIN,Main job,_T,Total,PT,Part-time,NAT_DEF,National definition,A,Annual,2012,,31.578,,A,Normal value,0,Units,1,One
DATAFLOW,OECD.ELS.SAE:DSD_FTPT@DF_FTPT_NATIONAL_INC(1.0),Incidence of full-time and part-time employment based on national definitions,I,OECD,OECD,EMP,Employment,PT_POP_SUB,Percentage of population in the same subgroup,F,Female,_T,Total,EMP,Employment,MAIN,Main job,_T,Total,PT,Part-time,NAT_DEF,National definition,A,Annual,2021,,29.561,,A,Normal value,0,Units,1,One
DATAFLOW,OECD.ELS.SAE:DSD_FTPT@DF_FTPT_NATIONAL_INC(1.0),Incidence of full-time and part-time employment based on national definitions,I,OECD,OECD,EMP,Employment,PT_POP_SUB,Percentage of population in the same subgroup,F,Female,_T,Total,EMP,Employment,MAIN,Main job,_T,Total,PT,Part-time,NAT_DEF,National definition,A,Annual,2022,,29.102,,A,Normal value,0,Units,1,One
DATAFLOW,OECD.ELS.SAE:DSD_FTPT@DF_FTPT_NATIONAL_INC(1.0),Incidence of full-time and part-time employment based on national definitions,I,OECD,OECD,EMP,Employment,PT_POP_SUB,Percentage of population in the same subgroup,F,Female,_T,Total,EMP,Employment,MAIN,Main job,_T,Total,PT,Part-time,NAT_DEF,National definition,A,Annual,2023,,29.187,,A,Normal value,0,Units,1,One
DATAFLOW,OECD.ELS.SAE:DSD_FTPT@DF_FTPT_NATIONAL_INC(1.0),Incidence of full-time and part-time employment based on national definitions,I,OECD,OECD,EMP,Employment,PT_POP_SUB,Percentage of population in the same subgroup,F,Female,_T,Total,EMP,Employment,MAIN,Main job,_T,Total,PT,Part-time,NAT_DEF,National definition,A,Annual,2024,,29.511,,A,Normal value,0,Units,1,One
DATAFLOW,OECD.ELS.SAE:DSD_FTPT@DF_FTPT_NATIONAL_INC(1.0),Incidence of full-time and part-time employment based on national definitions,I,BGR,Bulgaria,EMP,Employment,PT_POP_SUB,Percentage of population in the same subgroup,F,Female,_T,Total,EMP,Employment,MAIN,Main job,_T,Total,PT,Part-time,NAT_DEF,National definition,A,Annual,2010,,2.358,,A,Normal value,0,Units,1,One
DATAFLOW,OECD.ELS.SAE:DSD_FTPT@DF_FTPT_NATIONAL_INC(1.0),Incidence of full-time and part-time employment based on national definitions,I,BGR,Bulgaria,EMP,Employment,PT_POP_SUB,Percentage of population in the same subgroup,F,Female,_T,Total,EMP,Employment,MAIN,Main job,_T,Total,PT,Part-time,NAT_DEF,National definition,A,Annual,2011,,2.376,,A,Normal value,0,Units,1,One
DATAFLOW,OECD.ELS.SAE:DSD_FTPT@DF_FTPT_NATIONAL_INC(1.0),Incidence of full-time and part-time employment based on national definitions,I,BGR,Bulgaria,EMP,Employment,PT_POP_SUB,Percentage of population in the same subgroup,F,Female,_T,Total,EMP,Employment,MAIN,Main job,_T,Total,PT,Part-time,NAT_DEF,National definition,A,Annual,2012,,2.533,,A,Normal value,0,Units,1,One
DATAFLOW,OECD.ELS.SAE:DSD_FTPT@DF_FTPT_NATIONAL_INC(1.0),Incidence of full-time and part-time employment based on national definitions,I,BGR,Bulgaria,EMP,Employment,PT_POP_SUB,Percentage of population in the same subgroup,F,Female,_T,Total,EMP,Employment,MAIN,Main job,_T,Total,PT,Part-time,NAT_DEF,National definition,A,Annual,2013,,2.949,,A,Normal value,0,Units,1,One
DATAFLOW,OECD.ELS.SAE:DSD_FTPT@DF_FTPT_NATIONAL_INC(1.0),Incidence of full-time and part-time employment based on national definitions,I,BGR,Bulgaria,EMP,Employment,PT_POP_SUB,Percentage of population in the same subgroup,F,Female,_T,Total,EMP,Employment,MAIN,Main job,_T,Total,PT,Part-time,NAT_DEF,National definition,A,Annual,2014,,2.78,,A,Normal value,0,Units,1,One
DATAFLOW,OECD.ELS.SAE:DSD_FTPT@DF_FTPT_NATIONAL_INC(1.0),Incidence of full-time and part-time employment based on national definitions,I,BGR,Bulgaria,EMP,Employment,PT_POP_SUB,Percentage of population in the same subgroup,F,Female,_T,Total,EMP,Employment,MAIN,Main job,_T,Total,PT,Part-time,NAT_DEF,National definition,A,Annual,2015,,2.538,,A,Normal value,0,Units,1,One
DATAFLOW,OECD.ELS.SAE:DSD_FTPT@DF_FTPT_NATIONAL_INC(1.0),Incidence of full-time and part-time employment based on national definitions,I,BGR,Bulgaria,EMP,Employment,PT_POP_SUB,Percentage of population in the same subgroup,F,Female,_T,Total,EMP,Employment,MAIN,Main job,_T,Total,PT,Part-time,NAT_DEF,National definition,A,Annual,2016,,2.353,,A,Normal value,0,Units,1,One
DATAFLOW,OECD.ELS.SAE:DSD_FTPT@DF_FTPT_NATIONAL_INC(1.0),Incidence of full-time and part-time employment based on national definitions,I,BGR,Bulgaria,EMP,Employment,PT_POP_SUB,Percentage of population in the same subgroup,F,Female,_T,Total,EMP,Employment,MAIN,Main job,_T,Total,PT,Part-time,NAT_DEF,National definition,A,Annual,2017,,2.447,,A,Normal value,0,Units,1,One
DATAFLOW,OECD.ELS.SAE:DSD_FTPT@DF_FTPT_NATIONAL_INC(1.0),Incidence of full-time and part-time employment based on national definitions,I,BGR,Bulgaria,EMP,Employment,PT_POP_SUB,Percentage of population in the same subgroup,F,Female,_T,Total,EMP,Employment,MAIN,Main job,_T,Total,PT,Part-time,NAT_DEF,National definition,A,Annual,2018,,2.17,,A,Normal value,0,Units,1,One
DATAFLOW,OECD.ELS.SAE:DSD_FTPT@DF_FTPT_NATIONAL_INC(1.0),Incidence of full-time and part-time employment based on national definitions,I,BGR,Bulgaria,EMP,Employment,PT_POP_SUB,Percentage of population in the same subgroup,F,Female,_T,Total,EMP,Employment,MAIN,Main job,_T,Total,PT,Part-time,NAT_DEF,National definition,A,Annual,2019,,2.294,,A,Normal value,0,Units,1,One
DATAFLOW,OECD.ELS.SAE:DSD_FTPT@DF_FTPT_NATIONAL_INC(1.0),Incidence of full-time and part-time employment based on national definitions,I,BGR,Bulgaria,EMP,Employment,PT_POP_SUB,Percentage of population in the same subgroup,F,Female,_T,Total,EMP,Employment,MAIN,Main job,_T,Total,PT,Part-time,NAT_DEF,National definition,A,Annual,2020,,2.272,,A,Normal value,0,Units,1,One
DATAFLOW,OECD.ELS.SAE:DSD_FTPT@DF_FTPT_NATIONAL_INC(1.0),Incidence of full-time and part-time employment based on national definitions,I,BGR,Bulgaria,EMP,Employment,PT_POP_SUB,Percentage of population in the same subgroup,F,Female,_T,Total,EMP,Employment,MAIN,Main job,_T,Total,PT,Part-time,NAT_DEF,National definition,A,Annual,2021,,2.023,,A,Normal value,0,Units,1,One
DATAFLOW,OECD.ELS.SAE:DSD_FTPT@DF_FTPT_NATIONAL_INC(1.0),Incidence of full-time and part-time employment based on national definitions,I,BGR,Bulgaria,EMP,Employment,PT_POP_SUB,Percentage of population in the same subgroup,F,Female,_T,Total,EMP,Employment,MAIN,Main job,_T,Total,PT,Part-time,NAT_DEF,National definition,A,Annual,2022,,1.854,,A,Normal value,0,Units,1,One
DATAFLOW,OECD.ELS.SAE:DSD_FTPT@DF_FTPT_NATIONAL_INC(1.0),Incidence of full-time and part-time employment based on national definitions,I,BGR,Bulgaria,EMP,Employment,PT_POP_SUB,Percentage of population in the same subgroup,F,Female,_T,Total,EMP,Employment,MAIN,Main job,_T,Total,PT,Part-time,NAT_DEF,National definition,A,Annual,2023,,1.742,,A,Normal value,0,Units,1,One
DATAFLOW,OECD.ELS.SAE:DSD_FTPT@DF_FTPT_NATIONAL_INC(1.0),Incidence of full-time and part-time employment based on national definitions,I,BGR,Bulgaria,EMP,Employment,PT_POP_SUB,Percentage of population in the same subgroup,F,Female,_T,Total,EMP,Employment,MAIN,Main job,_T,Total,PT,Part-time,NAT_DEF,National definition,A,Annual,2024,,1.715,,A,Normal value,0,Units,1,One
DATAFLOW,OECD.ELS.SAE:DSD_FTPT@DF_FTPT_NATIONAL_INC(1.0),Incidence of full-time and part-time employment based on national definitions,I,HRV,Croatia,EMP,Employment,PT_POP_SUB,Percentage of population in the same subgroup,F,Female,_T,Total,EMP,Employment,MAIN,Main job,_T,Total,PT,Part-time,NAT_DEF,National definition,A,Annual,2010,,11.287,,A,Normal value,0,Units,1,One
DATAFLOW,OECD.ELS.SAE:DSD_FTPT@DF_FTPT_NATIONAL_INC(1.0),Incidence of full-time and part-time employment based on national definitions,I,HRV,Croatia,EMP,Employment,PT_POP_SUB,Percentage of population in the same subgroup,F,Female,_T,Total,EMP,Employment,MAIN,Main job,_T,Total,PT,Part-time,NAT_DEF,National definition,A,Annual,2011,,11.024,,A,Normal value,0,Units,1,One
DATAFLOW,OECD.ELS.SAE:DSD_FTPT@DF_FTPT_NATIONAL_INC(1.0),Incidence of full-time and part-time employment based on national definitions,I,HRV,Croatia,EMP,Employment,PT_POP_SUB,Percentage of population in the same subgroup,F,Female,_T,Total,EMP,Employment,MAIN,Main job,_T,Total,PT,Part-time,NAT_DEF,National definition,A,Annual,2012,,8.49,,A,Normal value,0,Units,1,One
DATAFLOW,OECD.ELS.SAE:DSD_FTPT@DF_FTPT_NATIONAL_INC(1.0),Incidence of full-time and part-time employment based on national definitions,I,HRV,Croatia,EMP,Employment,PT_POP_SUB,Percentage of population in the same subgroup,F,Female,_T,Total,EMP,Employment,MAIN,Main job,_T,Total,PT,Part-time,NAT_DEF,National definition,A,Annual,2013,,7.418,,A,Normal value,0,Units,1,One
DATAFLOW,OECD.ELS.SAE:DSD_FTPT@DF_FTPT_NATIONAL_INC(1.0),Incidence of full-time and part-time employment based on national definitions,I,HRV,Croatia,EMP,Employment,PT_POP_SUB,Percentage of population in the same subgroup,F,Female,_T,Total,EMP,Employment,MAIN,Main job,_T,Total,PT,Part-time,NAT_DEF,National definition,A,Annual,2014,,7.9,,A,Normal value,0,Units,1,One
DATAFLOW,OECD.ELS.SAE:DSD_FTPT@DF_FTPT_NATIONAL_INC(1.0),Incidence of full-time and part-time employment based on national definitions,I,HRV,Croatia,EMP,Employment,PT_POP_SUB,Percentage of population in the same subgroup,F,Female,_T,Total,EMP,Employment,MAIN,Main job,_T,Total,PT,Part-time,NAT_DEF,National definition,A,Annual,2015,,8.31,,A,Normal value,0,Units,1,One
DATAFLOW,OECD.ELS.SAE:DSD_FTPT@DF_FTPT_NATIONAL_INC(1.0),Incidence of full-time and part-time employment based on national definitions,I,HRV,Croatia,EMP,Employment,PT_POP_SUB,Percentage of population in the same subgroup,F,Female,_T,Total,EMP,Employment,MAIN,Main job,_T,Total,PT,Part-time,NAT_DEF,National definition,A,Annual,2016,,8.005,,A,Normal value,0,Units,1,One
DATAFLOW,OECD.ELS.SAE:DSD_FTPT@DF_FTPT_NATIONAL_INC(1.0),Incidence of full-time and part-time employment based on national definitions,I,HRV,Croatia,EMP,Employment,PT_POP_SUB,Percentage of population in the same subgroup,F,Female,_T,Total,EMP,Employment,MAIN,Main job,_T,Total,PT,Part-time,NAT_DEF,National definition,A,Annual,2017,,6.861,,A,Normal value,0,Units,1,One
DATAFLOW,OECD.ELS.SAE:DSD_FTPT@DF_FTPT_NATIONAL_INC(1.0),Incidence of full-time and part-time employment based on national definitions,I,HRV,Croatia,EMP,Employment,PT_POP_SUB,Percentage of population in the same subgroup,F,Female,_T,Total,EMP,Employment,MAIN,Main job,_T,Total,PT,Part-time,NAT_DEF,National definition,A,Annual,2018,,7.437,,A,Normal value,0,Units,1,One
DATAFLOW,OECD.ELS.SAE:DSD_FTPT@DF_FTPT_NATIONAL_INC(1.0),Incidence of full-time and part-time employment based on national definitions,I,HRV,Croatia,EMP,Employment,PT_POP_SUB,Percentage of population in the same subgroup,F,Female,_T,Total,EMP,Employment,MAIN,Main job,_T,Total,PT,Part-time,NAT_DEF,National definition,A,Annual,2019,,7.519,,A,Normal value,0,Units,1,One
DATAFLOW,OECD.ELS.SAE:DSD_FTPT@DF_FTPT_NATIONAL_INC(1.0),Incidence of full-time and part-time employment based on national definitions,I,HRV,Croatia,EMP,Employment,PT_POP_SUB,Percentage of population in the same subgroup,F,Female,_T,Total,EMP,Employment,MAIN,Main job,_T,Total,PT,Part-time,NAT_DEF,National definition,A,Annual,2020,,6.699,,A,Normal value,0,Units,1,One
DATAFLOW,OECD.ELS.SAE:DSD_FTPT@DF_FTPT_NATIONAL_INC(1.0),Incidence of full-time and part-time employment based on national definitions,I,HRV,Croatia,EMP,Employment,PT_POP_SUB,Percentage of population in the same subgroup,F,Female,_T,Total,EMP,Employment,MAIN,Main job,_T,Total,PT,Part-time,NAT_DEF,National definition,A,Annual,2021,,6.248,,A,Normal value,0,Units,1,One
DATAFLOW,OECD.ELS.SAE:DSD_FTPT@DF_FTPT_NATIONAL_INC(1.0),Incidence of full-time and part-time employment based on national definitions,I,HRV,Croatia,EMP,Employment,PT_POP_SUB,Percentage of population in the same subgroup,F,Female,_T,Total,EMP,Employment,MAIN,Main job,_T,Total,PT,Part-time,NAT_DEF,National definition,A,Annual,2022,,6.478,,A,Normal value,0,Units,1,One
DATAFLOW,OECD.ELS.SAE:DSD_FTPT@DF_FTPT_NATIONAL_INC(1.0),Incidence of full-time and part-time employment based on national definitions,I,HRV,Croatia,EMP,Employment,PT_POP_SUB,Percentage of population in the same subgroup,F,Female,_T,Total,EMP,Employment,MAIN,Main job,_T,Total,PT,Part-time,NAT_DEF,National definition,A,Annual,2023,,5.212,,A,Normal value,0,Units,1,One
DATAFLOW,OECD.ELS.SAE:DSD_FTPT@DF_FTPT_NATIONAL_INC(1.0),Incidence of full-time and part-time employment based on national definitions,I,HRV,Croatia,EMP,Employment,PT_POP_SUB,Percentage of population in the same subgroup,F,Female,_T,Total,EMP,Employment,MAIN,Main job,_T,Total,PT,Part-time,NAT_DEF,National definition,A,Annual,2024,,4.592,,A,Normal value,0,Units,1,One
DATAFLOW,OECD.ELS.SAE:DSD_FTPT@DF_FTPT_NATIONAL_INC(1.0),Incidence of full-time and part-time employment based on national definitions,I,CYP,Cyprus,EMP,Employment,PT_POP_SUB,Percentage of population in the same subgroup,F,Female,_T,Total,EMP,Employment,MAIN,Main job,_T,Total,PT,Part-time,NAT_DEF,National definition,A,Annual,2010,,12.643,,A,Normal value,0,Units,1,One
DATAFLOW,OECD.ELS.SAE:DSD_FTPT@DF_FTPT_NATIONAL_INC(1.0),Incidence of full-time and part-time employment based on national definitions,I,CYP,Cyprus,EMP,Employment,PT_POP_SUB,Percentage of population in the same subgroup,F,Female,_T,Total,EMP,Employment,MAIN,Main job,_T,Total,PT,Part-time,NAT_DEF,National definition,A,Annual,2011,,12.934,,A,Normal value,0,Units,1,One
DATAFLOW,OECD.ELS.SAE:DSD_FTPT@DF_FTPT_NATIONAL_INC(1.0),Incidence of full-time and part-time employment based on national definitions,I,CYP,Cyprus,EMP,Employment,PT_POP_SUB,Percentage of population in the same subgroup,F,Female,_T,Total,EMP,Employment,MAIN,Main job,_T,Total,PT,Part-time,NAT_DEF,National definition,A,Annual,2012,,13.676,,A,Normal value,0,Units,1,One
DATAFLOW,OECD.ELS.SAE:DSD_FTPT@DF_FTPT_NATIONAL_INC(1.0),Incidence of full-time and part-time employment based on national definitions,I,CYP,Cyprus,EMP,Employment,PT_POP_SUB,Percentage of population in the same subgroup,F,Female,_T,Total,EMP,Employment,MAIN,Main job,_T,Total,PT,Part-time,NAT_DEF,National definition,A,Annual,2013,,16.059,,A,Normal value,0,Units,1,One
DATAFLOW,OECD.ELS.SAE:DSD_FTPT@DF_FTPT_NATIONAL_INC(1.0),Incidence of full-time and part-time employment based on national definitions,I,CYP,Cyprus,EMP,Employment,PT_POP_SUB,Percentage of population in the same subgroup,F,Female,_T,Total,EMP,Employment,MAIN,Main job,_T,Total,PT,Part-time,NAT_DEF,National definition,A,Annual,2014,,17.215,,A,Normal value,0,Units,1,One
DATAFLOW,OECD.ELS.SAE:DSD_FTPT@DF_FTPT_NATIONAL_INC(1.0),Incidence of full-time and part-time employment based on national definitions,I,CYP,Cyprus,EMP,Employment,PT_POP_SUB,Percentage of population in the same subgroup,F,Female,_T,Total,EMP,Employment,MAIN,Main job,_T,Total,PT,Part-time,NAT_DEF,National definition,A,Annual,2015,,16.445,,A,Normal value,0,Units,1,One
DATAFLOW,OECD.ELS.SAE:DSD_FTPT@DF_FTPT_NATIONAL_INC(1.0),Incidence of full-time and part-time employment based on national definitions,I,CYP,Cyprus,EMP,Employment,PT_POP_SUB,Percentage of population in the same subgroup,F,Female,_T,Total,EMP,Employment,MAIN,Main job,_T,Total,PT,Part-time,NAT_DEF,National definition,A,Annual,2016,,16.478,,A,Normal value,0,Units,1,One
DATAFLOW,OECD.ELS.SAE:DSD_FTPT@DF_FTPT_NATIONAL_INC(1.0),Incidence of full-time and part-time employment based on national definitions,I,CYP,Cyprus,EMP,Employment,PT_POP_SUB,Percentage of population in the same subgroup,F,Female,_T,Total,EMP,Employment,MAIN,Main job,_T,Total,PT,Part-time,NAT_DEF,National definition,A,Annual,2017,,16.105,,A,Normal value,0,Units,1,One
DATAFLOW,OECD.ELS.SAE:DSD_FTPT@DF_FTPT_NATIONAL_INC(1.0),Incidence of full-time and part-time employment based on national definitions,I,CYP,Cyprus,EMP,Employment,PT_POP_SUB,Percentage of population in the same subgroup,F,Female,_T,Total,EMP,Employment,MAIN,Main job,_T,Total,PT,Part-time,NAT_DEF,National definition,A,Annual,2018,,14.863,,A,Normal value,0,Units,1,One
DATAFLOW,OECD.ELS.SAE:DSD_FTPT@DF_FTPT_NATIONAL_INC(1.0),Incidence of full-time and part-time employment based on national definitions,I,CYP,Cyprus,EMP,Employment,PT_POP_SUB,Percentage of population in the same subgroup,F,Female,_T,Total,EMP,Employment,MAIN,Main job,_T,Total,PT,Part-time,NAT_DEF,National definition,A,Annual,2019,,14.914,,A,Normal value,0,Units,1,One
DATAFLOW,OECD.ELS.SAE:DSD_FTPT@DF_FTPT_NATIONAL_INC(1.0),Incidence of full-time and part-time employment based on national definitions,I,CYP,Cyprus,EMP,Employment,PT_POP_SUB,Percentage of population in the same subgroup,F,Female,_T,Total,EMP,Employment,MAIN,Main job,_T,Total,PT,Part-time,NAT_DEF,National definition,A,Annual,2020,,14.078,,A,Normal value,0,Units,1,One
DATAFLOW,OECD.ELS.SAE:DSD_FTPT@DF_FTPT_NATIONAL_INC(1.0),Incidence of full-time and part-time employment based on national definitions,I,CYP,Cyprus,EMP,Employment,PT_POP_SUB,Percentage of population in the same subgroup,F,Female,_T,Total,EMP,Employment,MAIN,Main job,_T,Total,PT,Part-time,NAT_DEF,National definition,A,Annual,2021,,13.339,,A,Normal value,0,Units,1,One
DATAFLOW,OECD.ELS.SAE:DSD_FTPT@DF_FTPT_NATIONAL_INC(1.0),Incidence of full-time and part-time employment based on national definitions,I,CYP,Cyprus,EMP,Employment,PT_POP_SUB,Percentage of population in the same subgroup,F,Female,_T,Total,EMP,Employment,MAIN,Main job,_T,Total,PT,Part-time,NAT_DEF,National definition,A,Annual,2022,,12.54,,A,Normal value,0,Units,1,One
DATAFLOW,OECD.ELS.SAE:DSD_FTPT@DF_FTPT_NATIONAL_INC(1.0),Incidence of full-time and part-time employment based on national definitions,I,CYP,Cyprus,EMP,Employment,PT_POP_SUB,Percentage of population in the same subgroup,F,Female,_T,Total,EMP,Employment,MAIN,Main job,_T,Total,PT,Part-time,NAT_DEF,National definition,A,Annual,2023,,11.588,,A,Normal value,0,Units,1,One
DATAFLOW,OECD.ELS.SAE:DSD_FTPT@DF_FTPT_NATIONAL_INC(1.0),Incidence of full-time and part-time employment based on national definitions,I,CYP,Cyprus,EMP,Employment,PT_POP_SUB,Percentage of population in the same subgroup,F,Female,_T,Total,EMP,Employment,MAIN,Main job,_T,Total,PT,Part-time,NAT_DEF,National definition,A,Annual,2024,,11.424,,A,Normal value,0,Units,1,One
DATAFLOW,OECD.ELS.SAE:DSD_FTPT@DF_FTPT_NATIONAL_INC(1.0),Incidence of full-time and part-time employment based on national definitions,I,MLT,Malta,EMP,Employment,PT_POP_SUB,Percentage of population in the same subgroup,F,Female,_T,Total,EMP,Employment,MAIN,Main job,_T,Total,PT,Part-time,NAT_DEF,National definition,A,Annual,2010,,24.861,,A,Normal value,0,Units,1,One
DATAFLOW,OECD.ELS.SAE:DSD_FTPT@DF_FTPT_NATIONAL_INC(1.0),Incidence of full-time and part-time employment based on national definitions,I,MLT,Malta,EMP,Employment,PT_POP_SUB,Percentage of population in the same subgroup,F,Female,_T,Total,EMP,Employment,MAIN,Main job,_T,Total,PT,Part-time,NAT_DEF,National definition,A,Annual,2011,,25.934,,A,Normal value,0,Units,1,One
DATAFLOW,OECD.ELS.SAE:DSD_FTPT@DF_FTPT_NATIONAL_INC(1.0),Incidence of full-time and part-time employment based on national definitions,I,MLT,Malta,EMP,Employment,PT_POP_SUB,Percentage of population in the same subgroup,F,Female,_T,Total,EMP,Employment,MAIN,Main job,_T,Total,PT,Part-time,NAT_DEF,National definition,A,Annual,2012,,26.154,,A,Normal value,0,Units,1,One
DATAFLOW,OECD.ELS.SAE:DSD_FTPT@DF_FTPT_NATIONAL_INC(1.0),Incidence of full-time and part-time employment based on national definitions,I,MLT,Malta,EMP,Employment,PT_POP_SUB,Percentage of population in the same subgroup,F,Female,_T,Total,EMP,Employment,MAIN,Main job,_T,Total,PT,Part-time,NAT_DEF,National definition,A,Annual,2013,,26.125,,A,Normal value,0,Units,1,One
DATAFLOW,OECD.ELS.SAE:DSD_FTPT@DF_FTPT_NATIONAL_INC(1.0),Incidence of full-time and part-time employment based on national definitions,I,MLT,Malta,EMP,Employment,PT_POP_SUB,Percentage of population in the same subgroup,F,Female,_T,Total,EMP,Employment,MAIN,Main job,_T,Total,PT,Part-time,NAT_DEF,National definition,A,Annual,2014,,28.51,,A,Normal value,0,Units,1,One
DATAFLOW,OECD.ELS.SAE:DSD_FTPT@DF_FTPT_NATIONAL_INC(1.0),Incidence of full-time and part-time employment based on national definitions,I,MLT,Malta,EMP,Employment,PT_POP_SUB,Percentage of population in the same subgroup,F,Female,_T,Total,EMP,Employment,MAIN,Main job,_T,Total,PT,Part-time,NAT_DEF,National definition,A,Annual,2015,,26.957,,A,Normal value,0,Units,1,One
DATAFLOW,OECD.ELS.SAE:DSD_FTPT@DF_FTPT_NATIONAL_INC(1.0),Incidence of full-time and part-time employment based on national definitions,I,MLT,Malta,EMP,Employment,PT_POP_SUB,Percentage of population in the same subgroup,F,Female,_T,Total,EMP,Employment,MAIN,Main job,_T,Total,PT,Part-time,NAT_DEF,National definition,A,Annual,2016,,26.238,,A,Normal value,0,Units,1,One
DATAFLOW,OECD.ELS.SAE:DSD_FTPT@DF_FTPT_NATIONAL_INC(1.0),Incidence of full-time and part-time employment based on national definitions,I,MLT,Malta,EMP,Employment,PT_POP_SUB,Percentage of population in the same subgroup,F,Female,_T,Total,EMP,Employment,MAIN,Main job,_T,Total,PT,Part-time,NAT_DEF,National definition,A,Annual,2017,,25.06,,A,Normal value,0,Units,1,One
DATAFLOW,OECD.ELS.SAE:DSD_FTPT@DF_FTPT_NATIONAL_INC(1.0),Incidence of full-time and part-time employment based on national definitions,I,MLT,Malta,EMP,Employment,PT_POP_SUB,Percentage of population in the same subgroup,F,Female,_T,Total,EMP,Employment,MAIN,Main job,_T,Total,PT,Part-time,NAT_DEF,National definition,A,Annual,2018,,23.066,,A,Normal value,0,Units,1,One
DATAFLOW,OECD.ELS.SAE:DSD_FTPT@DF_FTPT_NATIONAL_INC(1.0),Incidence of full-time and part-time employment based on national definitions,I,MLT,Malta,EMP,Employment,PT_POP_SUB,Percentage of population in the same subgroup,F,Female,_T,Total,EMP,Employment,MAIN,Main job,_T,Total,PT,Part-time,NAT_DEF,National definition,A,Annual,2019,,21.745,,A,Normal value,0,Units,1,One
DATAFLOW,OECD.ELS.SAE:DSD_FTPT@DF_FTPT_NATIONAL_INC(1.0),Incidence of full-time and part-time employment based on national definitions,I,MLT,Malta,EMP,Employment,PT_POP_SUB,Percentage of population in the same subgroup,F,Female,_T,Total,EMP,Employment,MAIN,Main job,_T,Total,PT,Part-time,NAT_DEF,National definition,A,Annual,2020,,20.843,,A,Normal value,0,Units,1,One
DATAFLOW,OECD.ELS.SAE:DSD_FTPT@DF_FTPT_NATIONAL_INC(1.0),Incidence of full-time and part-time employment based on national definitions,I,MLT,Malta,EMP,Employment,PT_POP_SUB,Percentage of population in the same subgroup,F,Female,_T,Total,EMP,Employment,MAIN,Main job,_T,Total,PT,Part-time,NAT_DEF,National definition,A,Annual,2021,,18.897,,A,Normal value,0,Units,1,One
DATAFLOW,OECD.ELS.SAE:DSD_FTPT@DF_FTPT_NATIONAL_INC(1.0),Incidence of full-time and part-time employment based on national definitions,I,MLT,Malta,EMP,Employment,PT_POP_SUB,Percentage of population in the same subgroup,F,Female,_T,Total,EMP,Employment,MAIN,Main job,_T,Total,PT,Part-time,NAT_DEF,National definition,A,Annual,2022,,19.672,,A,Normal value,0,Units,1,One
DATAFLOW,OECD.ELS.SAE:DSD_FTPT@DF_FTPT_NATIONAL_INC(1.0),Incidence of full-time and part-time employment based on national definitions,I,MLT,Malta,EMP,Employment,PT_POP_SUB,Percentage of population in the same subgroup,F,Female,_T,Total,EMP,Employment,MAIN,Main job,_T,Total,PT,Part-time,NAT_DEF,National definition,A,Annual,2023,,18.612,,A,Normal value,0,Units,1,One
DATAFLOW,OECD.ELS.SAE:DSD_FTPT@DF_FTPT_NATIONAL_INC(1.0),Incidence of full-time and part-time employment based on national definitions,I,MLT,Malta,EMP,Employment,PT_POP_SUB,Percentage of population in the same subgroup,F,Female,_T,Total,EMP,Employment,MAIN,Main job,_T,Total,PT,Part-time,NAT_DEF,National definition,A,Annual,2024,,18.38,,A,Normal value,0,Units,1,One
DATAFLOW,OECD.ELS.SAE:DSD_FTPT@DF_FTPT_NATIONAL_INC(1.0),Incidence of full-time and part-time employment based on national definitions,I,MKD,North Macedonia,EMP,Employment,PT_POP_SUB,Percentage of population in the same subgroup,F,Female,_T,Total,EMP,Employment,MAIN,Main job,_T,Total,PT,Part-time,NAT_DEF,National definition,A,Annual,2010,,7.435,,A,Normal value,0,Units,1,One
DATAFLOW,OECD.ELS.SAE:DSD_FTPT@DF_FTPT_NATIONAL_INC(1.0),Incidence of full-time and part-time employment based on national definitions,I,MKD,North Macedonia,EMP,Employment,PT_POP_SUB,Percentage of population in the same subgroup,F,Female,_T,Total,EMP,Employment,MAIN,Main job,_T,Total,PT,Part-time,NAT_DEF,National definition,A,Annual,2011,,7.092,,A,Normal value,0,Units,1,One
DATAFLOW,OECD.ELS.SAE:DSD_FTPT@DF_FTPT_NATIONAL_INC(1.0),Incidence of full-time and part-time employment based on national definitions,I,MKD,North Macedonia,EMP,Employment,PT_POP_SUB,Percentage of population in the same subgroup,F,Female,_T,Total,EMP,Employment,MAIN,Main job,_T,Total,PT,Part-time,NAT_DEF,National definition,A,Annual,2012,,7.241,,A,Normal value,0,Units,1,One
DATAFLOW,OECD.ELS.SAE:DSD_FTPT@DF_FTPT_NATIONAL_INC(1.0),Incidence of full-time and part-time employment based on national definitions,I,MKD,North Macedonia,EMP,Employment,PT_POP_SUB,Percentage of population in the same subgroup,F,Female,_T,Total,EMP,Employment,MAIN,Main job,_T,Total,PT,Part-time,NAT_DEF,National definition,A,Annual,2013,,4.951,,A,Normal value,0,Units,1,One
DATAFLOW,OECD.ELS.SAE:DSD_FTPT@DF_FTPT_NATIONAL_INC(1.0),Incidence of full-time and part-time employment based on national definitions,I,MKD,North Macedonia,EMP,Employment,PT_POP_SUB,Percentage of population in the same subgroup,F,Female,_T,Total,EMP,Employment,MAIN,Main job,_T,Total,PT,Part-time,NAT_DEF,National definition,A,Annual,2014,,4.968,,A,Normal value,0,Units,1,One
DATAFLOW,OECD.ELS.SAE:DSD_FTPT@DF_FTPT_NATIONAL_INC(1.0),Incidence of full-time and part-time employment based on national definitions,I,MKD,North Macedonia,EMP,Employment,PT_POP_SUB,Percentage of population in the same subgroup,F,Female,_T,Total,EMP,Employment,MAIN,Main job,_T,Total,PT,Part-time,NAT_DEF,National definition,A,Annual,2015,,4.648,,A,Normal value,0,Units,1,One
DATAFLOW,OECD.ELS.SAE:DSD_FTPT@DF_FTPT_NATIONAL_INC(1.0),Incidence of full-time and part-time employment based on national definitions,I,MKD,North Macedonia,EMP,Employment,PT_POP_SUB,Percentage of population in the same subgroup,F,Female,_T,Total,EMP,Employment,MAIN,Main job,_T,Total,PT,Part-time,NAT_DEF,National definition,A,Annual,2016,,5.673,,A,Normal value,0,Units,1,One
DATAFLOW,OECD.ELS.SAE:DSD_FTPT@DF_FTPT_NATIONAL_INC(1.0),Incidence of full-time and part-time employment based on national definitions,I,MKD,North Macedonia,EMP,Employment,PT_POP_SUB,Percentage of population in the same subgroup,F,Female,_T,Total,EMP,Employment,MAIN,Main job,_T,Total,PT,Part-time,NAT_DEF,National definition,A,Annual,2017,,4.45,,A,Normal value,0,Units,1,One
DATAFLOW,OECD.ELS.SAE:DSD_FTPT@DF_FTPT_NATIONAL_INC(1.0),Incidence of full-time and part-time employment based on national definitions,I,MKD,North Macedonia,EMP,Employment,PT_POP_SUB,Percentage of population in the same subgroup,F,Female,_T,Total,EMP,Employment,MAIN,Main job,_T,Total,PT,Part-time,NAT_DEF,National definition,A,Annual,2018,,3.561,,A,Normal value,0,Units,1,One
DATAFLOW,OECD.ELS.SAE:DSD_FTPT@DF_FTPT_NATIONAL_INC(1.0),Incidence of full-time and part-time employment based on national definitions,I,MKD,North Macedonia,EMP,Employment,PT_POP_SUB,Percentage of population in the same subgroup,F,Female,_T,Total,EMP,Employment,MAIN,Main job,_T,Total,PT,Part-time,NAT_DEF,National definition,A,Annual,2019,,4.52,,A,Normal value,0,Units,1,One
DATAFLOW,OECD.ELS.SAE:DSD_FTPT@DF_FTPT_NATIONAL_INC(1.0),Incidence of full-time and part-time employment based on national definitions,I,MKD,North Macedonia,EMP,Employment,PT_POP_SUB,Percentage of population in the same subgroup,F,Female,_T,Total,EMP,Employment,MAIN,Main job,_T,Total,PT,Part-time,NAT_DEF,National definition,A,Annual,2020,,4.482,,A,Normal value,0,Units,1,One
DATAFLOW,OECD.ELS.SAE:DSD_FTPT@DF_FTPT_NATIONAL_INC(1.0),Incidence of full-time and part-time employment based on national definitions,I,MKD,North Macedonia,EMP,Employment,PT_POP_SUB,Percentage of population in the same subgroup,F,Female,_T,Total,EMP,Employment,MAIN,Main job,_T,Total,PT,Part-time,NAT_DEF,National definition,A,Annual,2021,,4.341,,A,Normal value,0,Units,1,One
DATAFLOW,OECD.ELS.SAE:DSD_FTPT@DF_FTPT_NATIONAL_INC(1.0),Incidence of full-time and part-time employment based on national definitions,I,MKD,North Macedonia,EMP,Employment,PT_POP_SUB,Percentage of population in the same subgroup,F,Female,_T,Total,EMP,Employment,MAIN,Main job,_T,Total,PT,Part-time,NAT_DEF,National definition,A,Annual,2022,,4.065,,A,Normal value,0,Units,1,One
DATAFLOW,OECD.ELS.SAE:DSD_FTPT@DF_FTPT_NATIONAL_INC(1.0),Incidence of full-time and part-time employment based on national definitions,I,MKD,North Macedonia,EMP,Employment,PT_POP_SUB,Percentage of population in the same subgroup,F,Female,_T,Total,EMP,Employment,MAIN,Main job,_T,Total,PT,Part-time,NAT_DEF,National definition,A,Annual,2023,,2.837,,A,Normal value,0,Units,1,One
DATAFLOW,OECD.ELS.SAE:DSD_FTPT@DF_FTPT_NATIONAL_INC(1.0),Incidence of full-time and part-time employment based on national definitions,I,MKD,North Macedonia,EMP,Employment,PT_POP_SUB,Percentage of population in the same subgroup,F,Female,_T,Total,EMP,Employment,MAIN,Main job,_T,Total,PT,Part-time,NAT_DEF,National definition,A,Annual,2024,,3.268,,A,Normal value,0,Units,1,One
DATAFLOW,OECD.ELS.SAE:DSD_FTPT@DF_FTPT_NATIONAL_INC(1.0),Incidence of full-time and part-time employment based on national definitions,I,PER,Peru,EMP,Employment,PT_POP_SUB,Percentage of population in the same subgroup,F,Female,_T,Total,EMP,Employment,MAIN,Main job,_T,Total,PT,Part-time,NAT_DEF,National definition,A,Annual,2012,,34.522,,A,Normal value,0,Units,1,One
DATAFLOW,OECD.ELS.SAE:DSD_FTPT@DF_FTPT_NATIONAL_INC(1.0),Incidence of full-time and part-time employment based on national definitions,I,PER,Peru,EMP,Employment,PT_POP_SUB,Percentage of population in the same subgroup,F,Female,_T,Total,EMP,Employment,MAIN,Main job,_T,Total,PT,Part-time,NAT_DEF,National definition,A,Annual,2017,,34.524,,A,Normal value,0,Units,1,One
DATAFLOW,OECD.ELS.SAE:DSD_FTPT@DF_FTPT_NATIONAL_INC(1.0),Incidence of full-time and part-time employment based on national definitions,I,PER,Peru,EMP,Employment,PT_POP_SUB,Percentage of population in the same subgroup,F,Female,_T,Total,EMP,Employment,MAIN,Main job,_T,Total,PT,Part-time,NAT_DEF,National definition,A,Annual,2019,,33.669,,A,Normal value,0,Units,1,One
DATAFLOW,OECD.ELS.SAE:DSD_FTPT@DF_FTPT_NATIONAL_INC(1.0),Incidence of full-time and part-time employment based on national definitions,I,PER,Peru,EMP,Employment,PT_POP_SUB,Percentage of population in the same subgroup,F,Female,_T,Total,EMP,Employment,MAIN,Main job,_T,Total,PT,Part-time,NAT_DEF,National definition,A,Annual,2020,,35.34,,A,Normal value,0,Units,1,One
DATAFLOW,OECD.ELS.SAE:DSD_FTPT@DF_FTPT_NATIONAL_INC(1.0),Incidence of full-time and part-time employment based on national definitions,I,ROU,Romania,EMP,Employment,PT_POP_SUB,Percentage of population in the same subgroup,F,Female,_T,Total,EMP,Employment,MAIN,Main job,_T,Total,PT,Part-time,NAT_DEF,National definition,A,Annual,2012,,11.538,,A,Normal value,0,Units,1,One
DATAFLOW,OECD.ELS.SAE:DSD_FTPT@DF_FTPT_NATIONAL_INC(1.0),Incidence of full-time and part-time employment based on national definitions,I,ROU,Romania,EMP,Employment,PT_POP_SUB,Percentage of population in the same subgroup,F,Female,_T,Total,EMP,Employment,MAIN,Main job,_T,Total,PT,Part-time,NAT_DEF,National definition,A,Annual,2014,,11.104,,A,Normal value,0,Units,1,One
DATAFLOW,OECD.ELS.SAE:DSD_FTPT@DF_FTPT_NATIONAL_INC(1.0),Incidence of full-time and part-time employment based on national definitions,I,ROU,Romania,EMP,Employment,PT_POP_SUB,Percentage of population in the same subgroup,F,Female,_T,Total,EMP,Employment,MAIN,Main job,_T,Total,PT,Part-time,NAT_DEF,National definition,A,Annual,2015,,10.599,,A,Normal value,0,Units,1,One
DATAFLOW,OECD.ELS.SAE:DSD_FTPT@DF_FTPT_NATIONAL_INC(1.0),Incidence of full-time and part-time employment based on national definitions,I,ROU,Romania,EMP,Employment,PT_POP_SUB,Percentage of population in the same subgroup,F,Female,_T,Total,EMP,Employment,MAIN,Main job,_T,Total,PT,Part-time,NAT_DEF,National definition,A,Annual,2016,,9.185,,A,Normal value,0,Units,1,One
DATAFLOW,OECD.ELS.SAE:DSD_FTPT@DF_FTPT_NATIONAL_INC(1.0),Incidence of full-time and part-time employment based on national definitions,I,ROU,Romania,EMP,Employment,PT_POP_SUB,Percentage of population in the same subgroup,F,Female,_T,Total,EMP,Employment,MAIN,Main job,_T,Total,PT,Part-time,NAT_DEF,National definition,A,Annual,2018,,8.2,,A,Normal value,0,Units,1,One
DATAFLOW,OECD.ELS.SAE:DSD_FTPT@DF_FTPT_NATIONAL_INC(1.0),Incidence of full-time and part-time employment based on national definitions,I,ROU,Romania,EMP,Employment,PT_POP_SUB,Percentage of population in the same subgroup,F,Female,_T,Total,EMP,Employment,MAIN,Main job,_T,Total,PT,Part-time,NAT_DEF,National definition,A,Annual,2020,,7.222,,A,Normal value,0,Units,1,One
DATAFLOW,OECD.ELS.SAE:DSD_FTPT@DF_FTPT_NATIONAL_INC(1.0),Incidence of full-time and part-time employment based on national definitions,I,ROU,Romania,EMP,Employment,PT_POP_SUB,Percentage of population in the same subgroup,F,Female,_T,Total,EMP,Employment,MAIN,Main job,_T,Total,PT,Part-time,NAT_DEF,National definition,A,Annual,2022,,3.197,,A,Normal value,0,Units,1,One
DATAFLOW,OECD.ELS.SAE:DSD_FTPT@DF_FTPT_NATIONAL_INC(1.0),Incidence of full-time and part-time employment based on national definitions,I,ROU,Romania,EMP,Employment,PT_POP_SUB,Percentage of population in the same subgroup,F,Female,_T,Total,EMP,Employment,MAIN,Main job,_T,Total,PT,Part-time,NAT_DEF,National definition,A,Annual,2024,,2.835,,A,Normal value,0,Units,1,One
DATAFLOW,OECD.ELS.SAE:DSD_FTPT@DF_FTPT_NATIONAL_INC(1.0),Incidence of full-time and part-time employment based on national definitions,I,RUS,Russia,EMP,Employment,PT_POP_SUB,Percentage of population in the same subgroup,F,Female,_T,Total,EMP,Employment,MAIN,Main job,_T,Total,PT,Part-time,NAT_DEF,National definition,A,Annual,2017,,9.44,,A,Normal value,0,Units,1,One
DATAFLOW,OECD.ELS.SAE:DSD_FTPT@DF_FTPT_NATIONAL_INC(1.0),Incidence of full-time and part-time employment based on national definitions,I,RUS,Russia,EMP,Employment,PT_POP_SUB,Percentage of population in the same subgroup,F,Female,_T,Total,EMP,Employment,MAIN,Main job,_T,Total,PT,Part-time,NAT_DEF,National definition,A,Annual,2018,,9.964,,A,Normal value,0,Units,1,One
DATAFLOW,OECD.ELS.SAE:DSD_FTPT@DF_FTPT_NATIONAL_INC(1.0),Incidence of full-time and part-time employment based on national definitions,I,AUS,Australia,EMP,Employment,PT_POP_SUB,Percentage of population in the same subgroup,M,Male,_T,Total,EMP,Employment,MAIN,Main job,_T,Total,PT,Part-time,NAT_DEF,National definition,A,Annual,2011,,16.175,,A,Normal value,0,Units,1,One
DATAFLOW,OECD.ELS.SAE:DSD_FTPT@DF_FTPT_NATIONAL_INC(1.0),Incidence of full-time and part-time employment based on national definitions,I,AUS,Australia,EMP,Employment,PT_POP_SUB,Percentage of population in the same subgroup,M,Male,_T,Total,EMP,Employment,MAIN,Main job,_T,Total,PT,Part-time,NAT_DEF,National definition,A,Annual,2013,,16.851,,A,Normal value,0,Units,1,One
DATAFLOW,OECD.ELS.SAE:DSD_FTPT@DF_FTPT_NATIONAL_INC(1.0),Incidence of full-time and part-time employment based on national definitions,I,AUS,Australia,EMP,Employment,PT_POP_SUB,Percentage of population in the same subgroup,M,Male,_T,Total,EMP,Employment,MAIN,Main job,_T,Total,PT,Part-time,NAT_DEF,National definition,A,Annual,2016,,18.649,,A,Normal value,0,Units,1,One
DATAFLOW,OECD.ELS.SAE:DSD_FTPT@DF_FTPT_NATIONAL_INC(1.0),Incidence of full-time and part-time employment based on national definitions,I,AUS,Australia,EMP,Employment,PT_POP_SUB,Percentage of population in the same subgroup,M,Male,_T,Total,EMP,Employment,MAIN,Main job,_T,Total,PT,Part-time,NAT_DEF,National definition,A,Annual,2017,,18.441,,A,Normal value,0,Units,1,One
DATAFLOW,OECD.ELS.SAE:DSD_FTPT@DF_FTPT_NATIONAL_INC(1.0),Incidence of full-time and part-time employment based on national definitions,I,AUS,Australia,EMP,Employment,PT_POP_SUB,Percentage of population in the same subgroup,M,Male,_T,Total,EMP,Employment,MAIN,Main job,_T,Total,PT,Part-time,NAT_DEF,National definition,A,Annual,2018,,18.663,,A,Normal value,0,Units,1,One
DATAFLOW,OECD.ELS.SAE:DSD_FTPT@DF_FTPT_NATIONAL_INC(1.0),Incidence of full-time and part-time employment based on national definitions,I,AUS,Australia,EMP,Employment,PT_POP_SUB,Percentage of population in the same subgroup,M,Male,_T,Total,EMP,Employment,MAIN,Main job,_T,Total,PT,Part-time,NAT_DEF,National definition,A,Annual,2019,,18.835,,A,Normal value,0,Units,1,One
DATAFLOW,OECD.ELS.SAE:DSD_FTPT@DF_FTPT_NATIONAL_INC(1.0),Incidence of full-time and part-time employment based on national definitions,I,AUS,Australia,EMP,Employment,PT_POP_SUB,Percentage of population in the same subgroup,M,Male,_T,Total,EMP,Employment,MAIN,Main job,_T,Total,PT,Part-time,NAT_DEF,National definition,A,Annual,2021,,19.311,,A,Normal value,0,Units,1,One
DATAFLOW,OECD.ELS.SAE:DSD_FTPT@DF_FTPT_NATIONAL_INC(1.0),Incidence of full-time and part-time employment based on national definitions,I,AUS,Australia,EMP,Employment,PT_POP_SUB,Percentage of population in the same subgroup,M,Male,_T,Total,EMP,Employment,MAIN,Main job,_T,Total,PT,Part-time,NAT_DEF,National definition,A,Annual,2022,,18.706,,A,Normal value,0,Units,1,One
DATAFLOW,OECD.ELS.SAE:DSD_FTPT@DF_FTPT_NATIONAL_INC(1.0),Incidence of full-time and part-time employment based on national definitions,I,AUS,Australia,EMP,Employment,PT_POP_SUB,Percentage of population in the same subgroup,M,Male,_T,Total,EMP,Employment,MAIN,Main job,_T,Total,PT,Part-time,NAT_DEF,National definition,A,Annual,2023,,19.032,,A,Normal value,0,Units,1,One
DATAFLOW,OECD.ELS.SAE:DSD_FTPT@DF_FTPT_NATIONAL_INC(1.0),Incidence of full-time and part-time employment based on national definitions,I,AUS,Australia,EMP,Employment,PT_POP_SUB,Percentage of population in the same subgroup,M,Male,_T,Total,EMP,Employment,MAIN,Main job,_T,Total,PT,Part-time,NAT_DEF,National definition,A,Annual,2024,,19.869,,A,Normal value,0,Units,1,One
DATAFLOW,OECD.ELS.SAE:DSD_FTPT@DF_FTPT_NATIONAL_INC(1.0),Incidence of full-time and part-time employment based on national definitions,I,AUS,Australia,EMP,Employment,PT_POP_SUB,Percentage of population in the same subgroup,M,Male,_T,Total,EMP,Employment,MAIN,Main job,_T,Total,PT,Part-time,NAT_DEF,National definition,A,Annual,2025,,20.041,,A,Normal value,0,Units,1,One
DATAFLOW,OECD.ELS.SAE:DSD_FTPT@DF_FTPT_NATIONAL_INC(1.0),Incidence of full-time and part-time employment based on national definitions,I,AUT,Austria,EMP,Employment,PT_POP_SUB,Percentage of population in the same subgroup,M,Male,_T,Total,EMP,Employment,MAIN,Main job,_T,Total,PT,Part-time,NAT_DEF,National definition,A,Annual,2010,,9.171,,A,Normal value,0,Units,1,One
DATAFLOW,OECD.ELS.SAE:DSD_FTPT@DF_FTPT_NATIONAL_INC(1.0),Incidence of full-time and part-time employment based on national definitions,I,AUT,Austria,EMP,Employment,PT_POP_SUB,Percentage of population in the same subgroup,M,Male,_T,Total,EMP,Employment,MAIN,Main job,_T,Total,PT,Part-time,NAT_DEF,National definition,A,Annual,2011,,8.913,,A,Normal value,0,Units,1,One
DATAFLOW,OECD.ELS.SAE:DSD_FTPT@DF_FTPT_NATIONAL_INC(1.0),Incidence of full-time and part-time employment based on national definitions,I,AUT,Austria,EMP,Employment,PT_POP_SUB,Percentage of population in the same subgroup,M,Male,_T,Total,EMP,Employment,MAIN,Main job,_T,Total,PT,Part-time,NAT_DEF,National definition,A,Annual,2012,,9.159,,A,Normal value,0,Units,1,One
DATAFLOW,OECD.ELS.SAE:DSD_FTPT@DF_FTPT_NATIONAL_INC(1.0),Incidence of full-time and part-time employment based on national definitions,I,AUT,Austria,EMP,Employment,PT_POP_SUB,Percentage of population in the same subgroup,M,Male,_T,Total,EMP,Employment,MAIN,Main job,_T,Total,PT,Part-time,NAT_DEF,National definition,A,Annual,2013,,10.288,,A,Normal value,0,Units,1,One
DATAFLOW,OECD.ELS.SAE:DSD_FTPT@DF_FTPT_NATIONAL_INC(1.0),Incidence of full-time and part-time employment based on national definitions,I,AUT,Austria,EMP,Employment,PT_POP_SUB,Percentage of population in the same subgroup,M,Male,_T,Total,EMP,Employment,MAIN,Main job,_T,Total,PT,Part-time,NAT_DEF,National definition,A,Annual,2014,,10.938,,A,Normal value,0,Units,1,One
DATAFLOW,OECD.ELS.SAE:DSD_FTPT@DF_FTPT_NATIONAL_INC(1.0),Incidence of full-time and part-time employment based on national definitions,I,AUT,Austria,EMP,Employment,PT_POP_SUB,Percentage of population in the same subgroup,M,Male,_T,Total,EMP,Employment,MAIN,Main job,_T,Total,PT,Part-time,NAT_DEF,National definition,A,Annual,2015,,11.183,,A,Normal value,0,Units,1,One
DATAFLOW,OECD.ELS.SAE:DSD_FTPT@DF_FTPT_NATIONAL_INC(1.0),Incidence of full-time and part-time employment based on national definitions,I,AUT,Austria,EMP,Employment,PT_POP_SUB,Percentage of population in the same subgroup,M,Male,_T,Total,EMP,Employment,MAIN,Main job,_T,Total,PT,Part-time,NAT_DEF,National definition,A,Annual,2016,,11.82,,A,Normal value,0,Units,1,One
DATAFLOW,OECD.ELS.SAE:DSD_FTPT@DF_FTPT_NATIONAL_INC(1.0),Incidence of full-time and part-time employment based on national definitions,I,AUT,Austria,EMP,Employment,PT_POP_SUB,Percentage of population in the same subgroup,M,Male,_T,Total,EMP,Employment,MAIN,Main job,_T,Total,PT,Part-time,NAT_DEF,National definition,A,Annual,2017,,11.863,,A,Normal value,0,Units,1,One
DATAFLOW,OECD.ELS.SAE:DSD_FTPT@DF_FTPT_NATIONAL_INC(1.0),Incidence of full-time and part-time employment based on national definitions,I,AUT,Austria,EMP,Employment,PT_POP_SUB,Percentage of population in the same subgroup,M,Male,_T,Total,EMP,Employment,MAIN,Main job,_T,Total,PT,Part-time,NAT_DEF,National definition,A,Annual,2018,,11.177,,A,Normal value,0,Units,1,One
DATAFLOW,OECD.ELS.SAE:DSD_FTPT@DF_FTPT_NATIONAL_INC(1.0),Incidence of full-time and part-time employment based on national definitions,I,AUT,Austria,EMP,Employment,PT_POP_SUB,Percentage of population in the same subgroup,M,Male,_T,Total,EMP,Employment,MAIN,Main job,_T,Total,PT,Part-time,NAT_DEF,National definition,A,Annual,2019,,10.701,,A,Normal value,0,Units,1,One
DATAFLOW,OECD.ELS.SAE:DSD_FTPT@DF_FTPT_NATIONAL_INC(1.0),Incidence of full-time and part-time employment based on national definitions,I,AUT,Austria,EMP,Employment,PT_POP_SUB,Percentage of population in the same subgroup,M,Male,_T,Total,EMP,Employment,MAIN,Main job,_T,Total,PT,Part-time,NAT_DEF,National definition,A,Annual,2020,,10.739,,A,Normal value,0,Units,1,One
DATAFLOW,OECD.ELS.SAE:DSD_FTPT@DF_FTPT_NATIONAL_INC(1.0),Incidence of full-time and part-time employment based on national definitions,I,AUT,Austria,EMP,Employment,PT_POP_SUB,Percentage of population in the same subgroup,M,Male,_T,Total,EMP,Employment,MAIN,Main job,_T,Total,PT,Part-time,NAT_DEF,National definition,A,Annual,2021,,11.634,,A,Normal value,0,Units,1,One
DATAFLOW,OECD.ELS.SAE:DSD_FTPT@DF_FTPT_NATIONAL_INC(1.0),Incidence of full-time and part-time employment based on national definitions,I,AUT,Austria,EMP,Employment,PT_POP_SUB,Percentage of population in the same subgroup,M,Male,_T,Total,EMP,Employment,MAIN,Main job,_T,Total,PT,Part-time,NAT_DEF,National definition,A,Annual,2023,,13.412,,A,Normal value,0,Units,1,One
DATAFLOW,OECD.ELS.SAE:DSD_FTPT@DF_FTPT_NATIONAL_INC(1.0),Incidence of full-time and part-time employment based on national definitions,I,AUT,Austria,EMP,Employment,PT_POP_SUB,Percentage of population in the same subgroup,M,Male,_T,Total,EMP,Employment,MAIN,Main job,_T,Total,PT,Part-time,NAT_DEF,National definition,A,Annual,2025,,14.01,,A,Normal value,0,Units,1,One
DATAFLOW,OECD.ELS.SAE:DSD_FTPT@DF_FTPT_NATIONAL_INC(1.0),Incidence of full-time and part-time employment based on national definitions,I,BEL,Belgium,EMP,Employment,PT_POP_SUB,Percentage of population in the same subgroup,M,Male,_T,Total,EMP,Employment,MAIN,Main job,_T,Total,PT,Part-time,NAT_DEF,National definition,A,Annual,2010,,8.925,,A,Normal value,0,Units,1,One
DATAFLOW,OECD.ELS.SAE:DSD_FTPT@DF_FTPT_NATIONAL_INC(1.0),Incidence of full-time and part-time employment based on national definitions,I,BEL,Belgium,EMP,Employment,PT_POP_SUB,Percentage of population in the same subgroup,M,Male,_T,Total,EMP,Employment,MAIN,Main job,_T,Total,PT,Part-time,NAT_DEF,National definition,A,Annual,2011,,9.85,,A,Normal value,0,Units,1,One
DATAFLOW,OECD.ELS.SAE:DSD_FTPT@DF_FTPT_NATIONAL_INC(1.0),Incidence of full-time and part-time employment based on national definitions,I,BEL,Belgium,EMP,Employment,PT_POP_SUB,Percentage of population in the same subgroup,M,Male,_T,Total,EMP,Employment,MAIN,Main job,_T,Total,PT,Part-time,NAT_DEF,National definition,A,Annual,2012,,9.656,,A,Normal value,0,Units,1,One
DATAFLOW,OECD.ELS.SAE:DSD_FTPT@DF_FTPT_NATIONAL_INC(1.0),Incidence of full-time and part-time employment based on national definitions,I,BEL,Belgium,EMP,Employment,PT_POP_SUB,Percentage of population in the same subgroup,M,Male,_T,Total,EMP,Employment,MAIN,Main job,_T,Total,PT,Part-time,NAT_DEF,National definition,A,Annual,2015,,10.057,,A,Normal value,0,Units,1,One
DATAFLOW,OECD.ELS.SAE:DSD_FTPT@DF_FTPT_NATIONAL_INC(1.0),Incidence of full-time and part-time employment based on national definitions,I,BEL,Belgium,EMP,Employment,PT_POP_SUB,Percentage of population in the same subgroup,M,Male,_T,Total,EMP,Employment,MAIN,Main job,_T,Total,PT,Part-time,NAT_DEF,National definition,A,Annual,2017,,10.224,,A,Normal value,0,Units,1,One
DATAFLOW,OECD.ELS.SAE:DSD_FTPT@DF_FTPT_NATIONAL_INC(1.0),Incidence of full-time and part-time employment based on national definitions,I,BEL,Belgium,EMP,Employment,PT_POP_SUB,Percentage of population in the same subgroup,M,Male,_T,Total,EMP,Employment,MAIN,Main job,_T,Total,PT,Part-time,NAT_DEF,National definition,A,Annual,2018,,9.902,,A,Normal value,0,Units,1,One
DATAFLOW,OECD.ELS.SAE:DSD_FTPT@DF_FTPT_NATIONAL_INC(1.0),Incidence of full-time and part-time employment based on national definitions,I,BEL,Belgium,EMP,Employment,PT_POP_SUB,Percentage of population in the same subgroup,M,Male,_T,Total,EMP,Employment,MAIN,Main job,_T,Total,PT,Part-time,NAT_DEF,National definition,A,Annual,2020,,10.711,,A,Normal value,0,Units,1,One
DATAFLOW,OECD.ELS.SAE:DSD_FTPT@DF_FTPT_NATIONAL_INC(1.0),Incidence of full-time and part-time employment based on national definitions,I,BEL,Belgium,EMP,Employment,PT_POP_SUB,Percentage of population in the same subgroup,M,Male,_T,Total,EMP,Employment,MAIN,Main job,_T,Total,PT,Part-time,NAT_DEF,National definition,A,Annual,2021,,10.967,,A,Normal value,0,Units,1,One
DATAFLOW,OECD.ELS.SAE:DSD_FTPT@DF_FTPT_NATIONAL_INC(1.0),Incidence of full-time and part-time employment based on national definitions,I,BEL,Belgium,EMP,Employment,PT_POP_SUB,Percentage of population in the same subgroup,M,Male,_T,Total,EMP,Employment,MAIN,Main job,_T,Total,PT,Part-time,NAT_DEF,National definition,A,Annual,2023,,11.531,,A,Normal value,0,Units,1,One
DATAFLOW,OECD.ELS.SAE:DSD_FTPT@DF_FTPT_NATIONAL_INC(1.0),Incidence of full-time and part-time employment based on national definitions,I,BEL,Belgium,EMP,Employment,PT_POP_SUB,Percentage of population in the same subgroup,M,Male,_T,Total,EMP,Employment,MAIN,Main job,_T,Total,PT,Part-time,NAT_DEF,National definition,A,Annual,2024,,12.528,,A,Normal value,0,Units,1,One
DATAFLOW,OECD.ELS.SAE:DSD_FTPT@DF_FTPT_NATIONAL_INC(1.0),Incidence of full-time and part-time employment based on national definitions,I,BEL,Belgium,EMP,Employment,PT_POP_SUB,Percentage of population in the same subgroup,M,Male,_T,Total,EMP,Employment,MAIN,Main job,_T,Total,PT,Part-time,NAT_DEF,National definition,A,Annual,2025,,14.464,,A,Normal value,0,Units,1,One
DATAFLOW,OECD.ELS.SAE:DSD_FTPT@DF_FTPT_NATIONAL_INC(1.0),Incidence of full-time and part-time employment based on national definitions,I,CAN,Canada,EMP,Employment,PT_POP_SUB,Percentage of population in the same subgroup,M,Male,_T,Total,EMP,Employment,MAIN,Main job,_T,Total,PT,Part-time,NAT_DEF,National definition,A,Annual,2014,,12.531,,A,Normal value,0,Units,1,One
DATAFLOW,OECD.ELS.SAE:DSD_FTPT@DF_FTPT_NATIONAL_INC(1.0),Incidence of full-time and part-time employment based on national definitions,I,CAN,Canada,EMP,Employment,PT_POP_SUB,Percentage of population in the same subgroup,M,Male,_T,Total,EMP,Employment,MAIN,Main job,_T,Total,PT,Part-time,NAT_DEF,National definition,A,Annual,2016,,12.903,,A,Normal value,0,Units,1,One
DATAFLOW,OECD.ELS.SAE:DSD_FTPT@DF_FTPT_NATIONAL_INC(1.0),Incidence of full-time and part-time employment based on national definitions,I,CAN,Canada,EMP,Employment,PT_POP_SUB,Percentage of population in the same subgroup,M,Male,_T,Total,EMP,Employment,MAIN,Main job,_T,Total,PT,Part-time,NAT_DEF,National definition,A,Annual,2019,,13.003,,A,Normal value,0,Units,1,One
DATAFLOW,OECD.ELS.SAE:DSD_FTPT@DF_FTPT_NATIONAL_INC(1.0),Incidence of full-time and part-time employment based on national definitions,I,CAN,Canada,EMP,Employment,PT_POP_SUB,Percentage of population in the same subgroup,M,Male,_T,Total,EMP,Employment,MAIN,Main job,_T,Total,PT,Part-time,NAT_DEF,National definition,A,Annual,2021,,12.924,,A,Normal value,0,Units,1,One
DATAFLOW,OECD.ELS.SAE:DSD_FTPT@DF_FTPT_NATIONAL_INC(1.0),Incidence of full-time and part-time employment based on national definitions,I,CAN,Canada,EMP,Employment,PT_POP_SUB,Percentage of population in the same subgroup,M,Male,_T,Total,EMP,Employment,MAIN,Main job,_T,Total,PT,Part-time,NAT_DEF,National definition,A,Annual,2024,,12.938,,A,Normal value,0,Units,1,One
DATAFLOW,OECD.ELS.SAE:DSD_FTPT@DF_FTPT_NATIONAL_INC(1.0),Incidence of full-time and part-time employment based on national definitions,I,CAN,Canada,EMP,Employment,PT_POP_SUB,Percentage of population in the same subgroup,M,Male,_T,Total,EMP,Employment,MAIN,Main job,_T,Total,PT,Part-time,NAT_DEF,National definition,A,Annual,2025,,13.135,,A,Normal value,0,Units,1,One
DATAFLOW,OECD.ELS.SAE:DSD_FTPT@DF_FTPT_NATIONAL_INC(1.0),Incidence of full-time and part-time employment based on national definitions,I,CHL,Chile,EMP,Employment,PT_POP_SUB,Percentage of population in the same subgroup,M,Male,_T,Total,EMP,Employment,MAIN,Main job,_T,Total,PT,Part-time,NAT_DEF,National definition,A,Annual,2010,,13.614,,A,Normal value,0,Units,1,One
DATAFLOW,OECD.ELS.SAE:DSD_FTPT@DF_FTPT_NATIONAL_INC(1.0),Incidence of full-time and part-time employment based on national definitions,I,CHL,Chile,EMP,Employment,PT_POP_SUB,Percentage of population in the same subgroup,M,Male,_T,Total,EMP,Employment,MAIN,Main job,_T,Total,PT,Part-time,NAT_DEF,National definition,A,Annual,2011,,13.262,,A,Normal value,0,Units,1,One
DATAFLOW,OECD.ELS.SAE:DSD_FTPT@DF_FTPT_NATIONAL_INC(1.0),Incidence of full-time and part-time employment based on national definitions,I,CHL,Chile,EMP,Employment,PT_POP_SUB,Percentage of population in the same subgroup,M,Male,_T,Total,EMP,Employment,MAIN,Main job,_T,Total,PT,Part-time,NAT_DEF,National definition,A,Annual,2012,,12.6,,A,Normal value,0,Units,1,One
DATAFLOW,OECD.ELS.SAE:DSD_FTPT@DF_FTPT_NATIONAL_INC(1.0),Incidence of full-time and part-time employment based on national definitions,I,CHL,Chile,EMP,Employment,PT_POP_SUB,Percentage of population in the same subgroup,M,Male,_T,Total,EMP,Employment,MAIN,Main job,_T,Total,PT,Part-time,NAT_DEF,National definition,A,Annual,2013,,12.592,,A,Normal value,0,Units,1,One
DATAFLOW,OECD.ELS.SAE:DSD_FTPT@DF_FTPT_NATIONAL_INC(1.0),Incidence of full-time and part-time employment based on national definitions,I,CHL,Chile,EMP,Employment,PT_POP_SUB,Percentage of population in the same subgroup,M,Male,_T,Total,EMP,Employment,MAIN,Main job,_T,Total,PT,Part-time,NAT_DEF,National definition,A,Annual,2014,,12.942,,A,Normal value,0,Units,1,One
DATAFLOW,OECD.ELS.SAE:DSD_FTPT@DF_FTPT_NATIONAL_INC(1.0),Incidence of full-time and part-time employment based on national definitions,I,CHL,Chile,EMP,Employment,PT_POP_SUB,Percentage of population in the same subgroup,M,Male,_T,Total,EMP,Employment,MAIN,Main job,_T,Total,PT,Part-time,NAT_DEF,National definition,A,Annual,2016,,13.734,,A,Normal value,0,Units,1,One
DATAFLOW,OECD.ELS.SAE:DSD_FTPT@DF_FTPT_NATIONAL_INC(1.0),Incidence of full-time and part-time employment based on national definitions,I,CHL,Chile,EMP,Employment,PT_POP_SUB,Percentage of population in the same subgroup,M,Male,_T,Total,EMP,Employment,MAIN,Main job,_T,Total,PT,Part-time,NAT_DEF,National definition,A,Annual,2017,,13.891,,A,Normal value,0,Units,1,One
DATAFLOW,OECD.ELS.SAE:DSD_FTPT@DF_FTPT_NATIONAL_INC(1.0),Incidence of full-time and part-time employment based on national definitions,I,CHL,Chile,EMP,Employment,PT_POP_SUB,Percentage of population in the same subgroup,M,Male,_T,Total,EMP,Employment,MAIN,Main job,_T,Total,PT,Part-time,NAT_DEF,National definition,A,Annual,2018,,14.268,,A,Normal value,0,Units,1,One
DATAFLOW,OECD.ELS.SAE:DSD_FTPT@DF_FTPT_NATIONAL_INC(1.0),Incidence of full-time and part-time employment based on national definitions,I,CHL,Chile,EMP,Employment,PT_POP_SUB,Percentage of population in the same subgroup,M,Male,_T,Total,EMP,Employment,MAIN,Main job,_T,Total,PT,Part-time,NAT_DEF,National definition,A,Annual,2019,,14.579,,A,Normal value,0,Units,1,One
DATAFLOW,OECD.ELS.SAE:DSD_FTPT@DF_FTPT_NATIONAL_INC(1.0),Incidence of full-time and part-time employment based on national definitions,I,CHL,Chile,EMP,Employment,PT_POP_SUB,Percentage of population in the same subgroup,M,Male,_T,Total,EMP,Employment,MAIN,Main job,_T,Total,PT,Part-time,NAT_DEF,National definition,A,Annual,2021,,14.684,,A,Normal value,0,Units,1,One
DATAFLOW,OECD.ELS.SAE:DSD_FTPT@DF_FTPT_NATIONAL_INC(1.0),Incidence of full-time and part-time employment based on national definitions,I,CHL,Chile,EMP,Employment,PT_POP_SUB,Percentage of population in the same subgroup,M,Male,_T,Total,EMP,Employment,MAIN,Main job,_T,Total,PT,Part-time,NAT_DEF,National definition,A,Annual,2024,,14.722,,A,Normal value,0,Units,1,One
DATAFLOW,OECD.ELS.SAE:DSD_FTPT@DF_FTPT_NATIONAL_INC(1.0),Incidence of full-time and part-time employment based on national definitions,I,CHL,Chile,EMP,Employment,PT_POP_SUB,Percentage of population in the same subgroup,M,Male,_T,Total,EMP,Employment,MAIN,Main job,_T,Total,PT,Part-time,NAT_DEF,National definition,A,Annual,2025,,15.029,,A,Normal value,0,Units,1,One
DATAFLOW,OECD.ELS.SAE:DSD_FTPT@DF_FTPT_NATIONAL_INC(1.0),Incidence of full-time and part-time employment based on national definitions,I,COL,Colombia,EMP,Employment,PT_POP_SUB,Percentage of population in the same subgroup,M,Male,_T,Total,EMP,Employment,MAIN,Main job,_T,Total,PT,Part-time,NAT_DEF,National definition,A,Annual,2021,,7.641,,A,Normal value,0,Units,1,One
DATAFLOW,OECD.ELS.SAE:DSD_FTPT@DF_FTPT_NATIONAL_INC(1.0),Incidence of full-time and part-time employment based on national definitions,I,COL,Colombia,EMP,Employment,PT_POP_SUB,Percentage of population in the same subgroup,M,Male,_T,Total,EMP,Employment,MAIN,Main job,_T,Total,PT,Part-time,NAT_DEF,National definition,A,Annual,2022,,8.014,,A,Normal value,0,Units,1,One
DATAFLOW,OECD.ELS.SAE:DSD_FTPT@DF_FTPT_NATIONAL_INC(1.0),Incidence of full-time and part-time employment based on national definitions,I,COL,Colombia,EMP,Employment,PT_POP_SUB,Percentage of population in the same subgroup,M,Male,_T,Total,EMP,Employment,MAIN,Main job,_T,Total,PT,Part-time,NAT_DEF,National definition,A,Annual,2025,,7.246,,A,Normal value,0,Units,1,One
DATAFLOW,OECD.ELS.SAE:DSD_FTPT@DF_FTPT_NATIONAL_INC(1.0),Incidence of full-time and part-time employment based on national definitions,I,CRI,Costa Rica,EMP,Employment,PT_POP_SUB,Percentage of population in the same subgroup,M,Male,_T,Total,EMP,Employment,MAIN,Main job,_T,Total,PT,Part-time,NAT_DEF,National definition,A,Annual,2019,,20.422,,A,Normal value,0,Units,1,One
DATAFLOW,OECD.ELS.SAE:DSD_FTPT@DF_FTPT_NATIONAL_INC(1.0),Incidence of full-time and part-time employment based on national definitions,I,CRI,Costa Rica,EMP,Employment,PT_POP_SUB,Percentage of population in the same subgroup,M,Male,_T,Total,EMP,Employment,MAIN,Main job,_T,Total,PT,Part-time,NAT_DEF,National definition,A,Annual,2020,,21.148,,A,Normal value,0,Units,1,One
DATAFLOW,OECD.ELS.SAE:DSD_FTPT@DF_FTPT_NATIONAL_INC(1.0),Incidence of full-time and part-time employment based on national definitions,I,CRI,Costa Rica,EMP,Employment,PT_POP_SUB,Percentage of population in the same subgroup,M,Male,_T,Total,EMP,Employment,MAIN,Main job,_T,Total,PT,Part-time,NAT_DEF,National definition,A,Annual,2021,,21.487,,A,Normal value,0,Units,1,One
DATAFLOW,OECD.ELS.SAE:DSD_FTPT@DF_FTPT_NATIONAL_INC(1.0),Incidence of full-time and part-time employment based on national definitions,I,CRI,Costa Rica,EMP,Employment,PT_POP_SUB,Percentage of population in the same subgroup,M,Male,_T,Total,EMP,Employment,MAIN,Main job,_T,Total,PT,Part-time,NAT_DEF,National definition,A,Annual,2023,,17.189,,A,Normal value,0,Units,1,One
DATAFLOW,OECD.ELS.SAE:DSD_FTPT@DF_FTPT_NATIONAL_INC(1.0),Incidence of full-time and part-time employment based on national definitions,I,CRI,Costa Rica,EMP,Employment,PT_POP_SUB,Percentage of population in the same subgroup,M,Male,_T,Total,EMP,Employment,MAIN,Main job,_T,Total,PT,Part-time,NAT_DEF,National definition,A,Annual,2024,,16.726,,A,Normal value,0,Units,1,One
DATAFLOW,OECD.ELS.SAE:DSD_FTPT@DF_FTPT_NATIONAL_INC(1.0),Incidence of full-time and part-time employment based on national definitions,I,CRI,Costa Rica,EMP,Employment,PT_POP_SUB,Percentage of population in the same subgroup,M,Male,_T,Total,EMP,Employment,MAIN,Main job,_T,Total,PT,Part-time,NAT_DEF,National definition,A,Annual,2025,,14.038,,A,Normal value,0,Units,1,One
DATAFLOW,OECD.ELS.SAE:DSD_FTPT@DF_FTPT_NATIONAL_INC(1.0),Incidence of full-time and part-time employment based on national definitions,I,CZE,Czechia,EMP,Employment,PT_POP_SUB,Percentage of population in the same subgroup,M,Male,_T,Total,EMP,Employment,MAIN,Main job,_T,Total,PT,Part-time,NAT_DEF,National definition,A,Annual,2010,,2.935,,A,Normal value,0,Units,1,One
DATAFLOW,OECD.ELS.SAE:DSD_FTPT@DF_FTPT_NATIONAL_INC(1.0),Incidence of full-time and part-time employment based on national definitions,I,CZE,Czechia,EMP,Employment,PT_POP_SUB,Percentage of population in the same subgroup,M,Male,_T,Total,EMP,Employment,MAIN,Main job,_T,Total,PT,Part-time,NAT_DEF,National definition,A,Annual,2011,,2.505,,A,Normal value,0,Units,1,One
DATAFLOW,OECD.ELS.SAE:DSD_FTPT@DF_FTPT_NATIONAL_INC(1.0),Incidence of full-time and part-time employment based on national definitions,I,CZE,Czechia,EMP,Employment,PT_POP_SUB,Percentage of population in the same subgroup,M,Male,_T,Total,EMP,Employment,MAIN,Main job,_T,Total,PT,Part-time,NAT_DEF,National definition,A,Annual,2012,,2.92,,A,Normal value,0,Units,1,One
DATAFLOW,OECD.ELS.SAE:DSD_FTPT@DF_FTPT_NATIONAL_INC(1.0),Incidence of full-time and part-time employment based on national definitions,I,CZE,Czechia,EMP,Employment,PT_POP_SUB,Percentage of population in the same subgroup,M,Male,_T,Total,EMP,Employment,MAIN,Main job,_T,Total,PT,Part-time,NAT_DEF,National definition,A,Annual,2013,,3.25,,A,Normal value,0,Units,1,One
DATAFLOW,OECD.ELS.SAE:DSD_FTPT@DF_FTPT_NATIONAL_INC(1.0),Incidence of full-time and part-time employment based on national definitions,I,CZE,Czechia,EMP,Employment,PT_POP_SUB,Percentage of population in the same subgroup,M,Male,_T,Total,EMP,Employment,MAIN,Main job,_T,Total,PT,Part-time,NAT_DEF,National definition,A,Annual,2014,,3.251,,A,Normal value,0,Units,1,One
DATAFLOW,OECD.ELS.SAE:DSD_FTPT@DF_FTPT_NATIONAL_INC(1.0),Incidence of full-time and part-time employment based on national definitions,I,CZE,Czechia,EMP,Employment,PT_POP_SUB,Percentage of population in the same subgroup,M,Male,_T,Total,EMP,Employment,MAIN,Main job,_T,Total,PT,Part-time,NAT_DEF,National definition,A,Annual,2015,,3.135,,A,Normal value,0,Units,1,One
DATAFLOW,OECD.ELS.SAE:DSD_FTPT@DF_FTPT_NATIONAL_INC(1.0),Incidence of full-time and part-time employment based on national definitions,I,CZE,Czechia,EMP,Employment,PT_POP_SUB,Percentage of population in the same subgroup,M,Male,_T,Total,EMP,Employment,MAIN,Main job,_T,Total,PT,Part-time,NAT_DEF,National definition,A,Annual,2016,,3.252,,A,Normal value,0,Units,1,One
DATAFLOW,OECD.ELS.SAE:DSD_FTPT@DF_FTPT_NATIONAL_INC(1.0),Incidence of full-time and part-time employment based on national definitions,I,CZE,Czechia,EMP,Employment,PT_POP_SUB,Percentage of population in the same subgroup,M,Male,_T,Total,EMP,Employment,MAIN,Main job,_T,Total,PT,Part-time,NAT_DEF,National definition,A,Annual,2017,,3.501,,A,Normal value,0,Units,1,One
DATAFLOW,OECD.ELS.SAE:DSD_FTPT@DF_FTPT_NATIONAL_INC(1.0),Incidence of full-time and part-time employment based on national definitions,I,CZE,Czechia,EMP,Employment,PT_POP_SUB,Percentage of population in the same subgroup,M,Male,_T,Total,EMP,Employment,MAIN,Main job,_T,Total,PT,Part-time,NAT_DEF,National definition,A,Annual,2018,,3.763,,A,Normal value,0,Units,1,One
DATAFLOW,OECD.ELS.SAE:DSD_FTPT@DF_FTPT_NATIONAL_INC(1.0),Incidence of full-time and part-time employment based on national definitions,I,CZE,Czechia,EMP,Employment,PT_POP_SUB,Percentage of population in the same subgroup,M,Male,_T,Total,EMP,Employment,MAIN,Main job,_T,Total,PT,Part-time,NAT_DEF,National definition,A,Annual,2019,,3.971,,A,Normal value,0,Units,1,One
DATAFLOW,OECD.ELS.SAE:DSD_FTPT@DF_FTPT_NATIONAL_INC(1.0),Incidence of full-time and part-time employment based on national definitions,I,CZE,Czechia,EMP,Employment,PT_POP_SUB,Percentage of population in the same subgroup,M,Male,_T,Total,EMP,Employment,MAIN,Main job,_T,Total,PT,Part-time,NAT_DEF,National definition,A,Annual,2020,,3.465,,A,Normal value,0,Units,1,One
DATAFLOW,OECD.ELS.SAE:DSD_FTPT@DF_FTPT_NATIONAL_INC(1.0),Incidence of full-time and part-time employment based on national definitions,I,CZE,Czechia,EMP,Employment,PT_POP_SUB,Percentage of population in the same subgroup,M,Male,_T,Total,EMP,Employment,MAIN,Main job,_T,Total,PT,Part-time,NAT_DEF,National definition,A,Annual,2023,,4.498,,A,Normal value,0,Units,1,One
DATAFLOW,OECD.ELS.SAE:DSD_FTPT@DF_FTPT_NATIONAL_INC(1.0),Incidence of full-time and part-time employment based on national definitions,I,CZE,Czechia,EMP,Employment,PT_POP_SUB,Percentage of population in the same subgroup,M,Male,_T,Total,EMP,Employment,MAIN,Main job,_T,Total,PT,Part-time,NAT_DEF,National definition,A,Annual,2024,,5.2,,A,Normal value,0,Units,1,One
DATAFLOW,OECD.ELS.SAE:DSD_FTPT@DF_FTPT_NATIONAL_INC(1.0),Incidence of full-time and part-time employment based on national definitions,I,CZE,Czechia,EMP,Employment,PT_POP_SUB,Percentage of population in the same subgroup,M,Male,_T,Total,EMP,Employment,MAIN,Main job,_T,Total,PT,Part-time,NAT_DEF,National definition,A,Annual,2025,,5.234,,A,Normal value,0,Units,1,One
DATAFLOW,OECD.ELS.SAE:DSD_FTPT@DF_FTPT_NATIONAL_INC(1.0),Incidence of full-time and part-time employment based on national definitions,I,DNK,Denmark,EMP,Employment,PT_POP_SUB,Percentage of population in the same subgroup,M,Male,_T,Total,EMP,Employment,MAIN,Main job,_T,Total,PT,Part-time,NAT_DEF,National definition,A,Annual,2011,,13.296,,A,Normal value,0,Units,1,One
DATAFLOW,OECD.ELS.SAE:DSD_FTPT@DF_FTPT_NATIONAL_INC(1.0),Incidence of full-time and part-time employment based on national definitions,I,DNK,Denmark,EMP,Employment,PT_POP_SUB,Percentage of population in the same subgroup,M,Male,_T,Total,EMP,Employment,MAIN,Main job,_T,Total,PT,Part-time,NAT_DEF,National definition,A,Annual,2012,,14.281,,A,Normal value,0,Units,1,One
DATAFLOW,OECD.ELS.SAE:DSD_FTPT@DF_FTPT_NATIONAL_INC(1.0),Incidence of full-time and part-time employment based on national definitions,I,DNK,Denmark,EMP,Employment,PT_POP_SUB,Percentage of population in the same subgroup,M,Male,_T,Total,EMP,Employment,MAIN,Main job,_T,Total,PT,Part-time,NAT_DEF,National definition,A,Annual,2013,,14.054,,A,Normal value,0,Units,1,One
DATAFLOW,OECD.ELS.SAE:DSD_FTPT@DF_FTPT_NATIONAL_INC(1.0),Incidence of full-time and part-time employment based on national definitions,I,DNK,Denmark,EMP,Employment,PT_POP_SUB,Percentage of population in the same subgroup,M,Male,_T,Total,EMP,Employment,MAIN,Main job,_T,Total,PT,Part-time,NAT_DEF,National definition,A,Annual,2014,,14.594,,A,Normal value,0,Units,1,One
DATAFLOW,OECD.ELS.SAE:DSD_FTPT@DF_FTPT_NATIONAL_INC(1.0),Incidence of full-time and part-time employment based on national definitions,I,DNK,Denmark,EMP,Employment,PT_POP_SUB,Percentage of population in the same subgroup,M,Male,_T,Total,EMP,Employment,MAIN,Main job,_T,Total,PT,Part-time,NAT_DEF,National definition,A,Annual,2015,,15.168,,A,Normal value,0,Units,1,One
DATAFLOW,OECD.ELS.SAE:DSD_FTPT@DF_FTPT_NATIONAL_INC(1.0),Incidence of full-time and part-time employment based on national definitions,I,DNK,Denmark,EMP,Employment,PT_POP_SUB,Percentage of population in the same subgroup,M,Male,_T,Total,EMP,Employment,MAIN,Main job,_T,Total,PT,Part-time,NAT_DEF,National definition,A,Annual,2016,,15.957,,A,Normal value,0,Units,1,One
DATAFLOW,OECD.ELS.SAE:DSD_FTPT@DF_FTPT_NATIONAL_INC(1.0),Incidence of full-time and part-time employment based on national definitions,I,DNK,Denmark,EMP,Employment,PT_POP_SUB,Percentage of population in the same subgroup,M,Male,_T,Total,EMP,Employment,MAIN,Main job,_T,Total,PT,Part-time,NAT_DEF,National definition,A,Annual,2018,,14.631,,A,Normal value,0,Units,1,One
DATAFLOW,OECD.ELS.SAE:DSD_FTPT@DF_FTPT_NATIONAL_INC(1.0),Incidence of full-time and part-time employment based on national definitions,I,DNK,Denmark,EMP,Employment,PT_POP_SUB,Percentage of population in the same subgroup,M,Male,_T,Total,EMP,Employment,MAIN,Main job,_T,Total,PT,Part-time,NAT_DEF,National definition,A,Annual,2019,,15.848,,A,Normal value,0,Units,1,One
DATAFLOW,OECD.ELS.SAE:DSD_FTPT@DF_FTPT_NATIONAL_INC(1.0),Incidence of full-time and part-time employment based on national definitions,I,DNK,Denmark,EMP,Employment,PT_POP_SUB,Percentage of population in the same subgroup,M,Male,_T,Total,EMP,Employment,MAIN,Main job,_T,Total,PT,Part-time,NAT_DEF,National definition,A,Annual,2021,,15.641,,A,Normal value,0,Units,1,One
DATAFLOW,OECD.ELS.SAE:DSD_FTPT@DF_FTPT_NATIONAL_INC(1.0),Incidence of full-time and part-time employment based on national definitions,I,DNK,Denmark,EMP,Employment,PT_POP_SUB,Percentage of population in the same subgroup,M,Male,_T,Total,EMP,Employment,MAIN,Main job,_T,Total,PT,Part-time,NAT_DEF,National definition,A,Annual,2022,,15.735,,A,Normal value,0,Units,1,One
DATAFLOW,OECD.ELS.SAE:DSD_FTPT@DF_FTPT_NATIONAL_INC(1.0),Incidence of full-time and part-time employment based on national definitions,I,DNK,Denmark,EMP,Employment,PT_POP_SUB,Percentage of population in the same subgroup,M,Male,_T,Total,EMP,Employment,MAIN,Main job,_T,Total,PT,Part-time,NAT_DEF,National definition,A,Annual,2023,,17.006,,A,Normal value,0,Units,1,One
DATAFLOW,OECD.ELS.SAE:DSD_FTPT@DF_FTPT_NATIONAL_INC(1.0),Incidence of full-time and part-time employment based on national definitions,I,DNK,Denmark,EMP,Employment,PT_POP_SUB,Percentage of population in the same subgroup,M,Male,_T,Total,EMP,Employment,MAIN,Main job,_T,Total,PT,Part-time,NAT_DEF,National definition,A,Annual,2024,,18.718,,A,Normal value,0,Units,1,One
DATAFLOW,OECD.ELS.SAE:DSD_FTPT@DF_FTPT_NATIONAL_INC(1.0),Incidence of full-time and part-time employment based on national definitions,I,DNK,Denmark,EMP,Employment,PT_POP_SUB,Percentage of population in the same subgroup,M,Male,_T,Total,EMP,Employment,MAIN,Main job,_T,Total,PT,Part-time,NAT_DEF,National definition,A,Annual,2025,,18.416,,A,Normal value,0,Units,1,One
DATAFLOW,OECD.ELS.SAE:DSD_FTPT@DF_FTPT_NATIONAL_INC(1.0),Incidence of full-time and part-time employment based on national definitions,I,EST,Estonia,EMP,Employment,PT_POP_SUB,Percentage of population in the same subgroup,M,Male,_T,Total,EMP,Employment,MAIN,Main job,_T,Total,PT,Part-time,NAT_DEF,National definition,A,Annual,2010,,6.984,,A,Normal value,0,Units,1,One
DATAFLOW,OECD.ELS.SAE:DSD_FTPT@DF_FTPT_NATIONAL_INC(1.0),Incidence of full-time and part-time employment based on national definitions,I,EST,Estonia,EMP,Employment,PT_POP_SUB,Percentage of population in the same subgroup,M,Male,_T,Total,EMP,Employment,MAIN,Main job,_T,Total,PT,Part-time,NAT_DEF,National definition,A,Annual,2011,,5.61,,A,Normal value,0,Units,1,One
DATAFLOW,OECD.ELS.SAE:DSD_FTPT@DF_FTPT_NATIONAL_INC(1.0),Incidence of full-time and part-time employment based on national definitions,I,EST,Estonia,EMP,Employment,PT_POP_SUB,Percentage of population in the same subgroup,M,Male,_T,Total,EMP,Employment,MAIN,Main job,_T,Total,PT,Part-time,NAT_DEF,National definition,A,Annual,2012,,5.877,,A,Normal value,0,Units,1,One
DATAFLOW,OECD.ELS.SAE:DSD_FTPT@DF_FTPT_NATIONAL_INC(1.0),Incidence of full-time and part-time employment based on national definitions,I,EST,Estonia,EMP,Employment,PT_POP_SUB,Percentage of population in the same subgroup,M,Male,_T,Total,EMP,Employment,MAIN,Main job,_T,Total,PT,Part-time,NAT_DEF,National definition,A,Annual,2013,,6.197,,A,Normal value,0,Units,1,One
DATAFLOW,OECD.ELS.SAE:DSD_FTPT@DF_FTPT_NATIONAL_INC(1.0),Incidence of full-time and part-time employment based on national definitions,I,EST,Estonia,EMP,Employment,PT_POP_SUB,Percentage of population in the same subgroup,M,Male,_T,Total,EMP,Employment,MAIN,Main job,_T,Total,PT,Part-time,NAT_DEF,National definition,A,Annual,2014,,6.53,,A,Normal value,0,Units,1,One
DATAFLOW,OECD.ELS.SAE:DSD_FTPT@DF_FTPT_NATIONAL_INC(1.0),Incidence of full-time and part-time employment based on national definitions,I,EST,Estonia,EMP,Employment,PT_POP_SUB,Percentage of population in the same subgroup,M,Male,_T,Total,EMP,Employment,MAIN,Main job,_T,Total,PT,Part-time,NAT_DEF,National definition,A,Annual,2015,,6.289,,A,Normal value,0,Units,1,One
DATAFLOW,OECD.ELS.SAE:DSD_FTPT@DF_FTPT_NATIONAL_INC(1.0),Incidence of full-time and part-time employment based on national definitions,I,EST,Estonia,EMP,Employment,PT_POP_SUB,Percentage of population in the same subgroup,M,Male,_T,Total,EMP,Employment,MAIN,Main job,_T,Total,PT,Part-time,NAT_DEF,National definition,A,Annual,2016,,7.327,,A,Normal value,0,Units,1,One
DATAFLOW,OECD.ELS.SAE:DSD_FTPT@DF_FTPT_NATIONAL_INC(1.0),Incidence of full-time and part-time employment based on national definitions,I,EST,Estonia,EMP,Employment,PT_POP_SUB,Percentage of population in the same subgroup,M,Male,_T,Total,EMP,Employment,MAIN,Main job,_T,Total,PT,Part-time,NAT_DEF,National definition,A,Annual,2017,,6.78,,A,Normal value,0,Units,1,One
DATAFLOW,OECD.ELS.SAE:DSD_FTPT@DF_FTPT_NATIONAL_INC(1.0),Incidence of full-time and part-time employment based on national definitions,I,EST,Estonia,EMP,Employment,PT_POP_SUB,Percentage of population in the same subgroup,M,Male,_T,Total,EMP,Employment,MAIN,Main job,_T,Total,PT,Part-time,NAT_DEF,National definition,A,Annual,2018,,7.824,,A,Normal value,0,Units,1,One
DATAFLOW,OECD.ELS.SAE:DSD_FTPT@DF_FTPT_NATIONAL_INC(1.0),Incidence of full-time and part-time employment based on national definitions,I,EST,Estonia,EMP,Employment,PT_POP_SUB,Percentage of population in the same subgroup,M,Male,_T,Total,EMP,Employment,MAIN,Main job,_T,Total,PT,Part-time,NAT_DEF,National definition,A,Annual,2019,,7.962,,A,Normal value,0,Units,1,One
DATAFLOW,OECD.ELS.SAE:DSD_FTPT@DF_FTPT_NATIONAL_INC(1.0),Incidence of full-time and part-time employment based on national definitions,I,EST,Estonia,EMP,Employment,PT_POP_SUB,Percentage of population in the same subgroup,M,Male,_T,Total,EMP,Employment,MAIN,Main job,_T,Total,PT,Part-time,NAT_DEF,National definition,A,Annual,2020,,8.776,,A,Normal value,0,Units,1,One
DATAFLOW,OECD.ELS.SAE:DSD_FTPT@DF_FTPT_NATIONAL_INC(1.0),Incidence of full-time and part-time employment based on national definitions,I,EST,Estonia,EMP,Employment,PT_POP_SUB,Percentage of population in the same subgroup,M,Male,_T,Total,EMP,Employment,MAIN,Main job,_T,Total,PT,Part-time,NAT_DEF,National definition,A,Annual,2021,,8.466,,A,Normal value,0,Units,1,One
DATAFLOW,OECD.ELS.SAE:DSD_FTPT@DF_FTPT_NATIONAL_INC(1.0),Incidence of full-time and part-time employment based on national definitions,I,EST,Estonia,EMP,Employment,PT_POP_SUB,Percentage of population in the same subgroup,M,Male,_T,Total,EMP,Employment,MAIN,Main job,_T,Total,PT,Part-time,NAT_DEF,National definition,A,Annual,2022,,9.476,,A,Normal value,0,Units,1,One
DATAFLOW,OECD.ELS.SAE:DSD_FTPT@DF_FTPT_NATIONAL_INC(1.0),Incidence of full-time and part-time employment based on national definitions,I,EST,Estonia,EMP,Employment,PT_POP_SUB,Percentage of population in the same subgroup,M,Male,_T,Total,EMP,Employment,MAIN,Main job,_T,Total,PT,Part-time,NAT_DEF,National definition,A,Annual,2023,,10.13,,A,Normal value,0,Units,1,One
DATAFLOW,OECD.ELS.SAE:DSD_FTPT@DF_FTPT_NATIONAL_INC(1.0),Incidence of full-time and part-time employment based on national definitions,I,EST,Estonia,EMP,Employment,PT_POP_SUB,Percentage of population in the same subgroup,M,Male,_T,Total,EMP,Employment,MAIN,Main job,_T,Total,PT,Part-time,NAT_DEF,National definition,A,Annual,2024,,9.861,,A,Normal value,0,Units,1,One
DATAFLOW,OECD.ELS.SAE:DSD_FTPT@DF_FTPT_NATIONAL_INC(1.0),Incidence of full-time and part-time employment based on national definitions,I,EST,Estonia,EMP,Employment,PT_POP_SUB,Percentage of population in the same subgroup,M,Male,_T,Total,EMP,Employment,MAIN,Main job,_T,Total,PT,Part-time,NAT_DEF,National definition,A,Annual,2025,,10.652,,A,Normal value,0,Units,1,One
DATAFLOW,OECD.ELS.SAE:DSD_FTPT@DF_FTPT_NATIONAL_INC(1.0),Incidence of full-time and part-time employment based on national definitions,I,FIN,Finland,EMP,Employment,PT_POP_SUB,Percentage of population in the same subgroup,M,Male,_T,Total,EMP,Employment,MAIN,Main job,_T,Total,PT,Part-time,NAT_DEF,National definition,A,Annual,2013,,10.167,,A,Normal value,0,Units,1,One
DATAFLOW,OECD.ELS.SAE:DSD_FTPT@DF_FTPT_NATIONAL_INC(1.0),Incidence of full-time and part-time employment based on national definitions,I,FIN,Finland,EMP,Employment,PT_POP_SUB,Percentage of population in the same subgroup,M,Male,_T,Total,EMP,Employment,MAIN,Main job,_T,Total,PT,Part-time,NAT_DEF,National definition,A,Annual,2014,,10.918,,A,Normal value,0,Units,1,One
DATAFLOW,OECD.ELS.SAE:DSD_FTPT@DF_FTPT_NATIONAL_INC(1.0),Incidence of full-time and part-time employment based on national definitions,I,FIN,Finland,EMP,Employment,PT_POP_SUB,Percentage of population in the same subgroup,M,Male,_T,Total,EMP,Employment,MAIN,Main job,_T,Total,PT,Part-time,NAT_DEF,National definition,A,Annual,2015,,11.489,,A,Normal value,0,Units,1,One
DATAFLOW,OECD.ELS.SAE:DSD_FTPT@DF_FTPT_NATIONAL_INC(1.0),Incidence of full-time and part-time employment based on national definitions,I,FIN,Finland,EMP,Employment,PT_POP_SUB,Percentage of population in the same subgroup,M,Male,_T,Total,EMP,Employment,MAIN,Main job,_T,Total,PT,Part-time,NAT_DEF,National definition,A,Annual,2016,,11.652,,A,Normal value,0,Units,1,One
DATAFLOW,OECD.ELS.SAE:DSD_FTPT@DF_FTPT_NATIONAL_INC(1.0),Incidence of full-time and part-time employment based on national definitions,I,FIN,Finland,EMP,Employment,PT_POP_SUB,Percentage of population in the same subgroup,M,Male,_T,Total,EMP,Employment,MAIN,Main job,_T,Total,PT,Part-time,NAT_DEF,National definition,A,Annual,2017,,11.826,,A,Normal value,0,Units,1,One
DATAFLOW,OECD.ELS.SAE:DSD_FTPT@DF_FTPT_NATIONAL_INC(1.0),Incidence of full-time and part-time employment based on national definitions,I,FIN,Finland,EMP,Employment,PT_POP_SUB,Percentage of population in the same subgroup,M,Male,_T,Total,EMP,Employment,MAIN,Main job,_T,Total,PT,Part-time,NAT_DEF,National definition,A,Annual,2018,,11.92,,A,Normal value,0,Units,1,One
DATAFLOW,OECD.ELS.SAE:DSD_FTPT@DF_FTPT_NATIONAL_INC(1.0),Incidence of full-time and part-time employment based on national definitions,I,FIN,Finland,EMP,Employment,PT_POP_SUB,Percentage of population in the same subgroup,M,Male,_T,Total,EMP,Employment,MAIN,Main job,_T,Total,PT,Part-time,NAT_DEF,National definition,A,Annual,2019,,12.06,,A,Normal value,0,Units,1,One
DATAFLOW,OECD.ELS.SAE:DSD_FTPT@DF_FTPT_NATIONAL_INC(1.0),Incidence of full-time and part-time employment based on national definitions,I,FIN,Finland,EMP,Employment,PT_POP_SUB,Percentage of population in the same subgroup,M,Male,_T,Total,EMP,Employment,MAIN,Main job,_T,Total,PT,Part-time,NAT_DEF,National definition,A,Annual,2020,,12.248,,A,Normal value,0,Units,1,One
DATAFLOW,OECD.ELS.SAE:DSD_FTPT@DF_FTPT_NATIONAL_INC(1.0),Incidence of full-time and part-time employment based on national definitions,I,FIN,Finland,EMP,Employment,PT_POP_SUB,Percentage of population in the same subgroup,M,Male,_T,Total,EMP,Employment,MAIN,Main job,_T,Total,PT,Part-time,NAT_DEF,National definition,A,Annual,2021,,13.244,,A,Normal value,0,Units,1,One
DATAFLOW,OECD.ELS.SAE:DSD_FTPT@DF_FTPT_NATIONAL_INC(1.0),Incidence of full-time and part-time employment based on national definitions,I,FIN,Finland,EMP,Employment,PT_POP_SUB,Percentage of population in the same subgroup,M,Male,_T,Total,EMP,Employment,MAIN,Main job,_T,Total,PT,Part-time,NAT_DEF,National definition,A,Annual,2022,,13.408,,A,Normal value,0,Units,1,One
DATAFLOW,OECD.ELS.SAE:DSD_FTPT@DF_FTPT_NATIONAL_INC(1.0),Incidence of full-time and part-time employment based on national definitions,I,FIN,Finland,EMP,Employment,PT_POP_SUB,Percentage of population in the same subgroup,M,Male,_T,Total,EMP,Employment,MAIN,Main job,_T,Total,PT,Part-time,NAT_DEF,National definition,A,Annual,2023,,13.66,,A,Normal value,0,Units,1,One
DATAFLOW,OECD.ELS.SAE:DSD_FTPT@DF_FTPT_NATIONAL_INC(1.0),Incidence of full-time and part-time employment based on national definitions,I,FIN,Finland,EMP,Employment,PT_POP_SUB,Percentage of population in the same subgroup,M,Male,_T,Total,EMP,Employment,MAIN,Main job,_T,Total,PT,Part-time,NAT_DEF,National definition,A,Annual,2024,,13.967,,A,Normal value,0,Units,1,One
DATAFLOW,OECD.ELS.SAE:DSD_FTPT@DF_FTPT_NATIONAL_INC(1.0),Incidence of full-time and part-time employment based on national definitions,I,FIN,Finland,EMP,Employment,PT_POP_SUB,Percentage of population in the same subgroup,M,Male,_T,Total,EMP,Employment,MAIN,Main job,_T,Total,PT,Part-time,NAT_DEF,National definition,A,Annual,2025,,14.18,,A,Normal value,0,Units,1,One
DATAFLOW,OECD.ELS.SAE:DSD_FTPT@DF_FTPT_NATIONAL_INC(1.0),Incidence of full-time and part-time employment based on national definitions,I,FRA,France,EMP,Employment,PT_POP_SUB,Percentage of population in the same subgroup,M,Male,_T,Total,EMP,Employment,MAIN,Main job,_T,Total,PT,Part-time,NAT_DEF,National definition,A,Annual,2011,,6.84,,A,Normal value,0,Units,1,One
DATAFLOW,OECD.ELS.SAE:DSD_FTPT@DF_FTPT_NATIONAL_INC(1.0),Incidence of full-time and part-time employment based on national definitions,I,FRA,France,EMP,Employment,PT_POP_SUB,Percentage of population in the same subgroup,M,Male,_T,Total,EMP,Employment,MAIN,Main job,_T,Total,PT,Part-time,NAT_DEF,National definition,A,Annual,2015,,7.95,,A,Normal value,0,Units,1,One
DATAFLOW,OECD.ELS.SAE:DSD_FTPT@DF_FTPT_NATIONAL_INC(1.0),Incidence of full-time and part-time employment based on national definitions,I,FRA,France,EMP,Employment,PT_POP_SUB,Percentage of population in the same subgroup,M,Male,_T,Total,EMP,Employment,MAIN,Main job,_T,Total,PT,Part-time,NAT_DEF,National definition,A,Annual,2016,,8.115,,A,Normal value,0,Units,1,One
DATAFLOW,OECD.ELS.SAE:DSD_FTPT@DF_FTPT_NATIONAL_INC(1.0),Incidence of full-time and part-time employment based on national definitions,I,FRA,France,EMP,Employment,PT_POP_SUB,Percentage of population in the same subgroup,M,Male,_T,Total,EMP,Employment,MAIN,Main job,_T,Total,PT,Part-time,NAT_DEF,National definition,A,Annual,2018,,8.341,,A,Normal value,0,Units,1,One
DATAFLOW,OECD.ELS.SAE:DSD_FTPT@DF_FTPT_NATIONAL_INC(1.0),Incidence of full-time and part-time employment based on national definitions,I,FRA,France,EMP,Employment,PT_POP_SUB,Percentage of population in the same subgroup,M,Male,_T,Total,EMP,Employment,MAIN,Main job,_T,Total,PT,Part-time,NAT_DEF,National definition,A,Annual,2022,,8.414,,A,Normal value,0,Units,1,One
DATAFLOW,OECD.ELS.SAE:DSD_FTPT@DF_FTPT_NATIONAL_INC(1.0),Incidence of full-time and part-time employment based on national definitions,I,FRA,France,EMP,Employment,PT_POP_SUB,Percentage of population in the same subgroup,M,Male,_T,Total,EMP,Employment,MAIN,Main job,_T,Total,PT,Part-time,NAT_DEF,National definition,A,Annual,2023,,8.643,,A,Normal value,0,Units,1,One
DATAFLOW,OECD.ELS.SAE:DSD_FTPT@DF_FTPT_NATIONAL_INC(1.0),Incidence of full-time and part-time employment based on national definitions,I,FRA,France,EMP,Employment,PT_POP_SUB,Percentage of population in the same subgroup,M,Male,_T,Total,EMP,Employment,MAIN,Main job,_T,Total,PT,Part-time,NAT_DEF,National definition,A,Annual,2025,,9.241,,A,Normal value,0,Units,1,One
DATAFLOW,OECD.ELS.SAE:DSD_FTPT@DF_FTPT_NATIONAL_INC(1.0),Incidence of full-time and part-time employment based on national definitions,I,DEU,Germany,EMP,Employment,PT_POP_SUB,Percentage of population in the same subgroup,M,Male,_T,Total,EMP,Employment,MAIN,Main job,_T,Total,PT,Part-time,NAT_DEF,National definition,A,Annual,2020,,12.524,,A,Normal value,0,Units,1,One
DATAFLOW,OECD.ELS.SAE:DSD_FTPT@DF_FTPT_NATIONAL_INC(1.0),Incidence of full-time and part-time employment based on national definitions,I,DEU,Germany,EMP,Employment,PT_POP_SUB,Percentage of population in the same subgroup,M,Male,_T,Total,EMP,Employment,MAIN,Main job,_T,Total,PT,Part-time,NAT_DEF,National definition,A,Annual,2021,,12.493,,A,Normal value,0,Units,1,One
DATAFLOW,OECD.ELS.SAE:DSD_FTPT@DF_FTPT_NATIONAL_INC(1.0),Incidence of full-time and part-time employment based on national definitions,I,DEU,Germany,EMP,Employment,PT_POP_SUB,Percentage of population in the same subgroup,M,Male,_T,Total,EMP,Employment,MAIN,Main job,_T,Total,PT,Part-time,NAT_DEF,National definition,A,Annual,2022,,13.026,,A,Normal value,0,Units,1,One
DATAFLOW,OECD.ELS.SAE:DSD_FTPT@DF_FTPT_NATIONAL_INC(1.0),Incidence of full-time and part-time employment based on national definitions,I,DEU,Germany,EMP,Employment,PT_POP_SUB,Percentage of population in the same subgroup,M,Male,_T,Total,EMP,Employment,MAIN,Main job,_T,Total,PT,Part-time,NAT_DEF,National definition,A,Annual,2023,,13.67,,A,Normal value,0,Units,1,One
DATAFLOW,OECD.ELS.SAE:DSD_FTPT@DF_FTPT_NATIONAL_INC(1.0),Incidence of full-time and part-time employment based on national definitions,I,DEU,Germany,EMP,Employment,PT_POP_SUB,Percentage of population in the same subgroup,M,Male,_T,Total,EMP,Employment,MAIN,Main job,_T,Total,PT,Part-time,NAT_DEF,National definition,A,Annual,2024,,14.14,,A,Normal value,0,Units,1,One
DATAFLOW,OECD.ELS.SAE:DSD_FTPT@DF_FTPT_NATIONAL_INC(1.0),Incidence of full-time and part-time employment based on national definitions,I,DEU,Germany,EMP,Employment,PT_POP_SUB,Percentage of population in the same subgroup,M,Male,_T,Total,EMP,Employment,MAIN,Main job,_T,Total,PT,Part-time,NAT_DEF,National definition,A,Annual,2025,,14.559,,A,Normal value,0,Units,1,One
DATAFLOW,OECD.ELS.SAE:DSD_FTPT@DF_FTPT_NATIONAL_INC(1.0),Incidence of full-time and part-time employment based on national definitions,I,GRC,Greece,EMP,Employment,PT_POP_SUB,Percentage of population in the same subgroup,M,Male,_T,Total,EMP,Employment,MAIN,Main job,_T,Total,PT,Part-time,NAT_DEF,National definition,A,Annual,2010,,3.805,,A,Normal value,0,Units,1,One
DATAFLOW,OECD.ELS.SAE:DSD_FTPT@DF_FTPT_NATIONAL_INC(1.0),Incidence of full-time and part-time employment based on national definitions,I,GRC,Greece,EMP,Employment,PT_POP_SUB,Percentage of population in the same subgroup,M,Male,_T,Total,EMP,Employment,MAIN,Main job,_T,Total,PT,Part-time,NAT_DEF,National definition,A,Annual,2014,,6.801,,A,Normal value,0,Units,1,One
DATAFLOW,OECD.ELS.SAE:DSD_FTPT@DF_FTPT_NATIONAL_INC(1.0),Incidence of full-time and part-time employment based on national definitions,I,GRC,Greece,EMP,Employment,PT_POP_SUB,Percentage of population in the same subgroup,M,Male,_T,Total,EMP,Employment,MAIN,Main job,_T,Total,PT,Part-time,NAT_DEF,National definition,A,Annual,2015,,6.824,,A,Normal value,0,Units,1,One
DATAFLOW,OECD.ELS.SAE:DSD_FTPT@DF_FTPT_NATIONAL_INC(1.0),Incidence of full-time and part-time employment based on national definitions,I,GRC,Greece,EMP,Employment,PT_POP_SUB,Percentage of population in the same subgroup,M,Male,_T,Total,EMP,Employment,MAIN,Main job,_T,Total,PT,Part-time,NAT_DEF,National definition,A,Annual,2016,,7.023,,A,Normal value,0,Units,1,One
DATAFLOW,OECD.ELS.SAE:DSD_FTPT@DF_FTPT_NATIONAL_INC(1.0),Incidence of full-time and part-time employment based on national definitions,I,GRC,Greece,EMP,Employment,PT_POP_SUB,Percentage of population in the same subgroup,M,Male,_T,Total,EMP,Employment,MAIN,Main job,_T,Total,PT,Part-time,NAT_DEF,National definition,A,Annual,2017,,6.751,,A,Normal value,0,Units,1,One
DATAFLOW,OECD.ELS.SAE:DSD_FTPT@DF_FTPT_NATIONAL_INC(1.0),Incidence of full-time and part-time employment based on national definitions,I,GRC,Greece,EMP,Employment,PT_POP_SUB,Percentage of population in the same subgroup,M,Male,_T,Total,EMP,Employment,MAIN,Main job,_T,Total,PT,Part-time,NAT_DEF,National definition,A,Annual,2018,,6.337,,A,Normal value,0,Units,1,One
DATAFLOW,OECD.ELS.SAE:DSD_FTPT@DF_FTPT_NATIONAL_INC(1.0),Incidence of full-time and part-time employment based on national definitions,I,GRC,Greece,EMP,Employment,PT_POP_SUB,Percentage of population in the same subgroup,M,Male,_T,Total,EMP,Employment,MAIN,Main job,_T,Total,PT,Part-time,NAT_DEF,National definition,A,Annual,2019,,6.072,,A,Normal value,0,Units,1,One
DATAFLOW,OECD.ELS.SAE:DSD_FTPT@DF_FTPT_NATIONAL_INC(1.0),Incidence of full-time and part-time employment based on national definitions,I,GRC,Greece,EMP,Employment,PT_POP_SUB,Percentage of population in the same subgroup,M,Male,_T,Total,EMP,Employment,MAIN,Main job,_T,Total,PT,Part-time,NAT_DEF,National definition,A,Annual,2020,,5.615,,A,Normal value,0,Units,1,One
DATAFLOW,OECD.ELS.SAE:DSD_FTPT@DF_FTPT_NATIONAL_INC(1.0),Incidence of full-time and part-time employment based on national definitions,I,GRC,Greece,EMP,Employment,PT_POP_SUB,Percentage of population in the same subgroup,M,Male,_T,Total,EMP,Employment,MAIN,Main job,_T,Total,PT,Part-time,NAT_DEF,National definition,A,Annual,2021,,5.242,,A,Normal value,0,Units,1,One
DATAFLOW,OECD.ELS.SAE:DSD_FTPT@DF_FTPT_NATIONAL_INC(1.0),Incidence of full-time and part-time employment based on national definitions,I,GRC,Greece,EMP,Employment,PT_POP_SUB,Percentage of population in the same subgroup,M,Male,_T,Total,EMP,Employment,MAIN,Main job,_T,Total,PT,Part-time,NAT_DEF,National definition,A,Annual,2022,,5.154,,A,Normal value,0,Units,1,One
DATAFLOW,OECD.ELS.SAE:DSD_FTPT@DF_FTPT_NATIONAL_INC(1.0),Incidence of full-time and part-time employment based on national definitions,I,GRC,Greece,EMP,Employment,PT_POP_SUB,Percentage of population in the same subgroup,M,Male,_T,Total,EMP,Employment,MAIN,Main job,_T,Total,PT,Part-time,NAT_DEF,National definition,A,Annual,2023,,4.214,,A,Normal value,0,Units,1,One
DATAFLOW,OECD.ELS.SAE:DSD_FTPT@DF_FTPT_NATIONAL_INC(1.0),Incidence of full-time and part-time employment based on national definitions,I,GRC,Greece,EMP,Employment,PT_POP_SUB,Percentage of population in the same subgroup,M,Male,_T,Total,EMP,Employment,MAIN,Main job,_T,Total,PT,Part-time,NAT_DEF,National definition,A,Annual,2024,,3.518,,A,Normal value,0,Units,1,One
DATAFLOW,OECD.ELS.SAE:DSD_FTPT@DF_FTPT_NATIONAL_INC(1.0),Incidence of full-time and part-time employment based on national definitions,I,GRC,Greece,EMP,Employment,PT_POP_SUB,Percentage of population in the same subgroup,M,Male,_T,Total,EMP,Employment,MAIN,Main job,_T,Total,PT,Part-time,NAT_DEF,National definition,A,Annual,2025,,3.037,,A,Normal value,0,Units,1,One
DATAFLOW,OECD.ELS.SAE:DSD_FTPT@DF_FTPT_NATIONAL_INC(1.0),Incidence of full-time and part-time employment based on national definitions,I,HUN,Hungary,EMP,Employment,PT_POP_SUB,Percentage of population in the same subgroup,M,Male,_T,Total,EMP,Employment,MAIN,Main job,_T,Total,PT,Part-time,NAT_DEF,National definition,A,Annual,2010,,3.962,,A,Normal value,0,Units,1,One
DATAFLOW,OECD.ELS.SAE:DSD_FTPT@DF_FTPT_NATIONAL_INC(1.0),Incidence of full-time and part-time employment based on national definitions,I,HUN,Hungary,EMP,Employment,PT_POP_SUB,Percentage of population in the same subgroup,M,Male,_T,Total,EMP,Employment,MAIN,Main job,_T,Total,PT,Part-time,NAT_DEF,National definition,A,Annual,2011,,4.803,,A,Normal value,0,Units,1,One
DATAFLOW,OECD.ELS.SAE:DSD_FTPT@DF_FTPT_NATIONAL_INC(1.0),Incidence of full-time and part-time employment based on national definitions,I,HUN,Hungary,EMP,Employment,PT_POP_SUB,Percentage of population in the same subgroup,M,Male,_T,Total,EMP,Employment,MAIN,Main job,_T,Total,PT,Part-time,NAT_DEF,National definition,A,Annual,2012,,4.711,,A,Normal value,0,Units,1,One
DATAFLOW,OECD.ELS.SAE:DSD_FTPT@DF_FTPT_NATIONAL_INC(1.0),Incidence of full-time and part-time employment based on national definitions,I,HUN,Hungary,EMP,Employment,PT_POP_SUB,Percentage of population in the same subgroup,M,Male,_T,Total,EMP,Employment,MAIN,Main job,_T,Total,PT,Part-time,NAT_DEF,National definition,A,Annual,2013,,4.534,,A,Normal value,0,Units,1,One
DATAFLOW,OECD.ELS.SAE:DSD_FTPT@DF_FTPT_NATIONAL_INC(1.0),Incidence of full-time and part-time employment based on national definitions,I,HUN,Hungary,EMP,Employment,PT_POP_SUB,Percentage of population in the same subgroup,M,Male,_T,Total,EMP,Employment,MAIN,Main job,_T,Total,PT,Part-time,NAT_DEF,National definition,A,Annual,2014,,4.49,,A,Normal value,0,Units,1,One
DATAFLOW,OECD.ELS.SAE:DSD_FTPT@DF_FTPT_NATIONAL_INC(1.0),Incidence of full-time and part-time employment based on national definitions,I,HUN,Hungary,EMP,Employment,PT_POP_SUB,Percentage of population in the same subgroup,M,Male,_T,Total,EMP,Employment,MAIN,Main job,_T,Total,PT,Part-time,NAT_DEF,National definition,A,Annual,2015,,4.355,,A,Normal value,0,Units,1,One
DATAFLOW,OECD.ELS.SAE:DSD_FTPT@DF_FTPT_NATIONAL_INC(1.0),Incidence of full-time and part-time employment based on national definitions,I,HUN,Hungary,EMP,Employment,PT_POP_SUB,Percentage of population in the same subgroup,M,Male,_T,Total,EMP,Employment,MAIN,Main job,_T,Total,PT,Part-time,NAT_DEF,National definition,A,Annual,2016,,3.529,,A,Normal value,0,Units,1,One
DATAFLOW,OECD.ELS.SAE:DSD_FTPT@DF_FTPT_NATIONAL_INC(1.0),Incidence of full-time and part-time employment based on national definitions,I,HUN,Hungary,EMP,Employment,PT_POP_SUB,Percentage of population in the same subgroup,M,Male,_T,Total,EMP,Employment,MAIN,Main job,_T,Total,PT,Part-time,NAT_DEF,National definition,A,Annual,2017,,3.109,,A,Normal value,0,Units,1,One
DATAFLOW,OECD.ELS.SAE:DSD_FTPT@DF_FTPT_NATIONAL_INC(1.0),Incidence of full-time and part-time employment based on national definitions,I,HUN,Hungary,EMP,Employment,PT_POP_SUB,Percentage of population in the same subgroup,M,Male,_T,Total,EMP,Employment,MAIN,Main job,_T,Total,PT,Part-time,NAT_DEF,National definition,A,Annual,2018,,3.085,,A,Normal value,0,Units,1,One
DATAFLOW,OECD.ELS.SAE:DSD_FTPT@DF_FTPT_NATIONAL_INC(1.0),Incidence of full-time and part-time employment based on national definitions,I,HUN,Hungary,EMP,Employment,PT_POP_SUB,Percentage of population in the same subgroup,M,Male,_T,Total,EMP,Employment,MAIN,Main job,_T,Total,PT,Part-time,NAT_DEF,National definition,A,Annual,2019,,3.228,,A,Normal value,0,Units,1,One
DATAFLOW,OECD.ELS.SAE:DSD_FTPT@DF_FTPT_NATIONAL_INC(1.0),Incidence of full-time and part-time employment based on national definitions,I,HUN,Hungary,EMP,Employment,PT_POP_SUB,Percentage of population in the same subgroup,M,Male,_T,Total,EMP,Employment,MAIN,Main job,_T,Total,PT,Part-time,NAT_DEF,National definition,A,Annual,2020,,3.487,,A,Normal value,0,Units,1,One
DATAFLOW,OECD.ELS.SAE:DSD_FTPT@DF_FTPT_NATIONAL_INC(1.0),Incidence of full-time and part-time employment based on national definitions,I,HUN,Hungary,EMP,Employment,PT_POP_SUB,Percentage of population in the same subgroup,M,Male,_T,Total,EMP,Employment,MAIN,Main job,_T,Total,PT,Part-time,NAT_DEF,National definition,A,Annual,2021,,3.433,,A,Normal value,0,Units,1,One
DATAFLOW,OECD.ELS.SAE:DSD_FTPT@DF_FTPT_NATIONAL_INC(1.0),Incidence of full-time and part-time employment based on national definitions,I,HUN,Hungary,EMP,Employment,PT_POP_SUB,Percentage of population in the same subgroup,M,Male,_T,Total,EMP,Employment,MAIN,Main job,_T,Total,PT,Part-time,NAT_DEF,National definition,A,Annual,2022,,3.327,,A,Normal value,0,Units,1,One
DATAFLOW,OECD.ELS.SAE:DSD_FTPT@DF_FTPT_NATIONAL_INC(1.0),Incidence of full-time and part-time employment based on national definitions,I,HUN,Hungary,EMP,Employment,PT_POP_SUB,Percentage of population in the same subgroup,M,Male,_T,Total,EMP,Employment,MAIN,Main job,_T,Total,PT,Part-time,NAT_DEF,National definition,A,Annual,2023,,3.188,,A,Normal value,0,Units,1,One
DATAFLOW,OECD.ELS.SAE:DSD_FTPT@DF_FTPT_NATIONAL_INC(1.0),Incidence of full-time and part-time employment based on national definitions,I,HUN,Hungary,EMP,Employment,PT_POP_SUB,Percentage of population in the same subgroup,M,Male,_T,Total,EMP,Employment,MAIN,Main job,_T,Total,PT,Part-time,NAT_DEF,National definition,A,Annual,2024,,3.328,,A,Normal value,0,Units,1,One
DATAFLOW,OECD.ELS.SAE:DSD_FTPT@DF_FTPT_NATIONAL_INC(1.0),Incidence of full-time and part-time employment based on national definitions,I,HUN,Hungary,EMP,Employment,PT_POP_SUB,Percentage of population in the same subgroup,M,Male,_T,Total,EMP,Employment,MAIN,Main job,_T,Total,PT,Part-time,NAT_DEF,National definition,A,Annual,2025,,3.484,,A,Normal value,0,Units,1,One
DATAFLOW,OECD.ELS.SAE:DSD_FTPT@DF_FTPT_NATIONAL_INC(1.0),Incidence of full-time and part-time employment based on national definitions,I,ISL,Iceland,EMP,Employment,PT_POP_SUB,Percentage of population in the same subgroup,M,Male,_T,Total,EMP,Employment,MAIN,Main job,_T,Total,PT,Part-time,NAT_DEF,National definition,A,Annual,2010,,13.947,,A,Normal value,0,Units,1,One
DATAFLOW,OECD.ELS.SAE:DSD_FTPT@DF_FTPT_NATIONAL_INC(1.0),Incidence of full-time and part-time employment based on national definitions,I,ISL,Iceland,EMP,Employment,PT_POP_SUB,Percentage of population in the same subgroup,M,Male,_T,Total,EMP,Employment,MAIN,Main job,_T,Total,PT,Part-time,NAT_DEF,National definition,A,Annual,2011,,13.123,,A,Normal value,0,Units,1,One
DATAFLOW,OECD.ELS.SAE:DSD_FTPT@DF_FTPT_NATIONAL_INC(1.0),Incidence of full-time and part-time employment based on national definitions,I,ISL,Iceland,EMP,Employment,PT_POP_SUB,Percentage of population in the same subgroup,M,Male,_T,Total,EMP,Employment,MAIN,Main job,_T,Total,PT,Part-time,NAT_DEF,National definition,A,Annual,2012,,14.012,,A,Normal value,0,Units,1,One
DATAFLOW,OECD.ELS.SAE:DSD_FTPT@DF_FTPT_NATIONAL_INC(1.0),Incidence of full-time and part-time employment based on national definitions,I,ISL,Iceland,EMP,Employment,PT_POP_SUB,Percentage of population in the same subgroup,M,Male,_T,Total,EMP,Employment,MAIN,Main job,_T,Total,PT,Part-time,NAT_DEF,National definition,A,Annual,2013,,13.31,,A,Normal value,0,Units,1,One
DATAFLOW,OECD.ELS.SAE:DSD_FTPT@DF_FTPT_NATIONAL_INC(1.0),Incidence of full-time and part-time employment based on national definitions,I,ISL,Iceland,EMP,Employment,PT_POP_SUB,Percentage of population in the same subgroup,M,Male,_T,Total,EMP,Employment,MAIN,Main job,_T,Total,PT,Part-time,NAT_DEF,National definition,A,Annual,2014,,13.424,,A,Normal value,0,Units,1,One
DATAFLOW,OECD.ELS.SAE:DSD_FTPT@DF_FTPT_NATIONAL_INC(1.0),Incidence of full-time and part-time employment based on national definitions,I,ISL,Iceland,EMP,Employment,PT_POP_SUB,Percentage of population in the same subgroup,M,Male,_T,Total,EMP,Employment,MAIN,Main job,_T,Total,PT,Part-time,NAT_DEF,National definition,A,Annual,2015,,13.885,,A,Normal value,0,Units,1,One
DATAFLOW,OECD.ELS.SAE:DSD_FTPT@DF_FTPT_NATIONAL_INC(1.0),Incidence of full-time and part-time employment based on national definitions,I,ISL,Iceland,EMP,Employment,PT_POP_SUB,Percentage of population in the same subgroup,M,Male,_T,Total,EMP,Employment,MAIN,Main job,_T,Total,PT,Part-time,NAT_DEF,National definition,A,Annual,2016,,14.331,,A,Normal value,0,Units,1,One
DATAFLOW,OECD.ELS.SAE:DSD_FTPT@DF_FTPT_NATIONAL_INC(1.0),Incidence of full-time and part-time employment based on national definitions,I,ISL,Iceland,EMP,Employment,PT_POP_SUB,Percentage of population in the same subgroup,M,Male,_T,Total,EMP,Employment,MAIN,Main job,_T,Total,PT,Part-time,NAT_DEF,National definition,A,Annual,2017,,14.222,,A,Normal value,0,Units,1,One
DATAFLOW,OECD.ELS.SAE:DSD_FTPT@DF_FTPT_NATIONAL_INC(1.0),Incidence of full-time and part-time employment based on national definitions,I,ISL,Iceland,EMP,Employment,PT_POP_SUB,Percentage of population in the same subgroup,M,Male,_T,Total,EMP,Employment,MAIN,Main job,_T,Total,PT,Part-time,NAT_DEF,National definition,A,Annual,2018,,13.123,,A,Normal value,0,Units,1,One
DATAFLOW,OECD.ELS.SAE:DSD_FTPT@DF_FTPT_NATIONAL_INC(1.0),Incidence of full-time and part-time employment based on national definitions,I,ISL,Iceland,EMP,Employment,PT_POP_SUB,Percentage of population in the same subgroup,M,Male,_T,Total,EMP,Employment,MAIN,Main job,_T,Total,PT,Part-time,NAT_DEF,National definition,A,Annual,2019,,12.486,,A,Normal value,0,Units,1,One
DATAFLOW,OECD.ELS.SAE:DSD_FTPT@DF_FTPT_NATIONAL_INC(1.0),Incidence of full-time and part-time employment based on national definitions,I,ISL,Iceland,EMP,Employment,PT_POP_SUB,Percentage of population in the same subgroup,M,Male,_T,Total,EMP,Employment,MAIN,Main job,_T,Total,PT,Part-time,NAT_DEF,National definition,A,Annual,2020,,13.679,,A,Normal value,0,Units,1,One
DATAFLOW,OECD.ELS.SAE:DSD_FTPT@DF_FTPT_NATIONAL_INC(1.0),Incidence of full-time and part-time employment based on national definitions,I,ISL,Iceland,EMP,Employment,PT_POP_SUB,Percentage of population in the same subgroup,M,Male,_T,Total,EMP,Employment,MAIN,Main job,_T,Total,PT,Part-time,NAT_DEF,National definition,A,Annual,2021,,14.406,,A,Normal value,0,Units,1,One
DATAFLOW,OECD.ELS.SAE:DSD_FTPT@DF_FTPT_NATIONAL_INC(1.0),Incidence of full-time and part-time employment based on national definitions,I,ISL,Iceland,EMP,Employment,PT_POP_SUB,Percentage of population in the same subgroup,M,Male,_T,Total,EMP,Employment,MAIN,Main job,_T,Total,PT,Part-time,NAT_DEF,National definition,A,Annual,2022,,15.135,,A,Normal value,0,Units,1,One
DATAFLOW,OECD.ELS.SAE:DSD_FTPT@DF_FTPT_NATIONAL_INC(1.0),Incidence of full-time and part-time employment based on national definitions,I,ISL,Iceland,EMP,Employment,PT_POP_SUB,Percentage of population in the same subgroup,M,Male,_T,Total,EMP,Employment,MAIN,Main job,_T,Total,PT,Part-time,NAT_DEF,National definition,A,Annual,2023,,14.761,,A,Normal value,0,Units,1,One
DATAFLOW,OECD.ELS.SAE:DSD_FTPT@DF_FTPT_NATIONAL_INC(1.0),Incidence of full-time and part-time employment based on national definitions,I,ISL,Iceland,EMP,Employment,PT_POP_SUB,Percentage of population in the same subgroup,M,Male,_T,Total,EMP,Employment,MAIN,Main job,_T,Total,PT,Part-time,NAT_DEF,National definition,A,Annual,2024,,12.563,,A,Normal value,0,Units,1,One
DATAFLOW,OECD.ELS.SAE:DSD_FTPT@DF_FTPT_NATIONAL_INC(1.0),Incidence of full-time and part-time employment based on national definitions,I,ISL,Iceland,EMP,Employment,PT_POP_SUB,Percentage of population in the same subgroup,M,Male,_T,Total,EMP,Employment,MAIN,Main job,_T,Total,PT,Part-time,NAT_DEF,National definition,A,Annual,2025,,14.337,,A,Normal value,0,Units,1,One
DATAFLOW,OECD.ELS.SAE:DSD_FTPT@DF_FTPT_NATIONAL_INC(1.0),Incidence of full-time and part-time employment based on national definitions,I,IRL,Ireland,EMP,Employment,PT_POP_SUB,Percentage of population in the same subgroup,M,Male,_T,Total,EMP,Employment,MAIN,Main job,_T,Total,PT,Part-time,NAT_DEF,National definition,A,Annual,2010,,11.169,,A,Normal value,0,Units,1,One
DATAFLOW,OECD.ELS.SAE:DSD_FTPT@DF_FTPT_NATIONAL_INC(1.0),Incidence of full-time and part-time employment based on national definitions,I,IRL,Ireland,EMP,Employment,PT_POP_SUB,Percentage of population in the same subgroup,M,Male,_T,Total,EMP,Employment,MAIN,Main job,_T,Total,PT,Part-time,NAT_DEF,National definition,A,Annual,2012,,13.134,,A,Normal value,0,Units,1,One
DATAFLOW,OECD.ELS.SAE:DSD_FTPT@DF_FTPT_NATIONAL_INC(1.0),Incidence of full-time and part-time employment based on national definitions,I,IRL,Ireland,EMP,Employment,PT_POP_SUB,Percentage of population in the same subgroup,M,Male,_T,Total,EMP,Employment,MAIN,Main job,_T,Total,PT,Part-time,NAT_DEF,National definition,A,Annual,2013,,13.561,,A,Normal value,0,Units,1,One
DATAFLOW,OECD.ELS.SAE:DSD_FTPT@DF_FTPT_NATIONAL_INC(1.0),Incidence of full-time and part-time employment based on national definitions,I,IRL,Ireland,EMP,Employment,PT_POP_SUB,Percentage of population in the same subgroup,M,Male,_T,Total,EMP,Employment,MAIN,Main job,_T,Total,PT,Part-time,NAT_DEF,National definition,A,Annual,2015,,11.946,,A,Normal value,0,Units,1,One
DATAFLOW,OECD.ELS.SAE:DSD_FTPT@DF_FTPT_NATIONAL_INC(1.0),Incidence of full-time and part-time employment based on national definitions,I,IRL,Ireland,EMP,Employment,PT_POP_SUB,Percentage of population in the same subgroup,M,Male,_T,Total,EMP,Employment,MAIN,Main job,_T,Total,PT,Part-time,NAT_DEF,National definition,A,Annual,2016,,12.128,,A,Normal value,0,Units,1,One
DATAFLOW,OECD.ELS.SAE:DSD_FTPT@DF_FTPT_NATIONAL_INC(1.0),Incidence of full-time and part-time employment based on national definitions,I,IRL,Ireland,EMP,Employment,PT_POP_SUB,Percentage of population in the same subgroup,M,Male,_T,Total,EMP,Employment,MAIN,Main job,_T,Total,PT,Part-time,NAT_DEF,National definition,A,Annual,2017,,9.515,,A,Normal value,0,Units,1,One
DATAFLOW,OECD.ELS.SAE:DSD_FTPT@DF_FTPT_NATIONAL_INC(1.0),Incidence of full-time and part-time employment based on national definitions,I,IRL,Ireland,EMP,Employment,PT_POP_SUB,Percentage of population in the same subgroup,M,Male,_T,Total,EMP,Employment,MAIN,Main job,_T,Total,PT,Part-time,NAT_DEF,National definition,A,Annual,2018,,8.302,,A,Normal value,0,Units,1,One
DATAFLOW,OECD.ELS.SAE:DSD_FTPT@DF_FTPT_NATIONAL_INC(1.0),Incidence of full-time and part-time employment based on national definitions,I,IRL,Ireland,EMP,Employment,PT_POP_SUB,Percentage of population in the same subgroup,M,Male,_T,Total,EMP,Employment,MAIN,Main job,_T,Total,PT,Part-time,NAT_DEF,National definition,A,Annual,2019,,8.317,,A,Normal value,0,Units,1,One
DATAFLOW,OECD.ELS.SAE:DSD_FTPT@DF_FTPT_NATIONAL_INC(1.0),Incidence of full-time and part-time employment based on national definitions,I,IRL,Ireland,EMP,Employment,PT_POP_SUB,Percentage of population in the same subgroup,M,Male,_T,Total,EMP,Employment,MAIN,Main job,_T,Total,PT,Part-time,NAT_DEF,National definition,A,Annual,2020,,7.641,,A,Normal value,0,Units,1,One
DATAFLOW,OECD.ELS.SAE:DSD_FTPT@DF_FTPT_NATIONAL_INC(1.0),Incidence of full-time and part-time employment based on national definitions,I,IRL,Ireland,EMP,Employment,PT_POP_SUB,Percentage of population in the same subgroup,M,Male,_T,Total,EMP,Employment,MAIN,Main job,_T,Total,PT,Part-time,NAT_DEF,National definition,A,Annual,2022,,9.504,,A,Normal value,0,Units,1,One
DATAFLOW,OECD.ELS.SAE:DSD_FTPT@DF_FTPT_NATIONAL_INC(1.0),Incidence of full-time and part-time employment based on national definitions,I,IRL,Ireland,EMP,Employment,PT_POP_SUB,Percentage of population in the same subgroup,M,Male,_T,Total,EMP,Employment,MAIN,Main job,_T,Total,PT,Part-time,NAT_DEF,National definition,A,Annual,2023,,9.645,,A,Normal value,0,Units,1,One
DATAFLOW,OECD.ELS.SAE:DSD_FTPT@DF_FTPT_NATIONAL_INC(1.0),Incidence of full-time and part-time employment based on national definitions,I,IRL,Ireland,EMP,Employment,PT_POP_SUB,Percentage of population in the same subgroup,M,Male,_T,Total,EMP,Employment,MAIN,Main job,_T,Total,PT,Part-time,NAT_DEF,National definition,A,Annual,2024,,9.698,,A,Normal value,0,Units,1,One
DATAFLOW,OECD.ELS.SAE:DSD_FTPT@DF_FTPT_NATIONAL_INC(1.0),Incidence of full-time and part-time employment based on national definitions,I,IRL,Ireland,EMP,Employment,PT_POP_SUB,Percentage of population in the same subgroup,M,Male,_T,Total,EMP,Employment,MAIN,Main job,_T,Total,PT,Part-time,NAT_DEF,National definition,A,Annual,2025,,9.275,,A,Normal value,0,Units,1,One
DATAFLOW,OECD.ELS.SAE:DSD_FTPT@DF_FTPT_NATIONAL_INC(1.0),Incidence of full-time and part-time employment based on national definitions,I,ISR,Israel,EMP,Employment,PT_POP_SUB,Percentage of population in the same subgroup,M,Male,_T,Total,EMP,Employment,MAIN,Main job,_T,Total,PT,Part-time,NAT_DEF,National definition,A,Annual,2013,,13.405,,A,Normal value,0,Units,1,One
DATAFLOW,OECD.ELS.SAE:DSD_FTPT@DF_FTPT_NATIONAL_INC(1.0),Incidence of full-time and part-time employment based on national definitions,I,ISR,Israel,EMP,Employment,PT_POP_SUB,Percentage of population in the same subgroup,M,Male,_T,Total,EMP,Employment,MAIN,Main job,_T,Total,PT,Part-time,NAT_DEF,National definition,A,Annual,2014,,13.363,,A,Normal value,0,Units,1,One
DATAFLOW,OECD.ELS.SAE:DSD_FTPT@DF_FTPT_NATIONAL_INC(1.0),Incidence of full-time and part-time employment based on national definitions,I,ISR,Israel,EMP,Employment,PT_POP_SUB,Percentage of population in the same subgroup,M,Male,_T,Total,EMP,Employment,MAIN,Main job,_T,Total,PT,Part-time,NAT_DEF,National definition,A,Annual,2015,,13.458,,A,Normal value,0,Units,1,One
DATAFLOW,OECD.ELS.SAE:DSD_FTPT@DF_FTPT_NATIONAL_INC(1.0),Incidence of full-time and part-time employment based on national definitions,I,ISR,Israel,EMP,Employment,PT_POP_SUB,Percentage of population in the same subgroup,M,Male,_T,Total,EMP,Employment,MAIN,Main job,_T,Total,PT,Part-time,NAT_DEF,National definition,A,Annual,2016,,13.171,,A,Normal value,0,Units,1,One
DATAFLOW,OECD.ELS.SAE:DSD_FTPT@DF_FTPT_NATIONAL_INC(1.0),Incidence of full-time and part-time employment based on national definitions,I,ISR,Israel,EMP,Employment,PT_POP_SUB,Percentage of population in the same subgroup,M,Male,_T,Total,EMP,Employment,MAIN,Main job,_T,Total,PT,Part-time,NAT_DEF,National definition,A,Annual,2017,,12.87,,A,Normal value,0,Units,1,One
DATAFLOW,OECD.ELS.SAE:DSD_FTPT@DF_FTPT_NATIONAL_INC(1.0),Incidence of full-time and part-time employment based on national definitions,I,ISR,Israel,EMP,Employment,PT_POP_SUB,Percentage of population in the same subgroup,M,Male,_T,Total,EMP,Employment,MAIN,Main job,_T,Total,PT,Part-time,NAT_DEF,National definition,A,Annual,2018,,13.284,,A,Normal value,0,Units,1,One
DATAFLOW,OECD.ELS.SAE:DSD_FTPT@DF_FTPT_NATIONAL_INC(1.0),Incidence of full-time and part-time employment based on national definitions,I,ISR,Israel,EMP,Employment,PT_POP_SUB,Percentage of population in the same subgroup,M,Male,_T,Total,EMP,Employment,MAIN,Main job,_T,Total,PT,Part-time,NAT_DEF,National definition,A,Annual,2019,,13.105,,A,Normal value,0,Units,1,One
DATAFLOW,OECD.ELS.SAE:DSD_FTPT@DF_FTPT_NATIONAL_INC(1.0),Incidence of full-time and part-time employment based on national definitions,I,ISR,Israel,EMP,Employment,PT_POP_SUB,Percentage of population in the same subgroup,M,Male,_T,Total,EMP,Employment,MAIN,Main job,_T,Total,PT,Part-time,NAT_DEF,National definition,A,Annual,2020,,12.874,,A,Normal value,0,Units,1,One
DATAFLOW,OECD.ELS.SAE:DSD_FTPT@DF_FTPT_NATIONAL_INC(1.0),Incidence of full-time and part-time employment based on national definitions,I,ISR,Israel,EMP,Employment,PT_POP_SUB,Percentage of population in the same subgroup,M,Male,_T,Total,EMP,Employment,MAIN,Main job,_T,Total,PT,Part-time,NAT_DEF,National definition,A,Annual,2021,,12.953,,A,Normal value,0,Units,1,One
DATAFLOW,OECD.ELS.SAE:DSD_FTPT@DF_FTPT_NATIONAL_INC(1.0),Incidence of full-time and part-time employment based on national definitions,I,ISR,Israel,EMP,Employment,PT_POP_SUB,Percentage of population in the same subgroup,M,Male,_T,Total,EMP,Employment,MAIN,Main job,_T,Total,PT,Part-time,NAT_DEF,National definition,A,Annual,2023,,14.569,,A,Normal value,0,Units,1,One
DATAFLOW,OECD.ELS.SAE:DSD_FTPT@DF_FTPT_NATIONAL_INC(1.0),Incidence of full-time and part-time employment based on national definitions,I,ISR,Israel,EMP,Employment,PT_POP_SUB,Percentage of population in the same subgroup,M,Male,_T,Total,EMP,Employment,MAIN,Main job,_T,Total,PT,Part-time,NAT_DEF,National definition,A,Annual,2024,,13.959,,A,Normal value,0,Units,1,One
DATAFLOW,OECD.ELS.SAE:DSD_FTPT@DF_FTPT_NATIONAL_INC(1.0),Incidence of full-time and part-time employment based on national definitions,I,ISR,Israel,EMP,Employment,PT_POP_SUB,Percentage of population in the same subgroup,M,Male,_T,Total,EMP,Employment,MAIN,Main job,_T,Total,PT,Part-time,NAT_DEF,National definition,A,Annual,2025,,13.4,,A,Normal value,0,Units,1,One
DATAFLOW,OECD.ELS.SAE:DSD_FTPT@DF_FTPT_NATIONAL_INC(1.0),Incidence of full-time and part-time employment based on national definitions,I,ITA,Italy,EMP,Employment,PT_POP_SUB,Percentage of population in the same subgroup,M,Male,_T,Total,EMP,Employment,MAIN,Main job,_T,Total,PT,Part-time,NAT_DEF,National definition,A,Annual,2010,,5.481,,A,Normal value,0,Units,1,One
DATAFLOW,OECD.ELS.SAE:DSD_FTPT@DF_FTPT_NATIONAL_INC(1.0),Incidence of full-time and part-time employment based on national definitions,I,ITA,Italy,EMP,Employment,PT_POP_SUB,Percentage of population in the same subgroup,M,Male,_T,Total,EMP,Employment,MAIN,Main job,_T,Total,PT,Part-time,NAT_DEF,National definition,A,Annual,2011,,5.881,,A,Normal value,0,Units,1,One
DATAFLOW,OECD.ELS.SAE:DSD_FTPT@DF_FTPT_NATIONAL_INC(1.0),Incidence of full-time and part-time employment based on national definitions,I,ITA,Italy,EMP,Employment,PT_POP_SUB,Percentage of population in the same subgroup,M,Male,_T,Total,EMP,Employment,MAIN,Main job,_T,Total,PT,Part-time,NAT_DEF,National definition,A,Annual,2013,,7.901,,A,Normal value,0,Units,1,One
DATAFLOW,OECD.ELS.SAE:DSD_FTPT@DF_FTPT_NATIONAL_INC(1.0),Incidence of full-time and part-time employment based on national definitions,I,ITA,Italy,EMP,Employment,PT_POP_SUB,Percentage of population in the same subgroup,M,Male,_T,Total,EMP,Employment,MAIN,Main job,_T,Total,PT,Part-time,NAT_DEF,National definition,A,Annual,2014,,8.365,,A,Normal value,0,Units,1,One
DATAFLOW,OECD.ELS.SAE:DSD_FTPT@DF_FTPT_NATIONAL_INC(1.0),Incidence of full-time and part-time employment based on national definitions,I,ITA,Italy,EMP,Employment,PT_POP_SUB,Percentage of population in the same subgroup,M,Male,_T,Total,EMP,Employment,MAIN,Main job,_T,Total,PT,Part-time,NAT_DEF,National definition,A,Annual,2024,,7.487,,A,Normal value,0,Units,1,One
DATAFLOW,OECD.ELS.SAE:DSD_FTPT@DF_FTPT_NATIONAL_INC(1.0),Incidence of full-time and part-time employment based on national definitions,I,ITA,Italy,EMP,Employment,PT_POP_SUB,Percentage of population in the same subgroup,M,Male,_T,Total,EMP,Employment,MAIN,Main job,_T,Total,PT,Part-time,NAT_DEF,National definition,A,Annual,2025,,6.637,,A,Normal value,0,Units,1,One
DATAFLOW,OECD.ELS.SAE:DSD_FTPT@DF_FTPT_NATIONAL_INC(1.0),Incidence of full-time and part-time employment based on national definitions,I,JPN,Japan,EMP,Employment,PT_POP_SUB,Percentage of population in the same subgroup,M,Male,_T,Total,EMP,Employment,MAIN,Main job,_T,Total,PT,Part-time,NAT_DEF,National definition,A,Annual,2025,,15.902,,A,Normal value,0,Units,1,One
DATAFLOW,OECD.ELS.SAE:DSD_FTPT@DF_FTPT_NATIONAL_INC(1.0),Incidence of full-time and part-time employment based on national definitions,I,LVA,Latvia,EMP,Employment,PT_POP_SUB,Percentage of population in the same subgroup,M,Male,_T,Total,EMP,Employment,MAIN,Main job,_T,Total,PT,Part-time,NAT_DEF,National definition,A,Annual,2010,,7.895,,A,Normal value,0,Units,1,One
DATAFLOW,OECD.ELS.SAE:DSD_FTPT@DF_FTPT_NATIONAL_INC(1.0),Incidence of full-time and part-time employment based on national definitions,I,LVA,Latvia,EMP,Employment,PT_POP_SUB,Percentage of population in the same subgroup,M,Male,_T,Total,EMP,Employment,MAIN,Main job,_T,Total,PT,Part-time,NAT_DEF,National definition,A,Annual,2011,,7.318,,A,Normal value,0,Units,1,One
DATAFLOW,OECD.ELS.SAE:DSD_FTPT@DF_FTPT_NATIONAL_INC(1.0),Incidence of full-time and part-time employment based on national definitions,I,LVA,Latvia,EMP,Employment,PT_POP_SUB,Percentage of population in the same subgroup,M,Male,_T,Total,EMP,Employment,MAIN,Main job,_T,Total,PT,Part-time,NAT_DEF,National definition,A,Annual,2012,,7.033,,A,Normal value,0,Units,1,One
DATAFLOW,OECD.ELS.SAE:DSD_FTPT@DF_FTPT_NATIONAL_INC(1.0),Incidence of full-time and part-time employment based on national definitions,I,LVA,Latvia,EMP,Employment,PT_POP_SUB,Percentage of population in the same subgroup,M,Male,_T,Total,EMP,Employment,MAIN,Main job,_T,Total,PT,Part-time,NAT_DEF,National definition,A,Annual,2013,,5.976,,A,Normal value,0,Units,1,One
DATAFLOW,OECD.ELS.SAE:DSD_FTPT@DF_FTPT_NATIONAL_INC(1.0),Incidence of full-time and part-time employment based on national definitions,I,LVA,Latvia,EMP,Employment,PT_POP_SUB,Percentage of population in the same subgroup,M,Male,_T,Total,EMP,Employment,MAIN,Main job,_T,Total,PT,Part-time,NAT_DEF,National definition,A,Annual,2014,,5.152,,A,Normal value,0,Units,1,One
DATAFLOW,OECD.ELS.SAE:DSD_FTPT@DF_FTPT_NATIONAL_INC(1.0),Incidence of full-time and part-time employment based on national definitions,I,LVA,Latvia,EMP,Employment,PT_POP_SUB,Percentage of population in the same subgroup,M,Male,_T,Total,EMP,Employment,MAIN,Main job,_T,Total,PT,Part-time,NAT_DEF,National definition,A,Annual,2015,,4.908,,A,Normal value,0,Units,1,One
DATAFLOW,OECD.ELS.SAE:DSD_FTPT@DF_FTPT_NATIONAL_INC(1.0),Incidence of full-time and part-time employment based on national definitions,I,LVA,Latvia,EMP,Employment,PT_POP_SUB,Percentage of population in the same subgroup,M,Male,_T,Total,EMP,Employment,MAIN,Main job,_T,Total,PT,Part-time,NAT_DEF,National definition,A,Annual,2016,,6.67,,A,Normal value,0,Units,1,One
DATAFLOW,OECD.ELS.SAE:DSD_FTPT@DF_FTPT_NATIONAL_INC(1.0),Incidence of full-time and part-time employment based on national definitions,I,LVA,Latvia,EMP,Employment,PT_POP_SUB,Percentage of population in the same subgroup,M,Male,_T,Total,EMP,Employment,MAIN,Main job,_T,Total,PT,Part-time,NAT_DEF,National definition,A,Annual,2017,,5.311,,A,Normal value,0,Units,1,One
DATAFLOW,OECD.ELS.SAE:DSD_FTPT@DF_FTPT_NATIONAL_INC(1.0),Incidence of full-time and part-time employment based on national definitions,I,LVA,Latvia,EMP,Employment,PT_POP_SUB,Percentage of population in the same subgroup,M,Male,_T,Total,EMP,Employment,MAIN,Main job,_T,Total,PT,Part-time,NAT_DEF,National definition,A,Annual,2018,,5.253,,A,Normal value,0,Units,1,One
DATAFLOW,OECD.ELS.SAE:DSD_FTPT@DF_FTPT_NATIONAL_INC(1.0),Incidence of full-time and part-time employment based on national definitions,I,LVA,Latvia,EMP,Employment,PT_POP_SUB,Percentage of population in the same subgroup,M,Male,_T,Total,EMP,Employment,MAIN,Main job,_T,Total,PT,Part-time,NAT_DEF,National definition,A,Annual,2019,,6.346,,A,Normal value,0,Units,1,One
DATAFLOW,OECD.ELS.SAE:DSD_FTPT@DF_FTPT_NATIONAL_INC(1.0),Incidence of full-time and part-time employment based on national definitions,I,LVA,Latvia,EMP,Employment,PT_POP_SUB,Percentage of population in the same subgroup,M,Male,_T,Total,EMP,Employment,MAIN,Main job,_T,Total,PT,Part-time,NAT_DEF,National definition,A,Annual,2020,,7.013,,A,Normal value,0,Units,1,One
DATAFLOW,OECD.ELS.SAE:DSD_FTPT@DF_FTPT_NATIONAL_INC(1.0),Incidence of full-time and part-time employment based on national definitions,I,LVA,Latvia,EMP,Employment,PT_POP_SUB,Percentage of population in the same subgroup,M,Male,_T,Total,EMP,Employment,MAIN,Main job,_T,Total,PT,Part-time,NAT_DEF,National definition,A,Annual,2021,,5.994,,A,Normal value,0,Units,1,One
DATAFLOW,OECD.ELS.SAE:DSD_FTPT@DF_FTPT_NATIONAL_INC(1.0),Incidence of full-time and part-time employment based on national definitions,I,LVA,Latvia,EMP,Employment,PT_POP_SUB,Percentage of population in the same subgroup,M,Male,_T,Total,EMP,Employment,MAIN,Main job,_T,Total,PT,Part-time,NAT_DEF,National definition,A,Annual,2022,,4.611,,A,Normal value,0,Units,1,One
DATAFLOW,OECD.ELS.SAE:DSD_FTPT@DF_FTPT_NATIONAL_INC(1.0),Incidence of full-time and part-time employment based on national definitions,I,LVA,Latvia,EMP,Employment,PT_POP_SUB,Percentage of population in the same subgroup,M,Male,_T,Total,EMP,Employment,MAIN,Main job,_T,Total,PT,Part-time,NAT_DEF,National definition,A,Annual,2023,,5.505,,A,Normal value,0,Units,1,One
DATAFLOW,OECD.ELS.SAE:DSD_FTPT@DF_FTPT_NATIONAL_INC(1.0),Incidence of full-time and part-time employment based on national definitions,I,LVA,Latvia,EMP,Employment,PT_POP_SUB,Percentage of population in the same subgroup,M,Male,_T,Total,EMP,Employment,MAIN,Main job,_T,Total,PT,Part-time,NAT_DEF,National definition,A,Annual,2024,,5.447,,A,Normal value,0,Units,1,One
DATAFLOW,OECD.ELS.SAE:DSD_FTPT@DF_FTPT_NATIONAL_INC(1.0),Incidence of full-time and part-time employment based on national definitions,I,LVA,Latvia,EMP,Employment,PT_POP_SUB,Percentage of population in the same subgroup,M,Male,_T,Total,EMP,Employment,MAIN,Main job,_T,Total,PT,Part-time,NAT_DEF,National definition,A,Annual,2025,,5.924,,A,Normal value,0,Units,1,One
DATAFLOW,OECD.ELS.SAE:DSD_FTPT@DF_FTPT_NATIONAL_INC(1.0),Incidence of full-time and part-time employment based on national definitions,I,LTU,Lithuania,EMP,Employment,PT_POP_SUB,Percentage of population in the same subgroup,M,Male,_T,Total,EMP,Employment,MAIN,Main job,_T,Total,PT,Part-time,NAT_DEF,National definition,A,Annual,2010,,6.832,,A,Normal value,0,Units,1,One
DATAFLOW,OECD.ELS.SAE:DSD_FTPT@DF_FTPT_NATIONAL_INC(1.0),Incidence of full-time and part-time employment based on national definitions,I,LTU,Lithuania,EMP,Employment,PT_POP_SUB,Percentage of population in the same subgroup,M,Male,_T,Total,EMP,Employment,MAIN,Main job,_T,Total,PT,Part-time,NAT_DEF,National definition,A,Annual,2011,,7.115,,A,Normal value,0,Units,1,One
DATAFLOW,OECD.ELS.SAE:DSD_FTPT@DF_FTPT_NATIONAL_INC(1.0),Incidence of full-time and part-time employment based on national definitions,I,LTU,Lithuania,EMP,Employment,PT_POP_SUB,Percentage of population in the same subgroup,M,Male,_T,Total,EMP,Employment,MAIN,Main job,_T,Total,PT,Part-time,NAT_DEF,National definition,A,Annual,2012,,7.462,,A,Normal value,0,Units,1,One
DATAFLOW,OECD.ELS.SAE:DSD_FTPT@DF_FTPT_NATIONAL_INC(1.0),Incidence of full-time and part-time employment based on national definitions,I,LTU,Lithuania,EMP,Employment,PT_POP_SUB,Percentage of population in the same subgroup,M,Male,_T,Total,EMP,Employment,MAIN,Main job,_T,Total,PT,Part-time,NAT_DEF,National definition,A,Annual,2013,,7.068,,A,Normal value,0,Units,1,One
DATAFLOW,OECD.ELS.SAE:DSD_FTPT@DF_FTPT_NATIONAL_INC(1.0),Incidence of full-time and part-time employment based on national definitions,I,LTU,Lithuania,EMP,Employment,PT_POP_SUB,Percentage of population in the same subgroup,M,Male,_T,Total,EMP,Employment,MAIN,Main job,_T,Total,PT,Part-time,NAT_DEF,National definition,A,Annual,2014,,7.019,,A,Normal value,0,Units,1,One
DATAFLOW,OECD.ELS.SAE:DSD_FTPT@DF_FTPT_NATIONAL_INC(1.0),Incidence of full-time and part-time employment based on national definitions,I,LTU,Lithuania,EMP,Employment,PT_POP_SUB,Percentage of population in the same subgroup,M,Male,_T,Total,EMP,Employment,MAIN,Main job,_T,Total,PT,Part-time,NAT_DEF,National definition,A,Annual,2015,,6.064,,A,Normal value,0,Units,1,One
DATAFLOW,OECD.ELS.SAE:DSD_FTPT@DF_FTPT_NATIONAL_INC(1.0),Incidence of full-time and part-time employment based on national definitions,I,LTU,Lithuania,EMP,Employment,PT_POP_SUB,Percentage of population in the same subgroup,M,Male,_T,Total,EMP,Employment,MAIN,Main job,_T,Total,PT,Part-time,NAT_DEF,National definition,A,Annual,2016,,5.991,,A,Normal value,0,Units,1,One
DATAFLOW,OECD.ELS.SAE:DSD_FTPT@DF_FTPT_NATIONAL_INC(1.0),Incidence of full-time and part-time employment based on national definitions,I,LTU,Lithuania,EMP,Employment,PT_POP_SUB,Percentage of population in the same subgroup,M,Male,_T,Total,EMP,Employment,MAIN,Main job,_T,Total,PT,Part-time,NAT_DEF,National definition,A,Annual,2017,,6.53,,A,Normal value,0,Units,1,One
DATAFLOW,OECD.ELS.SAE:DSD_FTPT@DF_FTPT_NATIONAL_INC(1.0),Incidence of full-time and part-time employment based on national definitions,I,LTU,Lithuania,EMP,Employment,PT_POP_SUB,Percentage of population in the same subgroup,M,Male,_T,Total,EMP,Employment,MAIN,Main job,_T,Total,PT,Part-time,NAT_DEF,National definition,A,Annual,2018,,6.046,,A,Normal value,0,Units,1,One
DATAFLOW,OECD.ELS.SAE:DSD_FTPT@DF_FTPT_NATIONAL_INC(1.0),Incidence of full-time and part-time employment based on national definitions,I,LTU,Lithuania,EMP,Employment,PT_POP_SUB,Percentage of population in the same subgroup,M,Male,_T,Total,EMP,Employment,MAIN,Main job,_T,Total,PT,Part-time,NAT_DEF,National definition,A,Annual,2019,,5.715,,A,Normal value,0,Units,1,One
DATAFLOW,OECD.ELS.SAE:DSD_FTPT@DF_FTPT_NATIONAL_INC(1.0),Incidence of full-time and part-time employment based on national definitions,I,LTU,Lithuania,EMP,Employment,PT_POP_SUB,Percentage of population in the same subgroup,M,Male,_T,Total,EMP,Employment,MAIN,Main job,_T,Total,PT,Part-time,NAT_DEF,National definition,A,Annual,2020,,5.648,,A,Normal value,0,Units,1,One
DATAFLOW,OECD.ELS.SAE:DSD_FTPT@DF_FTPT_NATIONAL_INC(1.0),Incidence of full-time and part-time employment based on national definitions,I,LTU,Lithuania,EMP,Employment,PT_POP_SUB,Percentage of population in the same subgroup,M,Male,_T,Total,EMP,Employment,MAIN,Main job,_T,Total,PT,Part-time,NAT_DEF,National definition,A,Annual,2021,,5.053,,A,Normal value,0,Units,1,One
DATAFLOW,OECD.ELS.SAE:DSD_FTPT@DF_FTPT_NATIONAL_INC(1.0),Incidence of full-time and part-time employment based on national definitions,I,LTU,Lithuania,EMP,Employment,PT_POP_SUB,Percentage of population in the same subgroup,M,Male,_T,Total,EMP,Employment,MAIN,Main job,_T,Total,PT,Part-time,NAT_DEF,National definition,A,Annual,2022,,4.834,,A,Normal value,0,Units,1,One
DATAFLOW,OECD.ELS.SAE:DSD_FTPT@DF_FTPT_NATIONAL_INC(1.0),Incidence of full-time and part-time employment based on national definitions,I,LTU,Lithuania,EMP,Employment,PT_POP_SUB,Percentage of population in the same subgroup,M,Male,_T,Total,EMP,Employment,MAIN,Main job,_T,Total,PT,Part-time,NAT_DEF,National definition,A,Annual,2023,,5.063,,A,Normal value,0,Units,1,One
DATAFLOW,OECD.ELS.SAE:DSD_FTPT@DF_FTPT_NATIONAL_INC(1.0),Incidence of full-time and part-time employment based on national definitions,I,LTU,Lithuania,EMP,Employment,PT_POP_SUB,Percentage of population in the same subgroup,M,Male,_T,Total,EMP,Employment,MAIN,Main job,_T,Total,PT,Part-time,NAT_DEF,National definition,A,Annual,2024,,5.426,,A,Normal value,0,Units,1,One
DATAFLOW,OECD.ELS.SAE:DSD_FTPT@DF_FTPT_NATIONAL_INC(1.0),Incidence of full-time and part-time employment based on national definitions,I,LTU,Lithuania,EMP,Employment,PT_POP_SUB,Percentage of population in the same subgroup,M,Male,_T,Total,EMP,Employment,MAIN,Main job,_T,Total,PT,Part-time,NAT_DEF,National definition,A,Annual,2025,,4.758,,A,Normal value,0,Units,1,One
DATAFLOW,OECD.ELS.SAE:DSD_FTPT@DF_FTPT_NATIONAL_INC(1.0),Incidence of full-time and part-time employment based on national definitions,I,LUX,Luxembourg,EMP,Employment,PT_POP_SUB,Percentage of population in the same subgroup,M,Male,_T,Total,EMP,Employment,MAIN,Main job,_T,Total,PT,Part-time,NAT_DEF,National definition,A,Annual,2010,,3.786,,A,Normal value,0,Units,1,One
DATAFLOW,OECD.ELS.SAE:DSD_FTPT@DF_FTPT_NATIONAL_INC(1.0),Incidence of full-time and part-time employment based on national definitions,I,LUX,Luxembourg,EMP,Employment,PT_POP_SUB,Percentage of population in the same subgroup,M,Male,_T,Total,EMP,Employment,MAIN,Main job,_T,Total,PT,Part-time,NAT_DEF,National definition,A,Annual,2011,,4.513,,A,Normal value,0,Units,1,One
DATAFLOW,OECD.ELS.SAE:DSD_FTPT@DF_FTPT_NATIONAL_INC(1.0),Incidence of full-time and part-time employment based on national definitions,I,LUX,Luxembourg,EMP,Employment,PT_POP_SUB,Percentage of population in the same subgroup,M,Male,_T,Total,EMP,Employment,MAIN,Main job,_T,Total,PT,Part-time,NAT_DEF,National definition,A,Annual,2012,,5.118,,A,Normal value,0,Units,1,One
DATAFLOW,OECD.ELS.SAE:DSD_FTPT@DF_FTPT_NATIONAL_INC(1.0),Incidence of full-time and part-time employment based on national definitions,I,LUX,Luxembourg,EMP,Employment,PT_POP_SUB,Percentage of population in the same subgroup,M,Male,_T,Total,EMP,Employment,MAIN,Main job,_T,Total,PT,Part-time,NAT_DEF,National definition,A,Annual,2013,,5.358,,A,Normal value,0,Units,1,One
DATAFLOW,OECD.ELS.SAE:DSD_FTPT@DF_FTPT_NATIONAL_INC(1.0),Incidence of full-time and part-time employment based on national definitions,I,LUX,Luxembourg,EMP,Employment,PT_POP_SUB,Percentage of population in the same subgroup,M,Male,_T,Total,EMP,Employment,MAIN,Main job,_T,Total,PT,Part-time,NAT_DEF,National definition,A,Annual,2014,,5.047,,A,Normal value,0,Units,1,One
DATAFLOW,OECD.ELS.SAE:DSD_FTPT@DF_FTPT_NATIONAL_INC(1.0),Incidence of full-time and part-time employment based on national definitions,I,LUX,Luxembourg,EMP,Employment,PT_POP_SUB,Percentage of population in the same subgroup,M,Male,_T,Total,EMP,Employment,MAIN,Main job,_T,Total,PT,Part-time,NAT_DEF,National definition,A,Annual,2015,,4.996,,A,Normal value,0,Units,1,One
DATAFLOW,OECD.ELS.SAE:DSD_FTPT@DF_FTPT_NATIONAL_INC(1.0),Incidence of full-time and part-time employment based on national definitions,I,LUX,Luxembourg,EMP,Employment,PT_POP_SUB,Percentage of population in the same subgroup,M,Male,_T,Total,EMP,Employment,MAIN,Main job,_T,Total,PT,Part-time,NAT_DEF,National definition,A,Annual,2016,,5.275,,A,Normal value,0,Units,1,One
DATAFLOW,OECD.ELS.SAE:DSD_FTPT@DF_FTPT_NATIONAL_INC(1.0),Incidence of full-time and part-time employment based on national definitions,I,LUX,Luxembourg,EMP,Employment,PT_POP_SUB,Percentage of population in the same subgroup,M,Male,_T,Total,EMP,Employment,MAIN,Main job,_T,Total,PT,Part-time,NAT_DEF,National definition,A,Annual,2017,,5.181,,A,Normal value,0,Units,1,One
DATAFLOW,OECD.ELS.SAE:DSD_FTPT@DF_FTPT_NATIONAL_INC(1.0),Incidence of full-time and part-time employment based on national definitions,I,LUX,Luxembourg,EMP,Employment,PT_POP_SUB,Percentage of population in the same subgroup,M,Male,_T,Total,EMP,Employment,MAIN,Main job,_T,Total,PT,Part-time,NAT_DEF,National definition,A,Annual,2018,,4.699,,A,Normal value,0,Units,1,One
DATAFLOW,OECD.ELS.SAE:DSD_FTPT@DF_FTPT_NATIONAL_INC(1.0),Incidence of full-time and part-time employment based on national definitions,I,LUX,Luxembourg,EMP,Employment,PT_POP_SUB,Percentage of population in the same subgroup,M,Male,_T,Total,EMP,Employment,MAIN,Main job,_T,Total,PT,Part-time,NAT_DEF,National definition,A,Annual,2019,,4.896,,A,Normal value,0,Units,1,One
DATAFLOW,OECD.ELS.SAE:DSD_FTPT@DF_FTPT_NATIONAL_INC(1.0),Incidence of full-time and part-time employment based on national definitions,I,LUX,Luxembourg,EMP,Employment,PT_POP_SUB,Percentage of population in the same subgroup,M,Male,_T,Total,EMP,Employment,MAIN,Main job,_T,Total,PT,Part-time,NAT_DEF,National definition,A,Annual,2020,,5.955,,A,Normal value,0,Units,1,One
DATAFLOW,OECD.ELS.SAE:DSD_FTPT@DF_FTPT_NATIONAL_INC(1.0),Incidence of full-time and part-time employment based on national definitions,I,LUX,Luxembourg,EMP,Employment,PT_POP_SUB,Percentage of population in the same subgroup,M,Male,_T,Total,EMP,Employment,MAIN,Main job,_T,Total,PT,Part-time,NAT_DEF,National definition,A,Annual,2021,,7.58,,A,Normal value,0,Units,1,One
DATAFLOW,OECD.ELS.SAE:DSD_FTPT@DF_FTPT_NATIONAL_INC(1.0),Incidence of full-time and part-time employment based on national definitions,I,LUX,Luxembourg,EMP,Employment,PT_POP_SUB,Percentage of population in the same subgroup,M,Male,_T,Total,EMP,Employment,MAIN,Main job,_T,Total,PT,Part-time,NAT_DEF,National definition,A,Annual,2022,,7.875,,A,Normal value,0,Units,1,One
DATAFLOW,OECD.ELS.SAE:DSD_FTPT@DF_FTPT_NATIONAL_INC(1.0),Incidence of full-time and part-time employment based on national definitions,I,LUX,Luxembourg,EMP,Employment,PT_POP_SUB,Percentage of population in the same subgroup,M,Male,_T,Total,EMP,Employment,MAIN,Main job,_T,Total,PT,Part-time,NAT_DEF,National definition,A,Annual,2023,,9.367,,A,Normal value,0,Units,1,One
DATAFLOW,OECD.ELS.SAE:DSD_FTPT@DF_FTPT_NATIONAL_INC(1.0),Incidence of full-time and part-time employment based on national definitions,I,LUX,Luxembourg,EMP,Employment,PT_POP_SUB,Percentage of population in the same subgroup,M,Male,_T,Total,EMP,Employment,MAIN,Main job,_T,Total,PT,Part-time,NAT_DEF,National definition,A,Annual,2024,,8.21,,A,Normal value,0,Units,1,One
DATAFLOW,OECD.ELS.SAE:DSD_FTPT@DF_FTPT_NATIONAL_INC(1.0),Incidence of full-time and part-time employment based on national definitions,I,LUX,Luxembourg,EMP,Employment,PT_POP_SUB,Percentage of population in the same subgroup,M,Male,_T,Total,EMP,Employment,MAIN,Main job,_T,Total,PT,Part-time,NAT_DEF,National definition,A,Annual,2025,,9.244,,A,Normal value,0,Units,1,One
DATAFLOW,OECD.ELS.SAE:DSD_FTPT@DF_FTPT_NATIONAL_INC(1.0),Incidence of full-time and part-time employment based on national definitions,I,MEX,Mexico,EMP,Employment,PT_POP_SUB,Percentage of population in the same subgroup,M,Male,_T,Total,EMP,Employment,MAIN,Main job,_T,Total,PT,Part-time,NAT_DEF,National definition,A,Annual,2010,,16.44,,A,Normal value,0,Units,1,One
DATAFLOW,OECD.ELS.SAE:DSD_FTPT@DF_FTPT_NATIONAL_INC(1.0),Incidence of full-time and part-time employment based on national definitions,I,MEX,Mexico,EMP,Employment,PT_POP_SUB,Percentage of population in the same subgroup,M,Male,_T,Total,EMP,Employment,MAIN,Main job,_T,Total,PT,Part-time,NAT_DEF,National definition,A,Annual,2025,,16.962,,A,Normal value,0,Units,1,One
DATAFLOW,OECD.ELS.SAE:DSD_FTPT@DF_FTPT_NATIONAL_INC(1.0),Incidence of full-time and part-time employment based on national definitions,I,NLD,Netherlands,EMP,Employment,PT_POP_SUB,Percentage of population in the same subgroup,M,Male,_T,Total,EMP,Employment,MAIN,Main job,_T,Total,PT,Part-time,NAT_DEF,National definition,A,Annual,2012,,24.775,,A,Normal value,0,Units,1,One
DATAFLOW,OECD.ELS.SAE:DSD_FTPT@DF_FTPT_NATIONAL_INC(1.0),Incidence of full-time and part-time employment based on national definitions,I,NLD,Netherlands,EMP,Employment,PT_POP_SUB,Percentage of population in the same subgroup,M,Male,_T,Total,EMP,Employment,MAIN,Main job,_T,Total,PT,Part-time,NAT_DEF,National definition,A,Annual,2024,,29.852,,A,Normal value,0,Units,1,One
DATAFLOW,OECD.ELS.SAE:DSD_FTPT@DF_FTPT_NATIONAL_INC(1.0),Incidence of full-time and part-time employment based on national definitions,I,NLD,Netherlands,EMP,Employment,PT_POP_SUB,Percentage of population in the same subgroup,M,Male,_T,Total,EMP,Employment,MAIN,Main job,_T,Total,PT,Part-time,NAT_DEF,National definition,A,Annual,2025,,30.603,,A,Normal value,0,Units,1,One
DATAFLOW,OECD.ELS.SAE:DSD_FTPT@DF_FTPT_NATIONAL_INC(1.0),Incidence of full-time and part-time employment based on national definitions,I,NZL,New Zealand,EMP,Employment,PT_POP_SUB,Percentage of population in the same subgroup,M,Male,_T,Total,EMP,Employment,MAIN,Main job,_T,Total,PT,Part-time,NAT_DEF,National definition,A,Annual,2010,,11.616,,A,Normal value,0,Units,1,One
DATAFLOW,OECD.ELS.SAE:DSD_FTPT@DF_FTPT_NATIONAL_INC(1.0),Incidence of full-time and part-time employment based on national definitions,I,NZL,New Zealand,EMP,Employment,PT_POP_SUB,Percentage of population in the same subgroup,M,Male,_T,Total,EMP,Employment,MAIN,Main job,_T,Total,PT,Part-time,NAT_DEF,National definition,A,Annual,2011,,11.399,,A,Normal value,0,Units,1,One
DATAFLOW,OECD.ELS.SAE:DSD_FTPT@DF_FTPT_NATIONAL_INC(1.0),Incidence of full-time and part-time employment based on national definitions,I,NZL,New Zealand,EMP,Employment,PT_POP_SUB,Percentage of population in the same subgroup,M,Male,_T,Total,EMP,Employment,MAIN,Main job,_T,Total,PT,Part-time,NAT_DEF,National definition,A,Annual,2012,,11.334,,A,Normal value,0,Units,1,One
DATAFLOW,OECD.ELS.SAE:DSD_FTPT@DF_FTPT_NATIONAL_INC(1.0),Incidence of full-time and part-time employment based on national definitions,I,NZL,New Zealand,EMP,Employment,PT_POP_SUB,Percentage of population in the same subgroup,M,Male,_T,Total,EMP,Employment,MAIN,Main job,_T,Total,PT,Part-time,NAT_DEF,National definition,A,Annual,2013,,11.31,,A,Normal value,0,Units,1,One
DATAFLOW,OECD.ELS.SAE:DSD_FTPT@DF_FTPT_NATIONAL_INC(1.0),Incidence of full-time and part-time employment based on national definitions,I,NZL,New Zealand,EMP,Employment,PT_POP_SUB,Percentage of population in the same subgroup,M,Male,_T,Total,EMP,Employment,MAIN,Main job,_T,Total,PT,Part-time,NAT_DEF,National definition,A,Annual,2014,,11.776,,A,Normal value,0,Units,1,One
DATAFLOW,OECD.ELS.SAE:DSD_FTPT@DF_FTPT_NATIONAL_INC(1.0),Incidence of full-time and part-time employment based on national definitions,I,NZL,New Zealand,EMP,Employment,PT_POP_SUB,Percentage of population in the same subgroup,M,Male,_T,Total,EMP,Employment,MAIN,Main job,_T,Total,PT,Part-time,NAT_DEF,National definition,A,Annual,2015,,11.33,,A,Normal value,0,Units,1,One
DATAFLOW,OECD.ELS.SAE:DSD_FTPT@DF_FTPT_NATIONAL_INC(1.0),Incidence of full-time and part-time employment based on national definitions,I,NZL,New Zealand,EMP,Employment,PT_POP_SUB,Percentage of population in the same subgroup,M,Male,_T,Total,EMP,Employment,MAIN,Main job,_T,Total,PT,Part-time,NAT_DEF,National definition,A,Annual,2016,,11.506,,A,Normal value,0,Units,1,One
DATAFLOW,OECD.ELS.SAE:DSD_FTPT@DF_FTPT_NATIONAL_INC(1.0),Incidence of full-time and part-time employment based on national definitions,I,NZL,New Zealand,EMP,Employment,PT_POP_SUB,Percentage of population in the same subgroup,M,Male,_T,Total,EMP,Employment,MAIN,Main job,_T,Total,PT,Part-time,NAT_DEF,National definition,A,Annual,2017,,11.626,,A,Normal value,0,Units,1,One
DATAFLOW,OECD.ELS.SAE:DSD_FTPT@DF_FTPT_NATIONAL_INC(1.0),Incidence of full-time and part-time employment based on national definitions,I,NZL,New Zealand,EMP,Employment,PT_POP_SUB,Percentage of population in the same subgroup,M,Male,_T,Total,EMP,Employment,MAIN,Main job,_T,Total,PT,Part-time,NAT_DEF,National definition,A,Annual,2018,,11.297,,A,Normal value,0,Units,1,One
DATAFLOW,OECD.ELS.SAE:DSD_FTPT@DF_FTPT_NATIONAL_INC(1.0),Incidence of full-time and part-time employment based on national definitions,I,NZL,New Zealand,EMP,Employment,PT_POP_SUB,Percentage of population in the same subgroup,M,Male,_T,Total,EMP,Employment,MAIN,Main job,_T,Total,PT,Part-time,NAT_DEF,National definition,A,Annual,2019,,10.713,,A,Normal value,0,Units,1,One
DATAFLOW,OECD.ELS.SAE:DSD_FTPT@DF_FTPT_NATIONAL_INC(1.0),Incidence of full-time and part-time employment based on national definitions,I,NZL,New Zealand,EMP,Employment,PT_POP_SUB,Percentage of population in the same subgroup,M,Male,_T,Total,EMP,Employment,MAIN,Main job,_T,Total,PT,Part-time,NAT_DEF,National definition,A,Annual,2020,,11.266,,A,Normal value,0,Units,1,One
DATAFLOW,OECD.ELS.SAE:DSD_FTPT@DF_FTPT_NATIONAL_INC(1.0),Incidence of full-time and part-time employment based on national definitions,I,NZL,New Zealand,EMP,Employment,PT_POP_SUB,Percentage of population in the same subgroup,M,Male,_T,Total,EMP,Employment,MAIN,Main job,_T,Total,PT,Part-time,NAT_DEF,National definition,A,Annual,2021,,11.674,,A,Normal value,0,Units,1,One
DATAFLOW,OECD.ELS.SAE:DSD_FTPT@DF_FTPT_NATIONAL_INC(1.0),Incidence of full-time and part-time employment based on national definitions,I,NZL,New Zealand,EMP,Employment,PT_POP_SUB,Percentage of population in the same subgroup,M,Male,_T,Total,EMP,Employment,MAIN,Main job,_T,Total,PT,Part-time,NAT_DEF,National definition,A,Annual,2022,,10.999,,A,Normal value,0,Units,1,One
DATAFLOW,OECD.ELS.SAE:DSD_FTPT@DF_FTPT_NATIONAL_INC(1.0),Incidence of full-time and part-time employment based on national definitions,I,NZL,New Zealand,EMP,Employment,PT_POP_SUB,Percentage of population in the same subgroup,M,Male,_T,Total,EMP,Employment,MAIN,Main job,_T,Total,PT,Part-time,NAT_DEF,National definition,A,Annual,2023,,11.428,,A,Normal value,0,Units,1,One
DATAFLOW,OECD.ELS.SAE:DSD_FTPT@DF_FTPT_NATIONAL_INC(1.0),Incidence of full-time and part-time employment based on national definitions,I,NZL,New Zealand,EMP,Employment,PT_POP_SUB,Percentage of population in the same subgroup,M,Male,_T,Total,EMP,Employment,MAIN,Main job,_T,Total,PT,Part-time,NAT_DEF,National definition,A,Annual,2024,,11.914,,A,Normal value,0,Units,1,One
DATAFLOW,OECD.ELS.SAE:DSD_FTPT@DF_FTPT_NATIONAL_INC(1.0),Incidence of full-time and part-time employment based on national definitions,I,NZL,New Zealand,EMP,Employment,PT_POP_SUB,Percentage of population in the same subgroup,M,Male,_T,Total,EMP,Employment,MAIN,Main job,_T,Total,PT,Part-time,NAT_DEF,National definition,A,Annual,2025,,12.214,,A,Normal value,0,Units,1,One
DATAFLOW,OECD.ELS.SAE:DSD_FTPT@DF_FTPT_NATIONAL_INC(1.0),Incidence of full-time and part-time employment based on national definitions,I,NOR,Norway,EMP,Employment,PT_POP_SUB,Percentage of population in the same subgroup,M,Male,_T,Total,EMP,Employment,MAIN,Main job,_T,Total,PT,Part-time,NAT_DEF,National definition,A,Annual,2010,,13.82,,A,Normal value,0,Units,1,One
DATAFLOW,OECD.ELS.SAE:DSD_FTPT@DF_FTPT_NATIONAL_INC(1.0),Incidence of full-time and part-time employment based on national definitions,I,NOR,Norway,EMP,Employment,PT_POP_SUB,Percentage of population in the same subgroup,M,Male,_T,Total,EMP,Employment,MAIN,Main job,_T,Total,PT,Part-time,NAT_DEF,National definition,A,Annual,2011,,13.606,,A,Normal value,0,Units,1,One
DATAFLOW,OECD.ELS.SAE:DSD_FTPT@DF_FTPT_NATIONAL_INC(1.0),Incidence of full-time and part-time employment based on national definitions,I,NOR,Norway,EMP,Employment,PT_POP_SUB,Percentage of population in the same subgroup,M,Male,_T,Total,EMP,Employment,MAIN,Main job,_T,Total,PT,Part-time,NAT_DEF,National definition,A,Annual,2012,,14.262,,A,Normal value,0,Units,1,One
DATAFLOW,OECD.ELS.SAE:DSD_FTPT@DF_FTPT_NATIONAL_INC(1.0),Incidence of full-time and part-time employment based on national definitions,I,NOR,Norway,EMP,Employment,PT_POP_SUB,Percentage of population in the same subgroup,M,Male,_T,Total,EMP,Employment,MAIN,Main job,_T,Total,PT,Part-time,NAT_DEF,National definition,A,Annual,2013,,14.298,,A,Normal value,0,Units,1,One
DATAFLOW,OECD.ELS.SAE:DSD_FTPT@DF_FTPT_NATIONAL_INC(1.0),Incidence of full-time and part-time employment based on national definitions,I,NOR,Norway,EMP,Employment,PT_POP_SUB,Percentage of population in the same subgroup,M,Male,_T,Total,EMP,Employment,MAIN,Main job,_T,Total,PT,Part-time,NAT_DEF,National definition,A,Annual,2014,,13.834,,A,Normal value,0,Units,1,One
DATAFLOW,OECD.ELS.SAE:DSD_FTPT@DF_FTPT_NATIONAL_INC(1.0),Incidence of full-time and part-time employment based on national definitions,I,NOR,Norway,EMP,Employment,PT_POP_SUB,Percentage of population in the same subgroup,M,Male,_T,Total,EMP,Employment,MAIN,Main job,_T,Total,PT,Part-time,NAT_DEF,National definition,A,Annual,2015,,14.904,,A,Normal value,0,Units,1,One
DATAFLOW,OECD.ELS.SAE:DSD_FTPT@DF_FTPT_NATIONAL_INC(1.0),Incidence of full-time and part-time employment based on national definitions,I,NOR,Norway,EMP,Employment,PT_POP_SUB,Percentage of population in the same subgroup,M,Male,_T,Total,EMP,Employment,MAIN,Main job,_T,Total,PT,Part-time,NAT_DEF,National definition,A,Annual,2016,,14.8,,A,Normal value,0,Units,1,One
DATAFLOW,OECD.ELS.SAE:DSD_FTPT@DF_FTPT_NATIONAL_INC(1.0),Incidence of full-time and part-time employment based on national definitions,I,NOR,Norway,EMP,Employment,PT_POP_SUB,Percentage of population in the same subgroup,M,Male,_T,Total,EMP,Employment,MAIN,Main job,_T,Total,PT,Part-time,NAT_DEF,National definition,A,Annual,2017,,14.643,,A,Normal value,0,Units,1,One
DATAFLOW,OECD.ELS.SAE:DSD_FTPT@DF_FTPT_NATIONAL_INC(1.0),Incidence of full-time and part-time employment based on national definitions,I,NOR,Norway,EMP,Employment,PT_POP_SUB,Percentage of population in the same subgroup,M,Male,_T,Total,EMP,Employment,MAIN,Main job,_T,Total,PT,Part-time,NAT_DEF,National definition,A,Annual,2018,,14.598,,A,Normal value,0,Units,1,One
DATAFLOW,OECD.ELS.SAE:DSD_FTPT@DF_FTPT_NATIONAL_INC(1.0),Incidence of full-time and part-time employment based on national definitions,I,NOR,Norway,EMP,Employment,PT_POP_SUB,Percentage of population in the same subgroup,M,Male,_T,Total,EMP,Employment,MAIN,Main job,_T,Total,PT,Part-time,NAT_DEF,National definition,A,Annual,2019,,16.447,,A,Normal value,0,Units,1,One
DATAFLOW,OECD.ELS.SAE:DSD_FTPT@DF_FTPT_NATIONAL_INC(1.0),Incidence of full-time and part-time employment based on national definitions,I,NOR,Norway,EMP,Employment,PT_POP_SUB,Percentage of population in the same subgroup,M,Male,_T,Total,EMP,Employment,MAIN,Main job,_T,Total,PT,Part-time,NAT_DEF,National definition,A,Annual,2020,,16.622,,A,Normal value,0,Units,1,One
DATAFLOW,OECD.ELS.SAE:DSD_FTPT@DF_FTPT_NATIONAL_INC(1.0),Incidence of full-time and part-time employment based on national definitions,I,NOR,Norway,EMP,Employment,PT_POP_SUB,Percentage of population in the same subgroup,M,Male,_T,Total,EMP,Employment,MAIN,Main job,_T,Total,PT,Part-time,NAT_DEF,National definition,A,Annual,2021,,17.806,,A,Normal value,0,Units,1,One
DATAFLOW,OECD.ELS.SAE:DSD_FTPT@DF_FTPT_NATIONAL_INC(1.0),Incidence of full-time and part-time employment based on national definitions,I,NOR,Norway,EMP,Employment,PT_POP_SUB,Percentage of population in the same subgroup,M,Male,_T,Total,EMP,Employment,MAIN,Main job,_T,Total,PT,Part-time,NAT_DEF,National definition,A,Annual,2022,,17.111,,A,Normal value,0,Units,1,One
DATAFLOW,OECD.ELS.SAE:DSD_FTPT@DF_FTPT_NATIONAL_INC(1.0),Incidence of full-time and part-time employment based on national definitions,I,NOR,Norway,EMP,Employment,PT_POP_SUB,Percentage of population in the same subgroup,M,Male,_T,Total,EMP,Employment,MAIN,Main job,_T,Total,PT,Part-time,NAT_DEF,National definition,A,Annual,2023,,17.547,,A,Normal value,0,Units,1,One
DATAFLOW,OECD.ELS.SAE:DSD_FTPT@DF_FTPT_NATIONAL_INC(1.0),Incidence of full-time and part-time employment based on national definitions,I,NOR,Norway,EMP,Employment,PT_POP_SUB,Percentage of population in the same subgroup,M,Male,_T,Total,EMP,Employment,MAIN,Main job,_T,Total,PT,Part-time,NAT_DEF,National definition,A,Annual,2024,,17.368,,A,Normal value,0,Units,1,One
DATAFLOW,OECD.ELS.SAE:DSD_FTPT@DF_FTPT_NATIONAL_INC(1.0),Incidence of full-time and part-time employment based on national definitions,I,NOR,Norway,EMP,Employment,PT_POP_SUB,Percentage of population in the same subgroup,M,Male,_T,Total,EMP,Employment,MAIN,Main job,_T,Total,PT,Part-time,NAT_DEF,National definition,A,Annual,2025,,17.701,,A,Normal value,0,Units,1,One
DATAFLOW,OECD.ELS.SAE:DSD_FTPT@DF_FTPT_NATIONAL_INC(1.0),Incidence of full-time and part-time employment based on national definitions,I,POL,Poland,EMP,Employment,PT_POP_SUB,Percentage of population in the same subgroup,M,Male,_T,Total,EMP,Employment,MAIN,Main job,_T,Total,PT,Part-time,NAT_DEF,National definition,A,Annual,2013,,5.171,,A,Normal value,0,Units,1,One
DATAFLOW,OECD.ELS.SAE:DSD_FTPT@DF_FTPT_NATIONAL_INC(1.0),Incidence of full-time and part-time employment based on national definitions,I,POL,Poland,EMP,Employment,PT_POP_SUB,Percentage of population in the same subgroup,M,Male,_T,Total,EMP,Employment,MAIN,Main job,_T,Total,PT,Part-time,NAT_DEF,National definition,A,Annual,2016,,4.414,,A,Normal value,0,Units,1,One
DATAFLOW,OECD.ELS.SAE:DSD_FTPT@DF_FTPT_NATIONAL_INC(1.0),Incidence of full-time and part-time employment based on national definitions,I,POL,Poland,EMP,Employment,PT_POP_SUB,Percentage of population in the same subgroup,M,Male,_T,Total,EMP,Employment,MAIN,Main job,_T,Total,PT,Part-time,NAT_DEF,National definition,A,Annual,2023,,3.827,,A,Normal value,0,Units,1,One
DATAFLOW,OECD.ELS.SAE:DSD_FTPT@DF_FTPT_NATIONAL_INC(1.0),Incidence of full-time and part-time employment based on national definitions,I,POL,Poland,EMP,Employment,PT_POP_SUB,Percentage of population in the same subgroup,M,Male,_T,Total,EMP,Employment,MAIN,Main job,_T,Total,PT,Part-time,NAT_DEF,National definition,A,Annual,2025,,3.869,,A,Normal value,0,Units,1,One
DATAFLOW,OECD.ELS.SAE:DSD_FTPT@DF_FTPT_NATIONAL_INC(1.0),Incidence of full-time and part-time employment based on national definitions,I,PRT,Portugal,EMP,Employment,PT_POP_SUB,Percentage of population in the same subgroup,M,Male,_T,Total,EMP,Employment,MAIN,Main job,_T,Total,PT,Part-time,NAT_DEF,National definition,A,Annual,2010,,8.389,,A,Normal value,0,Units,1,One
DATAFLOW,OECD.ELS.SAE:DSD_FTPT@DF_FTPT_NATIONAL_INC(1.0),Incidence of full-time and part-time employment based on national definitions,I,PRT,Portugal,EMP,Employment,PT_POP_SUB,Percentage of population in the same subgroup,M,Male,_T,Total,EMP,Employment,MAIN,Main job,_T,Total,PT,Part-time,NAT_DEF,National definition,A,Annual,2011,,6.24,,A,Normal value,0,Units,1,One
DATAFLOW,OECD.ELS.SAE:DSD_FTPT@DF_FTPT_NATIONAL_INC(1.0),Incidence of full-time and part-time employment based on national definitions,I,PRT,Portugal,EMP,Employment,PT_POP_SUB,Percentage of population in the same subgroup,M,Male,_T,Total,EMP,Employment,MAIN,Main job,_T,Total,PT,Part-time,NAT_DEF,National definition,A,Annual,2012,,7.316,,A,Normal value,0,Units,1,One
DATAFLOW,OECD.ELS.SAE:DSD_FTPT@DF_FTPT_NATIONAL_INC(1.0),Incidence of full-time and part-time employment based on national definitions,I,PRT,Portugal,EMP,Employment,PT_POP_SUB,Percentage of population in the same subgroup,M,Male,_T,Total,EMP,Employment,MAIN,Main job,_T,Total,PT,Part-time,NAT_DEF,National definition,A,Annual,2013,,7.506,,A,Normal value,0,Units,1,One
DATAFLOW,OECD.ELS.SAE:DSD_FTPT@DF_FTPT_NATIONAL_INC(1.0),Incidence of full-time and part-time employment based on national definitions,I,PRT,Portugal,EMP,Employment,PT_POP_SUB,Percentage of population in the same subgroup,M,Male,_T,Total,EMP,Employment,MAIN,Main job,_T,Total,PT,Part-time,NAT_DEF,National definition,A,Annual,2014,,6.988,,A,Normal value,0,Units,1,One
DATAFLOW,OECD.ELS.SAE:DSD_FTPT@DF_FTPT_NATIONAL_INC(1.0),Incidence of full-time and part-time employment based on national definitions,I,PRT,Portugal,EMP,Employment,PT_POP_SUB,Percentage of population in the same subgroup,M,Male,_T,Total,EMP,Employment,MAIN,Main job,_T,Total,PT,Part-time,NAT_DEF,National definition,A,Annual,2015,,6.89,,A,Normal value,0,Units,1,One
DATAFLOW,OECD.ELS.SAE:DSD_FTPT@DF_FTPT_NATIONAL_INC(1.0),Incidence of full-time and part-time employment based on national definitions,I,PRT,Portugal,EMP,Employment,PT_POP_SUB,Percentage of population in the same subgroup,M,Male,_T,Total,EMP,Employment,MAIN,Main job,_T,Total,PT,Part-time,NAT_DEF,National definition,A,Annual,2016,,6.826,,A,Normal value,0,Units,1,One
DATAFLOW,OECD.ELS.SAE:DSD_FTPT@DF_FTPT_NATIONAL_INC(1.0),Incidence of full-time and part-time employment based on national definitions,I,PRT,Portugal,EMP,Employment,PT_POP_SUB,Percentage of population in the same subgroup,M,Male,_T,Total,EMP,Employment,MAIN,Main job,_T,Total,PT,Part-time,NAT_DEF,National definition,A,Annual,2017,,6.2,,A,Normal value,0,Units,1,One
DATAFLOW,OECD.ELS.SAE:DSD_FTPT@DF_FTPT_NATIONAL_INC(1.0),Incidence of full-time and part-time employment based on national definitions,I,PRT,Portugal,EMP,Employment,PT_POP_SUB,Percentage of population in the same subgroup,M,Male,_T,Total,EMP,Employment,MAIN,Main job,_T,Total,PT,Part-time,NAT_DEF,National definition,A,Annual,2018,,6.131,,A,Normal value,0,Units,1,One
DATAFLOW,OECD.ELS.SAE:DSD_FTPT@DF_FTPT_NATIONAL_INC(1.0),Incidence of full-time and part-time employment based on national definitions,I,PRT,Portugal,EMP,Employment,PT_POP_SUB,Percentage of population in the same subgroup,M,Male,_T,Total,EMP,Employment,MAIN,Main job,_T,Total,PT,Part-time,NAT_DEF,National definition,A,Annual,2019,,5.759,,A,Normal value,0,Units,1,One
DATAFLOW,OECD.ELS.SAE:DSD_FTPT@DF_FTPT_NATIONAL_INC(1.0),Incidence of full-time and part-time employment based on national definitions,I,PRT,Portugal,EMP,Employment,PT_POP_SUB,Percentage of population in the same subgroup,M,Male,_T,Total,EMP,Employment,MAIN,Main job,_T,Total,PT,Part-time,NAT_DEF,National definition,A,Annual,2020,,5.694,,A,Normal value,0,Units,1,One
DATAFLOW,OECD.ELS.SAE:DSD_FTPT@DF_FTPT_NATIONAL_INC(1.0),Incidence of full-time and part-time employment based on national definitions,I,PRT,Portugal,EMP,Employment,PT_POP_SUB,Percentage of population in the same subgroup,M,Male,_T,Total,EMP,Employment,MAIN,Main job,_T,Total,PT,Part-time,NAT_DEF,National definition,A,Annual,2021,,6.015,,A,Normal value,0,Units,1,One
DATAFLOW,OECD.ELS.SAE:DSD_FTPT@DF_FTPT_NATIONAL_INC(1.0),Incidence of full-time and part-time employment based on national definitions,I,PRT,Portugal,EMP,Employment,PT_POP_SUB,Percentage of population in the same subgroup,M,Male,_T,Total,EMP,Employment,MAIN,Main job,_T,Total,PT,Part-time,NAT_DEF,National definition,A,Annual,2022,,5.862,,A,Normal value,0,Units,1,One
DATAFLOW,OECD.ELS.SAE:DSD_FTPT@DF_FTPT_NATIONAL_INC(1.0),Incidence of full-time and part-time employment based on national definitions,I,PRT,Portugal,EMP,Employment,PT_POP_SUB,Percentage of population in the same subgroup,M,Male,_T,Total,EMP,Employment,MAIN,Main job,_T,Total,PT,Part-time,NAT_DEF,National definition,A,Annual,2023,,5.792,,A,Normal value,0,Units,1,One
DATAFLOW,OECD.ELS.SAE:DSD_FTPT@DF_FTPT_NATIONAL_INC(1.0),Incidence of full-time and part-time employment based on national definitions,I,PRT,Portugal,EMP,Employment,PT_POP_SUB,Percentage of population in the same subgroup,M,Male,_T,Total,EMP,Employment,MAIN,Main job,_T,Total,PT,Part-time,NAT_DEF,National definition,A,Annual,2024,,6.134,,A,Normal value,0,Units,1,One
DATAFLOW,OECD.ELS.SAE:DSD_FTPT@DF_FTPT_NATIONAL_INC(1.0),Incidence of full-time and part-time employment based on national definitions,I,PRT,Portugal,EMP,Employment,PT_POP_SUB,Percentage of population in the same subgroup,M,Male,_T,Total,EMP,Employment,MAIN,Main job,_T,Total,PT,Part-time,NAT_DEF,National definition,A,Annual,2025,,5.877,,A,Normal value,0,Units,1,One
DATAFLOW,OECD.ELS.SAE:DSD_FTPT@DF_FTPT_NATIONAL_INC(1.0),Incidence of full-time and part-time employment based on national definitions,I,SVK,Slovak Republic,EMP,Employment,PT_POP_SUB,Percentage of population in the same subgroup,M,Male,_T,Total,EMP,Employment,MAIN,Main job,_T,Total,PT,Part-time,NAT_DEF,National definition,A,Annual,2010,,2.76,,A,Normal value,0,Units,1,One
DATAFLOW,OECD.ELS.SAE:DSD_FTPT@DF_FTPT_NATIONAL_INC(1.0),Incidence of full-time and part-time employment based on national definitions,I,SVK,Slovak Republic,EMP,Employment,PT_POP_SUB,Percentage of population in the same subgroup,M,Male,_T,Total,EMP,Employment,MAIN,Main job,_T,Total,PT,Part-time,NAT_DEF,National definition,A,Annual,2011,,2.823,,A,Normal value,0,Units,1,One
DATAFLOW,OECD.ELS.SAE:DSD_FTPT@DF_FTPT_NATIONAL_INC(1.0),Incidence of full-time and part-time employment based on national definitions,I,SVK,Slovak Republic,EMP,Employment,PT_POP_SUB,Percentage of population in the same subgroup,M,Male,_T,Total,EMP,Employment,MAIN,Main job,_T,Total,PT,Part-time,NAT_DEF,National definition,A,Annual,2012,,2.916,,A,Normal value,0,Units,1,One
DATAFLOW,OECD.ELS.SAE:DSD_FTPT@DF_FTPT_NATIONAL_INC(1.0),Incidence of full-time and part-time employment based on national definitions,I,SVK,Slovak Republic,EMP,Employment,PT_POP_SUB,Percentage of population in the same subgroup,M,Male,_T,Total,EMP,Employment,MAIN,Main job,_T,Total,PT,Part-time,NAT_DEF,National definition,A,Annual,2013,,3.428,,A,Normal value,0,Units,1,One
DATAFLOW,OECD.ELS.SAE:DSD_FTPT@DF_FTPT_NATIONAL_INC(1.0),Incidence of full-time and part-time employment based on national definitions,I,SVK,Slovak Republic,EMP,Employment,PT_POP_SUB,Percentage of population in the same subgroup,M,Male,_T,Total,EMP,Employment,MAIN,Main job,_T,Total,PT,Part-time,NAT_DEF,National definition,A,Annual,2014,,3.883,,A,Normal value,0,Units,1,One
DATAFLOW,OECD.ELS.SAE:DSD_FTPT@DF_FTPT_NATIONAL_INC(1.0),Incidence of full-time and part-time employment based on national definitions,I,SVK,Slovak Republic,EMP,Employment,PT_POP_SUB,Percentage of population in the same subgroup,M,Male,_T,Total,EMP,Employment,MAIN,Main job,_T,Total,PT,Part-time,NAT_DEF,National definition,A,Annual,2015,,4.253,,A,Normal value,0,Units,1,One
DATAFLOW,OECD.ELS.SAE:DSD_FTPT@DF_FTPT_NATIONAL_INC(1.0),Incidence of full-time and part-time employment based on national definitions,I,SVK,Slovak Republic,EMP,Employment,PT_POP_SUB,Percentage of population in the same subgroup,M,Male,_T,Total,EMP,Employment,MAIN,Main job,_T,Total,PT,Part-time,NAT_DEF,National definition,A,Annual,2016,,4.253,,A,Normal value,0,Units,1,One
DATAFLOW,OECD.ELS.SAE:DSD_FTPT@DF_FTPT_NATIONAL_INC(1.0),Incidence of full-time and part-time employment based on national definitions,I,SVK,Slovak Republic,EMP,Employment,PT_POP_SUB,Percentage of population in the same subgroup,M,Male,_T,Total,EMP,Employment,MAIN,Main job,_T,Total,PT,Part-time,NAT_DEF,National definition,A,Annual,2017,,4.284,,A,Normal value,0,Units,1,One
DATAFLOW,OECD.ELS.SAE:DSD_FTPT@DF_FTPT_NATIONAL_INC(1.0),Incidence of full-time and part-time employment based on national definitions,I,SVK,Slovak Republic,EMP,Employment,PT_POP_SUB,Percentage of population in the same subgroup,M,Male,_T,Total,EMP,Employment,MAIN,Main job,_T,Total,PT,Part-time,NAT_DEF,National definition,A,Annual,2018,,3.562,,A,Normal value,0,Units,1,One
DATAFLOW,OECD.ELS.SAE:DSD_FTPT@DF_FTPT_NATIONAL_INC(1.0),Incidence of full-time and part-time employment based on national definitions,I,SVK,Slovak Republic,EMP,Employment,PT_POP_SUB,Percentage of population in the same subgroup,M,Male,_T,Total,EMP,Employment,MAIN,Main job,_T,Total,PT,Part-time,NAT_DEF,National definition,A,Annual,2019,,3.326,,A,Normal value,0,Units,1,One
DATAFLOW,OECD.ELS.SAE:DSD_FTPT@DF_FTPT_NATIONAL_INC(1.0),Incidence of full-time and part-time employment based on national definitions,I,SVK,Slovak Republic,EMP,Employment,PT_POP_SUB,Percentage of population in the same subgroup,M,Male,_T,Total,EMP,Employment,MAIN,Main job,_T,Total,PT,Part-time,NAT_DEF,National definition,A,Annual,2020,,3.058,,A,Normal value,0,Units,1,One
DATAFLOW,OECD.ELS.SAE:DSD_FTPT@DF_FTPT_NATIONAL_INC(1.0),Incidence of full-time and part-time employment based on national definitions,I,SVK,Slovak Republic,EMP,Employment,PT_POP_SUB,Percentage of population in the same subgroup,M,Male,_T,Total,EMP,Employment,MAIN,Main job,_T,Total,PT,Part-time,NAT_DEF,National definition,A,Annual,2021,,2.216,,A,Normal value,0,Units,1,One
DATAFLOW,OECD.ELS.SAE:DSD_FTPT@DF_FTPT_NATIONAL_INC(1.0),Incidence of full-time and part-time employment based on national definitions,I,SVK,Slovak Republic,EMP,Employment,PT_POP_SUB,Percentage of population in the same subgroup,M,Male,_T,Total,EMP,Employment,MAIN,Main job,_T,Total,PT,Part-time,NAT_DEF,National definition,A,Annual,2023,,2.371,,A,Normal value,0,Units,1,One
DATAFLOW,OECD.ELS.SAE:DSD_FTPT@DF_FTPT_NATIONAL_INC(1.0),Incidence of full-time and part-time employment based on national definitions,I,SVK,Slovak Republic,EMP,Employment,PT_POP_SUB,Percentage of population in the same subgroup,M,Male,_T,Total,EMP,Employment,MAIN,Main job,_T,Total,PT,Part-time,NAT_DEF,National definition,A,Annual,2024,,2.972,,A,Normal value,0,Units,1,One
DATAFLOW,OECD.ELS.SAE:DSD_FTPT@DF_FTPT_NATIONAL_INC(1.0),Incidence of full-time and part-time employment based on national definitions,I,SVK,Slovak Republic,EMP,Employment,PT_POP_SUB,Percentage of population in the same subgroup,M,Male,_T,Total,EMP,Employment,MAIN,Main job,_T,Total,PT,Part-time,NAT_DEF,National definition,A,Annual,2025,,3.495,,A,Normal value,0,Units,1,One
DATAFLOW,OECD.ELS.SAE:DSD_FTPT@DF_FTPT_NATIONAL_INC(1.0),Incidence of full-time and part-time employment based on national definitions,I,SVN,Slovenia,EMP,Employment,PT_POP_SUB,Percentage of population in the same subgroup,M,Male,_T,Total,EMP,Employment,MAIN,Main job,_T,Total,PT,Part-time,NAT_DEF,National definition,A,Annual,2010,,8.561,,A,Normal value,0,Units,1,One
DATAFLOW,OECD.ELS.SAE:DSD_FTPT@DF_FTPT_NATIONAL_INC(1.0),Incidence of full-time and part-time employment based on national definitions,I,SVN,Slovenia,EMP,Employment,PT_POP_SUB,Percentage of population in the same subgroup,M,Male,_T,Total,EMP,Employment,MAIN,Main job,_T,Total,PT,Part-time,NAT_DEF,National definition,A,Annual,2011,,7.914,,A,Normal value,0,Units,1,One
DATAFLOW,OECD.ELS.SAE:DSD_FTPT@DF_FTPT_NATIONAL_INC(1.0),Incidence of full-time and part-time employment based on national definitions,I,SVN,Slovenia,EMP,Employment,PT_POP_SUB,Percentage of population in the same subgroup,M,Male,_T,Total,EMP,Employment,MAIN,Main job,_T,Total,PT,Part-time,NAT_DEF,National definition,A,Annual,2012,,6.996,,A,Normal value,0,Units,1,One
DATAFLOW,OECD.ELS.SAE:DSD_FTPT@DF_FTPT_NATIONAL_INC(1.0),Incidence of full-time and part-time employment based on national definitions,I,SVN,Slovenia,EMP,Employment,PT_POP_SUB,Percentage of population in the same subgroup,M,Male,_T,Total,EMP,Employment,MAIN,Main job,_T,Total,PT,Part-time,NAT_DEF,National definition,A,Annual,2013,,7.316,,A,Normal value,0,Units,1,One
DATAFLOW,OECD.ELS.SAE:DSD_FTPT@DF_FTPT_NATIONAL_INC(1.0),Incidence of full-time and part-time employment based on national definitions,I,SVN,Slovenia,EMP,Employment,PT_POP_SUB,Percentage of population in the same subgroup,M,Male,_T,Total,EMP,Employment,MAIN,Main job,_T,Total,PT,Part-time,NAT_DEF,National definition,A,Annual,2014,,8.094,,A,Normal value,0,Units,1,One
DATAFLOW,OECD.ELS.SAE:DSD_FTPT@DF_FTPT_NATIONAL_INC(1.0),Incidence of full-time and part-time employment based on national definitions,I,SVN,Slovenia,EMP,Employment,PT_POP_SUB,Percentage of population in the same subgroup,M,Male,_T,Total,EMP,Employment,MAIN,Main job,_T,Total,PT,Part-time,NAT_DEF,National definition,A,Annual,2015,,7.805,,A,Normal value,0,Units,1,One
DATAFLOW,OECD.ELS.SAE:DSD_FTPT@DF_FTPT_NATIONAL_INC(1.0),Incidence of full-time and part-time employment based on national definitions,I,SVN,Slovenia,EMP,Employment,PT_POP_SUB,Percentage of population in the same subgroup,M,Male,_T,Total,EMP,Employment,MAIN,Main job,_T,Total,PT,Part-time,NAT_DEF,National definition,A,Annual,2016,,6.592,,A,Normal value,0,Units,1,One
DATAFLOW,OECD.ELS.SAE:DSD_FTPT@DF_FTPT_NATIONAL_INC(1.0),Incidence of full-time and part-time employment based on national definitions,I,SVN,Slovenia,EMP,Employment,PT_POP_SUB,Percentage of population in the same subgroup,M,Male,_T,Total,EMP,Employment,MAIN,Main job,_T,Total,PT,Part-time,NAT_DEF,National definition,A,Annual,2017,,7.656,,A,Normal value,0,Units,1,One
DATAFLOW,OECD.ELS.SAE:DSD_FTPT@DF_FTPT_NATIONAL_INC(1.0),Incidence of full-time and part-time employment based on national definitions,I,SVN,Slovenia,EMP,Employment,PT_POP_SUB,Percentage of population in the same subgroup,M,Male,_T,Total,EMP,Employment,MAIN,Main job,_T,Total,PT,Part-time,NAT_DEF,National definition,A,Annual,2018,,6.853,,A,Normal value,0,Units,1,One
DATAFLOW,OECD.ELS.SAE:DSD_FTPT@DF_FTPT_NATIONAL_INC(1.0),Incidence of full-time and part-time employment based on national definitions,I,SVN,Slovenia,EMP,Employment,PT_POP_SUB,Percentage of population in the same subgroup,M,Male,_T,Total,EMP,Employment,MAIN,Main job,_T,Total,PT,Part-time,NAT_DEF,National definition,A,Annual,2019,,5.467,,A,Normal value,0,Units,1,One
DATAFLOW,OECD.ELS.SAE:DSD_FTPT@DF_FTPT_NATIONAL_INC(1.0),Incidence of full-time and part-time employment based on national definitions,I,SVN,Slovenia,EMP,Employment,PT_POP_SUB,Percentage of population in the same subgroup,M,Male,_T,Total,EMP,Employment,MAIN,Main job,_T,Total,PT,Part-time,NAT_DEF,National definition,A,Annual,2020,,5.717,,A,Normal value,0,Units,1,One
DATAFLOW,OECD.ELS.SAE:DSD_FTPT@DF_FTPT_NATIONAL_INC(1.0),Incidence of full-time and part-time employment based on national definitions,I,SVN,Slovenia,EMP,Employment,PT_POP_SUB,Percentage of population in the same subgroup,M,Male,_T,Total,EMP,Employment,MAIN,Main job,_T,Total,PT,Part-time,NAT_DEF,National definition,A,Annual,2021,,7.083,,A,Normal value,0,Units,1,One
DATAFLOW,OECD.ELS.SAE:DSD_FTPT@DF_FTPT_NATIONAL_INC(1.0),Incidence of full-time and part-time employment based on national definitions,I,SVN,Slovenia,EMP,Employment,PT_POP_SUB,Percentage of population in the same subgroup,M,Male,_T,Total,EMP,Employment,MAIN,Main job,_T,Total,PT,Part-time,NAT_DEF,National definition,A,Annual,2022,,6.576,,A,Normal value,0,Units,1,One
DATAFLOW,OECD.ELS.SAE:DSD_FTPT@DF_FTPT_NATIONAL_INC(1.0),Incidence of full-time and part-time employment based on national definitions,I,SVN,Slovenia,EMP,Employment,PT_POP_SUB,Percentage of population in the same subgroup,M,Male,_T,Total,EMP,Employment,MAIN,Main job,_T,Total,PT,Part-time,NAT_DEF,National definition,A,Annual,2023,,6.298,,A,Normal value,0,Units,1,One
DATAFLOW,OECD.ELS.SAE:DSD_FTPT@DF_FTPT_NATIONAL_INC(1.0),Incidence of full-time and part-time employment based on national definitions,I,SVN,Slovenia,EMP,Employment,PT_POP_SUB,Percentage of population in the same subgroup,M,Male,_T,Total,EMP,Employment,MAIN,Main job,_T,Total,PT,Part-time,NAT_DEF,National definition,A,Annual,2024,,6.746,,A,Normal value,0,Units,1,One
DATAFLOW,OECD.ELS.SAE:DSD_FTPT@DF_FTPT_NATIONAL_INC(1.0),Incidence of full-time and part-time employment based on national definitions,I,SVN,Slovenia,EMP,Employment,PT_POP_SUB,Percentage of population in the same subgroup,M,Male,_T,Total,EMP,Employment,MAIN,Main job,_T,Total,PT,Part-time,NAT_DEF,National definition,A,Annual,2025,,6.459,,A,Normal value,0,Units,1,One
DATAFLOW,OECD.ELS.SAE:DSD_FTPT@DF_FTPT_NATIONAL_INC(1.0),Incidence of full-time and part-time employment based on national definitions,I,ESP,Spain,EMP,Employment,PT_POP_SUB,Percentage of population in the same subgroup,M,Male,_T,Total,EMP,Employment,MAIN,Main job,_T,Total,PT,Part-time,NAT_DEF,National definition,A,Annual,2012,,6.59,,A,Normal value,0,Units,1,One
DATAFLOW,OECD.ELS.SAE:DSD_FTPT@DF_FTPT_NATIONAL_INC(1.0),Incidence of full-time and part-time employment based on national definitions,I,ESP,Spain,EMP,Employment,PT_POP_SUB,Percentage of population in the same subgroup,M,Male,_T,Total,EMP,Employment,MAIN,Main job,_T,Total,PT,Part-time,NAT_DEF,National definition,A,Annual,2013,,7.834,,A,Normal value,0,Units,1,One
DATAFLOW,OECD.ELS.SAE:DSD_FTPT@DF_FTPT_NATIONAL_INC(1.0),Incidence of full-time and part-time employment based on national definitions,I,ESP,Spain,EMP,Employment,PT_POP_SUB,Percentage of population in the same subgroup,M,Male,_T,Total,EMP,Employment,MAIN,Main job,_T,Total,PT,Part-time,NAT_DEF,National definition,A,Annual,2017,,7.324,,A,Normal value,0,Units,1,One
DATAFLOW,OECD.ELS.SAE:DSD_FTPT@DF_FTPT_NATIONAL_INC(1.0),Incidence of full-time and part-time employment based on national definitions,I,ESP,Spain,EMP,Employment,PT_POP_SUB,Percentage of population in the same subgroup,M,Male,_T,Total,EMP,Employment,MAIN,Main job,_T,Total,PT,Part-time,NAT_DEF,National definition,A,Annual,2018,,6.846,,A,Normal value,0,Units,1,One
DATAFLOW,OECD.ELS.SAE:DSD_FTPT@DF_FTPT_NATIONAL_INC(1.0),Incidence of full-time and part-time employment based on national definitions,I,ESP,Spain,EMP,Employment,PT_POP_SUB,Percentage of population in the same subgroup,M,Male,_T,Total,EMP,Employment,MAIN,Main job,_T,Total,PT,Part-time,NAT_DEF,National definition,A,Annual,2021,,6.562,,A,Normal value,0,Units,1,One
DATAFLOW,OECD.ELS.SAE:DSD_FTPT@DF_FTPT_NATIONAL_INC(1.0),Incidence of full-time and part-time employment based on national definitions,I,ESP,Spain,EMP,Employment,PT_POP_SUB,Percentage of population in the same subgroup,M,Male,_T,Total,EMP,Employment,MAIN,Main job,_T,Total,PT,Part-time,NAT_DEF,National definition,A,Annual,2022,,6.6,,A,Normal value,0,Units,1,One
DATAFLOW,OECD.ELS.SAE:DSD_FTPT@DF_FTPT_NATIONAL_INC(1.0),Incidence of full-time and part-time employment based on national definitions,I,ESP,Spain,EMP,Employment,PT_POP_SUB,Percentage of population in the same subgroup,M,Male,_T,Total,EMP,Employment,MAIN,Main job,_T,Total,PT,Part-time,NAT_DEF,National definition,A,Annual,2023,,6.603,,A,Normal value,0,Units,1,One
DATAFLOW,OECD.ELS.SAE:DSD_FTPT@DF_FTPT_NATIONAL_INC(1.0),Incidence of full-time and part-time employment based on national definitions,I,ESP,Spain,EMP,Employment,PT_POP_SUB,Percentage of population in the same subgroup,M,Male,_T,Total,EMP,Employment,MAIN,Main job,_T,Total,PT,Part-time,NAT_DEF,National definition,A,Annual,2025,,6.915,,A,Normal value,0,Units,1,One
DATAFLOW,OECD.ELS.SAE:DSD_FTPT@DF_FTPT_NATIONAL_INC(1.0),Incidence of full-time and part-time employment based on national definitions,I,SWE,Sweden,EMP,Employment,PT_POP_SUB,Percentage of population in the same subgroup,M,Male,_T,Total,EMP,Employment,MAIN,Main job,_T,Total,PT,Part-time,NAT_DEF,National definition,A,Annual,2013,,13.96,,A,Normal value,0,Units,1,One
DATAFLOW,OECD.ELS.SAE:DSD_FTPT@DF_FTPT_NATIONAL_INC(1.0),Incidence of full-time and part-time employment based on national definitions,I,SWE,Sweden,EMP,Employment,PT_POP_SUB,Percentage of population in the same subgroup,M,Male,_T,Total,EMP,Employment,MAIN,Main job,_T,Total,PT,Part-time,NAT_DEF,National definition,A,Annual,2014,,14.02,,A,Normal value,0,Units,1,One
DATAFLOW,OECD.ELS.SAE:DSD_FTPT@DF_FTPT_NATIONAL_INC(1.0),Incidence of full-time and part-time employment based on national definitions,I,SWE,Sweden,EMP,Employment,PT_POP_SUB,Percentage of population in the same subgroup,M,Male,_T,Total,EMP,Employment,MAIN,Main job,_T,Total,PT,Part-time,NAT_DEF,National definition,A,Annual,2016,,13.97,,A,Normal value,0,Units,1,One
DATAFLOW,OECD.ELS.SAE:DSD_FTPT@DF_FTPT_NATIONAL_INC(1.0),Incidence of full-time and part-time employment based on national definitions,I,SWE,Sweden,EMP,Employment,PT_POP_SUB,Percentage of population in the same subgroup,M,Male,_T,Total,EMP,Employment,MAIN,Main job,_T,Total,PT,Part-time,NAT_DEF,National definition,A,Annual,2017,,14.409,,A,Normal value,0,Units,1,One
DATAFLOW,OECD.ELS.SAE:DSD_FTPT@DF_FTPT_NATIONAL_INC(1.0),Incidence of full-time and part-time employment based on national definitions,I,SWE,Sweden,EMP,Employment,PT_POP_SUB,Percentage of population in the same subgroup,M,Male,_T,Total,EMP,Employment,MAIN,Main job,_T,Total,PT,Part-time,NAT_DEF,National definition,A,Annual,2018,,14.191,,A,Normal value,0,Units,1,One
DATAFLOW,OECD.ELS.SAE:DSD_FTPT@DF_FTPT_NATIONAL_INC(1.0),Incidence of full-time and part-time employment based on national definitions,I,SWE,Sweden,EMP,Employment,PT_POP_SUB,Percentage of population in the same subgroup,M,Male,_T,Total,EMP,Employment,MAIN,Main job,_T,Total,PT,Part-time,NAT_DEF,National definition,A,Annual,2019,,14.58,,A,Normal value,0,Units,1,One
DATAFLOW,OECD.ELS.SAE:DSD_FTPT@DF_FTPT_NATIONAL_INC(1.0),Incidence of full-time and part-time employment based on national definitions,I,SWE,Sweden,EMP,Employment,PT_POP_SUB,Percentage of population in the same subgroup,M,Male,_T,Total,EMP,Employment,MAIN,Main job,_T,Total,PT,Part-time,NAT_DEF,National definition,A,Annual,2020,,15.54,,A,Normal value,0,Units,1,One
DATAFLOW,OECD.ELS.SAE:DSD_FTPT@DF_FTPT_NATIONAL_INC(1.0),Incidence of full-time and part-time employment based on national definitions,I,SWE,Sweden,EMP,Employment,PT_POP_SUB,Percentage of population in the same subgroup,M,Male,_T,Total,EMP,Employment,MAIN,Main job,_T,Total,PT,Part-time,NAT_DEF,National definition,A,Annual,2021,,15.555,,A,Normal value,0,Units,1,One
DATAFLOW,OECD.ELS.SAE:DSD_FTPT@DF_FTPT_NATIONAL_INC(1.0),Incidence of full-time and part-time employment based on national definitions,I,SWE,Sweden,EMP,Employment,PT_POP_SUB,Percentage of population in the same subgroup,M,Male,_T,Total,EMP,Employment,MAIN,Main job,_T,Total,PT,Part-time,NAT_DEF,National definition,A,Annual,2022,,15.835,,A,Normal value,0,Units,1,One
DATAFLOW,OECD.ELS.SAE:DSD_FTPT@DF_FTPT_NATIONAL_INC(1.0),Incidence of full-time and part-time employment based on national definitions,I,SWE,Sweden,EMP,Employment,PT_POP_SUB,Percentage of population in the same subgroup,M,Male,_T,Total,EMP,Employment,MAIN,Main job,_T,Total,PT,Part-time,NAT_DEF,National definition,A,Annual,2023,,15.97,,A,Normal value,0,Units,1,One
DATAFLOW,OECD.ELS.SAE:DSD_FTPT@DF_FTPT_NATIONAL_INC(1.0),Incidence of full-time and part-time employment based on national definitions,I,SWE,Sweden,EMP,Employment,PT_POP_SUB,Percentage of population in the same subgroup,M,Male,_T,Total,EMP,Employment,MAIN,Main job,_T,Total,PT,Part-time,NAT_DEF,National definition,A,Annual,2024,,16.079,,A,Normal value,0,Units,1,One
DATAFLOW,OECD.ELS.SAE:DSD_FTPT@DF_FTPT_NATIONAL_INC(1.0),Incidence of full-time and part-time employment based on national definitions,I,SWE,Sweden,EMP,Employment,PT_POP_SUB,Percentage of population in the same subgroup,M,Male,_T,Total,EMP,Employment,MAIN,Main job,_T,Total,PT,Part-time,NAT_DEF,National definition,A,Annual,2025,,16.374,,A,Normal value,0,Units,1,One
DATAFLOW,OECD.ELS.SAE:DSD_FTPT@DF_FTPT_NATIONAL_INC(1.0),Incidence of full-time and part-time employment based on national definitions,I,CHE,Switzerland,EMP,Employment,PT_POP_SUB,Percentage of population in the same subgroup,M,Male,_T,Total,EMP,Employment,MAIN,Main job,_T,Total,PT,Part-time,NAT_DEF,National definition,A,Annual,2011,,13.701,,A,Normal value,0,Units,1,One
DATAFLOW,OECD.ELS.SAE:DSD_FTPT@DF_FTPT_NATIONAL_INC(1.0),Incidence of full-time and part-time employment based on national definitions,I,CHE,Switzerland,EMP,Employment,PT_POP_SUB,Percentage of population in the same subgroup,M,Male,_T,Total,EMP,Employment,MAIN,Main job,_T,Total,PT,Part-time,NAT_DEF,National definition,A,Annual,2012,,13.908,,A,Normal value,0,Units,1,One
DATAFLOW,OECD.ELS.SAE:DSD_FTPT@DF_FTPT_NATIONAL_INC(1.0),Incidence of full-time and part-time employment based on national definitions,I,CHE,Switzerland,EMP,Employment,PT_POP_SUB,Percentage of population in the same subgroup,M,Male,_T,Total,EMP,Employment,MAIN,Main job,_T,Total,PT,Part-time,NAT_DEF,National definition,A,Annual,2013,,14.451,,A,Normal value,0,Units,1,One
DATAFLOW,OECD.ELS.SAE:DSD_FTPT@DF_FTPT_NATIONAL_INC(1.0),Incidence of full-time and part-time employment based on national definitions,I,CHE,Switzerland,EMP,Employment,PT_POP_SUB,Percentage of population in the same subgroup,M,Male,_T,Total,EMP,Employment,MAIN,Main job,_T,Total,PT,Part-time,NAT_DEF,National definition,A,Annual,2014,,15.981,,A,Normal value,0,Units,1,One
DATAFLOW,OECD.ELS.SAE:DSD_FTPT@DF_FTPT_NATIONAL_INC(1.0),Incidence of full-time and part-time employment based on national definitions,I,CHE,Switzerland,EMP,Employment,PT_POP_SUB,Percentage of population in the same subgroup,M,Male,_T,Total,EMP,Employment,MAIN,Main job,_T,Total,PT,Part-time,NAT_DEF,National definition,A,Annual,2016,,17.12,,A,Normal value,0,Units,1,One
DATAFLOW,OECD.ELS.SAE:DSD_FTPT@DF_FTPT_NATIONAL_INC(1.0),Incidence of full-time and part-time employment based on national definitions,I,CHE,Switzerland,EMP,Employment,PT_POP_SUB,Percentage of population in the same subgroup,M,Male,_T,Total,EMP,Employment,MAIN,Main job,_T,Total,PT,Part-time,NAT_DEF,National definition,A,Annual,2018,,17.571,,A,Normal value,0,Units,1,One
DATAFLOW,OECD.ELS.SAE:DSD_FTPT@DF_FTPT_NATIONAL_INC(1.0),Incidence of full-time and part-time employment based on national definitions,I,CHE,Switzerland,EMP,Employment,PT_POP_SUB,Percentage of population in the same subgroup,M,Male,_T,Total,EMP,Employment,MAIN,Main job,_T,Total,PT,Part-time,NAT_DEF,National definition,A,Annual,2019,,17.682,,A,Normal value,0,Units,1,One
DATAFLOW,OECD.ELS.SAE:DSD_FTPT@DF_FTPT_NATIONAL_INC(1.0),Incidence of full-time and part-time employment based on national definitions,I,CHE,Switzerland,EMP,Employment,PT_POP_SUB,Percentage of population in the same subgroup,M,Male,_T,Total,EMP,Employment,MAIN,Main job,_T,Total,PT,Part-time,NAT_DEF,National definition,A,Annual,2020,,18.308,,A,Normal value,0,Units,1,One
DATAFLOW,OECD.ELS.SAE:DSD_FTPT@DF_FTPT_NATIONAL_INC(1.0),Incidence of full-time and part-time employment based on national definitions,I,CHE,Switzerland,EMP,Employment,PT_POP_SUB,Percentage of population in the same subgroup,M,Male,_T,Total,EMP,Employment,MAIN,Main job,_T,Total,PT,Part-time,NAT_DEF,National definition,A,Annual,2021,,18.248,,A,Normal value,0,Units,1,One
DATAFLOW,OECD.ELS.SAE:DSD_FTPT@DF_FTPT_NATIONAL_INC(1.0),Incidence of full-time and part-time employment based on national definitions,I,CHE,Switzerland,EMP,Employment,PT_POP_SUB,Percentage of population in the same subgroup,M,Male,_T,Total,EMP,Employment,MAIN,Main job,_T,Total,PT,Part-time,NAT_DEF,National definition,A,Annual,2025,,20.928,,A,Normal value,0,Units,1,One
DATAFLOW,OECD.ELS.SAE:DSD_FTPT@DF_FTPT_NATIONAL_INC(1.0),Incidence of full-time and part-time employment based on national definitions,I,TUR,Türkiye,EMP,Employment,PT_POP_SUB,Percentage of population in the same subgroup,M,Male,_T,Total,EMP,Employment,MAIN,Main job,_T,Total,PT,Part-time,NAT_DEF,National definition,A,Annual,2025,,9.976,,A,Normal value,0,Units,1,One
DATAFLOW,OECD.ELS.SAE:DSD_FTPT@DF_FTPT_NATIONAL_INC(1.0),Incidence of full-time and part-time employment based on national definitions,I,GBR,United Kingdom,EMP,Employment,PT_POP_SUB,Percentage of population in the same subgroup,M,Male,_T,Total,EMP,Employment,MAIN,Main job,_T,Total,PT,Part-time,NAT_DEF,National definition,A,Annual,2022,,13.367,,A,Normal value,0,Units,1,One
DATAFLOW,OECD.ELS.SAE:DSD_FTPT@DF_FTPT_NATIONAL_INC(1.0),Incidence of full-time and part-time employment based on national definitions,I,GBR,United Kingdom,EMP,Employment,PT_POP_SUB,Percentage of population in the same subgroup,M,Male,_T,Total,EMP,Employment,MAIN,Main job,_T,Total,PT,Part-time,NAT_DEF,National definition,A,Annual,2023,,13.806,,A,Normal value,0,Units,1,One
DATAFLOW,OECD.ELS.SAE:DSD_FTPT@DF_FTPT_NATIONAL_INC(1.0),Incidence of full-time and part-time employment based on national definitions,I,GBR,United Kingdom,EMP,Employment,PT_POP_SUB,Percentage of population in the same subgroup,M,Male,_T,Total,EMP,Employment,MAIN,Main job,_T,Total,PT,Part-time,NAT_DEF,National definition,A,Annual,2025,,14.028,,A,Normal value,0,Units,1,One
DATAFLOW,OECD.ELS.SAE:DSD_FTPT@DF_FTPT_NATIONAL_INC(1.0),Incidence of full-time and part-time employment based on national definitions,I,USA,United States,EMP,Employment,PT_POP_SUB,Percentage of population in the same subgroup,M,Male,_T,Total,EMP,Employment,MAIN,Main job,_T,Total,PT,Part-time,NAT_DEF,National definition,A,Annual,2025,,12.447,,A,Normal value,0,Units,1,One
DATAFLOW,OECD.ELS.SAE:DSD_FTPT@DF_FTPT_NATIONAL_INC(1.0),Incidence of full-time and part-time employment based on national definitions,I,EU27,European Union (27 countries),EMP,Employment,PT_POP_SUB,Percentage of population in the same subgroup,M,Male,_T,Total,EMP,Employment,MAIN,Main job,_T,Total,PT,Part-time,NAT_DEF,National definition,A,Annual,2010,,7.965,,A,Normal value,0,Units,1,One
DATAFLOW,OECD.ELS.SAE:DSD_FTPT@DF_FTPT_NATIONAL_INC(1.0),Incidence of full-time and part-time employment based on national definitions,I,EU27,European Union (27 countries),EMP,Employment,PT_POP_SUB,Percentage of population in the same subgroup,M,Male,_T,Total,EMP,Employment,MAIN,Main job,_T,Total,PT,Part-time,NAT_DEF,National definition,A,Annual,2011,,8.18,,A,Normal value,0,Units,1,One
DATAFLOW,OECD.ELS.SAE:DSD_FTPT@DF_FTPT_NATIONAL_INC(1.0),Incidence of full-time and part-time employment based on national definitions,I,EU27,European Union (27 countries),EMP,Employment,PT_POP_SUB,Percentage of population in the same subgroup,M,Male,_T,Total,EMP,Employment,MAIN,Main job,_T,Total,PT,Part-time,NAT_DEF,National definition,A,Annual,2013,,8.954,,A,Normal value,0,Units,1,One
DATAFLOW,OECD.ELS.SAE:DSD_FTPT@DF_FTPT_NATIONAL_INC(1.0),Incidence of full-time and part-time employment based on national definitions,I,EU27,European Union (27 countries),EMP,Employment,PT_POP_SUB,Percentage of population in the same subgroup,M,Male,_T,Total,EMP,Employment,MAIN,Main job,_T,Total,PT,Part-time,NAT_DEF,National definition,A,Annual,2015,,9.258,,A,Normal value,0,Units,1,One
DATAFLOW,OECD.ELS.SAE:DSD_FTPT@DF_FTPT_NATIONAL_INC(1.0),Incidence of full-time and part-time employment based on national definitions,I,EU27,European Union (27 countries),EMP,Employment,PT_POP_SUB,Percentage of population in the same subgroup,M,Male,_T,Total,EMP,Employment,MAIN,Main job,_T,Total,PT,Part-time,NAT_DEF,National definition,A,Annual,2017,,9.24,,A,Normal value,0,Units,1,One
DATAFLOW,OECD.ELS.SAE:DSD_FTPT@DF_FTPT_NATIONAL_INC(1.0),Incidence of full-time and part-time employment based on national definitions,I,EU27,European Union (27 countries),EMP,Employment,PT_POP_SUB,Percentage of population in the same subgroup,M,Male,_T,Total,EMP,Employment,MAIN,Main job,_T,Total,PT,Part-time,NAT_DEF,National definition,A,Annual,2018,,9.12,,A,Normal value,0,Units,1,One
DATAFLOW,OECD.ELS.SAE:DSD_FTPT@DF_FTPT_NATIONAL_INC(1.0),Incidence of full-time and part-time employment based on national definitions,I,EU27,European Union (27 countries),EMP,Employment,PT_POP_SUB,Percentage of population in the same subgroup,M,Male,_T,Total,EMP,Employment,MAIN,Main job,_T,Total,PT,Part-time,NAT_DEF,National definition,A,Annual,2019,,9.217,,A,Normal value,0,Units,1,One
DATAFLOW,OECD.ELS.SAE:DSD_FTPT@DF_FTPT_NATIONAL_INC(1.0),Incidence of full-time and part-time employment based on national definitions,I,EU27,European Union (27 countries),EMP,Employment,PT_POP_SUB,Percentage of population in the same subgroup,M,Male,_T,Total,EMP,Employment,MAIN,Main job,_T,Total,PT,Part-time,NAT_DEF,National definition,A,Annual,2020,,9.325,,A,Normal value,0,Units,1,One
DATAFLOW,OECD.ELS.SAE:DSD_FTPT@DF_FTPT_NATIONAL_INC(1.0),Incidence of full-time and part-time employment based on national definitions,I,EU27,European Union (27 countries),EMP,Employment,PT_POP_SUB,Percentage of population in the same subgroup,M,Male,_T,Total,EMP,Employment,MAIN,Main job,_T,Total,PT,Part-time,NAT_DEF,National definition,A,Annual,2021,,9.357,,A,Normal value,0,Units,1,One
DATAFLOW,OECD.ELS.SAE:DSD_FTPT@DF_FTPT_NATIONAL_INC(1.0),Incidence of full-time and part-time employment based on national definitions,I,EU27,European Union (27 countries),EMP,Employment,PT_POP_SUB,Percentage of population in the same subgroup,M,Male,_T,Total,EMP,Employment,MAIN,Main job,_T,Total,PT,Part-time,NAT_DEF,National definition,A,Annual,2022,,9.486,,A,Normal value,0,Units,1,One
DATAFLOW,OECD.ELS.SAE:DSD_FTPT@DF_FTPT_NATIONAL_INC(1.0),Incidence of full-time and part-time employment based on national definitions,I,EU27,European Union (27 countries),EMP,Employment,PT_POP_SUB,Percentage of population in the same subgroup,M,Male,_T,Total,EMP,Employment,MAIN,Main job,_T,Total,PT,Part-time,NAT_DEF,National definition,A,Annual,2023,,9.711,,A,Normal value,0,Units,1,One
DATAFLOW,OECD.ELS.SAE:DSD_FTPT@DF_FTPT_NATIONAL_INC(1.0),Incidence of full-time and part-time employment based on national definitions,I,EU27,European Union (27 countries),EMP,Employment,PT_POP_SUB,Percentage of population in the same subgroup,M,Male,_T,Total,EMP,Employment,MAIN,Main job,_T,Total,PT,Part-time,NAT_DEF,National definition,A,Annual,2024,,9.831,,A,Normal value,0,Units,1,One
DATAFLOW,OECD.ELS.SAE:DSD_FTPT@DF_FTPT_NATIONAL_INC(1.0),Incidence of full-time and part-time employment based on national definitions,I,EU27,European Union (27 countries),EMP,Employment,PT_POP_SUB,Percentage of population in the same subgroup,M,Male,_T,Total,EMP,Employment,MAIN,Main job,_T,Total,PT,Part-time,NAT_DEF,National definition,A,Annual,2025,,9.964,,A,Normal value,0,Units,1,One
DATAFLOW,OECD.ELS.SAE:DSD_FTPT@DF_FTPT_NATIONAL_INC(1.0),Incidence of full-time and part-time employment based on national definitions,I,EU19OECD,European Union (19 countries) in OECD,EMP,Employment,PT_POP_SUB,Percentage of population in the same subgroup,M,Male,_T,Total,EMP,Employment,MAIN,Main job,_T,Total,PT,Part-time,NAT_DEF,National definition,A,Annual,2010,,8.186,,A,Normal value,0,Units,1,One
DATAFLOW,OECD.ELS.SAE:DSD_FTPT@DF_FTPT_NATIONAL_INC(1.0),Incidence of full-time and part-time employment based on national definitions,I,EU19OECD,European Union (19 countries) in OECD,EMP,Employment,PT_POP_SUB,Percentage of population in the same subgroup,M,Male,_T,Total,EMP,Employment,MAIN,Main job,_T,Total,PT,Part-time,NAT_DEF,National definition,A,Annual,2011,,8.559,,A,Normal value,0,Units,1,One
DATAFLOW,OECD.ELS.SAE:DSD_FTPT@DF_FTPT_NATIONAL_INC(1.0),Incidence of full-time and part-time employment based on national definitions,I,EU19OECD,European Union (19 countries) in OECD,EMP,Employment,PT_POP_SUB,Percentage of population in the same subgroup,M,Male,_T,Total,EMP,Employment,MAIN,Main job,_T,Total,PT,Part-time,NAT_DEF,National definition,A,Annual,2012,,9.069,,A,Normal value,0,Units,1,One
DATAFLOW,OECD.ELS.SAE:DSD_FTPT@DF_FTPT_NATIONAL_INC(1.0),Incidence of full-time and part-time employment based on national definitions,I,EU19OECD,European Union (19 countries) in OECD,EMP,Employment,PT_POP_SUB,Percentage of population in the same subgroup,M,Male,_T,Total,EMP,Employment,MAIN,Main job,_T,Total,PT,Part-time,NAT_DEF,National definition,A,Annual,2013,,9.598,,A,Normal value,0,Units,1,One
DATAFLOW,OECD.ELS.SAE:DSD_FTPT@DF_FTPT_NATIONAL_INC(1.0),Incidence of full-time and part-time employment based on national definitions,I,EU19OECD,European Union (19 countries) in OECD,EMP,Employment,PT_POP_SUB,Percentage of population in the same subgroup,M,Male,_T,Total,EMP,Employment,MAIN,Main job,_T,Total,PT,Part-time,NAT_DEF,National definition,A,Annual,2015,,10.036,,A,Normal value,0,Units,1,One
DATAFLOW,OECD.ELS.SAE:DSD_FTPT@DF_FTPT_NATIONAL_INC(1.0),Incidence of full-time and part-time employment based on national definitions,I,EU19OECD,European Union (19 countries) in OECD,EMP,Employment,PT_POP_SUB,Percentage of population in the same subgroup,M,Male,_T,Total,EMP,Employment,MAIN,Main job,_T,Total,PT,Part-time,NAT_DEF,National definition,A,Annual,2016,,10.149,,A,Normal value,0,Units,1,One
DATAFLOW,OECD.ELS.SAE:DSD_FTPT@DF_FTPT_NATIONAL_INC(1.0),Incidence of full-time and part-time employment based on national definitions,I,EU19OECD,European Union (19 countries) in OECD,EMP,Employment,PT_POP_SUB,Percentage of population in the same subgroup,M,Male,_T,Total,EMP,Employment,MAIN,Main job,_T,Total,PT,Part-time,NAT_DEF,National definition,A,Annual,2017,,10.195,,A,Normal value,0,Units,1,One
DATAFLOW,OECD.ELS.SAE:DSD_FTPT@DF_FTPT_NATIONAL_INC(1.0),Incidence of full-time and part-time employment based on national definitions,I,EU19OECD,European Union (19 countries) in OECD,EMP,Employment,PT_POP_SUB,Percentage of population in the same subgroup,M,Male,_T,Total,EMP,Employment,MAIN,Main job,_T,Total,PT,Part-time,NAT_DEF,National definition,A,Annual,2018,,10.065,,A,Normal value,0,Units,1,One
DATAFLOW,OECD.ELS.SAE:DSD_FTPT@DF_FTPT_NATIONAL_INC(1.0),Incidence of full-time and part-time employment based on national definitions,I,EU19OECD,European Union (19 countries) in OECD,EMP,Employment,PT_POP_SUB,Percentage of population in the same subgroup,M,Male,_T,Total,EMP,Employment,MAIN,Main job,_T,Total,PT,Part-time,NAT_DEF,National definition,A,Annual,2020,,10.369,,A,Normal value,0,Units,1,One
DATAFLOW,OECD.ELS.SAE:DSD_FTPT@DF_FTPT_NATIONAL_INC(1.0),Incidence of full-time and part-time employment based on national definitions,I,EU19OECD,European Union (19 countries) in OECD,EMP,Employment,PT_POP_SUB,Percentage of population in the same subgroup,M,Male,_T,Total,EMP,Employment,MAIN,Main job,_T,Total,PT,Part-time,NAT_DEF,National definition,A,Annual,2021,,10.526,,A,Normal value,0,Units,1,One
DATAFLOW,OECD.ELS.SAE:DSD_FTPT@DF_FTPT_NATIONAL_INC(1.0),Incidence of full-time and part-time employment based on national definitions,I,EU19OECD,European Union (19 countries) in OECD,EMP,Employment,PT_POP_SUB,Percentage of population in the same subgroup,M,Male,_T,Total,EMP,Employment,MAIN,Main job,_T,Total,PT,Part-time,NAT_DEF,National definition,A,Annual,2022,,10.652,,A,Normal value,0,Units,1,One
DATAFLOW,OECD.ELS.SAE:DSD_FTPT@DF_FTPT_NATIONAL_INC(1.0),Incidence of full-time and part-time employment based on national definitions,I,EU19OECD,European Union (19 countries) in OECD,EMP,Employment,PT_POP_SUB,Percentage of population in the same subgroup,M,Male,_T,Total,EMP,Employment,MAIN,Main job,_T,Total,PT,Part-time,NAT_DEF,National definition,A,Annual,2023,,10.857,,A,Normal value,0,Units,1,One
DATAFLOW,OECD.ELS.SAE:DSD_FTPT@DF_FTPT_NATIONAL_INC(1.0),Incidence of full-time and part-time employment based on national definitions,I,EU19OECD,European Union (19 countries) in OECD,EMP,Employment,PT_POP_SUB,Percentage of population in the same subgroup,M,Male,_T,Total,EMP,Employment,MAIN,Main job,_T,Total,PT,Part-time,NAT_DEF,National definition,A,Annual,2024,,10.978,,A,Normal value,0,Units,1,One
DATAFLOW,OECD.ELS.SAE:DSD_FTPT@DF_FTPT_NATIONAL_INC(1.0),Incidence of full-time and part-time employment based on national definitions,I,EU19OECD,European Union (19 countries) in OECD,EMP,Employment,PT_POP_SUB,Percentage of population in the same subgroup,M,Male,_T,Total,EMP,Employment,MAIN,Main job,_T,Total,PT,Part-time,NAT_DEF,National definition,A,Annual,2025,,11.136,,A,Normal value,0,Units,1,One
DATAFLOW,OECD.ELS.SAE:DSD_FTPT@DF_FTPT_NATIONAL_INC(1.0),Incidence of full-time and part-time employment based on national definitions,I,EU22OECD,European Union (22 countries) in OECD,EMP,Employment,PT_POP_SUB,Percentage of population in the same subgroup,M,Male,_T,Total,EMP,Employment,MAIN,Main job,_T,Total,PT,Part-time,NAT_DEF,National definition,A,Annual,2010,,7.942,,A,Normal value,0,Units,1,One
DATAFLOW,OECD.ELS.SAE:DSD_FTPT@DF_FTPT_NATIONAL_INC(1.0),Incidence of full-time and part-time employment based on national definitions,I,EU22OECD,European Union (22 countries) in OECD,EMP,Employment,PT_POP_SUB,Percentage of population in the same subgroup,M,Male,_T,Total,EMP,Employment,MAIN,Main job,_T,Total,PT,Part-time,NAT_DEF,National definition,A,Annual,2013,,9.063,,A,Normal value,0,Units,1,One
DATAFLOW,OECD.ELS.SAE:DSD_FTPT@DF_FTPT_NATIONAL_INC(1.0),Incidence of full-time and part-time employment based on national definitions,I,EU22OECD,European Union (22 countries) in OECD,EMP,Employment,PT_POP_SUB,Percentage of population in the same subgroup,M,Male,_T,Total,EMP,Employment,MAIN,Main job,_T,Total,PT,Part-time,NAT_DEF,National definition,A,Annual,2014,,9.295,,A,Normal value,0,Units,1,One
DATAFLOW,OECD.ELS.SAE:DSD_FTPT@DF_FTPT_NATIONAL_INC(1.0),Incidence of full-time and part-time employment based on national definitions,I,EU22OECD,European Union (22 countries) in OECD,EMP,Employment,PT_POP_SUB,Percentage of population in the same subgroup,M,Male,_T,Total,EMP,Employment,MAIN,Main job,_T,Total,PT,Part-time,NAT_DEF,National definition,A,Annual,2015,,9.399,,A,Normal value,0,Units,1,One
DATAFLOW,OECD.ELS.SAE:DSD_FTPT@DF_FTPT_NATIONAL_INC(1.0),Incidence of full-time and part-time employment based on national definitions,I,EU22OECD,European Union (22 countries) in OECD,EMP,Employment,PT_POP_SUB,Percentage of population in the same subgroup,M,Male,_T,Total,EMP,Employment,MAIN,Main job,_T,Total,PT,Part-time,NAT_DEF,National definition,A,Annual,2018,,9.384,,A,Normal value,0,Units,1,One
DATAFLOW,OECD.ELS.SAE:DSD_FTPT@DF_FTPT_NATIONAL_INC(1.0),Incidence of full-time and part-time employment based on national definitions,I,EU22OECD,European Union (22 countries) in OECD,EMP,Employment,PT_POP_SUB,Percentage of population in the same subgroup,M,Male,_T,Total,EMP,Employment,MAIN,Main job,_T,Total,PT,Part-time,NAT_DEF,National definition,A,Annual,2020,,9.635,,A,Normal value,0,Units,1,One
DATAFLOW,OECD.ELS.SAE:DSD_FTPT@DF_FTPT_NATIONAL_INC(1.0),Incidence of full-time and part-time employment based on national definitions,I,EU22OECD,European Union (22 countries) in OECD,EMP,Employment,PT_POP_SUB,Percentage of population in the same subgroup,M,Male,_T,Total,EMP,Employment,MAIN,Main job,_T,Total,PT,Part-time,NAT_DEF,National definition,A,Annual,2021,,9.757,,A,Normal value,0,Units,1,One
DATAFLOW,OECD.ELS.SAE:DSD_FTPT@DF_FTPT_NATIONAL_INC(1.0),Incidence of full-time and part-time employment based on national definitions,I,EU22OECD,European Union (22 countries) in OECD,EMP,Employment,PT_POP_SUB,Percentage of population in the same subgroup,M,Male,_T,Total,EMP,Employment,MAIN,Main job,_T,Total,PT,Part-time,NAT_DEF,National definition,A,Annual,2022,,9.904,,A,Normal value,0,Units,1,One
DATAFLOW,OECD.ELS.SAE:DSD_FTPT@DF_FTPT_NATIONAL_INC(1.0),Incidence of full-time and part-time employment based on national definitions,I,EU22OECD,European Union (22 countries) in OECD,EMP,Employment,PT_POP_SUB,Percentage of population in the same subgroup,M,Male,_T,Total,EMP,Employment,MAIN,Main job,_T,Total,PT,Part-time,NAT_DEF,National definition,A,Annual,2023,,10.14,,A,Normal value,0,Units,1,One
DATAFLOW,OECD.ELS.SAE:DSD_FTPT@DF_FTPT_NATIONAL_INC(1.0),Incidence of full-time and part-time employment based on national definitions,I,EU22OECD,European Union (22 countries) in OECD,EMP,Employment,PT_POP_SUB,Percentage of population in the same subgroup,M,Male,_T,Total,EMP,Employment,MAIN,Main job,_T,Total,PT,Part-time,NAT_DEF,National definition,A,Annual,2024,,10.302,,A,Normal value,0,Units,1,One
DATAFLOW,OECD.ELS.SAE:DSD_FTPT@DF_FTPT_NATIONAL_INC(1.0),Incidence of full-time and part-time employment based on national definitions,I,EU22OECD,European Union (22 countries) in OECD,EMP,Employment,PT_POP_SUB,Percentage of population in the same subgroup,M,Male,_T,Total,EMP,Employment,MAIN,Main job,_T,Total,PT,Part-time,NAT_DEF,National definition,A,Annual,2025,,10.464,,A,Normal value,0,Units,1,One
DATAFLOW,OECD.ELS.SAE:DSD_FTPT@DF_FTPT_NATIONAL_INC(1.0),Incidence of full-time and part-time employment based on national definitions,I,OECD,OECD,EMP,Employment,PT_POP_SUB,Percentage of population in the same subgroup,M,Male,_T,Total,EMP,Employment,MAIN,Main job,_T,Total,PT,Part-time,NAT_DEF,National definition,A,Annual,2011,,11.22,,A,Normal value,0,Units,1,One
DATAFLOW,OECD.ELS.SAE:DSD_FTPT@DF_FTPT_NATIONAL_INC(1.0),Incidence of full-time and part-time employment based on national definitions,I,OECD,OECD,EMP,Employment,PT_POP_SUB,Percentage of population in the same subgroup,M,Male,_T,Total,EMP,Employment,MAIN,Main job,_T,Total,PT,Part-time,NAT_DEF,National definition,A,Annual,2015,,11.561,,A,Normal value,0,Units,1,One
DATAFLOW,OECD.ELS.SAE:DSD_FTPT@DF_FTPT_NATIONAL_INC(1.0),Incidence of full-time and part-time employment based on national definitions,I,OECD,OECD,EMP,Employment,PT_POP_SUB,Percentage of population in the same subgroup,M,Male,_T,Total,EMP,Employment,MAIN,Main job,_T,Total,PT,Part-time,NAT_DEF,National definition,A,Annual,2021,,11.889,,A,Normal value,0,Units,1,One
DATAFLOW,OECD.ELS.SAE:DSD_FTPT@DF_FTPT_NATIONAL_INC(1.0),Incidence of full-time and part-time employment based on national definitions,I,OECD,OECD,EMP,Employment,PT_POP_SUB,Percentage of population in the same subgroup,M,Male,_T,Total,EMP,Employment,MAIN,Main job,_T,Total,PT,Part-time,NAT_DEF,National definition,A,Annual,2022,,11.735,,A,Normal value,0,Units,1,One
DATAFLOW,OECD.ELS.SAE:DSD_FTPT@DF_FTPT_NATIONAL_INC(1.0),Incidence of full-time and part-time employment based on national definitions,I,OECD,OECD,EMP,Employment,PT_POP_SUB,Percentage of population in the same subgroup,M,Male,_T,Total,EMP,Employment,MAIN,Main job,_T,Total,PT,Part-time,NAT_DEF,National definition,A,Annual,2023,,11.923,,A,Normal value,0,Units,1,One
DATAFLOW,OECD.ELS.SAE:DSD_FTPT@DF_FTPT_NATIONAL_INC(1.0),Incidence of full-time and part-time employment based on national definitions,I,OECD,OECD,EMP,Employment,PT_POP_SUB,Percentage of population in the same subgroup,M,Male,_T,Total,EMP,Employment,MAIN,Main job,_T,Total,PT,Part-time,NAT_DEF,National definition,A,Annual,2024,,12.434,,A,Normal value,0,Units,1,One
DATAFLOW,OECD.ELS.SAE:DSD_FTPT@DF_FTPT_NATIONAL_INC(1.0),Incidence of full-time and part-time employment based on national definitions,I,OECD,OECD,EMP,Employment,PT_POP_SUB,Percentage of population in the same subgroup,M,Male,_T,Total,EMP,Employment,MAIN,Main job,_T,Total,PT,Part-time,NAT_DEF,National definition,A,Annual,2025,,12.709,,A,Normal value,0,Units,1,One
DATAFLOW,OECD.ELS.SAE:DSD_FTPT@DF_FTPT_NATIONAL_INC(1.0),Incidence of full-time and part-time employment based on national definitions,I,BGR,Bulgaria,EMP,Employment,PT_POP_SUB,Percentage of population in the same subgroup,M,Male,_T,Total,EMP,Employment,MAIN,Main job,_T,Total,PT,Part-time,NAT_DEF,National definition,A,Annual,2011,,1.593,,A,Normal value,0,Units,1,One
DATAFLOW,OECD.ELS.SAE:DSD_FTPT@DF_FTPT_NATIONAL_INC(1.0),Incidence of full-time and part-time employment based on national definitions,I,BGR,Bulgaria,EMP,Employment,PT_POP_SUB,Percentage of population in the same subgroup,M,Male,_T,Total,EMP,Employment,MAIN,Main job,_T,Total,PT,Part-time,NAT_DEF,National definition,A,Annual,2012,,1.734,,A,Normal value,0,Units,1,One
DATAFLOW,OECD.ELS.SAE:DSD_FTPT@DF_FTPT_NATIONAL_INC(1.0),Incidence of full-time and part-time employment based on national definitions,I,BGR,Bulgaria,EMP,Employment,PT_POP_SUB,Percentage of population in the same subgroup,M,Male,_T,Total,EMP,Employment,MAIN,Main job,_T,Total,PT,Part-time,NAT_DEF,National definition,A,Annual,2013,,1.785,,A,Normal value,0,Units,1,One
DATAFLOW,OECD.ELS.SAE:DSD_FTPT@DF_FTPT_NATIONAL_INC(1.0),Incidence of full-time and part-time employment based on national definitions,I,BGR,Bulgaria,EMP,Employment,PT_POP_SUB,Percentage of population in the same subgroup,M,Male,_T,Total,EMP,Employment,MAIN,Main job,_T,Total,PT,Part-time,NAT_DEF,National definition,A,Annual,2015,,1.64,,A,Normal value,0,Units,1,One
DATAFLOW,OECD.ELS.SAE:DSD_FTPT@DF_FTPT_NATIONAL_INC(1.0),Incidence of full-time and part-time employment based on national definitions,I,BGR,Bulgaria,EMP,Employment,PT_POP_SUB,Percentage of population in the same subgroup,M,Male,_T,Total,EMP,Employment,MAIN,Main job,_T,Total,PT,Part-time,NAT_DEF,National definition,A,Annual,2016,,1.543,,A,Normal value,0,Units,1,One
DATAFLOW,OECD.ELS.SAE:DSD_FTPT@DF_FTPT_NATIONAL_INC(1.0),Incidence of full-time and part-time employment based on national definitions,I,BGR,Bulgaria,EMP,Employment,PT_POP_SUB,Percentage of population in the same subgroup,M,Male,_T,Total,EMP,Employment,MAIN,Main job,_T,Total,PT,Part-time,NAT_DEF,National definition,A,Annual,2017,,1.742,,A,Normal value,0,Units,1,One
DATAFLOW,OECD.ELS.SAE:DSD_FTPT@DF_FTPT_NATIONAL_INC(1.0),Incidence of full-time and part-time employment based on national definitions,I,BGR,Bulgaria,EMP,Employment,PT_POP_SUB,Percentage of population in the same subgroup,M,Male,_T,Total,EMP,Employment,MAIN,Main job,_T,Total,PT,Part-time,NAT_DEF,National definition,A,Annual,2018,,1.455,,A,Normal value,0,Units,1,One
DATAFLOW,OECD.ELS.SAE:DSD_FTPT@DF_FTPT_NATIONAL_INC(1.0),Incidence of full-time and part-time employment based on national definitions,I,BGR,Bulgaria,EMP,Employment,PT_POP_SUB,Percentage of population in the same subgroup,M,Male,_T,Total,EMP,Employment,MAIN,Main job,_T,Total,PT,Part-time,NAT_DEF,National definition,A,Annual,2019,,1.506,,A,Normal value,0,Units,1,One
DATAFLOW,OECD.ELS.SAE:DSD_FTPT@DF_FTPT_NATIONAL_INC(1.0),Incidence of full-time and part-time employment based on national definitions,I,BGR,Bulgaria,EMP,Employment,PT_POP_SUB,Percentage of population in the same subgroup,M,Male,_T,Total,EMP,Employment,MAIN,Main job,_T,Total,PT,Part-time,NAT_DEF,National definition,A,Annual,2020,,1.364,,A,Normal value,0,Units,1,One
DATAFLOW,OECD.ELS.SAE:DSD_FTPT@DF_FTPT_NATIONAL_INC(1.0),Incidence of full-time and part-time employment based on national definitions,I,BGR,Bulgaria,EMP,Employment,PT_POP_SUB,Percentage of population in the same subgroup,M,Male,_T,Total,EMP,Employment,MAIN,Main job,_T,Total,PT,Part-time,NAT_DEF,National definition,A,Annual,2021,,1.075,,A,Normal value,0,Units,1,One
DATAFLOW,OECD.ELS.SAE:DSD_FTPT@DF_FTPT_NATIONAL_INC(1.0),Incidence of full-time and part-time employment based on national definitions,I,BGR,Bulgaria,EMP,Employment,PT_POP_SUB,Percentage of population in the same subgroup,M,Male,_T,Total,EMP,Employment,MAIN,Main job,_T,Total,PT,Part-time,NAT_DEF,National definition,A,Annual,2022,,1.235,,A,Normal value,0,Units,1,One
DATAFLOW,OECD.ELS.SAE:DSD_FTPT@DF_FTPT_NATIONAL_INC(1.0),Incidence of full-time and part-time employment based on national definitions,I,BGR,Bulgaria,EMP,Employment,PT_POP_SUB,Percentage of population in the same subgroup,M,Male,_T,Total,EMP,Employment,MAIN,Main job,_T,Total,PT,Part-time,NAT_DEF,National definition,A,Annual,2023,,1.323,,A,Normal value,0,Units,1,One
DATAFLOW,OECD.ELS.SAE:DSD_FTPT@DF_FTPT_NATIONAL_INC(1.0),Incidence of full-time and part-time employment based on national definitions,I,BGR,Bulgaria,EMP,Employment,PT_POP_SUB,Percentage of population in the same subgroup,M,Male,_T,Total,EMP,Employment,MAIN,Main job,_T,Total,PT,Part-time,NAT_DEF,National definition,A,Annual,2024,,1.32,,A,Normal value,0,Units,1,One
DATAFLOW,OECD.ELS.SAE:DSD_FTPT@DF_FTPT_NATIONAL_INC(1.0),Incidence of full-time and part-time employment based on national definitions,I,BGR,Bulgaria,EMP,Employment,PT_POP_SUB,Percentage of population in the same subgroup,M,Male,_T,Total,EMP,Employment,MAIN,Main job,_T,Total,PT,Part-time,NAT_DEF,National definition,A,Annual,2025,,1.469,,A,Normal value,0,Units,1,One
DATAFLOW,OECD.ELS.SAE:DSD_FTPT@DF_FTPT_NATIONAL_INC(1.0),Incidence of full-time and part-time employment based on national definitions,I,HRV,Croatia,EMP,Employment,PT_POP_SUB,Percentage of population in the same subgroup,M,Male,_T,Total,EMP,Employment,MAIN,Main job,_T,Total,PT,Part-time,NAT_DEF,National definition,A,Annual,2010,,6.193,,A,Normal value,0,Units,1,One
DATAFLOW,OECD.ELS.SAE:DSD_FTPT@DF_FTPT_NATIONAL_INC(1.0),Incidence of full-time and part-time employment based on national definitions,I,HRV,Croatia,EMP,Employment,PT_POP_SUB,Percentage of population in the same subgroup,M,Male,_T,Total,EMP,Employment,MAIN,Main job,_T,Total,PT,Part-time,NAT_DEF,National definition,A,Annual,2011,,6.754,,A,Normal value,0,Units,1,One
DATAFLOW,OECD.ELS.SAE:DSD_FTPT@DF_FTPT_NATIONAL_INC(1.0),Incidence of full-time and part-time employment based on national definitions,I,HRV,Croatia,EMP,Employment,PT_POP_SUB,Percentage of population in the same subgroup,M,Male,_T,Total,EMP,Employment,MAIN,Main job,_T,Total,PT,Part-time,NAT_DEF,National definition,A,Annual,2012,,5.801,,A,Normal value,0,Units,1,One
DATAFLOW,OECD.ELS.SAE:DSD_FTPT@DF_FTPT_NATIONAL_INC(1.0),Incidence of full-time and part-time employment based on national definitions,I,HRV,Croatia,EMP,Employment,PT_POP_SUB,Percentage of population in the same subgroup,M,Male,_T,Total,EMP,Employment,MAIN,Main job,_T,Total,PT,Part-time,NAT_DEF,National definition,A,Annual,2013,,5.444,,A,Normal value,0,Units,1,One
DATAFLOW,OECD.ELS.SAE:DSD_FTPT@DF_FTPT_NATIONAL_INC(1.0),Incidence of full-time and part-time employment based on national definitions,I,HRV,Croatia,EMP,Employment,PT_POP_SUB,Percentage of population in the same subgroup,M,Male,_T,Total,EMP,Employment,MAIN,Main job,_T,Total,PT,Part-time,NAT_DEF,National definition,A,Annual,2014,,4.837,,A,Normal value,0,Units,1,One
DATAFLOW,OECD.ELS.SAE:DSD_FTPT@DF_FTPT_NATIONAL_INC(1.0),Incidence of full-time and part-time employment based on national definitions,I,HRV,Croatia,EMP,Employment,PT_POP_SUB,Percentage of population in the same subgroup,M,Male,_T,Total,EMP,Employment,MAIN,Main job,_T,Total,PT,Part-time,NAT_DEF,National definition,A,Annual,2015,,5.612,,A,Normal value,0,Units,1,One
DATAFLOW,OECD.ELS.SAE:DSD_FTPT@DF_FTPT_NATIONAL_INC(1.0),Incidence of full-time and part-time employment based on national definitions,I,HRV,Croatia,EMP,Employment,PT_POP_SUB,Percentage of population in the same subgroup,M,Male,_T,Total,EMP,Employment,MAIN,Main job,_T,Total,PT,Part-time,NAT_DEF,National definition,A,Annual,2016,,5.401,,A,Normal value,0,Units,1,One
DATAFLOW,OECD.ELS.SAE:DSD_FTPT@DF_FTPT_NATIONAL_INC(1.0),Incidence of full-time and part-time employment based on national definitions,I,HRV,Croatia,EMP,Employment,PT_POP_SUB,Percentage of population in the same subgroup,M,Male,_T,Total,EMP,Employment,MAIN,Main job,_T,Total,PT,Part-time,NAT_DEF,National definition,A,Annual,2017,,4.753,,A,Normal value,0,Units,1,One
DATAFLOW,OECD.ELS.SAE:DSD_FTPT@DF_FTPT_NATIONAL_INC(1.0),Incidence of full-time and part-time employment based on national definitions,I,HRV,Croatia,EMP,Employment,PT_POP_SUB,Percentage of population in the same subgroup,M,Male,_T,Total,EMP,Employment,MAIN,Main job,_T,Total,PT,Part-time,NAT_DEF,National definition,A,Annual,2018,,4.553,,A,Normal value,0,Units,1,One
DATAFLOW,OECD.ELS.SAE:DSD_FTPT@DF_FTPT_NATIONAL_INC(1.0),Incidence of full-time and part-time employment based on national definitions,I,HRV,Croatia,EMP,Employment,PT_POP_SUB,Percentage of population in the same subgroup,M,Male,_T,Total,EMP,Employment,MAIN,Main job,_T,Total,PT,Part-time,NAT_DEF,National definition,A,Annual,2019,,4.008,,A,Normal value,0,Units,1,One
DATAFLOW,OECD.ELS.SAE:DSD_FTPT@DF_FTPT_NATIONAL_INC(1.0),Incidence of full-time and part-time employment based on national definitions,I,HRV,Croatia,EMP,Employment,PT_POP_SUB,Percentage of population in the same subgroup,M,Male,_T,Total,EMP,Employment,MAIN,Main job,_T,Total,PT,Part-time,NAT_DEF,National definition,A,Annual,2020,,3.919,,A,Normal value,0,Units,1,One
DATAFLOW,OECD.ELS.SAE:DSD_FTPT@DF_FTPT_NATIONAL_INC(1.0),Incidence of full-time and part-time employment based on national definitions,I,HRV,Croatia,EMP,Employment,PT_POP_SUB,Percentage of population in the same subgroup,M,Male,_T,Total,EMP,Employment,MAIN,Main job,_T,Total,PT,Part-time,NAT_DEF,National definition,A,Annual,2021,,4.622,,A,Normal value,0,Units,1,One
DATAFLOW,OECD.ELS.SAE:DSD_FTPT@DF_FTPT_NATIONAL_INC(1.0),Incidence of full-time and part-time employment based on national definitions,I,HRV,Croatia,EMP,Employment,PT_POP_SUB,Percentage of population in the same subgroup,M,Male,_T,Total,EMP,Employment,MAIN,Main job,_T,Total,PT,Part-time,NAT_DEF,National definition,A,Annual,2022,,4.417,,A,Normal value,0,Units,1,One
DATAFLOW,OECD.ELS.SAE:DSD_FTPT@DF_FTPT_NATIONAL_INC(1.0),Incidence of full-time and part-time employment based on national definitions,I,HRV,Croatia,EMP,Employment,PT_POP_SUB,Percentage of population in the same subgroup,M,Male,_T,Total,EMP,Employment,MAIN,Main job,_T,Total,PT,Part-time,NAT_DEF,National definition,A,Annual,2023,,3.987,,A,Normal value,0,Units,1,One
DATAFLOW,OECD.ELS.SAE:DSD_FTPT@DF_FTPT_NATIONAL_INC(1.0),Incidence of full-time and part-time employment based on national definitions,I,HRV,Croatia,EMP,Employment,PT_POP_SUB,Percentage of population in the same subgroup,M,Male,_T,Total,EMP,Employment,MAIN,Main job,_T,Total,PT,Part-time,NAT_DEF,National definition,A,Annual,2024,,3.265,,A,Normal value,0,Units,1,One
DATAFLOW,OECD.ELS.SAE:DSD_FTPT@DF_FTPT_NATIONAL_INC(1.0),Incidence of full-time and part-time employment based on national definitions,I,HRV,Croatia,EMP,Employment,PT_POP_SUB,Percentage of population in the same subgroup,M,Male,_T,Total,EMP,Employment,MAIN,Main job,_T,Total,PT,Part-time,NAT_DEF,National definition,A,Annual,2025,,3.148,,A,Normal value,0,Units,1,One
DATAFLOW,OECD.ELS.SAE:DSD_FTPT@DF_FTPT_NATIONAL_INC(1.0),Incidence of full-time and part-time employment based on national definitions,I,CYP,Cyprus,EMP,Employment,PT_POP_SUB,Percentage of population in the same subgroup,M,Male,_T,Total,EMP,Employment,MAIN,Main job,_T,Total,PT,Part-time,NAT_DEF,National definition,A,Annual,2010,,6.746,,A,Normal value,0,Units,1,One
DATAFLOW,OECD.ELS.SAE:DSD_FTPT@DF_FTPT_NATIONAL_INC(1.0),Incidence of full-time and part-time employment based on national definitions,I,CYP,Cyprus,EMP,Employment,PT_POP_SUB,Percentage of population in the same subgroup,M,Male,_T,Total,EMP,Employment,MAIN,Main job,_T,Total,PT,Part-time,NAT_DEF,National definition,A,Annual,2011,,7.725,,A,Normal value,0,Units,1,One
DATAFLOW,OECD.ELS.SAE:DSD_FTPT@DF_FTPT_NATIONAL_INC(1.0),Incidence of full-time and part-time employment based on national definitions,I,CYP,Cyprus,EMP,Employment,PT_POP_SUB,Percentage of population in the same subgroup,M,Male,_T,Total,EMP,Employment,MAIN,Main job,_T,Total,PT,Part-time,NAT_DEF,National definition,A,Annual,2012,,8.016,,A,Normal value,0,Units,1,One
DATAFLOW,OECD.ELS.SAE:DSD_FTPT@DF_FTPT_NATIONAL_INC(1.0),Incidence of full-time and part-time employment based on national definitions,I,CYP,Cyprus,EMP,Employment,PT_POP_SUB,Percentage of population in the same subgroup,M,Male,_T,Total,EMP,Employment,MAIN,Main job,_T,Total,PT,Part-time,NAT_DEF,National definition,A,Annual,2013,,9.525,,A,Normal value,0,Units,1,One
DATAFLOW,OECD.ELS.SAE:DSD_FTPT@DF_FTPT_NATIONAL_INC(1.0),Incidence of full-time and part-time employment based on national definitions,I,CYP,Cyprus,EMP,Employment,PT_POP_SUB,Percentage of population in the same subgroup,M,Male,_T,Total,EMP,Employment,MAIN,Main job,_T,Total,PT,Part-time,NAT_DEF,National definition,A,Annual,2014,,11.189,,A,Normal value,0,Units,1,One
DATAFLOW,OECD.ELS.SAE:DSD_FTPT@DF_FTPT_NATIONAL_INC(1.0),Incidence of full-time and part-time employment based on national definitions,I,CYP,Cyprus,EMP,Employment,PT_POP_SUB,Percentage of population in the same subgroup,M,Male,_T,Total,EMP,Employment,MAIN,Main job,_T,Total,PT,Part-time,NAT_DEF,National definition,A,Annual,2015,,11.193,,A,Normal value,0,Units,1,One
DATAFLOW,OECD.ELS.SAE:DSD_FTPT@DF_FTPT_NATIONAL_INC(1.0),Incidence of full-time and part-time employment based on national definitions,I,CYP,Cyprus,EMP,Employment,PT_POP_SUB,Percentage of population in the same subgroup,M,Male,_T,Total,EMP,Employment,MAIN,Main job,_T,Total,PT,Part-time,NAT_DEF,National definition,A,Annual,2016,,12.168,,A,Normal value,0,Units,1,One
DATAFLOW,OECD.ELS.SAE:DSD_FTPT@DF_FTPT_NATIONAL_INC(1.0),Incidence of full-time and part-time employment based on national definitions,I,CYP,Cyprus,EMP,Employment,PT_POP_SUB,Percentage of population in the same subgroup,M,Male,_T,Total,EMP,Employment,MAIN,Main job,_T,Total,PT,Part-time,NAT_DEF,National definition,A,Annual,2017,,10.052,,A,Normal value,0,Units,1,One
DATAFLOW,OECD.ELS.SAE:DSD_FTPT@DF_FTPT_NATIONAL_INC(1.0),Incidence of full-time and part-time employment based on national definitions,I,CYP,Cyprus,EMP,Employment,PT_POP_SUB,Percentage of population in the same subgroup,M,Male,_T,Total,EMP,Employment,MAIN,Main job,_T,Total,PT,Part-time,NAT_DEF,National definition,A,Annual,2018,,8.724,,A,Normal value,0,Units,1,One
DATAFLOW,OECD.ELS.SAE:DSD_FTPT@DF_FTPT_NATIONAL_INC(1.0),Incidence of full-time and part-time employment based on national definitions,I,CYP,Cyprus,EMP,Employment,PT_POP_SUB,Percentage of population in the same subgroup,M,Male,_T,Total,EMP,Employment,MAIN,Main job,_T,Total,PT,Part-time,NAT_DEF,National definition,A,Annual,2019,,7.812,,A,Normal value,0,Units,1,One
DATAFLOW,OECD.ELS.SAE:DSD_FTPT@DF_FTPT_NATIONAL_INC(1.0),Incidence of full-time and part-time employment based on national definitions,I,CYP,Cyprus,EMP,Employment,PT_POP_SUB,Percentage of population in the same subgroup,M,Male,_T,Total,EMP,Employment,MAIN,Main job,_T,Total,PT,Part-time,NAT_DEF,National definition,A,Annual,2020,,8.181,,A,Normal value,0,Units,1,One
DATAFLOW,OECD.ELS.SAE:DSD_FTPT@DF_FTPT_NATIONAL_INC(1.0),Incidence of full-time and part-time employment based on national definitions,I,CYP,Cyprus,EMP,Employment,PT_POP_SUB,Percentage of population in the same subgroup,M,Male,_T,Total,EMP,Employment,MAIN,Main job,_T,Total,PT,Part-time,NAT_DEF,National definition,A,Annual,2021,,10.231,,A,Normal value,0,Units,1,One
DATAFLOW,OECD.ELS.SAE:DSD_FTPT@DF_FTPT_NATIONAL_INC(1.0),Incidence of full-time and part-time employment based on national definitions,I,CYP,Cyprus,EMP,Employment,PT_POP_SUB,Percentage of population in the same subgroup,M,Male,_T,Total,EMP,Employment,MAIN,Main job,_T,Total,PT,Part-time,NAT_DEF,National definition,A,Annual,2022,,9.126,,A,Normal value,0,Units,1,One
DATAFLOW,OECD.ELS.SAE:DSD_FTPT@DF_FTPT_NATIONAL_INC(1.0),Incidence of full-time and part-time employment based on national definitions,I,CYP,Cyprus,EMP,Employment,PT_POP_SUB,Percentage of population in the same subgroup,M,Male,_T,Total,EMP,Employment,MAIN,Main job,_T,Total,PT,Part-time,NAT_DEF,National definition,A,Annual,2023,,7.188,,A,Normal value,0,Units,1,One
DATAFLOW,OECD.ELS.SAE:DSD_FTPT@DF_FTPT_NATIONAL_INC(1.0),Incidence of full-time and part-time employment based on national definitions,I,CYP,Cyprus,EMP,Employment,PT_POP_SUB,Percentage of population in the same subgroup,M,Male,_T,Total,EMP,Employment,MAIN,Main job,_T,Total,PT,Part-time,NAT_DEF,National definition,A,Annual,2024,,6.601,,A,Normal value,0,Units,1,One
DATAFLOW,OECD.ELS.SAE:DSD_FTPT@DF_FTPT_NATIONAL_INC(1.0),Incidence of full-time and part-time employment based on national definitions,I,CYP,Cyprus,EMP,Employment,PT_POP_SUB,Percentage of population in the same subgroup,M,Male,_T,Total,EMP,Employment,MAIN,Main job,_T,Total,PT,Part-time,NAT_DEF,National definition,A,Annual,2025,,6.796,,A,Normal value,0,Units,1,One
DATAFLOW,OECD.ELS.SAE:DSD_FTPT@DF_FTPT_NATIONAL_INC(1.0),Incidence of full-time and part-time employment based on national definitions,I,MLT,Malta,EMP,Employment,PT_POP_SUB,Percentage of population in the same subgroup,M,Male,_T,Total,EMP,Employment,MAIN,Main job,_T,Total,PT,Part-time,NAT_DEF,National definition,A,Annual,2010,,5.868,,A,Normal value,0,Units,1,One
DATAFLOW,OECD.ELS.SAE:DSD_FTPT@DF_FTPT_NATIONAL_INC(1.0),Incidence of full-time and part-time employment based on national definitions,I,MLT,Malta,EMP,Employment,PT_POP_SUB,Percentage of population in the same subgroup,M,Male,_T,Total,EMP,Employment,MAIN,Main job,_T,Total,PT,Part-time,NAT_DEF,National definition,A,Annual,2011,,6.64,,A,Normal value,0,Units,1,One
DATAFLOW,OECD.ELS.SAE:DSD_FTPT@DF_FTPT_NATIONAL_INC(1.0),Incidence of full-time and part-time employment based on national definitions,I,MLT,Malta,EMP,Employment,PT_POP_SUB,Percentage of population in the same subgroup,M,Male,_T,Total,EMP,Employment,MAIN,Main job,_T,Total,PT,Part-time,NAT_DEF,National definition,A,Annual,2012,,6.953,,A,Normal value,0,Units,1,One
DATAFLOW,OECD.ELS.SAE:DSD_FTPT@DF_FTPT_NATIONAL_INC(1.0),Incidence of full-time and part-time employment based on national definitions,I,MLT,Malta,EMP,Employment,PT_POP_SUB,Percentage of population in the same subgroup,M,Male,_T,Total,EMP,Employment,MAIN,Main job,_T,Total,PT,Part-time,NAT_DEF,National definition,A,Annual,2013,,7.878,,A,Normal value,0,Units,1,One
DATAFLOW,OECD.ELS.SAE:DSD_FTPT@DF_FTPT_NATIONAL_INC(1.0),Incidence of full-time and part-time employment based on national definitions,I,MLT,Malta,EMP,Employment,PT_POP_SUB,Percentage of population in the same subgroup,M,Male,_T,Total,EMP,Employment,MAIN,Main job,_T,Total,PT,Part-time,NAT_DEF,National definition,A,Annual,2014,,8.49,,A,Normal value,0,Units,1,One
DATAFLOW,OECD.ELS.SAE:DSD_FTPT@DF_FTPT_NATIONAL_INC(1.0),Incidence of full-time and part-time employment based on national definitions,I,MLT,Malta,EMP,Employment,PT_POP_SUB,Percentage of population in the same subgroup,M,Male,_T,Total,EMP,Employment,MAIN,Main job,_T,Total,PT,Part-time,NAT_DEF,National definition,A,Annual,2015,,7.99,,A,Normal value,0,Units,1,One
DATAFLOW,OECD.ELS.SAE:DSD_FTPT@DF_FTPT_NATIONAL_INC(1.0),Incidence of full-time and part-time employment based on national definitions,I,MLT,Malta,EMP,Employment,PT_POP_SUB,Percentage of population in the same subgroup,M,Male,_T,Total,EMP,Employment,MAIN,Main job,_T,Total,PT,Part-time,NAT_DEF,National definition,A,Annual,2016,,7.22,,A,Normal value,0,Units,1,One
DATAFLOW,OECD.ELS.SAE:DSD_FTPT@DF_FTPT_NATIONAL_INC(1.0),Incidence of full-time and part-time employment based on national definitions,I,MLT,Malta,EMP,Employment,PT_POP_SUB,Percentage of population in the same subgroup,M,Male,_T,Total,EMP,Employment,MAIN,Main job,_T,Total,PT,Part-time,NAT_DEF,National definition,A,Annual,2017,,7.549,,A,Normal value,0,Units,1,One
DATAFLOW,OECD.ELS.SAE:DSD_FTPT@DF_FTPT_NATIONAL_INC(1.0),Incidence of full-time and part-time employment based on national definitions,I,MLT,Malta,EMP,Employment,PT_POP_SUB,Percentage of population in the same subgroup,M,Male,_T,Total,EMP,Employment,MAIN,Main job,_T,Total,PT,Part-time,NAT_DEF,National definition,A,Annual,2018,,7.965,,A,Normal value,0,Units,1,One
DATAFLOW,OECD.ELS.SAE:DSD_FTPT@DF_FTPT_NATIONAL_INC(1.0),Incidence of full-time and part-time employment based on national definitions,I,MLT,Malta,EMP,Employment,PT_POP_SUB,Percentage of population in the same subgroup,M,Male,_T,Total,EMP,Employment,MAIN,Main job,_T,Total,PT,Part-time,NAT_DEF,National definition,A,Annual,2019,,7.577,,A,Normal value,0,Units,1,One
DATAFLOW,OECD.ELS.SAE:DSD_FTPT@DF_FTPT_NATIONAL_INC(1.0),Incidence of full-time and part-time employment based on national definitions,I,MLT,Malta,EMP,Employment,PT_POP_SUB,Percentage of population in the same subgroup,M,Male,_T,Total,EMP,Employment,MAIN,Main job,_T,Total,PT,Part-time,NAT_DEF,National definition,A,Annual,2020,,6.019,,A,Normal value,0,Units,1,One
DATAFLOW,OECD.ELS.SAE:DSD_FTPT@DF_FTPT_NATIONAL_INC(1.0),Incidence of full-time and part-time employment based on national definitions,I,MLT,Malta,EMP,Employment,PT_POP_SUB,Percentage of population in the same subgroup,M,Male,_T,Total,EMP,Employment,MAIN,Main job,_T,Total,PT,Part-time,NAT_DEF,National definition,A,Annual,2021,,7.106,,A,Normal value,0,Units,1,One
DATAFLOW,OECD.ELS.SAE:DSD_FTPT@DF_FTPT_NATIONAL_INC(1.0),Incidence of full-time and part-time employment based on national definitions,I,MLT,Malta,EMP,Employment,PT_POP_SUB,Percentage of population in the same subgroup,M,Male,_T,Total,EMP,Employment,MAIN,Main job,_T,Total,PT,Part-time,NAT_DEF,National definition,A,Annual,2022,,6.642,,A,Normal value,0,Units,1,One
DATAFLOW,OECD.ELS.SAE:DSD_FTPT@DF_FTPT_NATIONAL_INC(1.0),Incidence of full-time and part-time employment based on national definitions,I,MLT,Malta,EMP,Employment,PT_POP_SUB,Percentage of population in the same subgroup,M,Male,_T,Total,EMP,Employment,MAIN,Main job,_T,Total,PT,Part-time,NAT_DEF,National definition,A,Annual,2023,,7.042,,A,Normal value,0,Units,1,One
DATAFLOW,OECD.ELS.SAE:DSD_FTPT@DF_FTPT_NATIONAL_INC(1.0),Incidence of full-time and part-time employment based on national definitions,I,MLT,Malta,EMP,Employment,PT_POP_SUB,Percentage of population in the same subgroup,M,Male,_T,Total,EMP,Employment,MAIN,Main job,_T,Total,PT,Part-time,NAT_DEF,National definition,A,Annual,2024,,6.372,,A,Normal value,0,Units,1,One
DATAFLOW,OECD.ELS.SAE:DSD_FTPT@DF_FTPT_NATIONAL_INC(1.0),Incidence of full-time and part-time employment based on national definitions,I,MLT,Malta,EMP,Employment,PT_POP_SUB,Percentage of population in the same subgroup,M,Male,_T,Total,EMP,Employment,MAIN,Main job,_T,Total,PT,Part-time,NAT_DEF,National definition,A,Annual,2025,,5.72,,A,Normal value,0,Units,1,One
DATAFLOW,OECD.ELS.SAE:DSD_FTPT@DF_FTPT_NATIONAL_INC(1.0),Incidence of full-time and part-time employment based on national definitions,I,MKD,North Macedonia,EMP,Employment,PT_POP_SUB,Percentage of population in the same subgroup,M,Male,_T,Total,EMP,Employment,MAIN,Main job,_T,Total,PT,Part-time,NAT_DEF,National definition,A,Annual,2010,,4.958,,A,Normal value,0,Units,1,One
DATAFLOW,OECD.ELS.SAE:DSD_FTPT@DF_FTPT_NATIONAL_INC(1.0),Incidence of full-time and part-time employment based on national definitions,I,MKD,North Macedonia,EMP,Employment,PT_POP_SUB,Percentage of population in the same subgroup,M,Male,_T,Total,EMP,Employment,MAIN,Main job,_T,Total,PT,Part-time,NAT_DEF,National definition,A,Annual,2011,,5.783,,A,Normal value,0,Units,1,One
DATAFLOW,OECD.ELS.SAE:DSD_FTPT@DF_FTPT_NATIONAL_INC(1.0),Incidence of full-time and part-time employment based on national definitions,I,MKD,North Macedonia,EMP,Employment,PT_POP_SUB,Percentage of population in the same subgroup,M,Male,_T,Total,EMP,Employment,MAIN,Main job,_T,Total,PT,Part-time,NAT_DEF,National definition,A,Annual,2012,,5.89,,A,Normal value,0,Units,1,One
DATAFLOW,OECD.ELS.SAE:DSD_FTPT@DF_FTPT_NATIONAL_INC(1.0),Incidence of full-time and part-time employment based on national definitions,I,MKD,North Macedonia,EMP,Employment,PT_POP_SUB,Percentage of population in the same subgroup,M,Male,_T,Total,EMP,Employment,MAIN,Main job,_T,Total,PT,Part-time,NAT_DEF,National definition,A,Annual,2013,,4.388,,A,Normal value,0,Units,1,One
DATAFLOW,OECD.ELS.SAE:DSD_FTPT@DF_FTPT_NATIONAL_INC(1.0),Incidence of full-time and part-time employment based on national definitions,I,MKD,North Macedonia,EMP,Employment,PT_POP_SUB,Percentage of population in the same subgroup,M,Male,_T,Total,EMP,Employment,MAIN,Main job,_T,Total,PT,Part-time,NAT_DEF,National definition,A,Annual,2014,,6.46,,A,Normal value,0,Units,1,One
DATAFLOW,OECD.ELS.SAE:DSD_FTPT@DF_FTPT_NATIONAL_INC(1.0),Incidence of full-time and part-time employment based on national definitions,I,MKD,North Macedonia,EMP,Employment,PT_POP_SUB,Percentage of population in the same subgroup,M,Male,_T,Total,EMP,Employment,MAIN,Main job,_T,Total,PT,Part-time,NAT_DEF,National definition,A,Annual,2015,,4.284,,A,Normal value,0,Units,1,One
DATAFLOW,OECD.ELS.SAE:DSD_FTPT@DF_FTPT_NATIONAL_INC(1.0),Incidence of full-time and part-time employment based on national definitions,I,MKD,North Macedonia,EMP,Employment,PT_POP_SUB,Percentage of population in the same subgroup,M,Male,_T,Total,EMP,Employment,MAIN,Main job,_T,Total,PT,Part-time,NAT_DEF,National definition,A,Annual,2016,,4.601,,A,Normal value,0,Units,1,One
DATAFLOW,OECD.ELS.SAE:DSD_FTPT@DF_FTPT_NATIONAL_INC(1.0),Incidence of full-time and part-time employment based on national definitions,I,MKD,North Macedonia,EMP,Employment,PT_POP_SUB,Percentage of population in the same subgroup,M,Male,_T,Total,EMP,Employment,MAIN,Main job,_T,Total,PT,Part-time,NAT_DEF,National definition,A,Annual,2017,,4.1,,A,Normal value,0,Units,1,One
DATAFLOW,OECD.ELS.SAE:DSD_FTPT@DF_FTPT_NATIONAL_INC(1.0),Incidence of full-time and part-time employment based on national definitions,I,MKD,North Macedonia,EMP,Employment,PT_POP_SUB,Percentage of population in the same subgroup,M,Male,_T,Total,EMP,Employment,MAIN,Main job,_T,Total,PT,Part-time,NAT_DEF,National definition,A,Annual,2018,,3.538,,A,Normal value,0,Units,1,One
DATAFLOW,OECD.ELS.SAE:DSD_FTPT@DF_FTPT_NATIONAL_INC(1.0),Incidence of full-time and part-time employment based on national definitions,I,MKD,North Macedonia,EMP,Employment,PT_POP_SUB,Percentage of population in the same subgroup,M,Male,_T,Total,EMP,Employment,MAIN,Main job,_T,Total,PT,Part-time,NAT_DEF,National definition,A,Annual,2019,,4.273,,A,Normal value,0,Units,1,One
DATAFLOW,OECD.ELS.SAE:DSD_FTPT@DF_FTPT_NATIONAL_INC(1.0),Incidence of full-time and part-time employment based on national definitions,I,MKD,North Macedonia,EMP,Employment,PT_POP_SUB,Percentage of population in the same subgroup,M,Male,_T,Total,EMP,Employment,MAIN,Main job,_T,Total,PT,Part-time,NAT_DEF,National definition,A,Annual,2020,,3.673,,A,Normal value,0,Units,1,One
DATAFLOW,OECD.ELS.SAE:DSD_FTPT@DF_FTPT_NATIONAL_INC(1.0),Incidence of full-time and part-time employment based on national definitions,I,MKD,North Macedonia,EMP,Employment,PT_POP_SUB,Percentage of population in the same subgroup,M,Male,_T,Total,EMP,Employment,MAIN,Main job,_T,Total,PT,Part-time,NAT_DEF,National definition,A,Annual,2021,,3.364,,A,Normal value,0,Units,1,One
DATAFLOW,OECD.ELS.SAE:DSD_FTPT@DF_FTPT_NATIONAL_INC(1.0),Incidence of full-time and part-time employment based on national definitions,I,MKD,North Macedonia,EMP,Employment,PT_POP_SUB,Percentage of population in the same subgroup,M,Male,_T,Total,EMP,Employment,MAIN,Main job,_T,Total,PT,Part-time,NAT_DEF,National definition,A,Annual,2022,,3.554,,A,Normal value,0,Units,1,One
DATAFLOW,OECD.ELS.SAE:DSD_FTPT@DF_FTPT_NATIONAL_INC(1.0),Incidence of full-time and part-time employment based on national definitions,I,MKD,North Macedonia,EMP,Employment,PT_POP_SUB,Percentage of population in the same subgroup,M,Male,_T,Total,EMP,Employment,MAIN,Main job,_T,Total,PT,Part-time,NAT_DEF,National definition,A,Annual,2023,,2.828,,A,Normal value,0,Units,1,One
DATAFLOW,OECD.ELS.SAE:DSD_FTPT@DF_FTPT_NATIONAL_INC(1.0),Incidence of full-time and part-time employment based on national definitions,I,MKD,North Macedonia,EMP,Employment,PT_POP_SUB,Percentage of population in the same subgroup,M,Male,_T,Total,EMP,Employment,MAIN,Main job,_T,Total,PT,Part-time,NAT_DEF,National definition,A,Annual,2024,,2.698,,A,Normal value,0,Units,1,One
DATAFLOW,OECD.ELS.SAE:DSD_FTPT@DF_FTPT_NATIONAL_INC(1.0),Incidence of full-time and part-time employment based on national definitions,I,MKD,North Macedonia,EMP,Employment,PT_POP_SUB,Percentage of population in the same subgroup,M,Male,_T,Total,EMP,Employment,MAIN,Main job,_T,Total,PT,Part-time,NAT_DEF,National definition,A,Annual,2025,,3.371,,A,Normal value,0,Units,1,One
DATAFLOW,OECD.ELS.SAE:DSD_FTPT@DF_FTPT_NATIONAL_INC(1.0),Incidence of full-time and part-time employment based on national definitions,I,PER,Peru,EMP,Employment,PT_POP_SUB,Percentage of population in the same subgroup,M,Male,_T,Total,EMP,Employment,MAIN,Main job,_T,Total,PT,Part-time,NAT_DEF,National definition,A,Annual,2013,,19.291,,A,Normal value,0,Units,1,One
DATAFLOW,OECD.ELS.SAE:DSD_FTPT@DF_FTPT_NATIONAL_INC(1.0),Incidence of full-time and part-time employment based on national definitions,I,PER,Peru,EMP,Employment,PT_POP_SUB,Percentage of population in the same subgroup,M,Male,_T,Total,EMP,Employment,MAIN,Main job,_T,Total,PT,Part-time,NAT_DEF,National definition,A,Annual,2014,,19.325,,A,Normal value,0,Units,1,One
DATAFLOW,OECD.ELS.SAE:DSD_FTPT@DF_FTPT_NATIONAL_INC(1.0),Incidence of full-time and part-time employment based on national definitions,I,PER,Peru,EMP,Employment,PT_POP_SUB,Percentage of population in the same subgroup,M,Male,_T,Total,EMP,Employment,MAIN,Main job,_T,Total,PT,Part-time,NAT_DEF,National definition,A,Annual,2015,,18.517,,A,Normal value,0,Units,1,One
DATAFLOW,OECD.ELS.SAE:DSD_FTPT@DF_FTPT_NATIONAL_INC(1.0),Incidence of full-time and part-time employment based on national definitions,I,PER,Peru,EMP,Employment,PT_POP_SUB,Percentage of population in the same subgroup,M,Male,_T,Total,EMP,Employment,MAIN,Main job,_T,Total,PT,Part-time,NAT_DEF,National definition,A,Annual,2017,,19.418,,A,Normal value,0,Units,1,One
DATAFLOW,OECD.ELS.SAE:DSD_FTPT@DF_FTPT_NATIONAL_INC(1.0),Incidence of full-time and part-time employment based on national definitions,I,PER,Peru,EMP,Employment,PT_POP_SUB,Percentage of population in the same subgroup,M,Male,_T,Total,EMP,Employment,MAIN,Main job,_T,Total,PT,Part-time,NAT_DEF,National definition,A,Annual,2020,,20.135,,A,Normal value,0,Units,1,One
DATAFLOW,OECD.ELS.SAE:DSD_FTPT@DF_FTPT_NATIONAL_INC(1.0),Incidence of full-time and part-time employment based on national definitions,I,ROU,Romania,EMP,Employment,PT_POP_SUB,Percentage of population in the same subgroup,M,Male,_T,Total,EMP,Employment,MAIN,Main job,_T,Total,PT,Part-time,NAT_DEF,National definition,A,Annual,2010,,10.808,,A,Normal value,0,Units,1,One
DATAFLOW,OECD.ELS.SAE:DSD_FTPT@DF_FTPT_NATIONAL_INC(1.0),Incidence of full-time and part-time employment based on national definitions,I,ROU,Romania,EMP,Employment,PT_POP_SUB,Percentage of population in the same subgroup,M,Male,_T,Total,EMP,Employment,MAIN,Main job,_T,Total,PT,Part-time,NAT_DEF,National definition,A,Annual,2013,,9.591,,A,Normal value,0,Units,1,One
DATAFLOW,OECD.ELS.SAE:DSD_FTPT@DF_FTPT_NATIONAL_INC(1.0),Incidence of full-time and part-time employment based on national definitions,I,ROU,Romania,EMP,Employment,PT_POP_SUB,Percentage of population in the same subgroup,M,Male,_T,Total,EMP,Employment,MAIN,Main job,_T,Total,PT,Part-time,NAT_DEF,National definition,A,Annual,2020,,6.522,,A,Normal value,0,Units,1,One
DATAFLOW,OECD.ELS.SAE:DSD_FTPT@DF_FTPT_NATIONAL_INC(1.0),Incidence of full-time and part-time employment based on national definitions,I,ROU,Romania,EMP,Employment,PT_POP_SUB,Percentage of population in the same subgroup,M,Male,_T,Total,EMP,Employment,MAIN,Main job,_T,Total,PT,Part-time,NAT_DEF,National definition,A,Annual,2021,,4.273,,A,Normal value,0,Units,1,One
DATAFLOW,OECD.ELS.SAE:DSD_FTPT@DF_FTPT_NATIONAL_INC(1.0),Incidence of full-time and part-time employment based on national definitions,I,ROU,Romania,EMP,Employment,PT_POP_SUB,Percentage of population in the same subgroup,M,Male,_T,Total,EMP,Employment,MAIN,Main job,_T,Total,PT,Part-time,NAT_DEF,National definition,A,Annual,2023,,3.981,,A,Normal value,0,Units,1,One
DATAFLOW,OECD.ELS.SAE:DSD_FTPT@DF_FTPT_NATIONAL_INC(1.0),Incidence of full-time and part-time employment based on national definitions,I,ROU,Romania,EMP,Employment,PT_POP_SUB,Percentage of population in the same subgroup,M,Male,_T,Total,EMP,Employment,MAIN,Main job,_T,Total,PT,Part-time,NAT_DEF,National definition,A,Annual,2025,,2.902,,A,Normal value,0,Units,1,One
DATAFLOW,OECD.ELS.SAE:DSD_FTPT@DF_FTPT_NATIONAL_INC(1.0),Incidence of full-time and part-time employment based on national definitions,I,RUS,Russia,EMP,Employment,PT_POP_SUB,Percentage of population in the same subgroup,M,Male,_T,Total,EMP,Employment,MAIN,Main job,_T,Total,PT,Part-time,NAT_DEF,National definition,A,Annual,2017,,4.692,,A,Normal value,0,Units,1,One
DATAFLOW,OECD.ELS.SAE:DSD_FTPT@DF_FTPT_NATIONAL_INC(1.0),Incidence of full-time and part-time employment based on national definitions,I,ZAF,South Africa,EMP,Employment,PT_POP_SUB,Percentage of population in the same subgroup,M,Male,_T,Total,EMP,Employment,MAIN,Main job,_T,Total,PT,Part-time,NAT_DEF,National definition,A,Annual,2025,,9.841,,A,Normal value,0,Units,1,One
DATAFLOW,OECD.ELS.SAE:DSD_FTPT@DF_FTPT_NATIONAL_INC(1.0),Incidence of full-time and part-time employment based on national definitions,I,AUT,Austria,EMP,Employment,PT_POP_SUB,Percentage of population in the same subgroup,F,Female,_T,Total,EMP,Employment,MAIN,Main job,_T,Total,PT,Part-time,NAT_DEF,National definition,A,Annual,2021,,49.646,,A,Normal value,0,Units,1,One
DATAFLOW,OECD.ELS.SAE:DSD_FTPT@DF_FTPT_NATIONAL_INC(1.0),Incidence of full-time and part-time employment based on national definitions,I,AUT,Austria,EMP,Employment,PT_POP_SUB,Percentage of population in the same subgroup,F,Female,_T,Total,EMP,Employment,MAIN,Main job,_T,Total,PT,Part-time,NAT_DEF,National definition,A,Annual,2022,,50.734,,A,Normal value,0,Units,1,One
DATAFLOW,OECD.ELS.SAE:DSD_FTPT@DF_FTPT_NATIONAL_INC(1.0),Incidence of full-time and part-time employment based on national definitions,I,BEL,Belgium,EMP,Employment,PT_POP_SUB,Percentage of population in the same subgroup,F,Female,_T,Total,EMP,Employment,MAIN,Main job,_T,Total,PT,Part-time,NAT_DEF,National definition,A,Annual,2020,,39.918,,A,Normal value,0,Units,1,One
DATAFLOW,OECD.ELS.SAE:DSD_FTPT@DF_FTPT_NATIONAL_INC(1.0),Incidence of full-time and part-time employment based on national definitions,I,BEL,Belgium,EMP,Employment,PT_POP_SUB,Percentage of population in the same subgroup,F,Female,_T,Total,EMP,Employment,MAIN,Main job,_T,Total,PT,Part-time,NAT_DEF,National definition,A,Annual,2021,,39.752,,A,Normal value,0,Units,1,One
DATAFLOW,OECD.ELS.SAE:DSD_FTPT@DF_FTPT_NATIONAL_INC(1.0),Incidence of full-time and part-time employment based on national definitions,I,BEL,Belgium,EMP,Employment,PT_POP_SUB,Percentage of population in the same subgroup,F,Female,_T,Total,EMP,Employment,MAIN,Main job,_T,Total,PT,Part-time,NAT_DEF,National definition,A,Annual,2022,,38.699,,A,Normal value,0,Units,1,One
DATAFLOW,OECD.ELS.SAE:DSD_FTPT@DF_FTPT_NATIONAL_INC(1.0),Incidence of full-time and part-time employment based on national definitions,I,CHL,Chile,EMP,Employment,PT_POP_SUB,Percentage of population in the same subgroup,F,Female,_T,Total,EMP,Employment,MAIN,Main job,_T,Total,PT,Part-time,NAT_DEF,National definition,A,Annual,2021,,26.214,,A,Normal value,0,Units,1,One
DATAFLOW,OECD.ELS.SAE:DSD_FTPT@DF_FTPT_NATIONAL_INC(1.0),Incidence of full-time and part-time employment based on national definitions,I,COL,Colombia,EMP,Employment,PT_POP_SUB,Percentage of population in the same subgroup,F,Female,_T,Total,EMP,Employment,MAIN,Main job,_T,Total,PT,Part-time,NAT_DEF,National definition,A,Annual,2020,,23.481,,A,Normal value,0,Units,1,One
DATAFLOW,OECD.ELS.SAE:DSD_FTPT@DF_FTPT_NATIONAL_INC(1.0),Incidence of full-time and part-time employment based on national definitions,I,COL,Colombia,EMP,Employment,PT_POP_SUB,Percentage of population in the same subgroup,F,Female,_T,Total,EMP,Employment,MAIN,Main job,_T,Total,PT,Part-time,NAT_DEF,National definition,A,Annual,2021,,18.689,,A,Normal value,0,Units,1,One
DATAFLOW,OECD.ELS.SAE:DSD_FTPT@DF_FTPT_NATIONAL_INC(1.0),Incidence of full-time and part-time employment based on national definitions,I,COL,Colombia,EMP,Employment,PT_POP_SUB,Percentage of population in the same subgroup,F,Female,_T,Total,EMP,Employment,MAIN,Main job,_T,Total,PT,Part-time,NAT_DEF,National definition,A,Annual,2022,,19.643,,A,Normal value,0,Units,1,One
DATAFLOW,OECD.ELS.SAE:DSD_FTPT@DF_FTPT_NATIONAL_INC(1.0),Incidence of full-time and part-time employment based on national definitions,I,CRI,Costa Rica,EMP,Employment,PT_POP_SUB,Percentage of population in the same subgroup,F,Female,_T,Total,EMP,Employment,MAIN,Main job,_T,Total,PT,Part-time,NAT_DEF,National definition,A,Annual,2022,,35.896,,A,Normal value,0,Units,1,One
DATAFLOW,OECD.ELS.SAE:DSD_FTPT@DF_FTPT_NATIONAL_INC(1.0),Incidence of full-time and part-time employment based on national definitions,I,CZE,Czechia,EMP,Employment,PT_POP_SUB,Percentage of population in the same subgroup,F,Female,_T,Total,EMP,Employment,MAIN,Main job,_T,Total,PT,Part-time,NAT_DEF,National definition,A,Annual,2022,,11.575,,A,Normal value,0,Units,1,One
DATAFLOW,OECD.ELS.SAE:DSD_FTPT@DF_FTPT_NATIONAL_INC(1.0),Incidence of full-time and part-time employment based on national definitions,I,DNK,Denmark,EMP,Employment,PT_POP_SUB,Percentage of population in the same subgroup,F,Female,_T,Total,EMP,Employment,MAIN,Main job,_T,Total,PT,Part-time,NAT_DEF,National definition,A,Annual,2021,,34.283,,A,Normal value,0,Units,1,One
DATAFLOW,OECD.ELS.SAE:DSD_FTPT@DF_FTPT_NATIONAL_INC(1.0),Incidence of full-time and part-time employment based on national definitions,I,FRA,France,EMP,Employment,PT_POP_SUB,Percentage of population in the same subgroup,F,Female,_T,Total,EMP,Employment,MAIN,Main job,_T,Total,PT,Part-time,NAT_DEF,National definition,A,Annual,2020,,27.434,,A,Normal value,0,Units,1,One
DATAFLOW,OECD.ELS.SAE:DSD_FTPT@DF_FTPT_NATIONAL_INC(1.0),Incidence of full-time and part-time employment based on national definitions,I,FRA,France,EMP,Employment,PT_POP_SUB,Percentage of population in the same subgroup,F,Female,_T,Total,EMP,Employment,MAIN,Main job,_T,Total,PT,Part-time,NAT_DEF,National definition,A,Annual,2021,,27.922,,A,Normal value,0,Units,1,One
DATAFLOW,OECD.ELS.SAE:DSD_FTPT@DF_FTPT_NATIONAL_INC(1.0),Incidence of full-time and part-time employment based on national definitions,I,ISR,Israel,EMP,Employment,PT_POP_SUB,Percentage of population in the same subgroup,F,Female,_T,Total,EMP,Employment,MAIN,Main job,_T,Total,PT,Part-time,NAT_DEF,National definition,A,Annual,2022,,31.682,,A,Normal value,0,Units,1,One
DATAFLOW,OECD.ELS.SAE:DSD_FTPT@DF_FTPT_NATIONAL_INC(1.0),Incidence of full-time and part-time employment based on national definitions,I,ITA,Italy,EMP,Employment,PT_POP_SUB,Percentage of population in the same subgroup,F,Female,_T,Total,EMP,Employment,MAIN,Main job,_T,Total,PT,Part-time,NAT_DEF,National definition,A,Annual,2020,,32.155,,A,Normal value,0,Units,1,One
DATAFLOW,OECD.ELS.SAE:DSD_FTPT@DF_FTPT_NATIONAL_INC(1.0),Incidence of full-time and part-time employment based on national definitions,I,ITA,Italy,EMP,Employment,PT_POP_SUB,Percentage of population in the same subgroup,F,Female,_T,Total,EMP,Employment,MAIN,Main job,_T,Total,PT,Part-time,NAT_DEF,National definition,A,Annual,2021,,31.596,,A,Normal value,0,Units,1,One
DATAFLOW,OECD.ELS.SAE:DSD_FTPT@DF_FTPT_NATIONAL_INC(1.0),Incidence of full-time and part-time employment based on national definitions,I,ITA,Italy,EMP,Employment,PT_POP_SUB,Percentage of population in the same subgroup,F,Female,_T,Total,EMP,Employment,MAIN,Main job,_T,Total,PT,Part-time,NAT_DEF,National definition,A,Annual,2022,,31.73,,A,Normal value,0,Units,1,One
DATAFLOW,OECD.ELS.SAE:DSD_FTPT@DF_FTPT_NATIONAL_INC(1.0),Incidence of full-time and part-time employment based on national definitions,I,JPN,Japan,EMP,Employment,PT_POP_SUB,Percentage of population in the same subgroup,F,Female,_T,Total,EMP,Employment,MAIN,Main job,_T,Total,PT,Part-time,NAT_DEF,National definition,A,Annual,2020,,39.585,,A,Normal value,0,Units,1,One
DATAFLOW,OECD.ELS.SAE:DSD_FTPT@DF_FTPT_NATIONAL_INC(1.0),Incidence of full-time and part-time employment based on national definitions,I,JPN,Japan,EMP,Employment,PT_POP_SUB,Percentage of population in the same subgroup,F,Female,_T,Total,EMP,Employment,MAIN,Main job,_T,Total,PT,Part-time,NAT_DEF,National definition,A,Annual,2021,,39.057,,A,Normal value,0,Units,1,One
DATAFLOW,OECD.ELS.SAE:DSD_FTPT@DF_FTPT_NATIONAL_INC(1.0),Incidence of full-time and part-time employment based on national definitions,I,JPN,Japan,EMP,Employment,PT_POP_SUB,Percentage of population in the same subgroup,F,Female,_T,Total,EMP,Employment,MAIN,Main job,_T,Total,PT,Part-time,NAT_DEF,National definition,A,Annual,2022,,38.451,,A,Normal value,0,Units,1,One
DATAFLOW,OECD.ELS.SAE:DSD_FTPT@DF_FTPT_NATIONAL_INC(1.0),Incidence of full-time and part-time employment based on national definitions,I,LVA,Latvia,EMP,Employment,PT_POP_SUB,Percentage of population in the same subgroup,F,Female,_T,Total,EMP,Employment,MAIN,Main job,_T,Total,PT,Part-time,NAT_DEF,National definition,A,Annual,2021,,11.2,,A,Normal value,0,Units,1,One
DATAFLOW,OECD.ELS.SAE:DSD_FTPT@DF_FTPT_NATIONAL_INC(1.0),Incidence of full-time and part-time employment based on national definitions,I,MEX,Mexico,EMP,Employment,PT_POP_SUB,Percentage of population in the same subgroup,F,Female,_T,Total,EMP,Employment,MAIN,Main job,_T,Total,PT,Part-time,NAT_DEF,National definition,A,Annual,2020,,32.738,,A,Normal value,0,Units,1,One
DATAFLOW,OECD.ELS.SAE:DSD_FTPT@DF_FTPT_NATIONAL_INC(1.0),Incidence of full-time and part-time employment based on national definitions,I,MEX,Mexico,EMP,Employment,PT_POP_SUB,Percentage of population in the same subgroup,F,Female,_T,Total,EMP,Employment,MAIN,Main job,_T,Total,PT,Part-time,NAT_DEF,National definition,A,Annual,2021,,32.852,,A,Normal value,0,Units,1,One
DATAFLOW,OECD.ELS.SAE:DSD_FTPT@DF_FTPT_NATIONAL_INC(1.0),Incidence of full-time and part-time employment based on national definitions,I,MEX,Mexico,EMP,Employment,PT_POP_SUB,Percentage of population in the same subgroup,F,Female,_T,Total,EMP,Employment,MAIN,Main job,_T,Total,PT,Part-time,NAT_DEF,National definition,A,Annual,2022,,31.749,,A,Normal value,0,Units,1,One
DATAFLOW,OECD.ELS.SAE:DSD_FTPT@DF_FTPT_NATIONAL_INC(1.0),Incidence of full-time and part-time employment based on national definitions,I,NLD,Netherlands,EMP,Employment,PT_POP_SUB,Percentage of population in the same subgroup,F,Female,_T,Total,EMP,Employment,MAIN,Main job,_T,Total,PT,Part-time,NAT_DEF,National definition,A,Annual,2020,,71.128,,A,Normal value,0,Units,1,One
DATAFLOW,OECD.ELS.SAE:DSD_FTPT@DF_FTPT_NATIONAL_INC(1.0),Incidence of full-time and part-time employment based on national definitions,I,NLD,Netherlands,EMP,Employment,PT_POP_SUB,Percentage of population in the same subgroup,F,Female,_T,Total,EMP,Employment,MAIN,Main job,_T,Total,PT,Part-time,NAT_DEF,National definition,A,Annual,2021,,70.483,,A,Normal value,0,Units,1,One
DATAFLOW,OECD.ELS.SAE:DSD_FTPT@DF_FTPT_NATIONAL_INC(1.0),Incidence of full-time and part-time employment based on national definitions,I,NLD,Netherlands,EMP,Employment,PT_POP_SUB,Percentage of population in the same subgroup,F,Female,_T,Total,EMP,Employment,MAIN,Main job,_T,Total,PT,Part-time,NAT_DEF,National definition,A,Annual,2022,,68.907,,A,Normal value,0,Units,1,One
DATAFLOW,OECD.ELS.SAE:DSD_FTPT@DF_FTPT_NATIONAL_INC(1.0),Incidence of full-time and part-time employment based on national definitions,I,NOR,Norway,EMP,Employment,PT_POP_SUB,Percentage of population in the same subgroup,F,Female,_T,Total,EMP,Employment,MAIN,Main job,_T,Total,PT,Part-time,NAT_DEF,National definition,A,Annual,2020,,36.915,,A,Normal value,0,Units,1,One
DATAFLOW,OECD.ELS.SAE:DSD_FTPT@DF_FTPT_NATIONAL_INC(1.0),Incidence of full-time and part-time employment based on national definitions,I,SVK,Slovak Republic,EMP,Employment,PT_POP_SUB,Percentage of population in the same subgroup,F,Female,_T,Total,EMP,Employment,MAIN,Main job,_T,Total,PT,Part-time,NAT_DEF,National definition,A,Annual,2022,,4.873,,A,Normal value,0,Units,1,One
DATAFLOW,OECD.ELS.SAE:DSD_FTPT@DF_FTPT_NATIONAL_INC(1.0),Incidence of full-time and part-time employment based on national definitions,I,ESP,Spain,EMP,Employment,PT_POP_SUB,Percentage of population in the same subgroup,F,Female,_T,Total,EMP,Employment,MAIN,Main job,_T,Total,PT,Part-time,NAT_DEF,National definition,A,Annual,2020,,22.76,,A,Normal value,0,Units,1,One
DATAFLOW,OECD.ELS.SAE:DSD_FTPT@DF_FTPT_NATIONAL_INC(1.0),Incidence of full-time and part-time employment based on national definitions,I,ESP,Spain,EMP,Employment,PT_POP_SUB,Percentage of population in the same subgroup,F,Female,_T,Total,EMP,Employment,MAIN,Main job,_T,Total,PT,Part-time,NAT_DEF,National definition,A,Annual,2022,,21.746,,A,Normal value,0,Units,1,One
DATAFLOW,OECD.ELS.SAE:DSD_FTPT@DF_FTPT_NATIONAL_INC(1.0),Incidence of full-time and part-time employment based on national definitions,I,CHE,Switzerland,EMP,Employment,PT_POP_SUB,Percentage of population in the same subgroup,F,Female,_T,Total,EMP,Employment,MAIN,Main job,_T,Total,PT,Part-time,NAT_DEF,National definition,A,Annual,2020,,59.122,,A,Normal value,0,Units,1,One
DATAFLOW,OECD.ELS.SAE:DSD_FTPT@DF_FTPT_NATIONAL_INC(1.0),Incidence of full-time and part-time employment based on national definitions,I,TUR,Türkiye,EMP,Employment,PT_POP_SUB,Percentage of population in the same subgroup,F,Female,_T,Total,EMP,Employment,MAIN,Main job,_T,Total,PT,Part-time,NAT_DEF,National definition,A,Annual,2020,,18.18,,A,Normal value,0,Units,1,One
DATAFLOW,OECD.ELS.SAE:DSD_FTPT@DF_FTPT_NATIONAL_INC(1.0),Incidence of full-time and part-time employment based on national definitions,I,TUR,Türkiye,EMP,Employment,PT_POP_SUB,Percentage of population in the same subgroup,F,Female,_T,Total,EMP,Employment,MAIN,Main job,_T,Total,PT,Part-time,NAT_DEF,National definition,A,Annual,2021,,15.299,,A,Normal value,0,Units,1,One
DATAFLOW,OECD.ELS.SAE:DSD_FTPT@DF_FTPT_NATIONAL_INC(1.0),Incidence of full-time and part-time employment based on national definitions,I,TUR,Türkiye,EMP,Employment,PT_POP_SUB,Percentage of population in the same subgroup,F,Female,_T,Total,EMP,Employment,MAIN,Main job,_T,Total,PT,Part-time,NAT_DEF,National definition,A,Annual,2022,,14.877,,A,Normal value,0,Units,1,One
DATAFLOW,OECD.ELS.SAE:DSD_FTPT@DF_FTPT_NATIONAL_INC(1.0),Incidence of full-time and part-time employment based on national definitions,I,GBR,United Kingdom,EMP,Employment,PT_POP_SUB,Percentage of population in the same subgroup,F,Female,_T,Total,EMP,Employment,MAIN,Main job,_T,Total,PT,Part-time,NAT_DEF,National definition,A,Annual,2020,,39.31,,A,Normal value,0,Units,1,One
DATAFLOW,OECD.ELS.SAE:DSD_FTPT@DF_FTPT_NATIONAL_INC(1.0),Incidence of full-time and part-time employment based on national definitions,I,GBR,United Kingdom,EMP,Employment,PT_POP_SUB,Percentage of population in the same subgroup,F,Female,_T,Total,EMP,Employment,MAIN,Main job,_T,Total,PT,Part-time,NAT_DEF,National definition,A,Annual,2021,,37.478,,A,Normal value,0,Units,1,One
DATAFLOW,OECD.ELS.SAE:DSD_FTPT@DF_FTPT_NATIONAL_INC(1.0),Incidence of full-time and part-time employment based on national definitions,I,GBR,United Kingdom,EMP,Employment,PT_POP_SUB,Percentage of population in the same subgroup,F,Female,_T,Total,EMP,Employment,MAIN,Main job,_T,Total,PT,Part-time,NAT_DEF,National definition,A,Annual,2022,,37.96,,A,Normal value,0,Units,1,One
DATAFLOW,OECD.ELS.SAE:DSD_FTPT@DF_FTPT_NATIONAL_INC(1.0),Incidence of full-time and part-time employment based on national definitions,I,USA,United States,EMP,Employment,PT_POP_SUB,Percentage of population in the same subgroup,F,Female,_T,Total,EMP,Employment,MAIN,Main job,_T,Total,PT,Part-time,NAT_DEF,National definition,A,Annual,2020,,22.398,,A,Normal value,0,Units,1,One
DATAFLOW,OECD.ELS.SAE:DSD_FTPT@DF_FTPT_NATIONAL_INC(1.0),Incidence of full-time and part-time employment based on national definitions,I,USA,United States,EMP,Employment,PT_POP_SUB,Percentage of population in the same subgroup,F,Female,_T,Total,EMP,Employment,MAIN,Main job,_T,Total,PT,Part-time,NAT_DEF,National definition,A,Annual,2021,,22.443,,A,Normal value,0,Units,1,One
DATAFLOW,OECD.ELS.SAE:DSD_FTPT@DF_FTPT_NATIONAL_INC(1.0),Incidence of full-time and part-time employment based on national definitions,I,USA,United States,EMP,Employment,PT_POP_SUB,Percentage of population in the same subgroup,F,Female,_T,Total,EMP,Employment,MAIN,Main job,_T,Total,PT,Part-time,NAT_DEF,National definition,A,Annual,2022,,22.027,,A,Normal value,0,Units,1,One
DATAFLOW,OECD.ELS.SAE:DSD_FTPT@DF_FTPT_NATIONAL_INC(1.0),Incidence of full-time and part-time employment based on national definitions,I,ROU,Romania,EMP,Employment,PT_POP_SUB,Percentage of population in the same subgroup,F,Female,_T,Total,EMP,Employment,MAIN,Main job,_T,Total,PT,Part-time,NAT_DEF,National definition,A,Annual,2021,,3.34,,A,Normal value,0,Units,1,One
DATAFLOW,OECD.ELS.SAE:DSD_FTPT@DF_FTPT_NATIONAL_INC(1.0),Incidence of full-time and part-time employment based on national definitions,I,RUS,Russia,EMP,Employment,PT_POP_SUB,Percentage of population in the same subgroup,F,Female,_T,Total,EMP,Employment,MAIN,Main job,_T,Total,PT,Part-time,NAT_DEF,National definition,A,Annual,2020,,15.451,,A,Normal value,0,Units,1,One
DATAFLOW,OECD.ELS.SAE:DSD_FTPT@DF_FTPT_NATIONAL_INC(1.0),Incidence of full-time and part-time employment based on national definitions,I,ZAF,South Africa,EMP,Employment,PT_POP_SUB,Percentage of population in the same subgroup,F,Female,_T,Total,EMP,Employment,MAIN,Main job,_T,Total,PT,Part-time,NAT_DEF,National definition,A,Annual,2020,,17.661,,A,Normal value,0,Units,1,One
DATAFLOW,OECD.ELS.SAE:DSD_FTPT@DF_FTPT_NATIONAL_INC(1.0),Incidence of full-time and part-time employment based on national definitions,I,ZAF,South Africa,EMP,Employment,PT_POP_SUB,Percentage of population in the same subgroup,F,Female,_T,Total,EMP,Employment,MAIN,Main job,_T,Total,PT,Part-time,NAT_DEF,National definition,A,Annual,2021,,17.89,,A,Normal value,0,Units,1,One
DATAFLOW,OECD.ELS.SAE:DSD_FTPT@DF_FTPT_NATIONAL_INC(1.0),Incidence of full-time and part-time employment based on national definitions,I,ZAF,South Africa,EMP,Employment,PT_POP_SUB,Percentage of population in the same subgroup,F,Female,_T,Total,EMP,Employment,MAIN,Main job,_T,Total,PT,Part-time,NAT_DEF,National definition,A,Annual,2022,,17.096,,A,Normal value,0,Units,1,One
DATAFLOW,OECD.ELS.SAE:DSD_FTPT@DF_FTPT_NATIONAL_INC(1.0),Incidence of full-time and part-time employment based on national definitions,I,AUT,Austria,EMP,Employment,PT_POP_SUB,Percentage of population in the same subgroup,F,Female,_T,Total,EMP,Employment,MAIN,Main job,_T,Total,PT,Part-time,NAT_DEF,National definition,A,Annual,2018,,47.47,,A,Normal value,0,Units,1,One
DATAFLOW,OECD.ELS.SAE:DSD_FTPT@DF_FTPT_NATIONAL_INC(1.0),Incidence of full-time and part-time employment based on national definitions,I,BEL,Belgium,EMP,Employment,PT_POP_SUB,Percentage of population in the same subgroup,F,Female,_T,Total,EMP,Employment,MAIN,Main job,_T,Total,PT,Part-time,NAT_DEF,National definition,A,Annual,2018,,40.945,,A,Normal value,0,Units,1,One
DATAFLOW,OECD.ELS.SAE:DSD_FTPT@DF_FTPT_NATIONAL_INC(1.0),Incidence of full-time and part-time employment based on national definitions,I,CAN,Canada,EMP,Employment,PT_POP_SUB,Percentage of population in the same subgroup,F,Female,_T,Total,EMP,Employment,MAIN,Main job,_T,Total,PT,Part-time,NAT_DEF,National definition,A,Annual,2018,,25.975,,A,Normal value,0,Units,1,One
DATAFLOW,OECD.ELS.SAE:DSD_FTPT@DF_FTPT_NATIONAL_INC(1.0),Incidence of full-time and part-time employment based on national definitions,I,COL,Colombia,EMP,Employment,PT_POP_SUB,Percentage of population in the same subgroup,F,Female,_T,Total,EMP,Employment,MAIN,Main job,_T,Total,PT,Part-time,NAT_DEF,National definition,A,Annual,2018,,25.061,,A,Normal value,0,Units,1,One
DATAFLOW,OECD.ELS.SAE:DSD_FTPT@DF_FTPT_NATIONAL_INC(1.0),Incidence of full-time and part-time employment based on national definitions,I,CRI,Costa Rica,EMP,Employment,PT_POP_SUB,Percentage of population in the same subgroup,F,Female,_T,Total,EMP,Employment,MAIN,Main job,_T,Total,PT,Part-time,NAT_DEF,National definition,A,Annual,2018,,39.975,,A,Normal value,0,Units,1,One
DATAFLOW,OECD.ELS.SAE:DSD_FTPT@DF_FTPT_NATIONAL_INC(1.0),Incidence of full-time and part-time employment based on national definitions,I,DNK,Denmark,EMP,Employment,PT_POP_SUB,Percentage of population in the same subgroup,F,Female,_T,Total,EMP,Employment,MAIN,Main job,_T,Total,PT,Part-time,NAT_DEF,National definition,A,Annual,2018,,34.956,,A,Normal value,0,Units,1,One
DATAFLOW,OECD.ELS.SAE:DSD_FTPT@DF_FTPT_NATIONAL_INC(1.0),Incidence of full-time and part-time employment based on national definitions,I,FRA,France,EMP,Employment,PT_POP_SUB,Percentage of population in the same subgroup,F,Female,_T,Total,EMP,Employment,MAIN,Main job,_T,Total,PT,Part-time,NAT_DEF,National definition,A,Annual,2018,,29.266,,A,Normal value,0,Units,1,One
DATAFLOW,OECD.ELS.SAE:DSD_FTPT@DF_FTPT_NATIONAL_INC(1.0),Incidence of full-time and part-time employment based on national definitions,I,DEU,Germany,EMP,Employment,PT_POP_SUB,Percentage of population in the same subgroup,F,Female,_T,Total,EMP,Employment,MAIN,Main job,_T,Total,PT,Part-time,NAT_DEF,National definition,A,Annual,2018,,47.232,,A,Normal value,0,Units,1,One
DATAFLOW,OECD.ELS.SAE:DSD_FTPT@DF_FTPT_NATIONAL_INC(1.0),Incidence of full-time and part-time employment based on national definitions,I,GRC,Greece,EMP,Employment,PT_POP_SUB,Percentage of population in the same subgroup,F,Female,_T,Total,EMP,Employment,MAIN,Main job,_T,Total,PT,Part-time,NAT_DEF,National definition,A,Annual,2018,,13.251,,A,Normal value,0,Units,1,One
DATAFLOW,OECD.ELS.SAE:DSD_FTPT@DF_FTPT_NATIONAL_INC(1.0),Incidence of full-time and part-time employment based on national definitions,I,ISR,Israel,EMP,Employment,PT_POP_SUB,Percentage of population in the same subgroup,F,Female,_T,Total,EMP,Employment,MAIN,Main job,_T,Total,PT,Part-time,NAT_DEF,National definition,A,Annual,2018,,31.774,,A,Normal value,0,Units,1,One
DATAFLOW,OECD.ELS.SAE:DSD_FTPT@DF_FTPT_NATIONAL_INC(1.0),Incidence of full-time and part-time employment based on national definitions,I,ITA,Italy,EMP,Employment,PT_POP_SUB,Percentage of population in the same subgroup,F,Female,_T,Total,EMP,Employment,MAIN,Main job,_T,Total,PT,Part-time,NAT_DEF,National definition,A,Annual,2018,,32.393,,A,Normal value,0,Units,1,One
DATAFLOW,OECD.ELS.SAE:DSD_FTPT@DF_FTPT_NATIONAL_INC(1.0),Incidence of full-time and part-time employment based on national definitions,I,JPN,Japan,EMP,Employment,PT_POP_SUB,Percentage of population in the same subgroup,F,Female,_T,Total,EMP,Employment,MAIN,Main job,_T,Total,PT,Part-time,NAT_DEF,National definition,A,Annual,2018,,38.328,,A,Normal value,0,Units,1,One
DATAFLOW,OECD.ELS.SAE:DSD_FTPT@DF_FTPT_NATIONAL_INC(1.0),Incidence of full-time and part-time employment based on national definitions,I,MEX,Mexico,EMP,Employment,PT_POP_SUB,Percentage of population in the same subgroup,F,Female,_T,Total,EMP,Employment,MAIN,Main job,_T,Total,PT,Part-time,NAT_DEF,National definition,A,Annual,2018,,32.597,,A,Normal value,0,Units,1,One
DATAFLOW,OECD.ELS.SAE:DSD_FTPT@DF_FTPT_NATIONAL_INC(1.0),Incidence of full-time and part-time employment based on national definitions,I,NLD,Netherlands,EMP,Employment,PT_POP_SUB,Percentage of population in the same subgroup,F,Female,_T,Total,EMP,Employment,MAIN,Main job,_T,Total,PT,Part-time,NAT_DEF,National definition,A,Annual,2018,,71.213,,A,Normal value,0,Units,1,One
DATAFLOW,OECD.ELS.SAE:DSD_FTPT@DF_FTPT_NATIONAL_INC(1.0),Incidence of full-time and part-time employment based on national definitions,I,POL,Poland,EMP,Employment,PT_POP_SUB,Percentage of population in the same subgroup,F,Female,_T,Total,EMP,Employment,MAIN,Main job,_T,Total,PT,Part-time,NAT_DEF,National definition,A,Annual,2018,,10.429,,A,Normal value,0,Units,1,One
DATAFLOW,OECD.ELS.SAE:DSD_FTPT@DF_FTPT_NATIONAL_INC(1.0),Incidence of full-time and part-time employment based on national definitions,I,CHE,Switzerland,EMP,Employment,PT_POP_SUB,Percentage of population in the same subgroup,F,Female,_T,Total,EMP,Employment,MAIN,Main job,_T,Total,PT,Part-time,NAT_DEF,National definition,A,Annual,2018,,59.008,,A,Normal value,0,Units,1,One
DATAFLOW,OECD.ELS.SAE:DSD_FTPT@DF_FTPT_NATIONAL_INC(1.0),Incidence of full-time and part-time employment based on national definitions,I,TUR,Türkiye,EMP,Employment,PT_POP_SUB,Percentage of population in the same subgroup,F,Female,_T,Total,EMP,Employment,MAIN,Main job,_T,Total,PT,Part-time,NAT_DEF,National definition,A,Annual,2018,,17.641,,A,Normal value,0,Units,1,One
DATAFLOW,OECD.ELS.SAE:DSD_FTPT@DF_FTPT_NATIONAL_INC(1.0),Incidence of full-time and part-time employment based on national definitions,I,USA,United States,EMP,Employment,PT_POP_SUB,Percentage of population in the same subgroup,F,Female,_T,Total,EMP,Employment,MAIN,Main job,_T,Total,PT,Part-time,NAT_DEF,National definition,A,Annual,2018,,23.85,,A,Normal value,0,Units,1,One
DATAFLOW,OECD.ELS.SAE:DSD_FTPT@DF_FTPT_NATIONAL_INC(1.0),Incidence of full-time and part-time employment based on national definitions,I,ZAF,South Africa,EMP,Employment,PT_POP_SUB,Percentage of population in the same subgroup,F,Female,_T,Total,EMP,Employment,MAIN,Main job,_T,Total,PT,Part-time,NAT_DEF,National definition,A,Annual,2018,,16.838,,A,Normal value,0,Units,1,One
DATAFLOW,OECD.ELS.SAE:DSD_FTPT@DF_FTPT_NATIONAL_INC(1.0),Incidence of full-time and part-time employment based on national definitions,I,AUT,Austria,EMP,Employment,PT_POP_SUB,Percentage of population in the same subgroup,F,Female,_T,Total,EMP,Employment,MAIN,Main job,_T,Total,PT,Part-time,NAT_DEF,National definition,A,Annual,2019,,47.694,,A,Normal value,0,Units,1,One
DATAFLOW,OECD.ELS.SAE:DSD_FTPT@DF_FTPT_NATIONAL_INC(1.0),Incidence of full-time and part-time employment based on national definitions,I,BEL,Belgium,EMP,Employment,PT_POP_SUB,Percentage of population in the same subgroup,F,Female,_T,Total,EMP,Employment,MAIN,Main job,_T,Total,PT,Part-time,NAT_DEF,National definition,A,Annual,2019,,40.959,,A,Normal value,0,Units,1,One
DATAFLOW,OECD.ELS.SAE:DSD_FTPT@DF_FTPT_NATIONAL_INC(1.0),Incidence of full-time and part-time employment based on national definitions,I,COL,Colombia,EMP,Employment,PT_POP_SUB,Percentage of population in the same subgroup,F,Female,_T,Total,EMP,Employment,MAIN,Main job,_T,Total,PT,Part-time,NAT_DEF,National definition,A,Annual,2019,,26.115,,A,Normal value,0,Units,1,One
DATAFLOW,OECD.ELS.SAE:DSD_FTPT@DF_FTPT_NATIONAL_INC(1.0),Incidence of full-time and part-time employment based on national definitions,I,DNK,Denmark,EMP,Employment,PT_POP_SUB,Percentage of population in the same subgroup,F,Female,_T,Total,EMP,Employment,MAIN,Main job,_T,Total,PT,Part-time,NAT_DEF,National definition,A,Annual,2019,,34.743,,A,Normal value,0,Units,1,One
DATAFLOW,OECD.ELS.SAE:DSD_FTPT@DF_FTPT_NATIONAL_INC(1.0),Incidence of full-time and part-time employment based on national definitions,I,FRA,France,EMP,Employment,PT_POP_SUB,Percentage of population in the same subgroup,F,Female,_T,Total,EMP,Employment,MAIN,Main job,_T,Total,PT,Part-time,NAT_DEF,National definition,A,Annual,2019,,28.457,,A,Normal value,0,Units,1,One
DATAFLOW,OECD.ELS.SAE:DSD_FTPT@DF_FTPT_NATIONAL_INC(1.0),Incidence of full-time and part-time employment based on national definitions,I,DEU,Germany,EMP,Employment,PT_POP_SUB,Percentage of population in the same subgroup,F,Female,_T,Total,EMP,Employment,MAIN,Main job,_T,Total,PT,Part-time,NAT_DEF,National definition,A,Annual,2019,,47.638,,A,Normal value,0,Units,1,One
DATAFLOW,OECD.ELS.SAE:DSD_FTPT@DF_FTPT_NATIONAL_INC(1.0),Incidence of full-time and part-time employment based on national definitions,I,ITA,Italy,EMP,Employment,PT_POP_SUB,Percentage of population in the same subgroup,F,Female,_T,Total,EMP,Employment,MAIN,Main job,_T,Total,PT,Part-time,NAT_DEF,National definition,A,Annual,2019,,32.837,,A,Normal value,0,Units,1,One
DATAFLOW,OECD.ELS.SAE:DSD_FTPT@DF_FTPT_NATIONAL_INC(1.0),Incidence of full-time and part-time employment based on national definitions,I,JPN,Japan,EMP,Employment,PT_POP_SUB,Percentage of population in the same subgroup,F,Female,_T,Total,EMP,Employment,MAIN,Main job,_T,Total,PT,Part-time,NAT_DEF,National definition,A,Annual,2019,,39.092,,A,Normal value,0,Units,1,One
DATAFLOW,OECD.ELS.SAE:DSD_FTPT@DF_FTPT_NATIONAL_INC(1.0),Incidence of full-time and part-time employment based on national definitions,I,MEX,Mexico,EMP,Employment,PT_POP_SUB,Percentage of population in the same subgroup,F,Female,_T,Total,EMP,Employment,MAIN,Main job,_T,Total,PT,Part-time,NAT_DEF,National definition,A,Annual,2019,,33.475,,A,Normal value,0,Units,1,One
DATAFLOW,OECD.ELS.SAE:DSD_FTPT@DF_FTPT_NATIONAL_INC(1.0),Incidence of full-time and part-time employment based on national definitions,I,NLD,Netherlands,EMP,Employment,PT_POP_SUB,Percentage of population in the same subgroup,F,Female,_T,Total,EMP,Employment,MAIN,Main job,_T,Total,PT,Part-time,NAT_DEF,National definition,A,Annual,2019,,71.074,,A,Normal value,0,Units,1,One
DATAFLOW,OECD.ELS.SAE:DSD_FTPT@DF_FTPT_NATIONAL_INC(1.0),Incidence of full-time and part-time employment based on national definitions,I,ESP,Spain,EMP,Employment,PT_POP_SUB,Percentage of population in the same subgroup,F,Female,_T,Total,EMP,Employment,MAIN,Main job,_T,Total,PT,Part-time,NAT_DEF,National definition,A,Annual,2019,,23.781,,A,Normal value,0,Units,1,One
DATAFLOW,OECD.ELS.SAE:DSD_FTPT@DF_FTPT_NATIONAL_INC(1.0),Incidence of full-time and part-time employment based on national definitions,I,CHE,Switzerland,EMP,Employment,PT_POP_SUB,Percentage of population in the same subgroup,F,Female,_T,Total,EMP,Employment,MAIN,Main job,_T,Total,PT,Part-time,NAT_DEF,National definition,A,Annual,2019,,59.843,,A,Normal value,0,Units,1,One
DATAFLOW,OECD.ELS.SAE:DSD_FTPT@DF_FTPT_NATIONAL_INC(1.0),Incidence of full-time and part-time employment based on national definitions,I,TUR,Türkiye,EMP,Employment,PT_POP_SUB,Percentage of population in the same subgroup,F,Female,_T,Total,EMP,Employment,MAIN,Main job,_T,Total,PT,Part-time,NAT_DEF,National definition,A,Annual,2019,,16.168,,A,Normal value,0,Units,1,One
DATAFLOW,OECD.ELS.SAE:DSD_FTPT@DF_FTPT_NATIONAL_INC(1.0),Incidence of full-time and part-time employment based on national definitions,I,GBR,United Kingdom,EMP,Employment,PT_POP_SUB,Percentage of population in the same subgroup,F,Female,_T,Total,EMP,Employment,MAIN,Main job,_T,Total,PT,Part-time,NAT_DEF,National definition,A,Annual,2019,,40.734,,A,Normal value,0,Units,1,One
DATAFLOW,OECD.ELS.SAE:DSD_FTPT@DF_FTPT_NATIONAL_INC(1.0),Incidence of full-time and part-time employment based on national definitions,I,USA,United States,EMP,Employment,PT_POP_SUB,Percentage of population in the same subgroup,F,Female,_T,Total,EMP,Employment,MAIN,Main job,_T,Total,PT,Part-time,NAT_DEF,National definition,A,Annual,2019,,23.361,,A,Normal value,0,Units,1,One
DATAFLOW,OECD.ELS.SAE:DSD_FTPT@DF_FTPT_NATIONAL_INC(1.0),Incidence of full-time and part-time employment based on national definitions,I,ROU,Romania,EMP,Employment,PT_POP_SUB,Percentage of population in the same subgroup,F,Female,_T,Total,EMP,Employment,MAIN,Main job,_T,Total,PT,Part-time,NAT_DEF,National definition,A,Annual,2019,,7.644,,A,Normal value,0,Units,1,One
DATAFLOW,OECD.ELS.SAE:DSD_FTPT@DF_FTPT_NATIONAL_INC(1.0),Incidence of full-time and part-time employment based on national definitions,I,RUS,Russia,EMP,Employment,PT_POP_SUB,Percentage of population in the same subgroup,F,Female,_T,Total,EMP,Employment,MAIN,Main job,_T,Total,PT,Part-time,NAT_DEF,National definition,A,Annual,2019,,10.398,,A,Normal value,0,Units,1,One
DATAFLOW,OECD.ELS.SAE:DSD_FTPT@DF_FTPT_NATIONAL_INC(1.0),Incidence of full-time and part-time employment based on national definitions,I,ZAF,South Africa,EMP,Employment,PT_POP_SUB,Percentage of population in the same subgroup,F,Female,_T,Total,EMP,Employment,MAIN,Main job,_T,Total,PT,Part-time,NAT_DEF,National definition,A,Annual,2019,,16.843,,A,Normal value,0,Units,1,One
DATAFLOW,OECD.ELS.SAE:DSD_FTPT@DF_FTPT_NATIONAL_INC(1.0),Incidence of full-time and part-time employment based on national definitions,I,AUT,Austria,EMP,Employment,PT_POP_SUB,Percentage of population in the same subgroup,F,Female,_T,Total,EMP,Employment,MAIN,Main job,_T,Total,PT,Part-time,NAT_DEF,National definition,A,Annual,2017,,47.722,,A,Normal value,0,Units,1,One
DATAFLOW,OECD.ELS.SAE:DSD_FTPT@DF_FTPT_NATIONAL_INC(1.0),Incidence of full-time and part-time employment based on national definitions,I,BEL,Belgium,EMP,Employment,PT_POP_SUB,Percentage of population in the same subgroup,F,Female,_T,Total,EMP,Employment,MAIN,Main job,_T,Total,PT,Part-time,NAT_DEF,National definition,A,Annual,2017,,40.959,,A,Normal value,0,Units,1,One
DATAFLOW,OECD.ELS.SAE:DSD_FTPT@DF_FTPT_NATIONAL_INC(1.0),Incidence of full-time and part-time employment based on national definitions,I,COL,Colombia,EMP,Employment,PT_POP_SUB,Percentage of population in the same subgroup,F,Female,_T,Total,EMP,Employment,MAIN,Main job,_T,Total,PT,Part-time,NAT_DEF,National definition,A,Annual,2017,,25.75,,A,Normal value,0,Units,1,One
DATAFLOW,OECD.ELS.SAE:DSD_FTPT@DF_FTPT_NATIONAL_INC(1.0),Incidence of full-time and part-time employment based on national definitions,I,CRI,Costa Rica,EMP,Employment,PT_POP_SUB,Percentage of population in the same subgroup,F,Female,_T,Total,EMP,Employment,MAIN,Main job,_T,Total,PT,Part-time,NAT_DEF,National definition,A,Annual,2017,,35.989,,A,Normal value,0,Units,1,One
DATAFLOW,OECD.ELS.SAE:DSD_FTPT@DF_FTPT_NATIONAL_INC(1.0),Incidence of full-time and part-time employment based on national definitions,I,DNK,Denmark,EMP,Employment,PT_POP_SUB,Percentage of population in the same subgroup,F,Female,_T,Total,EMP,Employment,MAIN,Main job,_T,Total,PT,Part-time,NAT_DEF,National definition,A,Annual,2017,,35.913,,A,Normal value,0,Units,1,One
DATAFLOW,OECD.ELS.SAE:DSD_FTPT@DF_FTPT_NATIONAL_INC(1.0),Incidence of full-time and part-time employment based on national definitions,I,FRA,France,EMP,Employment,PT_POP_SUB,Percentage of population in the same subgroup,F,Female,_T,Total,EMP,Employment,MAIN,Main job,_T,Total,PT,Part-time,NAT_DEF,National definition,A,Annual,2017,,30.068,,A,Normal value,0,Units,1,One
DATAFLOW,OECD.ELS.SAE:DSD_FTPT@DF_FTPT_NATIONAL_INC(1.0),Incidence of full-time and part-time employment based on national definitions,I,DEU,Germany,EMP,Employment,PT_POP_SUB,Percentage of population in the same subgroup,F,Female,_T,Total,EMP,Employment,MAIN,Main job,_T,Total,PT,Part-time,NAT_DEF,National definition,A,Annual,2017,,47.257,,A,Normal value,0,Units,1,One
DATAFLOW,OECD.ELS.SAE:DSD_FTPT@DF_FTPT_NATIONAL_INC(1.0),Incidence of full-time and part-time employment based on national definitions,I,ITA,Italy,EMP,Employment,PT_POP_SUB,Percentage of population in the same subgroup,F,Female,_T,Total,EMP,Employment,MAIN,Main job,_T,Total,PT,Part-time,NAT_DEF,National definition,A,Annual,2017,,32.527,,A,Normal value,0,Units,1,One
DATAFLOW,OECD.ELS.SAE:DSD_FTPT@DF_FTPT_NATIONAL_INC(1.0),Incidence of full-time and part-time employment based on national definitions,I,JPN,Japan,EMP,Employment,PT_POP_SUB,Percentage of population in the same subgroup,F,Female,_T,Total,EMP,Employment,MAIN,Main job,_T,Total,PT,Part-time,NAT_DEF,National definition,A,Annual,2017,,36.625,,A,Normal value,0,Units,1,One
DATAFLOW,OECD.ELS.SAE:DSD_FTPT@DF_FTPT_NATIONAL_INC(1.0),Incidence of full-time and part-time employment based on national definitions,I,MEX,Mexico,EMP,Employment,PT_POP_SUB,Percentage of population in the same subgroup,F,Female,_T,Total,EMP,Employment,MAIN,Main job,_T,Total,PT,Part-time,NAT_DEF,National definition,A,Annual,2017,,32.903,,A,Normal value,0,Units,1,One
DATAFLOW,OECD.ELS.SAE:DSD_FTPT@DF_FTPT_NATIONAL_INC(1.0),Incidence of full-time and part-time employment based on national definitions,I,NLD,Netherlands,EMP,Employment,PT_POP_SUB,Percentage of population in the same subgroup,F,Female,_T,Total,EMP,Employment,MAIN,Main job,_T,Total,PT,Part-time,NAT_DEF,National definition,A,Annual,2017,,71.372,,A,Normal value,0,Units,1,One
DATAFLOW,OECD.ELS.SAE:DSD_FTPT@DF_FTPT_NATIONAL_INC(1.0),Incidence of full-time and part-time employment based on national definitions,I,CHE,Switzerland,EMP,Employment,PT_POP_SUB,Percentage of population in the same subgroup,F,Female,_T,Total,EMP,Employment,MAIN,Main job,_T,Total,PT,Part-time,NAT_DEF,National definition,A,Annual,2017,,58.605,,A,Normal value,0,Units,1,One
DATAFLOW,OECD.ELS.SAE:DSD_FTPT@DF_FTPT_NATIONAL_INC(1.0),Incidence of full-time and part-time employment based on national definitions,I,TUR,Türkiye,EMP,Employment,PT_POP_SUB,Percentage of population in the same subgroup,F,Female,_T,Total,EMP,Employment,MAIN,Main job,_T,Total,PT,Part-time,NAT_DEF,National definition,A,Annual,2017,,17.86,,A,Normal value,0,Units,1,One
DATAFLOW,OECD.ELS.SAE:DSD_FTPT@DF_FTPT_NATIONAL_INC(1.0),Incidence of full-time and part-time employment based on national definitions,I,GBR,United Kingdom,EMP,Employment,PT_POP_SUB,Percentage of population in the same subgroup,F,Female,_T,Total,EMP,Employment,MAIN,Main job,_T,Total,PT,Part-time,NAT_DEF,National definition,A,Annual,2017,,41.85,,A,Normal value,0,Units,1,One
DATAFLOW,OECD.ELS.SAE:DSD_FTPT@DF_FTPT_NATIONAL_INC(1.0),Incidence of full-time and part-time employment based on national definitions,I,USA,United States,EMP,Employment,PT_POP_SUB,Percentage of population in the same subgroup,F,Female,_T,Total,EMP,Employment,MAIN,Main job,_T,Total,PT,Part-time,NAT_DEF,National definition,A,Annual,2017,,24.381,,A,Normal value,0,Units,1,One
DATAFLOW,OECD.ELS.SAE:DSD_FTPT@DF_FTPT_NATIONAL_INC(1.0),Incidence of full-time and part-time employment based on national definitions,I,OECD,OECD,EMP,Employment,PT_POP_SUB,Percentage of population in the same subgroup,F,Female,_T,Total,EMP,Employment,MAIN,Main job,_T,Total,PT,Part-time,NAT_DEF,National definition,A,Annual,2017,,30.734,,A,Normal value,0,Units,1,One
DATAFLOW,OECD.ELS.SAE:DSD_FTPT@DF_FTPT_NATIONAL_INC(1.0),Incidence of full-time and part-time employment based on national definitions,I,IDN,Indonesia,EMP,Employment,PT_POP_SUB,Percentage of population in the same subgroup,F,Female,_T,Total,EMP,Employment,MAIN,Main job,_T,Total,PT,Part-time,NAT_DEF,National definition,A,Annual,2017,,41.827,,A,Normal value,0,Units,1,One
DATAFLOW,OECD.ELS.SAE:DSD_FTPT@DF_FTPT_NATIONAL_INC(1.0),Incidence of full-time and part-time employment based on national definitions,I,ROU,Romania,EMP,Employment,PT_POP_SUB,Percentage of population in the same subgroup,F,Female,_T,Total,EMP,Employment,MAIN,Main job,_T,Total,PT,Part-time,NAT_DEF,National definition,A,Annual,2017,,8.282,,A,Normal value,0,Units,1,One
DATAFLOW,OECD.ELS.SAE:DSD_FTPT@DF_FTPT_NATIONAL_INC(1.0),Incidence of full-time and part-time employment based on national definitions,I,ZAF,South Africa,EMP,Employment,PT_POP_SUB,Percentage of population in the same subgroup,F,Female,_T,Total,EMP,Employment,MAIN,Main job,_T,Total,PT,Part-time,NAT_DEF,National definition,A,Annual,2017,,16.368,,A,Normal value,0,Units,1,One
DATAFLOW,OECD.ELS.SAE:DSD_FTPT@DF_FTPT_NATIONAL_INC(1.0),Incidence of full-time and part-time employment based on national definitions,I,AUT,Austria,EMP,Employment,PT_POP_SUB,Percentage of population in the same subgroup,F,Female,_T,Total,EMP,Employment,MAIN,Main job,_T,Total,PT,Part-time,NAT_DEF,National definition,A,Annual,2015,,47.409,,A,Normal value,0,Units,1,One
DATAFLOW,OECD.ELS.SAE:DSD_FTPT@DF_FTPT_NATIONAL_INC(1.0),Incidence of full-time and part-time employment based on national definitions,I,BEL,Belgium,EMP,Employment,PT_POP_SUB,Percentage of population in the same subgroup,F,Female,_T,Total,EMP,Employment,MAIN,Main job,_T,Total,PT,Part-time,NAT_DEF,National definition,A,Annual,2015,,41.676,,A,Normal value,0,Units,1,One
DATAFLOW,OECD.ELS.SAE:DSD_FTPT@DF_FTPT_NATIONAL_INC(1.0),Incidence of full-time and part-time employment based on national definitions,I,COL,Colombia,EMP,Employment,PT_POP_SUB,Percentage of population in the same subgroup,F,Female,_T,Total,EMP,Employment,MAIN,Main job,_T,Total,PT,Part-time,NAT_DEF,National definition,A,Annual,2015,,26.739,,A,Normal value,0,Units,1,One
DATAFLOW,OECD.ELS.SAE:DSD_FTPT@DF_FTPT_NATIONAL_INC(1.0),Incidence of full-time and part-time employment based on national definitions,I,CRI,Costa Rica,EMP,Employment,PT_POP_SUB,Percentage of population in the same subgroup,F,Female,_T,Total,EMP,Employment,MAIN,Main job,_T,Total,PT,Part-time,NAT_DEF,National definition,A,Annual,2015,,37.9,,A,Normal value,0,Units,1,One
DATAFLOW,OECD.ELS.SAE:DSD_FTPT@DF_FTPT_NATIONAL_INC(1.0),Incidence of full-time and part-time employment based on national definitions,I,DNK,Denmark,EMP,Employment,PT_POP_SUB,Percentage of population in the same subgroup,F,Female,_T,Total,EMP,Employment,MAIN,Main job,_T,Total,PT,Part-time,NAT_DEF,National definition,A,Annual,2015,,34.476,,A,Normal value,0,Units,1,One
DATAFLOW,OECD.ELS.SAE:DSD_FTPT@DF_FTPT_NATIONAL_INC(1.0),Incidence of full-time and part-time employment based on national definitions,I,FRA,France,EMP,Employment,PT_POP_SUB,Percentage of population in the same subgroup,F,Female,_T,Total,EMP,Employment,MAIN,Main job,_T,Total,PT,Part-time,NAT_DEF,National definition,A,Annual,2015,,30.383,,A,Normal value,0,Units,1,One
DATAFLOW,OECD.ELS.SAE:DSD_FTPT@DF_FTPT_NATIONAL_INC(1.0),Incidence of full-time and part-time employment based on national definitions,I,DEU,Germany,EMP,Employment,PT_POP_SUB,Percentage of population in the same subgroup,F,Female,_T,Total,EMP,Employment,MAIN,Main job,_T,Total,PT,Part-time,NAT_DEF,National definition,A,Annual,2015,,47.381,,A,Normal value,0,Units,1,One
DATAFLOW,OECD.ELS.SAE:DSD_FTPT@DF_FTPT_NATIONAL_INC(1.0),Incidence of full-time and part-time employment based on national definitions,I,ITA,Italy,EMP,Employment,PT_POP_SUB,Percentage of population in the same subgroup,F,Female,_T,Total,EMP,Employment,MAIN,Main job,_T,Total,PT,Part-time,NAT_DEF,National definition,A,Annual,2015,,32.5,,A,Normal value,0,Units,1,One
DATAFLOW,OECD.ELS.SAE:DSD_FTPT@DF_FTPT_NATIONAL_INC(1.0),Incidence of full-time and part-time employment based on national definitions,I,JPN,Japan,EMP,Employment,PT_POP_SUB,Percentage of population in the same subgroup,F,Female,_T,Total,EMP,Employment,MAIN,Main job,_T,Total,PT,Part-time,NAT_DEF,National definition,A,Annual,2015,,36.854,,A,Normal value,0,Units,1,One
DATAFLOW,OECD.ELS.SAE:DSD_FTPT@DF_FTPT_NATIONAL_INC(1.0),Incidence of full-time and part-time employment based on national definitions,I,LTU,Lithuania,EMP,Employment,PT_POP_SUB,Percentage of population in the same subgroup,F,Female,_T,Total,EMP,Employment,MAIN,Main job,_T,Total,PT,Part-time,NAT_DEF,National definition,A,Annual,2015,,10.532,,A,Normal value,0,Units,1,One
DATAFLOW,OECD.ELS.SAE:DSD_FTPT@DF_FTPT_NATIONAL_INC(1.0),Incidence of full-time and part-time employment based on national definitions,I,MEX,Mexico,EMP,Employment,PT_POP_SUB,Percentage of population in the same subgroup,F,Female,_T,Total,EMP,Employment,MAIN,Main job,_T,Total,PT,Part-time,NAT_DEF,National definition,A,Annual,2015,,33.911,,A,Normal value,0,Units,1,One
DATAFLOW,OECD.ELS.SAE:DSD_FTPT@DF_FTPT_NATIONAL_INC(1.0),Incidence of full-time and part-time employment based on national definitions,I,NLD,Netherlands,EMP,Employment,PT_POP_SUB,Percentage of population in the same subgroup,F,Female,_T,Total,EMP,Employment,MAIN,Main job,_T,Total,PT,Part-time,NAT_DEF,National definition,A,Annual,2015,,72.687,,A,Normal value,0,Units,1,One
DATAFLOW,OECD.ELS.SAE:DSD_FTPT@DF_FTPT_NATIONAL_INC(1.0),Incidence of full-time and part-time employment based on national definitions,I,NZL,New Zealand,EMP,Employment,PT_POP_SUB,Percentage of population in the same subgroup,F,Female,_T,Total,EMP,Employment,MAIN,Main job,_T,Total,PT,Part-time,NAT_DEF,National definition,A,Annual,2015,,33.294,,A,Normal value,0,Units,1,One
DATAFLOW,OECD.ELS.SAE:DSD_FTPT@DF_FTPT_NATIONAL_INC(1.0),Incidence of full-time and part-time employment based on national definitions,I,CHE,Switzerland,EMP,Employment,PT_POP_SUB,Percentage of population in the same subgroup,F,Female,_T,Total,EMP,Employment,MAIN,Main job,_T,Total,PT,Part-time,NAT_DEF,National definition,A,Annual,2015,,58.97,,A,Normal value,0,Units,1,One
DATAFLOW,OECD.ELS.SAE:DSD_FTPT@DF_FTPT_NATIONAL_INC(1.0),Incidence of full-time and part-time employment based on national definitions,I,TUR,Türkiye,EMP,Employment,PT_POP_SUB,Percentage of population in the same subgroup,F,Female,_T,Total,EMP,Employment,MAIN,Main job,_T,Total,PT,Part-time,NAT_DEF,National definition,A,Annual,2015,,18.99,,A,Normal value,0,Units,1,One
DATAFLOW,OECD.ELS.SAE:DSD_FTPT@DF_FTPT_NATIONAL_INC(1.0),Incidence of full-time and part-time employment based on national definitions,I,GBR,United Kingdom,EMP,Employment,PT_POP_SUB,Percentage of population in the same subgroup,F,Female,_T,Total,EMP,Employment,MAIN,Main job,_T,Total,PT,Part-time,NAT_DEF,National definition,A,Annual,2015,,42.183,,A,Normal value,0,Units,1,One
DATAFLOW,OECD.ELS.SAE:DSD_FTPT@DF_FTPT_NATIONAL_INC(1.0),Incidence of full-time and part-time employment based on national definitions,I,USA,United States,EMP,Employment,PT_POP_SUB,Percentage of population in the same subgroup,F,Female,_T,Total,EMP,Employment,MAIN,Main job,_T,Total,PT,Part-time,NAT_DEF,National definition,A,Annual,2015,,25.195,,A,Normal value,0,Units,1,One
DATAFLOW,OECD.ELS.SAE:DSD_FTPT@DF_FTPT_NATIONAL_INC(1.0),Incidence of full-time and part-time employment based on national definitions,I,IDN,Indonesia,EMP,Employment,PT_POP_SUB,Percentage of population in the same subgroup,F,Female,_T,Total,EMP,Employment,MAIN,Main job,_T,Total,PT,Part-time,NAT_DEF,National definition,A,Annual,2015,,43.031,,A,Normal value,0,Units,1,One
DATAFLOW,OECD.ELS.SAE:DSD_FTPT@DF_FTPT_NATIONAL_INC(1.0),Incidence of full-time and part-time employment based on national definitions,I,RUS,Russia,EMP,Employment,PT_POP_SUB,Percentage of population in the same subgroup,F,Female,_T,Total,EMP,Employment,MAIN,Main job,_T,Total,PT,Part-time,NAT_DEF,National definition,A,Annual,2015,,10.161,,A,Normal value,0,Units,1,One
DATAFLOW,OECD.ELS.SAE:DSD_FTPT@DF_FTPT_NATIONAL_INC(1.0),Incidence of full-time and part-time employment based on national definitions,I,ZAF,South Africa,EMP,Employment,PT_POP_SUB,Percentage of population in the same subgroup,F,Female,_T,Total,EMP,Employment,MAIN,Main job,_T,Total,PT,Part-time,NAT_DEF,National definition,A,Annual,2015,,16.411,,A,Normal value,0,Units,1,One
DATAFLOW,OECD.ELS.SAE:DSD_FTPT@DF_FTPT_NATIONAL_INC(1.0),Incidence of full-time and part-time employment based on national definitions,I,BEL,Belgium,EMP,Employment,PT_POP_SUB,Percentage of population in the same subgroup,F,Female,_T,Total,EMP,Employment,MAIN,Main job,_T,Total,PT,Part-time,NAT_DEF,National definition,A,Annual,2016,,42.351,,A,Normal value,0,Units,1,One
DATAFLOW,OECD.ELS.SAE:DSD_FTPT@DF_FTPT_NATIONAL_INC(1.0),Incidence of full-time and part-time employment based on national definitions,I,CHL,Chile,EMP,Employment,PT_POP_SUB,Percentage of population in the same subgroup,F,Female,_T,Total,EMP,Employment,MAIN,Main job,_T,Total,PT,Part-time,NAT_DEF,National definition,A,Annual,2016,,28.499,,A,Normal value,0,Units,1,One
DATAFLOW,OECD.ELS.SAE:DSD_FTPT@DF_FTPT_NATIONAL_INC(1.0),Incidence of full-time and part-time employment based on national definitions,I,COL,Colombia,EMP,Employment,PT_POP_SUB,Percentage of population in the same subgroup,F,Female,_T,Total,EMP,Employment,MAIN,Main job,_T,Total,PT,Part-time,NAT_DEF,National definition,A,Annual,2016,,25.748,,A,Normal value,0,Units,1,One
DATAFLOW,OECD.ELS.SAE:DSD_FTPT@DF_FTPT_NATIONAL_INC(1.0),Incidence of full-time and part-time employment based on national definitions,I,CRI,Costa Rica,EMP,Employment,PT_POP_SUB,Percentage of population in the same subgroup,F,Female,_T,Total,EMP,Employment,MAIN,Main job,_T,Total,PT,Part-time,NAT_DEF,National definition,A,Annual,2016,,34.337,,A,Normal value,0,Units,1,One
DATAFLOW,OECD.ELS.SAE:DSD_FTPT@DF_FTPT_NATIONAL_INC(1.0),Incidence of full-time and part-time employment based on national definitions,I,DNK,Denmark,EMP,Employment,PT_POP_SUB,Percentage of population in the same subgroup,F,Female,_T,Total,EMP,Employment,MAIN,Main job,_T,Total,PT,Part-time,NAT_DEF,National definition,A,Annual,2016,,36.793,,A,Normal value,0,Units,1,One
DATAFLOW,OECD.ELS.SAE:DSD_FTPT@DF_FTPT_NATIONAL_INC(1.0),Incidence of full-time and part-time employment based on national definitions,I,FRA,France,EMP,Employment,PT_POP_SUB,Percentage of population in the same subgroup,F,Female,_T,Total,EMP,Employment,MAIN,Main job,_T,Total,PT,Part-time,NAT_DEF,National definition,A,Annual,2016,,30.127,,A,Normal value,0,Units,1,One
DATAFLOW,OECD.ELS.SAE:DSD_FTPT@DF_FTPT_NATIONAL_INC(1.0),Incidence of full-time and part-time employment based on national definitions,I,DEU,Germany,EMP,Employment,PT_POP_SUB,Percentage of population in the same subgroup,F,Female,_T,Total,EMP,Employment,MAIN,Main job,_T,Total,PT,Part-time,NAT_DEF,National definition,A,Annual,2016,,47.243,,A,Normal value,0,Units,1,One
DATAFLOW,OECD.ELS.SAE:DSD_FTPT@DF_FTPT_NATIONAL_INC(1.0),Incidence of full-time and part-time employment based on national definitions,I,ITA,Italy,EMP,Employment,PT_POP_SUB,Percentage of population in the same subgroup,F,Female,_T,Total,EMP,Employment,MAIN,Main job,_T,Total,PT,Part-time,NAT_DEF,National definition,A,Annual,2016,,32.782,,A,Normal value,0,Units,1,One
DATAFLOW,OECD.ELS.SAE:DSD_FTPT@DF_FTPT_NATIONAL_INC(1.0),Incidence of full-time and part-time employment based on national definitions,I,JPN,Japan,EMP,Employment,PT_POP_SUB,Percentage of population in the same subgroup,F,Female,_T,Total,EMP,Employment,MAIN,Main job,_T,Total,PT,Part-time,NAT_DEF,National definition,A,Annual,2016,,37.147,,A,Normal value,0,Units,1,One
DATAFLOW,OECD.ELS.SAE:DSD_FTPT@DF_FTPT_NATIONAL_INC(1.0),Incidence of full-time and part-time employment based on national definitions,I,NLD,Netherlands,EMP,Employment,PT_POP_SUB,Percentage of population in the same subgroup,F,Female,_T,Total,EMP,Employment,MAIN,Main job,_T,Total,PT,Part-time,NAT_DEF,National definition,A,Annual,2016,,72.234,,A,Normal value,0,Units,1,One
DATAFLOW,OECD.ELS.SAE:DSD_FTPT@DF_FTPT_NATIONAL_INC(1.0),Incidence of full-time and part-time employment based on national definitions,I,POL,Poland,EMP,Employment,PT_POP_SUB,Percentage of population in the same subgroup,F,Female,_T,Total,EMP,Employment,MAIN,Main job,_T,Total,PT,Part-time,NAT_DEF,National definition,A,Annual,2016,,10.39,,A,Normal value,0,Units,1,One
DATAFLOW,OECD.ELS.SAE:DSD_FTPT@DF_FTPT_NATIONAL_INC(1.0),Incidence of full-time and part-time employment based on national definitions,I,ESP,Spain,EMP,Employment,PT_POP_SUB,Percentage of population in the same subgroup,F,Female,_T,Total,EMP,Employment,MAIN,Main job,_T,Total,PT,Part-time,NAT_DEF,National definition,A,Annual,2016,,24.147,,A,Normal value,0,Units,1,One
DATAFLOW,OECD.ELS.SAE:DSD_FTPT@DF_FTPT_NATIONAL_INC(1.0),Incidence of full-time and part-time employment based on national definitions,I,CHE,Switzerland,EMP,Employment,PT_POP_SUB,Percentage of population in the same subgroup,F,Female,_T,Total,EMP,Employment,MAIN,Main job,_T,Total,PT,Part-time,NAT_DEF,National definition,A,Annual,2016,,58.759,,A,Normal value,0,Units,1,One
DATAFLOW,OECD.ELS.SAE:DSD_FTPT@DF_FTPT_NATIONAL_INC(1.0),Incidence of full-time and part-time employment based on national definitions,I,TUR,Türkiye,EMP,Employment,PT_POP_SUB,Percentage of population in the same subgroup,F,Female,_T,Total,EMP,Employment,MAIN,Main job,_T,Total,PT,Part-time,NAT_DEF,National definition,A,Annual,2016,,17.757,,A,Normal value,0,Units,1,One
DATAFLOW,OECD.ELS.SAE:DSD_FTPT@DF_FTPT_NATIONAL_INC(1.0),Incidence of full-time and part-time employment based on national definitions,I,GBR,United Kingdom,EMP,Employment,PT_POP_SUB,Percentage of population in the same subgroup,F,Female,_T,Total,EMP,Employment,MAIN,Main job,_T,Total,PT,Part-time,NAT_DEF,National definition,A,Annual,2016,,42.172,,A,Normal value,0,Units,1,One
DATAFLOW,OECD.ELS.SAE:DSD_FTPT@DF_FTPT_NATIONAL_INC(1.0),Incidence of full-time and part-time employment based on national definitions,I,USA,United States,EMP,Employment,PT_POP_SUB,Percentage of population in the same subgroup,F,Female,_T,Total,EMP,Employment,MAIN,Main job,_T,Total,PT,Part-time,NAT_DEF,National definition,A,Annual,2016,,24.938,,A,Normal value,0,Units,1,One
DATAFLOW,OECD.ELS.SAE:DSD_FTPT@DF_FTPT_NATIONAL_INC(1.0),Incidence of full-time and part-time employment based on national definitions,I,IDN,Indonesia,EMP,Employment,PT_POP_SUB,Percentage of population in the same subgroup,F,Female,_T,Total,EMP,Employment,MAIN,Main job,_T,Total,PT,Part-time,NAT_DEF,National definition,A,Annual,2016,,41.478,,A,Normal value,0,Units,1,One
DATAFLOW,OECD.ELS.SAE:DSD_FTPT@DF_FTPT_NATIONAL_INC(1.0),Incidence of full-time and part-time employment based on national definitions,I,RUS,Russia,EMP,Employment,PT_POP_SUB,Percentage of population in the same subgroup,F,Female,_T,Total,EMP,Employment,MAIN,Main job,_T,Total,PT,Part-time,NAT_DEF,National definition,A,Annual,2016,,10.21,,A,Normal value,0,Units,1,One
DATAFLOW,OECD.ELS.SAE:DSD_FTPT@DF_FTPT_NATIONAL_INC(1.0),Incidence of full-time and part-time employment based on national definitions,I,ZAF,South Africa,EMP,Employment,PT_POP_SUB,Percentage of population in the same subgroup,F,Female,_T,Total,EMP,Employment,MAIN,Main job,_T,Total,PT,Part-time,NAT_DEF,National definition,A,Annual,2016,,16.635,,A,Normal value,0,Units,1,One
DATAFLOW,OECD.ELS.SAE:DSD_FTPT@DF_FTPT_NATIONAL_INC(1.0),Incidence of full-time and part-time employment based on national definitions,I,AUS,Australia,EMP,Employment,PT_POP_SUB,Percentage of population in the same subgroup,F,Female,_T,Total,EMP,Employment,MAIN,Main job,_T,Total,PT,Part-time,NAT_DEF,National definition,A,Annual,2014,,46.289,,A,Normal value,0,Units,1,One
DATAFLOW,OECD.ELS.SAE:DSD_FTPT@DF_FTPT_NATIONAL_INC(1.0),Incidence of full-time and part-time employment based on national definitions,I,BEL,Belgium,EMP,Employment,PT_POP_SUB,Percentage of population in the same subgroup,F,Female,_T,Total,EMP,Employment,MAIN,Main job,_T,Total,PT,Part-time,NAT_DEF,National definition,A,Annual,2014,,41.412,,A,Normal value,0,Units,1,One
DATAFLOW,OECD.ELS.SAE:DSD_FTPT@DF_FTPT_NATIONAL_INC(1.0),Incidence of full-time and part-time employment based on national definitions,I,COL,Colombia,EMP,Employment,PT_POP_SUB,Percentage of population in the same subgroup,F,Female,_T,Total,EMP,Employment,MAIN,Main job,_T,Total,PT,Part-time,NAT_DEF,National definition,A,Annual,2014,,26.472,,A,Normal value,0,Units,1,One
DATAFLOW,OECD.ELS.SAE:DSD_FTPT@DF_FTPT_NATIONAL_INC(1.0),Incidence of full-time and part-time employment based on national definitions,I,CRI,Costa Rica,EMP,Employment,PT_POP_SUB,Percentage of population in the same subgroup,F,Female,_T,Total,EMP,Employment,MAIN,Main job,_T,Total,PT,Part-time,NAT_DEF,National definition,A,Annual,2014,,38.422,,A,Normal value,0,Units,1,One
DATAFLOW,OECD.ELS.SAE:DSD_FTPT@DF_FTPT_NATIONAL_INC(1.0),Incidence of full-time and part-time employment based on national definitions,I,DNK,Denmark,EMP,Employment,PT_POP_SUB,Percentage of population in the same subgroup,F,Female,_T,Total,EMP,Employment,MAIN,Main job,_T,Total,PT,Part-time,NAT_DEF,National definition,A,Annual,2014,,34.782,,A,Normal value,0,Units,1,One
DATAFLOW,OECD.ELS.SAE:DSD_FTPT@DF_FTPT_NATIONAL_INC(1.0),Incidence of full-time and part-time employment based on national definitions,I,FRA,France,EMP,Employment,PT_POP_SUB,Percentage of population in the same subgroup,F,Female,_T,Total,EMP,Employment,MAIN,Main job,_T,Total,PT,Part-time,NAT_DEF,National definition,A,Annual,2014,,30.832,,A,Normal value,0,Units,1,One
DATAFLOW,OECD.ELS.SAE:DSD_FTPT@DF_FTPT_NATIONAL_INC(1.0),Incidence of full-time and part-time employment based on national definitions,I,DEU,Germany,EMP,Employment,PT_POP_SUB,Percentage of population in the same subgroup,F,Female,_T,Total,EMP,Employment,MAIN,Main job,_T,Total,PT,Part-time,NAT_DEF,National definition,A,Annual,2014,,46.973,,A,Normal value,0,Units,1,One
DATAFLOW,OECD.ELS.SAE:DSD_FTPT@DF_FTPT_NATIONAL_INC(1.0),Incidence of full-time and part-time employment based on national definitions,I,IRL,Ireland,EMP,Employment,PT_POP_SUB,Percentage of population in the same subgroup,F,Female,_T,Total,EMP,Employment,MAIN,Main job,_T,Total,PT,Part-time,NAT_DEF,National definition,A,Annual,2014,,33.662,,A,Normal value,0,Units,1,One
DATAFLOW,OECD.ELS.SAE:DSD_FTPT@DF_FTPT_NATIONAL_INC(1.0),Incidence of full-time and part-time employment based on national definitions,I,JPN,Japan,EMP,Employment,PT_POP_SUB,Percentage of population in the same subgroup,F,Female,_T,Total,EMP,Employment,MAIN,Main job,_T,Total,PT,Part-time,NAT_DEF,National definition,A,Annual,2014,,37.205,,A,Normal value,0,Units,1,One
DATAFLOW,OECD.ELS.SAE:DSD_FTPT@DF_FTPT_NATIONAL_INC(1.0),Incidence of full-time and part-time employment based on national definitions,I,MEX,Mexico,EMP,Employment,PT_POP_SUB,Percentage of population in the same subgroup,F,Female,_T,Total,EMP,Employment,MAIN,Main job,_T,Total,PT,Part-time,NAT_DEF,National definition,A,Annual,2014,,34.028,,A,Normal value,0,Units,1,One
DATAFLOW,OECD.ELS.SAE:DSD_FTPT@DF_FTPT_NATIONAL_INC(1.0),Incidence of full-time and part-time employment based on national definitions,I,NLD,Netherlands,EMP,Employment,PT_POP_SUB,Percentage of population in the same subgroup,F,Female,_T,Total,EMP,Employment,MAIN,Main job,_T,Total,PT,Part-time,NAT_DEF,National definition,A,Annual,2014,,72.431,,A,Normal value,0,Units,1,One
DATAFLOW,OECD.ELS.SAE:DSD_FTPT@DF_FTPT_NATIONAL_INC(1.0),Incidence of full-time and part-time employment based on national definitions,I,NZL,New Zealand,EMP,Employment,PT_POP_SUB,Percentage of population in the same subgroup,F,Female,_T,Total,EMP,Employment,MAIN,Main job,_T,Total,PT,Part-time,NAT_DEF,National definition,A,Annual,2014,,33.229,,A,Normal value,0,Units,1,One
DATAFLOW,OECD.ELS.SAE:DSD_FTPT@DF_FTPT_NATIONAL_INC(1.0),Incidence of full-time and part-time employment based on national definitions,I,ESP,Spain,EMP,Employment,PT_POP_SUB,Percentage of population in the same subgroup,F,Female,_T,Total,EMP,Employment,MAIN,Main job,_T,Total,PT,Part-time,NAT_DEF,National definition,A,Annual,2014,,25.585,,A,Normal value,0,Units,1,One
DATAFLOW,OECD.ELS.SAE:DSD_FTPT@DF_FTPT_NATIONAL_INC(1.0),Incidence of full-time and part-time employment based on national definitions,I,SWE,Sweden,EMP,Employment,PT_POP_SUB,Percentage of population in the same subgroup,F,Female,_T,Total,EMP,Employment,MAIN,Main job,_T,Total,PT,Part-time,NAT_DEF,National definition,A,Annual,2014,,32.496,,A,Normal value,0,Units,1,One
DATAFLOW,OECD.ELS.SAE:DSD_FTPT@DF_FTPT_NATIONAL_INC(1.0),Incidence of full-time and part-time employment based on national definitions,I,CHE,Switzerland,EMP,Employment,PT_POP_SUB,Percentage of population in the same subgroup,F,Female,_T,Total,EMP,Employment,MAIN,Main job,_T,Total,PT,Part-time,NAT_DEF,National definition,A,Annual,2014,,59.365,,A,Normal value,0,Units,1,One
DATAFLOW,OECD.ELS.SAE:DSD_FTPT@DF_FTPT_NATIONAL_INC(1.0),Incidence of full-time and part-time employment based on national definitions,I,TUR,Türkiye,EMP,Employment,PT_POP_SUB,Percentage of population in the same subgroup,F,Female,_T,Total,EMP,Employment,MAIN,Main job,_T,Total,PT,Part-time,NAT_DEF,National definition,A,Annual,2014,,20.614,,A,Normal value,0,Units,1,One
DATAFLOW,OECD.ELS.SAE:DSD_FTPT@DF_FTPT_NATIONAL_INC(1.0),Incidence of full-time and part-time employment based on national definitions,I,GBR,United Kingdom,EMP,Employment,PT_POP_SUB,Percentage of population in the same subgroup,F,Female,_T,Total,EMP,Employment,MAIN,Main job,_T,Total,PT,Part-time,NAT_DEF,National definition,A,Annual,2014,,42.451,,A,Normal value,0,Units,1,One
DATAFLOW,OECD.ELS.SAE:DSD_FTPT@DF_FTPT_NATIONAL_INC(1.0),Incidence of full-time and part-time employment based on national definitions,I,USA,United States,EMP,Employment,PT_POP_SUB,Percentage of population in the same subgroup,F,Female,_T,Total,EMP,Employment,MAIN,Main job,_T,Total,PT,Part-time,NAT_DEF,National definition,A,Annual,2014,,25.833,,A,Normal value,0,Units,1,One
DATAFLOW,OECD.ELS.SAE:DSD_FTPT@DF_FTPT_NATIONAL_INC(1.0),Incidence of full-time and part-time employment based on national definitions,I,OECD,OECD,EMP,Employment,PT_POP_SUB,Percentage of population in the same subgroup,F,Female,_T,Total,EMP,Employment,MAIN,Main job,_T,Total,PT,Part-time,NAT_DEF,National definition,A,Annual,2014,,31.598,,A,Normal value,0,Units,1,One
DATAFLOW,OECD.ELS.SAE:DSD_FTPT@DF_FTPT_NATIONAL_INC(1.0),Incidence of full-time and part-time employment based on national definitions,I,IDN,Indonesia,EMP,Employment,PT_POP_SUB,Percentage of population in the same subgroup,F,Female,_T,Total,EMP,Employment,MAIN,Main job,_T,Total,PT,Part-time,NAT_DEF,National definition,A,Annual,2014,,44.81,,A,Normal value,0,Units,1,One
DATAFLOW,OECD.ELS.SAE:DSD_FTPT@DF_FTPT_NATIONAL_INC(1.0),Incidence of full-time and part-time employment based on national definitions,I,RUS,Russia,EMP,Employment,PT_POP_SUB,Percentage of population in the same subgroup,F,Female,_T,Total,EMP,Employment,MAIN,Main job,_T,Total,PT,Part-time,NAT_DEF,National definition,A,Annual,2014,,9.798,,A,Normal value,0,Units,1,One
DATAFLOW,OECD.ELS.SAE:DSD_FTPT@DF_FTPT_NATIONAL_INC(1.0),Incidence of full-time and part-time employment based on national definitions,I,ZAF,South Africa,EMP,Employment,PT_POP_SUB,Percentage of population in the same subgroup,F,Female,_T,Total,EMP,Employment,MAIN,Main job,_T,Total,PT,Part-time,NAT_DEF,National definition,A,Annual,2014,,15.651,,A,Normal value,0,Units,1,One
DATAFLOW,OECD.ELS.SAE:DSD_FTPT@DF_FTPT_NATIONAL_INC(1.0),Incidence of full-time and part-time employment based on national definitions,I,AUS,Australia,EMP,Employment,PT_POP_SUB,Percentage of population in the same subgroup,F,Female,_T,Total,EMP,Employment,MAIN,Main job,_T,Total,PT,Part-time,NAT_DEF,National definition,A,Annual,2013,,45.938,,A,Normal value,0,Units,1,One
DATAFLOW,OECD.ELS.SAE:DSD_FTPT@DF_FTPT_NATIONAL_INC(1.0),Incidence of full-time and part-time employment based on national definitions,I,AUT,Austria,EMP,Employment,PT_POP_SUB,Percentage of population in the same subgroup,F,Female,_T,Total,EMP,Employment,MAIN,Main job,_T,Total,PT,Part-time,NAT_DEF,National definition,A,Annual,2013,,45.609,,A,Normal value,0,Units,1,One
DATAFLOW,OECD.ELS.SAE:DSD_FTPT@DF_FTPT_NATIONAL_INC(1.0),Incidence of full-time and part-time employment based on national definitions,I,BEL,Belgium,EMP,Employment,PT_POP_SUB,Percentage of population in the same subgroup,F,Female,_T,Total,EMP,Employment,MAIN,Main job,_T,Total,PT,Part-time,NAT_DEF,National definition,A,Annual,2013,,42.83,,A,Normal value,0,Units,1,One
DATAFLOW,OECD.ELS.SAE:DSD_FTPT@DF_FTPT_NATIONAL_INC(1.0),Incidence of full-time and part-time employment based on national definitions,I,COL,Colombia,EMP,Employment,PT_POP_SUB,Percentage of population in the same subgroup,F,Female,_T,Total,EMP,Employment,MAIN,Main job,_T,Total,PT,Part-time,NAT_DEF,National definition,A,Annual,2013,,28.367,,A,Normal value,0,Units,1,One
DATAFLOW,OECD.ELS.SAE:DSD_FTPT@DF_FTPT_NATIONAL_INC(1.0),Incidence of full-time and part-time employment based on national definitions,I,CRI,Costa Rica,EMP,Employment,PT_POP_SUB,Percentage of population in the same subgroup,F,Female,_T,Total,EMP,Employment,MAIN,Main job,_T,Total,PT,Part-time,NAT_DEF,National definition,A,Annual,2013,,38.619,,A,Normal value,0,Units,1,One
DATAFLOW,OECD.ELS.SAE:DSD_FTPT@DF_FTPT_NATIONAL_INC(1.0),Incidence of full-time and part-time employment based on national definitions,I,DNK,Denmark,EMP,Employment,PT_POP_SUB,Percentage of population in the same subgroup,F,Female,_T,Total,EMP,Employment,MAIN,Main job,_T,Total,PT,Part-time,NAT_DEF,National definition,A,Annual,2013,,35.496,,A,Normal value,0,Units,1,One
DATAFLOW,OECD.ELS.SAE:DSD_FTPT@DF_FTPT_NATIONAL_INC(1.0),Incidence of full-time and part-time employment based on national definitions,I,FRA,France,EMP,Employment,PT_POP_SUB,Percentage of population in the same subgroup,F,Female,_T,Total,EMP,Employment,MAIN,Main job,_T,Total,PT,Part-time,NAT_DEF,National definition,A,Annual,2013,,30.679,,A,Normal value,0,Units,1,One
DATAFLOW,OECD.ELS.SAE:DSD_FTPT@DF_FTPT_NATIONAL_INC(1.0),Incidence of full-time and part-time employment based on national definitions,I,DEU,Germany,EMP,Employment,PT_POP_SUB,Percentage of population in the same subgroup,F,Female,_T,Total,EMP,Employment,MAIN,Main job,_T,Total,PT,Part-time,NAT_DEF,National definition,A,Annual,2013,,47.334,,A,Normal value,0,Units,1,One
DATAFLOW,OECD.ELS.SAE:DSD_FTPT@DF_FTPT_NATIONAL_INC(1.0),Incidence of full-time and part-time employment based on national definitions,I,ITA,Italy,EMP,Employment,PT_POP_SUB,Percentage of population in the same subgroup,F,Female,_T,Total,EMP,Employment,MAIN,Main job,_T,Total,PT,Part-time,NAT_DEF,National definition,A,Annual,2013,,31.564,,A,Normal value,0,Units,1,One
DATAFLOW,OECD.ELS.SAE:DSD_FTPT@DF_FTPT_NATIONAL_INC(1.0),Incidence of full-time and part-time employment based on national definitions,I,JPN,Japan,EMP,Employment,PT_POP_SUB,Percentage of population in the same subgroup,F,Female,_T,Total,EMP,Employment,MAIN,Main job,_T,Total,PT,Part-time,NAT_DEF,National definition,A,Annual,2013,,36.172,,A,Normal value,0,Units,1,One
DATAFLOW,OECD.ELS.SAE:DSD_FTPT@DF_FTPT_NATIONAL_INC(1.0),Incidence of full-time and part-time employment based on national definitions,I,MEX,Mexico,EMP,Employment,PT_POP_SUB,Percentage of population in the same subgroup,F,Female,_T,Total,EMP,Employment,MAIN,Main job,_T,Total,PT,Part-time,NAT_DEF,National definition,A,Annual,2013,,34.222,,A,Normal value,0,Units,1,One
DATAFLOW,OECD.ELS.SAE:DSD_FTPT@DF_FTPT_NATIONAL_INC(1.0),Incidence of full-time and part-time employment based on national definitions,I,NLD,Netherlands,EMP,Employment,PT_POP_SUB,Percentage of population in the same subgroup,F,Female,_T,Total,EMP,Employment,MAIN,Main job,_T,Total,PT,Part-time,NAT_DEF,National definition,A,Annual,2013,,72.508,,A,Normal value,0,Units,1,One
DATAFLOW,OECD.ELS.SAE:DSD_FTPT@DF_FTPT_NATIONAL_INC(1.0),Incidence of full-time and part-time employment based on national definitions,I,POL,Poland,EMP,Employment,PT_POP_SUB,Percentage of population in the same subgroup,F,Female,_T,Total,EMP,Employment,MAIN,Main job,_T,Total,PT,Part-time,NAT_DEF,National definition,A,Annual,2013,,11.085,,A,Normal value,0,Units,1,One
DATAFLOW,OECD.ELS.SAE:DSD_FTPT@DF_FTPT_NATIONAL_INC(1.0),Incidence of full-time and part-time employment based on national definitions,I,ESP,Spain,EMP,Employment,PT_POP_SUB,Percentage of population in the same subgroup,F,Female,_T,Total,EMP,Employment,MAIN,Main job,_T,Total,PT,Part-time,NAT_DEF,National definition,A,Annual,2013,,25.276,,A,Normal value,0,Units,1,One
DATAFLOW,OECD.ELS.SAE:DSD_FTPT@DF_FTPT_NATIONAL_INC(1.0),Incidence of full-time and part-time employment based on national definitions,I,TUR,Türkiye,EMP,Employment,PT_POP_SUB,Percentage of population in the same subgroup,F,Female,_T,Total,EMP,Employment,MAIN,Main job,_T,Total,PT,Part-time,NAT_DEF,National definition,A,Annual,2013,,24.565,,A,Normal value,0,Units,1,One
DATAFLOW,OECD.ELS.SAE:DSD_FTPT@DF_FTPT_NATIONAL_INC(1.0),Incidence of full-time and part-time employment based on national definitions,I,GBR,United Kingdom,EMP,Employment,PT_POP_SUB,Percentage of population in the same subgroup,F,Female,_T,Total,EMP,Employment,MAIN,Main job,_T,Total,PT,Part-time,NAT_DEF,National definition,A,Annual,2013,,42.595,,A,Normal value,0,Units,1,One
DATAFLOW,OECD.ELS.SAE:DSD_FTPT@DF_FTPT_NATIONAL_INC(1.0),Incidence of full-time and part-time employment based on national definitions,I,USA,United States,EMP,Employment,PT_POP_SUB,Percentage of population in the same subgroup,F,Female,_T,Total,EMP,Employment,MAIN,Main job,_T,Total,PT,Part-time,NAT_DEF,National definition,A,Annual,2013,,26.04,,A,Normal value,0,Units,1,One
DATAFLOW,OECD.ELS.SAE:DSD_FTPT@DF_FTPT_NATIONAL_INC(1.0),Incidence of full-time and part-time employment based on national definitions,I,EU19OECD,European Union (19 countries) in OECD,EMP,Employment,PT_POP_SUB,Percentage of population in the same subgroup,F,Female,_T,Total,EMP,Employment,MAIN,Main job,_T,Total,PT,Part-time,NAT_DEF,National definition,A,Annual,2013,,36.236,,A,Normal value,0,Units,1,One
DATAFLOW,OECD.ELS.SAE:DSD_FTPT@DF_FTPT_NATIONAL_INC(1.0),Incidence of full-time and part-time employment based on national definitions,I,OECD,OECD,EMP,Employment,PT_POP_SUB,Percentage of population in the same subgroup,F,Female,_T,Total,EMP,Employment,MAIN,Main job,_T,Total,PT,Part-time,NAT_DEF,National definition,A,Annual,2013,,31.785,,A,Normal value,0,Units,1,One
DATAFLOW,OECD.ELS.SAE:DSD_FTPT@DF_FTPT_NATIONAL_INC(1.0),Incidence of full-time and part-time employment based on national definitions,I,IDN,Indonesia,EMP,Employment,PT_POP_SUB,Percentage of population in the same subgroup,F,Female,_T,Total,EMP,Employment,MAIN,Main job,_T,Total,PT,Part-time,NAT_DEF,National definition,A,Annual,2013,,45.345,,A,Normal value,0,Units,1,One
DATAFLOW,OECD.ELS.SAE:DSD_FTPT@DF_FTPT_NATIONAL_INC(1.0),Incidence of full-time and part-time employment based on national definitions,I,ROU,Romania,EMP,Employment,PT_POP_SUB,Percentage of population in the same subgroup,F,Female,_T,Total,EMP,Employment,MAIN,Main job,_T,Total,PT,Part-time,NAT_DEF,National definition,A,Annual,2013,,11.212,,A,Normal value,0,Units,1,One
DATAFLOW,OECD.ELS.SAE:DSD_FTPT@DF_FTPT_NATIONAL_INC(1.0),Incidence of full-time and part-time employment based on national definitions,I,RUS,Russia,EMP,Employment,PT_POP_SUB,Percentage of population in the same subgroup,F,Female,_T,Total,EMP,Employment,MAIN,Main job,_T,Total,PT,Part-time,NAT_DEF,National definition,A,Annual,2013,,9.969,,A,Normal value,0,Units,1,One
DATAFLOW,OECD.ELS.SAE:DSD_FTPT@DF_FTPT_NATIONAL_INC(1.0),Incidence of full-time and part-time employment based on national definitions,I,ZAF,South Africa,EMP,Employment,PT_POP_SUB,Percentage of population in the same subgroup,F,Female,_T,Total,EMP,Employment,MAIN,Main job,_T,Total,PT,Part-time,NAT_DEF,National definition,A,Annual,2013,,15.925,,A,Normal value,0,Units,1,One
DATAFLOW,OECD.ELS.SAE:DSD_FTPT@DF_FTPT_NATIONAL_INC(1.0),Incidence of full-time and part-time employment based on national definitions,I,AUT,Austria,EMP,Employment,PT_POP_SUB,Percentage of population in the same subgroup,F,Female,_T,Total,EMP,Employment,MAIN,Main job,_T,Total,PT,Part-time,NAT_DEF,National definition,A,Annual,2011,,44.088,,A,Normal value,0,Units,1,One
DATAFLOW,OECD.ELS.SAE:DSD_FTPT@DF_FTPT_NATIONAL_INC(1.0),Incidence of full-time and part-time employment based on national definitions,I,BEL,Belgium,EMP,Employment,PT_POP_SUB,Percentage of population in the same subgroup,F,Female,_T,Total,EMP,Employment,MAIN,Main job,_T,Total,PT,Part-time,NAT_DEF,National definition,A,Annual,2011,,43.581,,A,Normal value,0,Units,1,One
DATAFLOW,OECD.ELS.SAE:DSD_FTPT@DF_FTPT_NATIONAL_INC(1.0),Incidence of full-time and part-time employment based on national definitions,I,CRI,Costa Rica,EMP,Employment,PT_POP_SUB,Percentage of population in the same subgroup,F,Female,_T,Total,EMP,Employment,MAIN,Main job,_T,Total,PT,Part-time,NAT_DEF,National definition,A,Annual,2011,,29.635,,A,Normal value,0,Units,1,One
DATAFLOW,OECD.ELS.SAE:DSD_FTPT@DF_FTPT_NATIONAL_INC(1.0),Incidence of full-time and part-time employment based on national definitions,I,DNK,Denmark,EMP,Employment,PT_POP_SUB,Percentage of population in the same subgroup,F,Female,_T,Total,EMP,Employment,MAIN,Main job,_T,Total,PT,Part-time,NAT_DEF,National definition,A,Annual,2011,,37.01,,A,Normal value,0,Units,1,One
DATAFLOW,OECD.ELS.SAE:DSD_FTPT@DF_FTPT_NATIONAL_INC(1.0),Incidence of full-time and part-time employment based on national definitions,I,FIN,Finland,EMP,Employment,PT_POP_SUB,Percentage of population in the same subgroup,F,Female,_T,Total,EMP,Employment,MAIN,Main job,_T,Total,PT,Part-time,NAT_DEF,National definition,A,Annual,2011,,19.63,,A,Normal value,0,Units,1,One
DATAFLOW,OECD.ELS.SAE:DSD_FTPT@DF_FTPT_NATIONAL_INC(1.0),Incidence of full-time and part-time employment based on national definitions,I,DEU,Germany,EMP,Employment,PT_POP_SUB,Percentage of population in the same subgroup,F,Female,_T,Total,EMP,Employment,MAIN,Main job,_T,Total,PT,Part-time,NAT_DEF,National definition,A,Annual,2011,,45.999,,A,Normal value,0,Units,1,One
DATAFLOW,OECD.ELS.SAE:DSD_FTPT@DF_FTPT_NATIONAL_INC(1.0),Incidence of full-time and part-time employment based on national definitions,I,ISR,Israel,EMP,Employment,PT_POP_SUB,Percentage of population in the same subgroup,F,Female,_T,Total,EMP,Employment,MAIN,Main job,_T,Total,PT,Part-time,NAT_DEF,National definition,A,Annual,2011,,33.584,,A,Normal value,0,Units,1,One
DATAFLOW,OECD.ELS.SAE:DSD_FTPT@DF_FTPT_NATIONAL_INC(1.0),Incidence of full-time and part-time employment based on national definitions,I,ITA,Italy,EMP,Employment,PT_POP_SUB,Percentage of population in the same subgroup,F,Female,_T,Total,EMP,Employment,MAIN,Main job,_T,Total,PT,Part-time,NAT_DEF,National definition,A,Annual,2011,,29.177,,A,Normal value,0,Units,1,One
DATAFLOW,OECD.ELS.SAE:DSD_FTPT@DF_FTPT_NATIONAL_INC(1.0),Incidence of full-time and part-time employment based on national definitions,I,JPN,Japan,EMP,Employment,PT_POP_SUB,Percentage of population in the same subgroup,F,Female,_T,Total,EMP,Employment,MAIN,Main job,_T,Total,PT,Part-time,NAT_DEF,National definition,A,Annual,2011,,34.777,,A,Normal value,0,Units,1,One
DATAFLOW,OECD.ELS.SAE:DSD_FTPT@DF_FTPT_NATIONAL_INC(1.0),Incidence of full-time and part-time employment based on national definitions,I,MEX,Mexico,EMP,Employment,PT_POP_SUB,Percentage of population in the same subgroup,F,Female,_T,Total,EMP,Employment,MAIN,Main job,_T,Total,PT,Part-time,NAT_DEF,National definition,A,Annual,2011,,34.554,,A,Normal value,0,Units,1,One
DATAFLOW,OECD.ELS.SAE:DSD_FTPT@DF_FTPT_NATIONAL_INC(1.0),Incidence of full-time and part-time employment based on national definitions,I,NLD,Netherlands,EMP,Employment,PT_POP_SUB,Percentage of population in the same subgroup,F,Female,_T,Total,EMP,Employment,MAIN,Main job,_T,Total,PT,Part-time,NAT_DEF,National definition,A,Annual,2011,,74.954,,A,Normal value,0,Units,1,One
DATAFLOW,OECD.ELS.SAE:DSD_FTPT@DF_FTPT_NATIONAL_INC(1.0),Incidence of full-time and part-time employment based on national definitions,I,NOR,Norway,EMP,Employment,PT_POP_SUB,Percentage of population in the same subgroup,F,Female,_T,Total,EMP,Employment,MAIN,Main job,_T,Total,PT,Part-time,NAT_DEF,National definition,A,Annual,2011,,41.063,,A,Normal value,0,Units,1,One
DATAFLOW,OECD.ELS.SAE:DSD_FTPT@DF_FTPT_NATIONAL_INC(1.0),Incidence of full-time and part-time employment based on national definitions,I,POL,Poland,EMP,Employment,PT_POP_SUB,Percentage of population in the same subgroup,F,Female,_T,Total,EMP,Employment,MAIN,Main job,_T,Total,PT,Part-time,NAT_DEF,National definition,A,Annual,2011,,11.18,,A,Normal value,0,Units,1,One
DATAFLOW,OECD.ELS.SAE:DSD_FTPT@DF_FTPT_NATIONAL_INC(1.0),Incidence of full-time and part-time employment based on national definitions,I,ESP,Spain,EMP,Employment,PT_POP_SUB,Percentage of population in the same subgroup,F,Female,_T,Total,EMP,Employment,MAIN,Main job,_T,Total,PT,Part-time,NAT_DEF,National definition,A,Annual,2011,,22.907,,A,Normal value,0,Units,1,One
DATAFLOW,OECD.ELS.SAE:DSD_FTPT@DF_FTPT_NATIONAL_INC(1.0),Incidence of full-time and part-time employment based on national definitions,I,SWE,Sweden,EMP,Employment,PT_POP_SUB,Percentage of population in the same subgroup,F,Female,_T,Total,EMP,Employment,MAIN,Main job,_T,Total,PT,Part-time,NAT_DEF,National definition,A,Annual,2011,,34.651,,A,Normal value,0,Units,1,One
DATAFLOW,OECD.ELS.SAE:DSD_FTPT@DF_FTPT_NATIONAL_INC(1.0),Incidence of full-time and part-time employment based on national definitions,I,CHE,Switzerland,EMP,Employment,PT_POP_SUB,Percentage of population in the same subgroup,F,Female,_T,Total,EMP,Employment,MAIN,Main job,_T,Total,PT,Part-time,NAT_DEF,National definition,A,Annual,2011,,57.731,,A,Normal value,0,Units,1,One
DATAFLOW,OECD.ELS.SAE:DSD_FTPT@DF_FTPT_NATIONAL_INC(1.0),Incidence of full-time and part-time employment based on national definitions,I,TUR,Türkiye,EMP,Employment,PT_POP_SUB,Percentage of population in the same subgroup,F,Female,_T,Total,EMP,Employment,MAIN,Main job,_T,Total,PT,Part-time,NAT_DEF,National definition,A,Annual,2011,,24.337,,A,Normal value,0,Units,1,One
DATAFLOW,OECD.ELS.SAE:DSD_FTPT@DF_FTPT_NATIONAL_INC(1.0),Incidence of full-time and part-time employment based on national definitions,I,GBR,United Kingdom,EMP,Employment,PT_POP_SUB,Percentage of population in the same subgroup,F,Female,_T,Total,EMP,Employment,MAIN,Main job,_T,Total,PT,Part-time,NAT_DEF,National definition,A,Annual,2011,,43.072,,A,Normal value,0,Units,1,One
DATAFLOW,OECD.ELS.SAE:DSD_FTPT@DF_FTPT_NATIONAL_INC(1.0),Incidence of full-time and part-time employment based on national definitions,I,USA,United States,EMP,Employment,PT_POP_SUB,Percentage of population in the same subgroup,F,Female,_T,Total,EMP,Employment,MAIN,Main job,_T,Total,PT,Part-time,NAT_DEF,National definition,A,Annual,2011,,26.462,,A,Normal value,0,Units,1,One
DATAFLOW,OECD.ELS.SAE:DSD_FTPT@DF_FTPT_NATIONAL_INC(1.0),Incidence of full-time and part-time employment based on national definitions,I,IDN,Indonesia,EMP,Employment,PT_POP_SUB,Percentage of population in the same subgroup,F,Female,_T,Total,EMP,Employment,MAIN,Main job,_T,Total,PT,Part-time,NAT_DEF,National definition,A,Annual,2011,,44.703,,A,Normal value,0,Units,1,One
DATAFLOW,OECD.ELS.SAE:DSD_FTPT@DF_FTPT_NATIONAL_INC(1.0),Incidence of full-time and part-time employment based on national definitions,I,ROU,Romania,EMP,Employment,PT_POP_SUB,Percentage of population in the same subgroup,F,Female,_T,Total,EMP,Employment,MAIN,Main job,_T,Total,PT,Part-time,NAT_DEF,National definition,A,Annual,2011,,11.79,,A,Normal value,0,Units,1,One
DATAFLOW,OECD.ELS.SAE:DSD_FTPT@DF_FTPT_NATIONAL_INC(1.0),Incidence of full-time and part-time employment based on national definitions,I,RUS,Russia,EMP,Employment,PT_POP_SUB,Percentage of population in the same subgroup,F,Female,_T,Total,EMP,Employment,MAIN,Main job,_T,Total,PT,Part-time,NAT_DEF,National definition,A,Annual,2011,,9.773,,A,Normal value,0,Units,1,One
DATAFLOW,OECD.ELS.SAE:DSD_FTPT@DF_FTPT_NATIONAL_INC(1.0),Incidence of full-time and part-time employment based on national definitions,I,ZAF,South Africa,EMP,Employment,PT_POP_SUB,Percentage of population in the same subgroup,F,Female,_T,Total,EMP,Employment,MAIN,Main job,_T,Total,PT,Part-time,NAT_DEF,National definition,A,Annual,2011,,14.453,,A,Normal value,0,Units,1,One
DATAFLOW,OECD.ELS.SAE:DSD_FTPT@DF_FTPT_NATIONAL_INC(1.0),Incidence of full-time and part-time employment based on national definitions,I,AUS,Australia,EMP,Employment,PT_POP_SUB,Percentage of population in the same subgroup,F,Female,_T,Total,EMP,Employment,MAIN,Main job,_T,Total,PT,Part-time,NAT_DEF,National definition,A,Annual,2012,,45.57,,A,Normal value,0,Units,1,One
DATAFLOW,OECD.ELS.SAE:DSD_FTPT@DF_FTPT_NATIONAL_INC(1.0),Incidence of full-time and part-time employment based on national definitions,I,AUT,Austria,EMP,Employment,PT_POP_SUB,Percentage of population in the same subgroup,F,Female,_T,Total,EMP,Employment,MAIN,Main job,_T,Total,PT,Part-time,NAT_DEF,National definition,A,Annual,2012,,45.055,,A,Normal value,0,Units,1,One
DATAFLOW,OECD.ELS.SAE:DSD_FTPT@DF_FTPT_NATIONAL_INC(1.0),Incidence of full-time and part-time employment based on national definitions,I,BEL,Belgium,EMP,Employment,PT_POP_SUB,Percentage of population in the same subgroup,F,Female,_T,Total,EMP,Employment,MAIN,Main job,_T,Total,PT,Part-time,NAT_DEF,National definition,A,Annual,2012,,43.731,,A,Normal value,0,Units,1,One
DATAFLOW,OECD.ELS.SAE:DSD_FTPT@DF_FTPT_NATIONAL_INC(1.0),Incidence of full-time and part-time employment based on national definitions,I,CHL,Chile,EMP,Employment,PT_POP_SUB,Percentage of population in the same subgroup,F,Female,_T,Total,EMP,Employment,MAIN,Main job,_T,Total,PT,Part-time,NAT_DEF,National definition,A,Annual,2012,,27.751,,A,Normal value,0,Units,1,One
DATAFLOW,OECD.ELS.SAE:DSD_FTPT@DF_FTPT_NATIONAL_INC(1.0),Incidence of full-time and part-time employment based on national definitions,I,COL,Colombia,EMP,Employment,PT_POP_SUB,Percentage of population in the same subgroup,F,Female,_T,Total,EMP,Employment,MAIN,Main job,_T,Total,PT,Part-time,NAT_DEF,National definition,A,Annual,2012,,28.634,,A,Normal value,0,Units,1,One
DATAFLOW,OECD.ELS.SAE:DSD_FTPT@DF_FTPT_NATIONAL_INC(1.0),Incidence of full-time and part-time employment based on national definitions,I,CRI,Costa Rica,EMP,Employment,PT_POP_SUB,Percentage of population in the same subgroup,F,Female,_T,Total,EMP,Employment,MAIN,Main job,_T,Total,PT,Part-time,NAT_DEF,National definition,A,Annual,2012,,35.48,,A,Normal value,0,Units,1,One
DATAFLOW,OECD.ELS.SAE:DSD_FTPT@DF_FTPT_NATIONAL_INC(1.0),Incidence of full-time and part-time employment based on national definitions,I,DNK,Denmark,EMP,Employment,PT_POP_SUB,Percentage of population in the same subgroup,F,Female,_T,Total,EMP,Employment,MAIN,Main job,_T,Total,PT,Part-time,NAT_DEF,National definition,A,Annual,2012,,35.751,,A,Normal value,0,Units,1,One
DATAFLOW,OECD.ELS.SAE:DSD_FTPT@DF_FTPT_NATIONAL_INC(1.0),Incidence of full-time and part-time employment based on national definitions,I,FIN,Finland,EMP,Employment,PT_POP_SUB,Percentage of population in the same subgroup,F,Female,_T,Total,EMP,Employment,MAIN,Main job,_T,Total,PT,Part-time,NAT_DEF,National definition,A,Annual,2012,,20.123,,A,Normal value,0,Units,1,One
DATAFLOW,OECD.ELS.SAE:DSD_FTPT@DF_FTPT_NATIONAL_INC(1.0),Incidence of full-time and part-time employment based on national definitions,I,FRA,France,EMP,Employment,PT_POP_SUB,Percentage of population in the same subgroup,F,Female,_T,Total,EMP,Employment,MAIN,Main job,_T,Total,PT,Part-time,NAT_DEF,National definition,A,Annual,2012,,30.228,,A,Normal value,0,Units,1,One
DATAFLOW,OECD.ELS.SAE:DSD_FTPT@DF_FTPT_NATIONAL_INC(1.0),Incidence of full-time and part-time employment based on national definitions,I,DEU,Germany,EMP,Employment,PT_POP_SUB,Percentage of population in the same subgroup,F,Female,_T,Total,EMP,Employment,MAIN,Main job,_T,Total,PT,Part-time,NAT_DEF,National definition,A,Annual,2012,,45.927,,A,Normal value,0,Units,1,One
DATAFLOW,OECD.ELS.SAE:DSD_FTPT@DF_FTPT_NATIONAL_INC(1.0),Incidence of full-time and part-time employment based on national definitions,I,ISR,Israel,EMP,Employment,PT_POP_SUB,Percentage of population in the same subgroup,F,Female,_T,Total,EMP,Employment,MAIN,Main job,_T,Total,PT,Part-time,NAT_DEF,National definition,A,Annual,2012,,33.603,,A,Normal value,0,Units,1,One
DATAFLOW,OECD.ELS.SAE:DSD_FTPT@DF_FTPT_NATIONAL_INC(1.0),Incidence of full-time and part-time employment based on national definitions,I,ITA,Italy,EMP,Employment,PT_POP_SUB,Percentage of population in the same subgroup,F,Female,_T,Total,EMP,Employment,MAIN,Main job,_T,Total,PT,Part-time,NAT_DEF,National definition,A,Annual,2012,,30.941,,A,Normal value,0,Units,1,One
DATAFLOW,OECD.ELS.SAE:DSD_FTPT@DF_FTPT_NATIONAL_INC(1.0),Incidence of full-time and part-time employment based on national definitions,I,JPN,Japan,EMP,Employment,PT_POP_SUB,Percentage of population in the same subgroup,F,Female,_T,Total,EMP,Employment,MAIN,Main job,_T,Total,PT,Part-time,NAT_DEF,National definition,A,Annual,2012,,34.527,,A,Normal value,0,Units,1,One
DATAFLOW,OECD.ELS.SAE:DSD_FTPT@DF_FTPT_NATIONAL_INC(1.0),Incidence of full-time and part-time employment based on national definitions,I,MEX,Mexico,EMP,Employment,PT_POP_SUB,Percentage of population in the same subgroup,F,Female,_T,Total,EMP,Employment,MAIN,Main job,_T,Total,PT,Part-time,NAT_DEF,National definition,A,Annual,2012,,35.045,,A,Normal value,0,Units,1,One
DATAFLOW,OECD.ELS.SAE:DSD_FTPT@DF_FTPT_NATIONAL_INC(1.0),Incidence of full-time and part-time employment based on national definitions,I,NLD,Netherlands,EMP,Employment,PT_POP_SUB,Percentage of population in the same subgroup,F,Female,_T,Total,EMP,Employment,MAIN,Main job,_T,Total,PT,Part-time,NAT_DEF,National definition,A,Annual,2012,,75.371,,A,Normal value,0,Units,1,One
DATAFLOW,OECD.ELS.SAE:DSD_FTPT@DF_FTPT_NATIONAL_INC(1.0),Incidence of full-time and part-time employment based on national definitions,I,POL,Poland,EMP,Employment,PT_POP_SUB,Percentage of population in the same subgroup,F,Female,_T,Total,EMP,Employment,MAIN,Main job,_T,Total,PT,Part-time,NAT_DEF,National definition,A,Annual,2012,,11.26,,A,Normal value,0,Units,1,One
DATAFLOW,OECD.ELS.SAE:DSD_FTPT@DF_FTPT_NATIONAL_INC(1.0),Incidence of full-time and part-time employment based on national definitions,I,ESP,Spain,EMP,Employment,PT_POP_SUB,Percentage of population in the same subgroup,F,Female,_T,Total,EMP,Employment,MAIN,Main job,_T,Total,PT,Part-time,NAT_DEF,National definition,A,Annual,2012,,23.945,,A,Normal value,0,Units,1,One
DATAFLOW,OECD.ELS.SAE:DSD_FTPT@DF_FTPT_NATIONAL_INC(1.0),Incidence of full-time and part-time employment based on national definitions,I,SWE,Sweden,EMP,Employment,PT_POP_SUB,Percentage of population in the same subgroup,F,Female,_T,Total,EMP,Employment,MAIN,Main job,_T,Total,PT,Part-time,NAT_DEF,National definition,A,Annual,2012,,33.812,,A,Normal value,0,Units,1,One
DATAFLOW,OECD.ELS.SAE:DSD_FTPT@DF_FTPT_NATIONAL_INC(1.0),Incidence of full-time and part-time employment based on national definitions,I,CHE,Switzerland,EMP,Employment,PT_POP_SUB,Percentage of population in the same subgroup,F,Female,_T,Total,EMP,Employment,MAIN,Main job,_T,Total,PT,Part-time,NAT_DEF,National definition,A,Annual,2012,,58.549,,A,Normal value,0,Units,1,One
DATAFLOW,OECD.ELS.SAE:DSD_FTPT@DF_FTPT_NATIONAL_INC(1.0),Incidence of full-time and part-time employment based on national definitions,I,TUR,Türkiye,EMP,Employment,PT_POP_SUB,Percentage of population in the same subgroup,F,Female,_T,Total,EMP,Employment,MAIN,Main job,_T,Total,PT,Part-time,NAT_DEF,National definition,A,Annual,2012,,24.169,,A,Normal value,0,Units,1,One
DATAFLOW,OECD.ELS.SAE:DSD_FTPT@DF_FTPT_NATIONAL_INC(1.0),Incidence of full-time and part-time employment based on national definitions,I,GBR,United Kingdom,EMP,Employment,PT_POP_SUB,Percentage of population in the same subgroup,F,Female,_T,Total,EMP,Employment,MAIN,Main job,_T,Total,PT,Part-time,NAT_DEF,National definition,A,Annual,2012,,43.265,,A,Normal value,0,Units,1,One
DATAFLOW,OECD.ELS.SAE:DSD_FTPT@DF_FTPT_NATIONAL_INC(1.0),Incidence of full-time and part-time employment based on national definitions,I,USA,United States,EMP,Employment,PT_POP_SUB,Percentage of population in the same subgroup,F,Female,_T,Total,EMP,Employment,MAIN,Main job,_T,Total,PT,Part-time,NAT_DEF,National definition,A,Annual,2012,,26.276,,A,Normal value,0,Units,1,One
DATAFLOW,OECD.ELS.SAE:DSD_FTPT@DF_FTPT_NATIONAL_INC(1.0),Incidence of full-time and part-time employment based on national definitions,I,EU27,European Union (27 countries),EMP,Employment,PT_POP_SUB,Percentage of population in the same subgroup,F,Female,_T,Total,EMP,Employment,MAIN,Main job,_T,Total,PT,Part-time,NAT_DEF,National definition,A,Annual,2012,,30.429,,A,Normal value,0,Units,1,One
DATAFLOW,OECD.ELS.SAE:DSD_FTPT@DF_FTPT_NATIONAL_INC(1.0),Incidence of full-time and part-time employment based on national definitions,I,IDN,Indonesia,EMP,Employment,PT_POP_SUB,Percentage of population in the same subgroup,F,Female,_T,Total,EMP,Employment,MAIN,Main job,_T,Total,PT,Part-time,NAT_DEF,National definition,A,Annual,2012,,43.988,,A,Normal value,0,Units,1,One
DATAFLOW,OECD.ELS.SAE:DSD_FTPT@DF_FTPT_NATIONAL_INC(1.0),Incidence of full-time and part-time employment based on national definitions,I,RUS,Russia,EMP,Employment,PT_POP_SUB,Percentage of population in the same subgroup,F,Female,_T,Total,EMP,Employment,MAIN,Main job,_T,Total,PT,Part-time,NAT_DEF,National definition,A,Annual,2012,,9.503,,A,Normal value,0,Units,1,One
DATAFLOW,OECD.ELS.SAE:DSD_FTPT@DF_FTPT_NATIONAL_INC(1.0),Incidence of full-time and part-time employment based on national definitions,I,ZAF,South Africa,EMP,Employment,PT_POP_SUB,Percentage of population in the same subgroup,F,Female,_T,Total,EMP,Employment,MAIN,Main job,_T,Total,PT,Part-time,NAT_DEF,National definition,A,Annual,2012,,15.3,,A,Normal value,0,Units,1,One
DATAFLOW,OECD.ELS.SAE:DSD_FTPT@DF_FTPT_NATIONAL_INC(1.0),Incidence of full-time and part-time employment based on national definitions,I,AUS,Australia,EMP,Employment,PT_POP_SUB,Percentage of population in the same subgroup,F,Female,_T,Total,EMP,Employment,MAIN,Main job,_T,Total,PT,Part-time,NAT_DEF,National definition,A,Annual,2010,,45.747,,A,Normal value,0,Units,1,One
DATAFLOW,OECD.ELS.SAE:DSD_FTPT@DF_FTPT_NATIONAL_INC(1.0),Incidence of full-time and part-time employment based on national definitions,I,BEL,Belgium,EMP,Employment,PT_POP_SUB,Percentage of population in the same subgroup,F,Female,_T,Total,EMP,Employment,MAIN,Main job,_T,Total,PT,Part-time,NAT_DEF,National definition,A,Annual,2010,,42.375,,A,Normal value,0,Units,1,One
DATAFLOW,OECD.ELS.SAE:DSD_FTPT@DF_FTPT_NATIONAL_INC(1.0),Incidence of full-time and part-time employment based on national definitions,I,CAN,Canada,EMP,Employment,PT_POP_SUB,Percentage of population in the same subgroup,F,Female,_T,Total,EMP,Employment,MAIN,Main job,_T,Total,PT,Part-time,NAT_DEF,National definition,A,Annual,2010,,27.526,,A,Normal value,0,Units,1,One
DATAFLOW,OECD.ELS.SAE:DSD_FTPT@DF_FTPT_NATIONAL_INC(1.0),Incidence of full-time and part-time employment based on national definitions,I,COL,Colombia,EMP,Employment,PT_POP_SUB,Percentage of population in the same subgroup,F,Female,_T,Total,EMP,Employment,MAIN,Main job,_T,Total,PT,Part-time,NAT_DEF,National definition,A,Annual,2010,,26.309,,A,Normal value,0,Units,1,One
DATAFLOW,OECD.ELS.SAE:DSD_FTPT@DF_FTPT_NATIONAL_INC(1.0),Incidence of full-time and part-time employment based on national definitions,I,CRI,Costa Rica,EMP,Employment,PT_POP_SUB,Percentage of population in the same subgroup,F,Female,_T,Total,EMP,Employment,MAIN,Main job,_T,Total,PT,Part-time,NAT_DEF,National definition,A,Annual,2010,,35.86,,A,Normal value,0,Units,1,One
DATAFLOW,OECD.ELS.SAE:DSD_FTPT@DF_FTPT_NATIONAL_INC(1.0),Incidence of full-time and part-time employment based on national definitions,I,DNK,Denmark,EMP,Employment,PT_POP_SUB,Percentage of population in the same subgroup,F,Female,_T,Total,EMP,Employment,MAIN,Main job,_T,Total,PT,Part-time,NAT_DEF,National definition,A,Annual,2010,,37.954,,A,Normal value,0,Units,1,One
DATAFLOW,OECD.ELS.SAE:DSD_FTPT@DF_FTPT_NATIONAL_INC(1.0),Incidence of full-time and part-time employment based on national definitions,I,FIN,Finland,EMP,Employment,PT_POP_SUB,Percentage of population in the same subgroup,F,Female,_T,Total,EMP,Employment,MAIN,Main job,_T,Total,PT,Part-time,NAT_DEF,National definition,A,Annual,2010,,19.58,,A,Normal value,0,Units,1,One
DATAFLOW,OECD.ELS.SAE:DSD_FTPT@DF_FTPT_NATIONAL_INC(1.0),Incidence of full-time and part-time employment based on national definitions,I,FRA,France,EMP,Employment,PT_POP_SUB,Percentage of population in the same subgroup,F,Female,_T,Total,EMP,Employment,MAIN,Main job,_T,Total,PT,Part-time,NAT_DEF,National definition,A,Annual,2010,,30.135,,A,Normal value,0,Units,1,One
DATAFLOW,OECD.ELS.SAE:DSD_FTPT@DF_FTPT_NATIONAL_INC(1.0),Incidence of full-time and part-time employment based on national definitions,I,DEU,Germany,EMP,Employment,PT_POP_SUB,Percentage of population in the same subgroup,F,Female,_T,Total,EMP,Employment,MAIN,Main job,_T,Total,PT,Part-time,NAT_DEF,National definition,A,Annual,2010,,45.831,,A,Normal value,0,Units,1,One
DATAFLOW,OECD.ELS.SAE:DSD_FTPT@DF_FTPT_NATIONAL_INC(1.0),Incidence of full-time and part-time employment based on national definitions,I,GRC,Greece,EMP,Employment,PT_POP_SUB,Percentage of population in the same subgroup,F,Female,_T,Total,EMP,Employment,MAIN,Main job,_T,Total,PT,Part-time,NAT_DEF,National definition,A,Annual,2010,,10.474,,A,Normal value,0,Units,1,One
DATAFLOW,OECD.ELS.SAE:DSD_FTPT@DF_FTPT_NATIONAL_INC(1.0),Incidence of full-time and part-time employment based on national definitions,I,IRL,Ireland,EMP,Employment,PT_POP_SUB,Percentage of population in the same subgroup,F,Female,_T,Total,EMP,Employment,MAIN,Main job,_T,Total,PT,Part-time,NAT_DEF,National definition,A,Annual,2010,,34.376,,A,Normal value,0,Units,1,One
DATAFLOW,OECD.ELS.SAE:DSD_FTPT@DF_FTPT_NATIONAL_INC(1.0),Incidence of full-time and part-time employment based on national definitions,I,ISR,Israel,EMP,Employment,PT_POP_SUB,Percentage of population in the same subgroup,F,Female,_T,Total,EMP,Employment,MAIN,Main job,_T,Total,PT,Part-time,NAT_DEF,National definition,A,Annual,2010,,35.052,,A,Normal value,0,Units,1,One
DATAFLOW,OECD.ELS.SAE:DSD_FTPT@DF_FTPT_NATIONAL_INC(1.0),Incidence of full-time and part-time employment based on national definitions,I,ITA,Italy,EMP,Employment,PT_POP_SUB,Percentage of population in the same subgroup,F,Female,_T,Total,EMP,Employment,MAIN,Main job,_T,Total,PT,Part-time,NAT_DEF,National definition,A,Annual,2010,,28.919,,A,Normal value,0,Units,1,One
DATAFLOW,OECD.ELS.SAE:DSD_FTPT@DF_FTPT_NATIONAL_INC(1.0),Incidence of full-time and part-time employment based on national definitions,I,JPN,Japan,EMP,Employment,PT_POP_SUB,Percentage of population in the same subgroup,F,Female,_T,Total,EMP,Employment,MAIN,Main job,_T,Total,PT,Part-time,NAT_DEF,National definition,A,Annual,2010,,33.88,,A,Normal value,0,Units,1,One
DATAFLOW,OECD.ELS.SAE:DSD_FTPT@DF_FTPT_NATIONAL_INC(1.0),Incidence of full-time and part-time employment based on national definitions,I,MEX,Mexico,EMP,Employment,PT_POP_SUB,Percentage of population in the same subgroup,F,Female,_T,Total,EMP,Employment,MAIN,Main job,_T,Total,PT,Part-time,NAT_DEF,National definition,A,Annual,2010,,34.752,,A,Normal value,0,Units,1,One
DATAFLOW,OECD.ELS.SAE:DSD_FTPT@DF_FTPT_NATIONAL_INC(1.0),Incidence of full-time and part-time employment based on national definitions,I,POL,Poland,EMP,Employment,PT_POP_SUB,Percentage of population in the same subgroup,F,Female,_T,Total,EMP,Employment,MAIN,Main job,_T,Total,PT,Part-time,NAT_DEF,National definition,A,Annual,2010,,11.618,,A,Normal value,0,Units,1,One
DATAFLOW,OECD.ELS.SAE:DSD_FTPT@DF_FTPT_NATIONAL_INC(1.0),Incidence of full-time and part-time employment based on national definitions,I,SWE,Sweden,EMP,Employment,PT_POP_SUB,Percentage of population in the same subgroup,F,Female,_T,Total,EMP,Employment,MAIN,Main job,_T,Total,PT,Part-time,NAT_DEF,National definition,A,Annual,2010,,35.591,,A,Normal value,0,Units,1,One
DATAFLOW,OECD.ELS.SAE:DSD_FTPT@DF_FTPT_NATIONAL_INC(1.0),Incidence of full-time and part-time employment based on national definitions,I,CHE,Switzerland,EMP,Employment,PT_POP_SUB,Percentage of population in the same subgroup,F,Female,_T,Total,EMP,Employment,MAIN,Main job,_T,Total,PT,Part-time,NAT_DEF,National definition,A,Annual,2010,,58.473,,A,Normal value,0,Units,1,One
DATAFLOW,OECD.ELS.SAE:DSD_FTPT@DF_FTPT_NATIONAL_INC(1.0),Incidence of full-time and part-time employment based on national definitions,I,TUR,Türkiye,EMP,Employment,PT_POP_SUB,Percentage of population in the same subgroup,F,Female,_T,Total,EMP,Employment,MAIN,Main job,_T,Total,PT,Part-time,NAT_DEF,National definition,A,Annual,2010,,23.409,,A,Normal value,0,Units,1,One
DATAFLOW,OECD.ELS.SAE:DSD_FTPT@DF_FTPT_NATIONAL_INC(1.0),Incidence of full-time and part-time employment based on national definitions,I,GBR,United Kingdom,EMP,Employment,PT_POP_SUB,Percentage of population in the same subgroup,F,Female,_T,Total,EMP,Employment,MAIN,Main job,_T,Total,PT,Part-time,NAT_DEF,National definition,A,Annual,2010,,43.199,,A,Normal value,0,Units,1,One
DATAFLOW,OECD.ELS.SAE:DSD_FTPT@DF_FTPT_NATIONAL_INC(1.0),Incidence of full-time and part-time employment based on national definitions,I,USA,United States,EMP,Employment,PT_POP_SUB,Percentage of population in the same subgroup,F,Female,_T,Total,EMP,Employment,MAIN,Main job,_T,Total,PT,Part-time,NAT_DEF,National definition,A,Annual,2010,,26.621,,A,Normal value,0,Units,1,One
DATAFLOW,OECD.ELS.SAE:DSD_FTPT@DF_FTPT_NATIONAL_INC(1.0),Incidence of full-time and part-time employment based on national definitions,I,EU22OECD,European Union (22 countries) in OECD,EMP,Employment,PT_POP_SUB,Percentage of population in the same subgroup,F,Female,_T,Total,EMP,Employment,MAIN,Main job,_T,Total,PT,Part-time,NAT_DEF,National definition,A,Annual,2010,,31.395,,A,Normal value,0,Units,1,One
DATAFLOW,OECD.ELS.SAE:DSD_FTPT@DF_FTPT_NATIONAL_INC(1.0),Incidence of full-time and part-time employment based on national definitions,I,OECD,OECD,EMP,Employment,PT_POP_SUB,Percentage of population in the same subgroup,F,Female,_T,Total,EMP,Employment,MAIN,Main job,_T,Total,PT,Part-time,NAT_DEF,National definition,A,Annual,2010,,31.323,,A,Normal value,0,Units,1,One
DATAFLOW,OECD.ELS.SAE:DSD_FTPT@DF_FTPT_NATIONAL_INC(1.0),Incidence of full-time and part-time employment based on national definitions,I,IDN,Indonesia,EMP,Employment,PT_POP_SUB,Percentage of population in the same subgroup,F,Female,_T,Total,EMP,Employment,MAIN,Main job,_T,Total,PT,Part-time,NAT_DEF,National definition,A,Annual,2010,,44.027,,A,Normal value,0,Units,1,One
DATAFLOW,OECD.ELS.SAE:DSD_FTPT@DF_FTPT_NATIONAL_INC(1.0),Incidence of full-time and part-time employment based on national definitions,I,ROU,Romania,EMP,Employment,PT_POP_SUB,Percentage of population in the same subgroup,F,Female,_T,Total,EMP,Employment,MAIN,Main job,_T,Total,PT,Part-time,NAT_DEF,National definition,A,Annual,2010,,11.633,,A,Normal value,0,Units,1,One
DATAFLOW,OECD.ELS.SAE:DSD_FTPT@DF_FTPT_NATIONAL_INC(1.0),Incidence of full-time and part-time employment based on national definitions,I,RUS,Russia,EMP,Employment,PT_POP_SUB,Percentage of population in the same subgroup,F,Female,_T,Total,EMP,Employment,MAIN,Main job,_T,Total,PT,Part-time,NAT_DEF,National definition,A,Annual,2010,,10.1,,A,Normal value,0,Units,1,One
DATAFLOW,OECD.ELS.SAE:DSD_FTPT@DF_FTPT_NATIONAL_INC(1.0),Incidence of full-time and part-time employment based on national definitions,I,ZAF,South Africa,EMP,Employment,PT_POP_SUB,Percentage of population in the same subgroup,F,Female,_T,Total,EMP,Employment,MAIN,Main job,_T,Total,PT,Part-time,NAT_DEF,National definition,A,Annual,2010,,14.319,,A,Normal value,0,Units,1,One
DATAFLOW,OECD.ELS.SAE:DSD_FTPT@DF_FTPT_NATIONAL_INC(1.0),Incidence of full-time and part-time employment based on national definitions,I,AUS,Australia,EMP,Employment,PT_POP_SUB,Percentage of population in the same subgroup,M,Male,_T,Total,EMP,Employment,MAIN,Main job,_T,Total,PT,Part-time,NAT_DEF,National definition,A,Annual,2010,,16.503,,A,Normal value,0,Units,1,One
DATAFLOW,OECD.ELS.SAE:DSD_FTPT@DF_FTPT_NATIONAL_INC(1.0),Incidence of full-time and part-time employment based on national definitions,I,AUS,Australia,EMP,Employment,PT_POP_SUB,Percentage of population in the same subgroup,M,Male,_T,Total,EMP,Employment,MAIN,Main job,_T,Total,PT,Part-time,NAT_DEF,National definition,A,Annual,2012,,16.182,,A,Normal value,0,Units,1,One
DATAFLOW,OECD.ELS.SAE:DSD_FTPT@DF_FTPT_NATIONAL_INC(1.0),Incidence of full-time and part-time employment based on national definitions,I,AUS,Australia,EMP,Employment,PT_POP_SUB,Percentage of population in the same subgroup,M,Male,_T,Total,EMP,Employment,MAIN,Main job,_T,Total,PT,Part-time,NAT_DEF,National definition,A,Annual,2014,,17.293,,A,Normal value,0,Units,1,One
DATAFLOW,OECD.ELS.SAE:DSD_FTPT@DF_FTPT_NATIONAL_INC(1.0),Incidence of full-time and part-time employment based on national definitions,I,AUS,Australia,EMP,Employment,PT_POP_SUB,Percentage of population in the same subgroup,M,Male,_T,Total,EMP,Employment,MAIN,Main job,_T,Total,PT,Part-time,NAT_DEF,National definition,A,Annual,2015,,17.674,,A,Normal value,0,Units,1,One
DATAFLOW,OECD.ELS.SAE:DSD_FTPT@DF_FTPT_NATIONAL_INC(1.0),Incidence of full-time and part-time employment based on national definitions,I,AUT,Austria,EMP,Employment,PT_POP_SUB,Percentage of population in the same subgroup,M,Male,_T,Total,EMP,Employment,MAIN,Main job,_T,Total,PT,Part-time,NAT_DEF,National definition,A,Annual,2022,,12.604,,A,Normal value,0,Units,1,One
DATAFLOW,OECD.ELS.SAE:DSD_FTPT@DF_FTPT_NATIONAL_INC(1.0),Incidence of full-time and part-time employment based on national definitions,I,BEL,Belgium,EMP,Employment,PT_POP_SUB,Percentage of population in the same subgroup,M,Male,_T,Total,EMP,Employment,MAIN,Main job,_T,Total,PT,Part-time,NAT_DEF,National definition,A,Annual,2013,,9.406,,A,Normal value,0,Units,1,One
DATAFLOW,OECD.ELS.SAE:DSD_FTPT@DF_FTPT_NATIONAL_INC(1.0),Incidence of full-time and part-time employment based on national definitions,I,BEL,Belgium,EMP,Employment,PT_POP_SUB,Percentage of population in the same subgroup,M,Male,_T,Total,EMP,Employment,MAIN,Main job,_T,Total,PT,Part-time,NAT_DEF,National definition,A,Annual,2014,,9.144,,A,Normal value,0,Units,1,One
DATAFLOW,OECD.ELS.SAE:DSD_FTPT@DF_FTPT_NATIONAL_INC(1.0),Incidence of full-time and part-time employment based on national definitions,I,BEL,Belgium,EMP,Employment,PT_POP_SUB,Percentage of population in the same subgroup,M,Male,_T,Total,EMP,Employment,MAIN,Main job,_T,Total,PT,Part-time,NAT_DEF,National definition,A,Annual,2016,,10.192,,A,Normal value,0,Units,1,One
DATAFLOW,OECD.ELS.SAE:DSD_FTPT@DF_FTPT_NATIONAL_INC(1.0),Incidence of full-time and part-time employment based on national definitions,I,BEL,Belgium,EMP,Employment,PT_POP_SUB,Percentage of population in the same subgroup,M,Male,_T,Total,EMP,Employment,MAIN,Main job,_T,Total,PT,Part-time,NAT_DEF,National definition,A,Annual,2019,,10.584,,A,Normal value,0,Units,1,One
DATAFLOW,OECD.ELS.SAE:DSD_FTPT@DF_FTPT_NATIONAL_INC(1.0),Incidence of full-time and part-time employment based on national definitions,I,BEL,Belgium,EMP,Employment,PT_POP_SUB,Percentage of population in the same subgroup,M,Male,_T,Total,EMP,Employment,MAIN,Main job,_T,Total,PT,Part-time,NAT_DEF,National definition,A,Annual,2022,,11.575,,A,Normal value,0,Units,1,One
DATAFLOW,OECD.ELS.SAE:DSD_FTPT@DF_FTPT_NATIONAL_INC(1.0),Incidence of full-time and part-time employment based on national definitions,I,CAN,Canada,EMP,Employment,PT_POP_SUB,Percentage of population in the same subgroup,M,Male,_T,Total,EMP,Employment,MAIN,Main job,_T,Total,PT,Part-time,NAT_DEF,National definition,A,Annual,2010,,12.388,,A,Normal value,0,Units,1,One
DATAFLOW,OECD.ELS.SAE:DSD_FTPT@DF_FTPT_NATIONAL_INC(1.0),Incidence of full-time and part-time employment based on national definitions,I,CAN,Canada,EMP,Employment,PT_POP_SUB,Percentage of population in the same subgroup,M,Male,_T,Total,EMP,Employment,MAIN,Main job,_T,Total,PT,Part-time,NAT_DEF,National definition,A,Annual,2013,,12.368,,A,Normal value,0,Units,1,One
DATAFLOW,OECD.ELS.SAE:DSD_FTPT@DF_FTPT_NATIONAL_INC(1.0),Incidence of full-time and part-time employment based on national definitions,I,CHL,Chile,EMP,Employment,PT_POP_SUB,Percentage of population in the same subgroup,M,Male,_T,Total,EMP,Employment,MAIN,Main job,_T,Total,PT,Part-time,NAT_DEF,National definition,A,Annual,2022,,13.934,,A,Normal value,0,Units,1,One
DATAFLOW,OECD.ELS.SAE:DSD_FTPT@DF_FTPT_NATIONAL_INC(1.0),Incidence of full-time and part-time employment based on national definitions,I,COL,Colombia,EMP,Employment,PT_POP_SUB,Percentage of population in the same subgroup,M,Male,_T,Total,EMP,Employment,MAIN,Main job,_T,Total,PT,Part-time,NAT_DEF,National definition,A,Annual,2010,,9.512,,A,Normal value,0,Units,1,One
DATAFLOW,OECD.ELS.SAE:DSD_FTPT@DF_FTPT_NATIONAL_INC(1.0),Incidence of full-time and part-time employment based on national definitions,I,COL,Colombia,EMP,Employment,PT_POP_SUB,Percentage of population in the same subgroup,M,Male,_T,Total,EMP,Employment,MAIN,Main job,_T,Total,PT,Part-time,NAT_DEF,National definition,A,Annual,2011,,9.781,,A,Normal value,0,Units,1,One
DATAFLOW,OECD.ELS.SAE:DSD_FTPT@DF_FTPT_NATIONAL_INC(1.0),Incidence of full-time and part-time employment based on national definitions,I,COL,Colombia,EMP,Employment,PT_POP_SUB,Percentage of population in the same subgroup,M,Male,_T,Total,EMP,Employment,MAIN,Main job,_T,Total,PT,Part-time,NAT_DEF,National definition,A,Annual,2012,,10.544,,A,Normal value,0,Units,1,One
DATAFLOW,OECD.ELS.SAE:DSD_FTPT@DF_FTPT_NATIONAL_INC(1.0),Incidence of full-time and part-time employment based on national definitions,I,COL,Colombia,EMP,Employment,PT_POP_SUB,Percentage of population in the same subgroup,M,Male,_T,Total,EMP,Employment,MAIN,Main job,_T,Total,PT,Part-time,NAT_DEF,National definition,A,Annual,2013,,10.284,,A,Normal value,0,Units,1,One
DATAFLOW,OECD.ELS.SAE:DSD_FTPT@DF_FTPT_NATIONAL_INC(1.0),Incidence of full-time and part-time employment based on national definitions,I,COL,Colombia,EMP,Employment,PT_POP_SUB,Percentage of population in the same subgroup,M,Male,_T,Total,EMP,Employment,MAIN,Main job,_T,Total,PT,Part-time,NAT_DEF,National definition,A,Annual,2014,,9.229,,A,Normal value,0,Units,1,One
DATAFLOW,OECD.ELS.SAE:DSD_FTPT@DF_FTPT_NATIONAL_INC(1.0),Incidence of full-time and part-time employment based on national definitions,I,COL,Colombia,EMP,Employment,PT_POP_SUB,Percentage of population in the same subgroup,M,Male,_T,Total,EMP,Employment,MAIN,Main job,_T,Total,PT,Part-time,NAT_DEF,National definition,A,Annual,2015,,9.04,,A,Normal value,0,Units,1,One
DATAFLOW,OECD.ELS.SAE:DSD_FTPT@DF_FTPT_NATIONAL_INC(1.0),Incidence of full-time and part-time employment based on national definitions,I,COL,Colombia,EMP,Employment,PT_POP_SUB,Percentage of population in the same subgroup,M,Male,_T,Total,EMP,Employment,MAIN,Main job,_T,Total,PT,Part-time,NAT_DEF,National definition,A,Annual,2016,,8.378,,A,Normal value,0,Units,1,One
DATAFLOW,OECD.ELS.SAE:DSD_FTPT@DF_FTPT_NATIONAL_INC(1.0),Incidence of full-time and part-time employment based on national definitions,I,COL,Colombia,EMP,Employment,PT_POP_SUB,Percentage of population in the same subgroup,M,Male,_T,Total,EMP,Employment,MAIN,Main job,_T,Total,PT,Part-time,NAT_DEF,National definition,A,Annual,2017,,8.52,,A,Normal value,0,Units,1,One
DATAFLOW,OECD.ELS.SAE:DSD_FTPT@DF_FTPT_NATIONAL_INC(1.0),Incidence of full-time and part-time employment based on national definitions,I,COL,Colombia,EMP,Employment,PT_POP_SUB,Percentage of population in the same subgroup,M,Male,_T,Total,EMP,Employment,MAIN,Main job,_T,Total,PT,Part-time,NAT_DEF,National definition,A,Annual,2018,,8.219,,A,Normal value,0,Units,1,One
DATAFLOW,OECD.ELS.SAE:DSD_FTPT@DF_FTPT_NATIONAL_INC(1.0),Incidence of full-time and part-time employment based on national definitions,I,COL,Colombia,EMP,Employment,PT_POP_SUB,Percentage of population in the same subgroup,M,Male,_T,Total,EMP,Employment,MAIN,Main job,_T,Total,PT,Part-time,NAT_DEF,National definition,A,Annual,2019,,8.965,,A,Normal value,0,Units,1,One
DATAFLOW,OECD.ELS.SAE:DSD_FTPT@DF_FTPT_NATIONAL_INC(1.0),Incidence of full-time and part-time employment based on national definitions,I,COL,Colombia,EMP,Employment,PT_POP_SUB,Percentage of population in the same subgroup,M,Male,_T,Total,EMP,Employment,MAIN,Main job,_T,Total,PT,Part-time,NAT_DEF,National definition,A,Annual,2020,,8.345,,A,Normal value,0,Units,1,One
DATAFLOW,OECD.ELS.SAE:DSD_FTPT@DF_FTPT_NATIONAL_INC(1.0),Incidence of full-time and part-time employment based on national definitions,I,CRI,Costa Rica,EMP,Employment,PT_POP_SUB,Percentage of population in the same subgroup,M,Male,_T,Total,EMP,Employment,MAIN,Main job,_T,Total,PT,Part-time,NAT_DEF,National definition,A,Annual,2010,,15.825,,A,Normal value,0,Units,1,One
DATAFLOW,OECD.ELS.SAE:DSD_FTPT@DF_FTPT_NATIONAL_INC(1.0),Incidence of full-time and part-time employment based on national definitions,I,CRI,Costa Rica,EMP,Employment,PT_POP_SUB,Percentage of population in the same subgroup,M,Male,_T,Total,EMP,Employment,MAIN,Main job,_T,Total,PT,Part-time,NAT_DEF,National definition,A,Annual,2011,,13.648,,A,Normal value,0,Units,1,One
DATAFLOW,OECD.ELS.SAE:DSD_FTPT@DF_FTPT_NATIONAL_INC(1.0),Incidence of full-time and part-time employment based on national definitions,I,CRI,Costa Rica,EMP,Employment,PT_POP_SUB,Percentage of population in the same subgroup,M,Male,_T,Total,EMP,Employment,MAIN,Main job,_T,Total,PT,Part-time,NAT_DEF,National definition,A,Annual,2012,,15.824,,A,Normal value,0,Units,1,One
DATAFLOW,OECD.ELS.SAE:DSD_FTPT@DF_FTPT_NATIONAL_INC(1.0),Incidence of full-time and part-time employment based on national definitions,I,CRI,Costa Rica,EMP,Employment,PT_POP_SUB,Percentage of population in the same subgroup,M,Male,_T,Total,EMP,Employment,MAIN,Main job,_T,Total,PT,Part-time,NAT_DEF,National definition,A,Annual,2013,,18.825,,A,Normal value,0,Units,1,One
DATAFLOW,OECD.ELS.SAE:DSD_FTPT@DF_FTPT_NATIONAL_INC(1.0),Incidence of full-time and part-time employment based on national definitions,I,CRI,Costa Rica,EMP,Employment,PT_POP_SUB,Percentage of population in the same subgroup,M,Male,_T,Total,EMP,Employment,MAIN,Main job,_T,Total,PT,Part-time,NAT_DEF,National definition,A,Annual,2014,,18.936,,A,Normal value,0,Units,1,One
DATAFLOW,OECD.ELS.SAE:DSD_FTPT@DF_FTPT_NATIONAL_INC(1.0),Incidence of full-time and part-time employment based on national definitions,I,CRI,Costa Rica,EMP,Employment,PT_POP_SUB,Percentage of population in the same subgroup,M,Male,_T,Total,EMP,Employment,MAIN,Main job,_T,Total,PT,Part-time,NAT_DEF,National definition,A,Annual,2015,,18.745,,A,Normal value,0,Units,1,One
DATAFLOW,OECD.ELS.SAE:DSD_FTPT@DF_FTPT_NATIONAL_INC(1.0),Incidence of full-time and part-time employment based on national definitions,I,CRI,Costa Rica,EMP,Employment,PT_POP_SUB,Percentage of population in the same subgroup,M,Male,_T,Total,EMP,Employment,MAIN,Main job,_T,Total,PT,Part-time,NAT_DEF,National definition,A,Annual,2016,,16.93,,A,Normal value,0,Units,1,One
DATAFLOW,OECD.ELS.SAE:DSD_FTPT@DF_FTPT_NATIONAL_INC(1.0),Incidence of full-time and part-time employment based on national definitions,I,CRI,Costa Rica,EMP,Employment,PT_POP_SUB,Percentage of population in the same subgroup,M,Male,_T,Total,EMP,Employment,MAIN,Main job,_T,Total,PT,Part-time,NAT_DEF,National definition,A,Annual,2017,,18.441,,A,Normal value,0,Units,1,One
DATAFLOW,OECD.ELS.SAE:DSD_FTPT@DF_FTPT_NATIONAL_INC(1.0),Incidence of full-time and part-time employment based on national definitions,I,CRI,Costa Rica,EMP,Employment,PT_POP_SUB,Percentage of population in the same subgroup,M,Male,_T,Total,EMP,Employment,MAIN,Main job,_T,Total,PT,Part-time,NAT_DEF,National definition,A,Annual,2018,,19.066,,A,Normal value,0,Units,1,One
DATAFLOW,OECD.ELS.SAE:DSD_FTPT@DF_FTPT_NATIONAL_INC(1.0),Incidence of full-time and part-time employment based on national definitions,I,CRI,Costa Rica,EMP,Employment,PT_POP_SUB,Percentage of population in the same subgroup,M,Male,_T,Total,EMP,Employment,MAIN,Main job,_T,Total,PT,Part-time,NAT_DEF,National definition,A,Annual,2022,,19.165,,A,Normal value,0,Units,1,One
DATAFLOW,OECD.ELS.SAE:DSD_FTPT@DF_FTPT_NATIONAL_INC(1.0),Incidence of full-time and part-time employment based on national definitions,I,CZE,Czechia,EMP,Employment,PT_POP_SUB,Percentage of population in the same subgroup,M,Male,_T,Total,EMP,Employment,MAIN,Main job,_T,Total,PT,Part-time,NAT_DEF,National definition,A,Annual,2021,,3.607,,A,Normal value,0,Units,1,One
DATAFLOW,OECD.ELS.SAE:DSD_FTPT@DF_FTPT_NATIONAL_INC(1.0),Incidence of full-time and part-time employment based on national definitions,I,CZE,Czechia,EMP,Employment,PT_POP_SUB,Percentage of population in the same subgroup,M,Male,_T,Total,EMP,Employment,MAIN,Main job,_T,Total,PT,Part-time,NAT_DEF,National definition,A,Annual,2022,,3.757,,A,Normal value,0,Units,1,One
DATAFLOW,OECD.ELS.SAE:DSD_FTPT@DF_FTPT_NATIONAL_INC(1.0),Incidence of full-time and part-time employment based on national definitions,I,DNK,Denmark,EMP,Employment,PT_POP_SUB,Percentage of population in the same subgroup,M,Male,_T,Total,EMP,Employment,MAIN,Main job,_T,Total,PT,Part-time,NAT_DEF,National definition,A,Annual,2010,,13.175,,A,Normal value,0,Units,1,One
DATAFLOW,OECD.ELS.SAE:DSD_FTPT@DF_FTPT_NATIONAL_INC(1.0),Incidence of full-time and part-time employment based on national definitions,I,DNK,Denmark,EMP,Employment,PT_POP_SUB,Percentage of population in the same subgroup,M,Male,_T,Total,EMP,Employment,MAIN,Main job,_T,Total,PT,Part-time,NAT_DEF,National definition,A,Annual,2017,,15.574,,A,Normal value,0,Units,1,One
DATAFLOW,OECD.ELS.SAE:DSD_FTPT@DF_FTPT_NATIONAL_INC(1.0),Incidence of full-time and part-time employment based on national definitions,I,FIN,Finland,EMP,Employment,PT_POP_SUB,Percentage of population in the same subgroup,M,Male,_T,Total,EMP,Employment,MAIN,Main job,_T,Total,PT,Part-time,NAT_DEF,National definition,A,Annual,2010,,9.961,,A,Normal value,0,Units,1,One
DATAFLOW,OECD.ELS.SAE:DSD_FTPT@DF_FTPT_NATIONAL_INC(1.0),Incidence of full-time and part-time employment based on national definitions,I,FIN,Finland,EMP,Employment,PT_POP_SUB,Percentage of population in the same subgroup,M,Male,_T,Total,EMP,Employment,MAIN,Main job,_T,Total,PT,Part-time,NAT_DEF,National definition,A,Annual,2011,,10.558,,A,Normal value,0,Units,1,One
DATAFLOW,OECD.ELS.SAE:DSD_FTPT@DF_FTPT_NATIONAL_INC(1.0),Incidence of full-time and part-time employment based on national definitions,I,FIN,Finland,EMP,Employment,PT_POP_SUB,Percentage of population in the same subgroup,M,Male,_T,Total,EMP,Employment,MAIN,Main job,_T,Total,PT,Part-time,NAT_DEF,National definition,A,Annual,2012,,10.332,,A,Normal value,0,Units,1,One
DATAFLOW,OECD.ELS.SAE:DSD_FTPT@DF_FTPT_NATIONAL_INC(1.0),Incidence of full-time and part-time employment based on national definitions,I,FRA,France,EMP,Employment,PT_POP_SUB,Percentage of population in the same subgroup,M,Male,_T,Total,EMP,Employment,MAIN,Main job,_T,Total,PT,Part-time,NAT_DEF,National definition,A,Annual,2010,,6.675,,A,Normal value,0,Units,1,One
DATAFLOW,OECD.ELS.SAE:DSD_FTPT@DF_FTPT_NATIONAL_INC(1.0),Incidence of full-time and part-time employment based on national definitions,I,FRA,France,EMP,Employment,PT_POP_SUB,Percentage of population in the same subgroup,M,Male,_T,Total,EMP,Employment,MAIN,Main job,_T,Total,PT,Part-time,NAT_DEF,National definition,A,Annual,2012,,6.868,,A,Normal value,0,Units,1,One
DATAFLOW,OECD.ELS.SAE:DSD_FTPT@DF_FTPT_NATIONAL_INC(1.0),Incidence of full-time and part-time employment based on national definitions,I,FRA,France,EMP,Employment,PT_POP_SUB,Percentage of population in the same subgroup,M,Male,_T,Total,EMP,Employment,MAIN,Main job,_T,Total,PT,Part-time,NAT_DEF,National definition,A,Annual,2013,,7.217,,A,Normal value,0,Units,1,One
DATAFLOW,OECD.ELS.SAE:DSD_FTPT@DF_FTPT_NATIONAL_INC(1.0),Incidence of full-time and part-time employment based on national definitions,I,FRA,France,EMP,Employment,PT_POP_SUB,Percentage of population in the same subgroup,M,Male,_T,Total,EMP,Employment,MAIN,Main job,_T,Total,PT,Part-time,NAT_DEF,National definition,A,Annual,2014,,7.817,,A,Normal value,0,Units,1,One
DATAFLOW,OECD.ELS.SAE:DSD_FTPT@DF_FTPT_NATIONAL_INC(1.0),Incidence of full-time and part-time employment based on national definitions,I,FRA,France,EMP,Employment,PT_POP_SUB,Percentage of population in the same subgroup,M,Male,_T,Total,EMP,Employment,MAIN,Main job,_T,Total,PT,Part-time,NAT_DEF,National definition,A,Annual,2017,,8.225,,A,Normal value,0,Units,1,One
DATAFLOW,OECD.ELS.SAE:DSD_FTPT@DF_FTPT_NATIONAL_INC(1.0),Incidence of full-time and part-time employment based on national definitions,I,FRA,France,EMP,Employment,PT_POP_SUB,Percentage of population in the same subgroup,M,Male,_T,Total,EMP,Employment,MAIN,Main job,_T,Total,PT,Part-time,NAT_DEF,National definition,A,Annual,2019,,8.174,,A,Normal value,0,Units,1,One
DATAFLOW,OECD.ELS.SAE:DSD_FTPT@DF_FTPT_NATIONAL_INC(1.0),Incidence of full-time and part-time employment based on national definitions,I,FRA,France,EMP,Employment,PT_POP_SUB,Percentage of population in the same subgroup,M,Male,_T,Total,EMP,Employment,MAIN,Main job,_T,Total,PT,Part-time,NAT_DEF,National definition,A,Annual,2020,,8.366,,A,Normal value,0,Units,1,One
DATAFLOW,OECD.ELS.SAE:DSD_FTPT@DF_FTPT_NATIONAL_INC(1.0),Incidence of full-time and part-time employment based on national definitions,I,FRA,France,EMP,Employment,PT_POP_SUB,Percentage of population in the same subgroup,M,Male,_T,Total,EMP,Employment,MAIN,Main job,_T,Total,PT,Part-time,NAT_DEF,National definition,A,Annual,2021,,8.314,,A,Normal value,0,Units,1,One
DATAFLOW,OECD.ELS.SAE:DSD_FTPT@DF_FTPT_NATIONAL_INC(1.0),Incidence of full-time and part-time employment based on national definitions,I,DEU,Germany,EMP,Employment,PT_POP_SUB,Percentage of population in the same subgroup,M,Male,_T,Total,EMP,Employment,MAIN,Main job,_T,Total,PT,Part-time,NAT_DEF,National definition,A,Annual,2010,,9.561,,A,Normal value,0,Units,1,One
DATAFLOW,OECD.ELS.SAE:DSD_FTPT@DF_FTPT_NATIONAL_INC(1.0),Incidence of full-time and part-time employment based on national definitions,I,DEU,Germany,EMP,Employment,PT_POP_SUB,Percentage of population in the same subgroup,M,Male,_T,Total,EMP,Employment,MAIN,Main job,_T,Total,PT,Part-time,NAT_DEF,National definition,A,Annual,2011,,10.162,,A,Normal value,0,Units,1,One
DATAFLOW,OECD.ELS.SAE:DSD_FTPT@DF_FTPT_NATIONAL_INC(1.0),Incidence of full-time and part-time employment based on national definitions,I,DEU,Germany,EMP,Employment,PT_POP_SUB,Percentage of population in the same subgroup,M,Male,_T,Total,EMP,Employment,MAIN,Main job,_T,Total,PT,Part-time,NAT_DEF,National definition,A,Annual,2012,,10.349,,A,Normal value,0,Units,1,One
DATAFLOW,OECD.ELS.SAE:DSD_FTPT@DF_FTPT_NATIONAL_INC(1.0),Incidence of full-time and part-time employment based on national definitions,I,DEU,Germany,EMP,Employment,PT_POP_SUB,Percentage of population in the same subgroup,M,Male,_T,Total,EMP,Employment,MAIN,Main job,_T,Total,PT,Part-time,NAT_DEF,National definition,A,Annual,2013,,10.617,,A,Normal value,0,Units,1,One
DATAFLOW,OECD.ELS.SAE:DSD_FTPT@DF_FTPT_NATIONAL_INC(1.0),Incidence of full-time and part-time employment based on national definitions,I,DEU,Germany,EMP,Employment,PT_POP_SUB,Percentage of population in the same subgroup,M,Male,_T,Total,EMP,Employment,MAIN,Main job,_T,Total,PT,Part-time,NAT_DEF,National definition,A,Annual,2014,,10.76,,A,Normal value,0,Units,1,One
DATAFLOW,OECD.ELS.SAE:DSD_FTPT@DF_FTPT_NATIONAL_INC(1.0),Incidence of full-time and part-time employment based on national definitions,I,DEU,Germany,EMP,Employment,PT_POP_SUB,Percentage of population in the same subgroup,M,Male,_T,Total,EMP,Employment,MAIN,Main job,_T,Total,PT,Part-time,NAT_DEF,National definition,A,Annual,2015,,10.99,,A,Normal value,0,Units,1,One
DATAFLOW,OECD.ELS.SAE:DSD_FTPT@DF_FTPT_NATIONAL_INC(1.0),Incidence of full-time and part-time employment based on national definitions,I,DEU,Germany,EMP,Employment,PT_POP_SUB,Percentage of population in the same subgroup,M,Male,_T,Total,EMP,Employment,MAIN,Main job,_T,Total,PT,Part-time,NAT_DEF,National definition,A,Annual,2016,,11.145,,A,Normal value,0,Units,1,One
DATAFLOW,OECD.ELS.SAE:DSD_FTPT@DF_FTPT_NATIONAL_INC(1.0),Incidence of full-time and part-time employment based on national definitions,I,DEU,Germany,EMP,Employment,PT_POP_SUB,Percentage of population in the same subgroup,M,Male,_T,Total,EMP,Employment,MAIN,Main job,_T,Total,PT,Part-time,NAT_DEF,National definition,A,Annual,2017,,11.551,,A,Normal value,0,Units,1,One
DATAFLOW,OECD.ELS.SAE:DSD_FTPT@DF_FTPT_NATIONAL_INC(1.0),Incidence of full-time and part-time employment based on national definitions,I,DEU,Germany,EMP,Employment,PT_POP_SUB,Percentage of population in the same subgroup,M,Male,_T,Total,EMP,Employment,MAIN,Main job,_T,Total,PT,Part-time,NAT_DEF,National definition,A,Annual,2018,,11.569,,A,Normal value,0,Units,1,One
DATAFLOW,OECD.ELS.SAE:DSD_FTPT@DF_FTPT_NATIONAL_INC(1.0),Incidence of full-time and part-time employment based on national definitions,I,DEU,Germany,EMP,Employment,PT_POP_SUB,Percentage of population in the same subgroup,M,Male,_T,Total,EMP,Employment,MAIN,Main job,_T,Total,PT,Part-time,NAT_DEF,National definition,A,Annual,2019,,11.885,,A,Normal value,0,Units,1,One
DATAFLOW,OECD.ELS.SAE:DSD_FTPT@DF_FTPT_NATIONAL_INC(1.0),Incidence of full-time and part-time employment based on national definitions,I,GRC,Greece,EMP,Employment,PT_POP_SUB,Percentage of population in the same subgroup,M,Male,_T,Total,EMP,Employment,MAIN,Main job,_T,Total,PT,Part-time,NAT_DEF,National definition,A,Annual,2011,,4.526,,A,Normal value,0,Units,1,One
DATAFLOW,OECD.ELS.SAE:DSD_FTPT@DF_FTPT_NATIONAL_INC(1.0),Incidence of full-time and part-time employment based on national definitions,I,GRC,Greece,EMP,Employment,PT_POP_SUB,Percentage of population in the same subgroup,M,Male,_T,Total,EMP,Employment,MAIN,Main job,_T,Total,PT,Part-time,NAT_DEF,National definition,A,Annual,2012,,4.98,,A,Normal value,0,Units,1,One
DATAFLOW,OECD.ELS.SAE:DSD_FTPT@DF_FTPT_NATIONAL_INC(1.0),Incidence of full-time and part-time employment based on national definitions,I,GRC,Greece,EMP,Employment,PT_POP_SUB,Percentage of population in the same subgroup,M,Male,_T,Total,EMP,Employment,MAIN,Main job,_T,Total,PT,Part-time,NAT_DEF,National definition,A,Annual,2013,,5.596,,A,Normal value,0,Units,1,One
DATAFLOW,OECD.ELS.SAE:DSD_FTPT@DF_FTPT_NATIONAL_INC(1.0),Incidence of full-time and part-time employment based on national definitions,I,IRL,Ireland,EMP,Employment,PT_POP_SUB,Percentage of population in the same subgroup,M,Male,_T,Total,EMP,Employment,MAIN,Main job,_T,Total,PT,Part-time,NAT_DEF,National definition,A,Annual,2011,,12.447,,A,Normal value,0,Units,1,One
DATAFLOW,OECD.ELS.SAE:DSD_FTPT@DF_FTPT_NATIONAL_INC(1.0),Incidence of full-time and part-time employment based on national definitions,I,IRL,Ireland,EMP,Employment,PT_POP_SUB,Percentage of population in the same subgroup,M,Male,_T,Total,EMP,Employment,MAIN,Main job,_T,Total,PT,Part-time,NAT_DEF,National definition,A,Annual,2014,,12.823,,A,Normal value,0,Units,1,One
DATAFLOW,OECD.ELS.SAE:DSD_FTPT@DF_FTPT_NATIONAL_INC(1.0),Incidence of full-time and part-time employment based on national definitions,I,ISR,Israel,EMP,Employment,PT_POP_SUB,Percentage of population in the same subgroup,M,Male,_T,Total,EMP,Employment,MAIN,Main job,_T,Total,PT,Part-time,NAT_DEF,National definition,A,Annual,2010,,12.724,,A,Normal value,0,Units,1,One
DATAFLOW,OECD.ELS.SAE:DSD_FTPT@DF_FTPT_NATIONAL_INC(1.0),Incidence of full-time and part-time employment based on national definitions,I,ISR,Israel,EMP,Employment,PT_POP_SUB,Percentage of population in the same subgroup,M,Male,_T,Total,EMP,Employment,MAIN,Main job,_T,Total,PT,Part-time,NAT_DEF,National definition,A,Annual,2011,,12.8,,A,Normal value,0,Units,1,One
DATAFLOW,OECD.ELS.SAE:DSD_FTPT@DF_FTPT_NATIONAL_INC(1.0),Incidence of full-time and part-time employment based on national definitions,I,ISR,Israel,EMP,Employment,PT_POP_SUB,Percentage of population in the same subgroup,M,Male,_T,Total,EMP,Employment,MAIN,Main job,_T,Total,PT,Part-time,NAT_DEF,National definition,A,Annual,2012,,13.799,,A,Normal value,0,Units,1,One
DATAFLOW,OECD.ELS.SAE:DSD_FTPT@DF_FTPT_NATIONAL_INC(1.0),Incidence of full-time and part-time employment based on national definitions,I,ISR,Israel,EMP,Employment,PT_POP_SUB,Percentage of population in the same subgroup,M,Male,_T,Total,EMP,Employment,MAIN,Main job,_T,Total,PT,Part-time,NAT_DEF,National definition,A,Annual,2022,,13.764,,A,Normal value,0,Units,1,One
DATAFLOW,OECD.ELS.SAE:DSD_FTPT@DF_FTPT_NATIONAL_INC(1.0),Incidence of full-time and part-time employment based on national definitions,I,ITA,Italy,EMP,Employment,PT_POP_SUB,Percentage of population in the same subgroup,M,Male,_T,Total,EMP,Employment,MAIN,Main job,_T,Total,PT,Part-time,NAT_DEF,National definition,A,Annual,2012,,7.131,,A,Normal value,0,Units,1,One
DATAFLOW,OECD.ELS.SAE:DSD_FTPT@DF_FTPT_NATIONAL_INC(1.0),Incidence of full-time and part-time employment based on national definitions,I,ITA,Italy,EMP,Employment,PT_POP_SUB,Percentage of population in the same subgroup,M,Male,_T,Total,EMP,Employment,MAIN,Main job,_T,Total,PT,Part-time,NAT_DEF,National definition,A,Annual,2015,,8.543,,A,Normal value,0,Units,1,One
DATAFLOW,OECD.ELS.SAE:DSD_FTPT@DF_FTPT_NATIONAL_INC(1.0),Incidence of full-time and part-time employment based on national definitions,I,ITA,Italy,EMP,Employment,PT_POP_SUB,Percentage of population in the same subgroup,M,Male,_T,Total,EMP,Employment,MAIN,Main job,_T,Total,PT,Part-time,NAT_DEF,National definition,A,Annual,2016,,8.721,,A,Normal value,0,Units,1,One
DATAFLOW,OECD.ELS.SAE:DSD_FTPT@DF_FTPT_NATIONAL_INC(1.0),Incidence of full-time and part-time employment based on national definitions,I,ITA,Italy,EMP,Employment,PT_POP_SUB,Percentage of population in the same subgroup,M,Male,_T,Total,EMP,Employment,MAIN,Main job,_T,Total,PT,Part-time,NAT_DEF,National definition,A,Annual,2017,,8.717,,A,Normal value,0,Units,1,One
DATAFLOW,OECD.ELS.SAE:DSD_FTPT@DF_FTPT_NATIONAL_INC(1.0),Incidence of full-time and part-time employment based on national definitions,I,ITA,Italy,EMP,Employment,PT_POP_SUB,Percentage of population in the same subgroup,M,Male,_T,Total,EMP,Employment,MAIN,Main job,_T,Total,PT,Part-time,NAT_DEF,National definition,A,Annual,2018,,8.501,,A,Normal value,0,Units,1,One
DATAFLOW,OECD.ELS.SAE:DSD_FTPT@DF_FTPT_NATIONAL_INC(1.0),Incidence of full-time and part-time employment based on national definitions,I,ITA,Italy,EMP,Employment,PT_POP_SUB,Percentage of population in the same subgroup,M,Male,_T,Total,EMP,Employment,MAIN,Main job,_T,Total,PT,Part-time,NAT_DEF,National definition,A,Annual,2019,,8.715,,A,Normal value,0,Units,1,One
DATAFLOW,OECD.ELS.SAE:DSD_FTPT@DF_FTPT_NATIONAL_INC(1.0),Incidence of full-time and part-time employment based on national definitions,I,ITA,Italy,EMP,Employment,PT_POP_SUB,Percentage of population in the same subgroup,M,Male,_T,Total,EMP,Employment,MAIN,Main job,_T,Total,PT,Part-time,NAT_DEF,National definition,A,Annual,2020,,8.537,,A,Normal value,0,Units,1,One
DATAFLOW,OECD.ELS.SAE:DSD_FTPT@DF_FTPT_NATIONAL_INC(1.0),Incidence of full-time and part-time employment based on national definitions,I,ITA,Italy,EMP,Employment,PT_POP_SUB,Percentage of population in the same subgroup,M,Male,_T,Total,EMP,Employment,MAIN,Main job,_T,Total,PT,Part-time,NAT_DEF,National definition,A,Annual,2021,,9.07,,A,Normal value,0,Units,1,One
DATAFLOW,OECD.ELS.SAE:DSD_FTPT@DF_FTPT_NATIONAL_INC(1.0),Incidence of full-time and part-time employment based on national definitions,I,ITA,Italy,EMP,Employment,PT_POP_SUB,Percentage of population in the same subgroup,M,Male,_T,Total,EMP,Employment,MAIN,Main job,_T,Total,PT,Part-time,NAT_DEF,National definition,A,Annual,2022,,8.212,,A,Normal value,0,Units,1,One
DATAFLOW,OECD.ELS.SAE:DSD_FTPT@DF_FTPT_NATIONAL_INC(1.0),Incidence of full-time and part-time employment based on national definitions,I,JPN,Japan,EMP,Employment,PT_POP_SUB,Percentage of population in the same subgroup,M,Male,_T,Total,EMP,Employment,MAIN,Main job,_T,Total,PT,Part-time,NAT_DEF,National definition,A,Annual,2010,,10.391,,A,Normal value,0,Units,1,One
DATAFLOW,OECD.ELS.SAE:DSD_FTPT@DF_FTPT_NATIONAL_INC(1.0),Incidence of full-time and part-time employment based on national definitions,I,JPN,Japan,EMP,Employment,PT_POP_SUB,Percentage of population in the same subgroup,M,Male,_T,Total,EMP,Employment,MAIN,Main job,_T,Total,PT,Part-time,NAT_DEF,National definition,A,Annual,2011,,10.272,,A,Normal value,0,Units,1,One
DATAFLOW,OECD.ELS.SAE:DSD_FTPT@DF_FTPT_NATIONAL_INC(1.0),Incidence of full-time and part-time employment based on national definitions,I,JPN,Japan,EMP,Employment,PT_POP_SUB,Percentage of population in the same subgroup,M,Male,_T,Total,EMP,Employment,MAIN,Main job,_T,Total,PT,Part-time,NAT_DEF,National definition,A,Annual,2012,,10.322,,A,Normal value,0,Units,1,One
DATAFLOW,OECD.ELS.SAE:DSD_FTPT@DF_FTPT_NATIONAL_INC(1.0),Incidence of full-time and part-time employment based on national definitions,I,JPN,Japan,EMP,Employment,PT_POP_SUB,Percentage of population in the same subgroup,M,Male,_T,Total,EMP,Employment,MAIN,Main job,_T,Total,PT,Part-time,NAT_DEF,National definition,A,Annual,2013,,11.326,,A,Normal value,0,Units,1,One
DATAFLOW,OECD.ELS.SAE:DSD_FTPT@DF_FTPT_NATIONAL_INC(1.0),Incidence of full-time and part-time employment based on national definitions,I,JPN,Japan,EMP,Employment,PT_POP_SUB,Percentage of population in the same subgroup,M,Male,_T,Total,EMP,Employment,MAIN,Main job,_T,Total,PT,Part-time,NAT_DEF,National definition,A,Annual,2014,,11.973,,A,Normal value,0,Units,1,One
DATAFLOW,OECD.ELS.SAE:DSD_FTPT@DF_FTPT_NATIONAL_INC(1.0),Incidence of full-time and part-time employment based on national definitions,I,JPN,Japan,EMP,Employment,PT_POP_SUB,Percentage of population in the same subgroup,M,Male,_T,Total,EMP,Employment,MAIN,Main job,_T,Total,PT,Part-time,NAT_DEF,National definition,A,Annual,2015,,11.99,,A,Normal value,0,Units,1,One
DATAFLOW,OECD.ELS.SAE:DSD_FTPT@DF_FTPT_NATIONAL_INC(1.0),Incidence of full-time and part-time employment based on national definitions,I,JPN,Japan,EMP,Employment,PT_POP_SUB,Percentage of population in the same subgroup,M,Male,_T,Total,EMP,Employment,MAIN,Main job,_T,Total,PT,Part-time,NAT_DEF,National definition,A,Annual,2016,,11.919,,A,Normal value,0,Units,1,One
DATAFLOW,OECD.ELS.SAE:DSD_FTPT@DF_FTPT_NATIONAL_INC(1.0),Incidence of full-time and part-time employment based on national definitions,I,JPN,Japan,EMP,Employment,PT_POP_SUB,Percentage of population in the same subgroup,M,Male,_T,Total,EMP,Employment,MAIN,Main job,_T,Total,PT,Part-time,NAT_DEF,National definition,A,Annual,2017,,11.505,,A,Normal value,0,Units,1,One
DATAFLOW,OECD.ELS.SAE:DSD_FTPT@DF_FTPT_NATIONAL_INC(1.0),Incidence of full-time and part-time employment based on national definitions,I,JPN,Japan,EMP,Employment,PT_POP_SUB,Percentage of population in the same subgroup,M,Male,_T,Total,EMP,Employment,MAIN,Main job,_T,Total,PT,Part-time,NAT_DEF,National definition,A,Annual,2018,,12.752,,A,Normal value,0,Units,1,One
DATAFLOW,OECD.ELS.SAE:DSD_FTPT@DF_FTPT_NATIONAL_INC(1.0),Incidence of full-time and part-time employment based on national definitions,I,JPN,Japan,EMP,Employment,PT_POP_SUB,Percentage of population in the same subgroup,M,Male,_T,Total,EMP,Employment,MAIN,Main job,_T,Total,PT,Part-time,NAT_DEF,National definition,A,Annual,2019,,14.16,,A,Normal value,0,Units,1,One
DATAFLOW,OECD.ELS.SAE:DSD_FTPT@DF_FTPT_NATIONAL_INC(1.0),Incidence of full-time and part-time employment based on national definitions,I,JPN,Japan,EMP,Employment,PT_POP_SUB,Percentage of population in the same subgroup,M,Male,_T,Total,EMP,Employment,MAIN,Main job,_T,Total,PT,Part-time,NAT_DEF,National definition,A,Annual,2020,,14.993,,A,Normal value,0,Units,1,One
DATAFLOW,OECD.ELS.SAE:DSD_FTPT@DF_FTPT_NATIONAL_INC(1.0),Incidence of full-time and part-time employment based on national definitions,I,JPN,Japan,EMP,Employment,PT_POP_SUB,Percentage of population in the same subgroup,M,Male,_T,Total,EMP,Employment,MAIN,Main job,_T,Total,PT,Part-time,NAT_DEF,National definition,A,Annual,2021,,14.98,,A,Normal value,0,Units,1,One
DATAFLOW,OECD.ELS.SAE:DSD_FTPT@DF_FTPT_NATIONAL_INC(1.0),Incidence of full-time and part-time employment based on national definitions,I,JPN,Japan,EMP,Employment,PT_POP_SUB,Percentage of population in the same subgroup,M,Male,_T,Total,EMP,Employment,MAIN,Main job,_T,Total,PT,Part-time,NAT_DEF,National definition,A,Annual,2022,,14.29,,A,Normal value,0,Units,1,One
DATAFLOW,OECD.ELS.SAE:DSD_FTPT@DF_FTPT_NATIONAL_INC(1.0),Incidence of full-time and part-time employment based on national definitions,I,MEX,Mexico,EMP,Employment,PT_POP_SUB,Percentage of population in the same subgroup,M,Male,_T,Total,EMP,Employment,MAIN,Main job,_T,Total,PT,Part-time,NAT_DEF,National definition,A,Annual,2011,,16.743,,A,Normal value,0,Units,1,One
DATAFLOW,OECD.ELS.SAE:DSD_FTPT@DF_FTPT_NATIONAL_INC(1.0),Incidence of full-time and part-time employment based on national definitions,I,MEX,Mexico,EMP,Employment,PT_POP_SUB,Percentage of population in the same subgroup,M,Male,_T,Total,EMP,Employment,MAIN,Main job,_T,Total,PT,Part-time,NAT_DEF,National definition,A,Annual,2012,,17.161,,A,Normal value,0,Units,1,One
DATAFLOW,OECD.ELS.SAE:DSD_FTPT@DF_FTPT_NATIONAL_INC(1.0),Incidence of full-time and part-time employment based on national definitions,I,MEX,Mexico,EMP,Employment,PT_POP_SUB,Percentage of population in the same subgroup,M,Male,_T,Total,EMP,Employment,MAIN,Main job,_T,Total,PT,Part-time,NAT_DEF,National definition,A,Annual,2013,,16.956,,A,Normal value,0,Units,1,One
DATAFLOW,OECD.ELS.SAE:DSD_FTPT@DF_FTPT_NATIONAL_INC(1.0),Incidence of full-time and part-time employment based on national definitions,I,MEX,Mexico,EMP,Employment,PT_POP_SUB,Percentage of population in the same subgroup,M,Male,_T,Total,EMP,Employment,MAIN,Main job,_T,Total,PT,Part-time,NAT_DEF,National definition,A,Annual,2014,,16.59,,A,Normal value,0,Units,1,One
DATAFLOW,OECD.ELS.SAE:DSD_FTPT@DF_FTPT_NATIONAL_INC(1.0),Incidence of full-time and part-time employment based on national definitions,I,MEX,Mexico,EMP,Employment,PT_POP_SUB,Percentage of population in the same subgroup,M,Male,_T,Total,EMP,Employment,MAIN,Main job,_T,Total,PT,Part-time,NAT_DEF,National definition,A,Annual,2015,,16.565,,A,Normal value,0,Units,1,One
DATAFLOW,OECD.ELS.SAE:DSD_FTPT@DF_FTPT_NATIONAL_INC(1.0),Incidence of full-time and part-time employment based on national definitions,I,MEX,Mexico,EMP,Employment,PT_POP_SUB,Percentage of population in the same subgroup,M,Male,_T,Total,EMP,Employment,MAIN,Main job,_T,Total,PT,Part-time,NAT_DEF,National definition,A,Annual,2016,,16.158,,A,Normal value,0,Units,1,One
DATAFLOW,OECD.ELS.SAE:DSD_FTPT@DF_FTPT_NATIONAL_INC(1.0),Incidence of full-time and part-time employment based on national definitions,I,MEX,Mexico,EMP,Employment,PT_POP_SUB,Percentage of population in the same subgroup,M,Male,_T,Total,EMP,Employment,MAIN,Main job,_T,Total,PT,Part-time,NAT_DEF,National definition,A,Annual,2017,,15.631,,A,Normal value,0,Units,1,One
DATAFLOW,OECD.ELS.SAE:DSD_FTPT@DF_FTPT_NATIONAL_INC(1.0),Incidence of full-time and part-time employment based on national definitions,I,MEX,Mexico,EMP,Employment,PT_POP_SUB,Percentage of population in the same subgroup,M,Male,_T,Total,EMP,Employment,MAIN,Main job,_T,Total,PT,Part-time,NAT_DEF,National definition,A,Annual,2018,,15.432,,A,Normal value,0,Units,1,One
DATAFLOW,OECD.ELS.SAE:DSD_FTPT@DF_FTPT_NATIONAL_INC(1.0),Incidence of full-time and part-time employment based on national definitions,I,MEX,Mexico,EMP,Employment,PT_POP_SUB,Percentage of population in the same subgroup,M,Male,_T,Total,EMP,Employment,MAIN,Main job,_T,Total,PT,Part-time,NAT_DEF,National definition,A,Annual,2019,,15.887,,A,Normal value,0,Units,1,One
DATAFLOW,OECD.ELS.SAE:DSD_FTPT@DF_FTPT_NATIONAL_INC(1.0),Incidence of full-time and part-time employment based on national definitions,I,MEX,Mexico,EMP,Employment,PT_POP_SUB,Percentage of population in the same subgroup,M,Male,_T,Total,EMP,Employment,MAIN,Main job,_T,Total,PT,Part-time,NAT_DEF,National definition,A,Annual,2020,,16.807,,A,Normal value,0,Units,1,One
DATAFLOW,OECD.ELS.SAE:DSD_FTPT@DF_FTPT_NATIONAL_INC(1.0),Incidence of full-time and part-time employment based on national definitions,I,MEX,Mexico,EMP,Employment,PT_POP_SUB,Percentage of population in the same subgroup,M,Male,_T,Total,EMP,Employment,MAIN,Main job,_T,Total,PT,Part-time,NAT_DEF,National definition,A,Annual,2021,,17,,A,Normal value,0,Units,1,One
DATAFLOW,OECD.ELS.SAE:DSD_FTPT@DF_FTPT_NATIONAL_INC(1.0),Incidence of full-time and part-time employment based on national definitions,I,MEX,Mexico,EMP,Employment,PT_POP_SUB,Percentage of population in the same subgroup,M,Male,_T,Total,EMP,Employment,MAIN,Main job,_T,Total,PT,Part-time,NAT_DEF,National definition,A,Annual,2022,,15.88,,A,Normal value,0,Units,1,One
DATAFLOW,OECD.ELS.SAE:DSD_FTPT@DF_FTPT_NATIONAL_INC(1.0),Incidence of full-time and part-time employment based on national definitions,I,NLD,Netherlands,EMP,Employment,PT_POP_SUB,Percentage of population in the same subgroup,M,Male,_T,Total,EMP,Employment,MAIN,Main job,_T,Total,PT,Part-time,NAT_DEF,National definition,A,Annual,2010,,23.548,,A,Normal value,0,Units,1,One
DATAFLOW,OECD.ELS.SAE:DSD_FTPT@DF_FTPT_NATIONAL_INC(1.0),Incidence of full-time and part-time employment based on national definitions,I,NLD,Netherlands,EMP,Employment,PT_POP_SUB,Percentage of population in the same subgroup,M,Male,_T,Total,EMP,Employment,MAIN,Main job,_T,Total,PT,Part-time,NAT_DEF,National definition,A,Annual,2011,,23.739,,A,Normal value,0,Units,1,One
DATAFLOW,OECD.ELS.SAE:DSD_FTPT@DF_FTPT_NATIONAL_INC(1.0),Incidence of full-time and part-time employment based on national definitions,I,NLD,Netherlands,EMP,Employment,PT_POP_SUB,Percentage of population in the same subgroup,M,Male,_T,Total,EMP,Employment,MAIN,Main job,_T,Total,PT,Part-time,NAT_DEF,National definition,A,Annual,2013,,25.076,,A,Normal value,0,Units,1,One
DATAFLOW,OECD.ELS.SAE:DSD_FTPT@DF_FTPT_NATIONAL_INC(1.0),Incidence of full-time and part-time employment based on national definitions,I,NLD,Netherlands,EMP,Employment,PT_POP_SUB,Percentage of population in the same subgroup,M,Male,_T,Total,EMP,Employment,MAIN,Main job,_T,Total,PT,Part-time,NAT_DEF,National definition,A,Annual,2014,,25.608,,A,Normal value,0,Units,1,One
DATAFLOW,OECD.ELS.SAE:DSD_FTPT@DF_FTPT_NATIONAL_INC(1.0),Incidence of full-time and part-time employment based on national definitions,I,NLD,Netherlands,EMP,Employment,PT_POP_SUB,Percentage of population in the same subgroup,M,Male,_T,Total,EMP,Employment,MAIN,Main job,_T,Total,PT,Part-time,NAT_DEF,National definition,A,Annual,2015,,25.573,,A,Normal value,0,Units,1,One
DATAFLOW,OECD.ELS.SAE:DSD_FTPT@DF_FTPT_NATIONAL_INC(1.0),Incidence of full-time and part-time employment based on national definitions,I,NLD,Netherlands,EMP,Employment,PT_POP_SUB,Percentage of population in the same subgroup,M,Male,_T,Total,EMP,Employment,MAIN,Main job,_T,Total,PT,Part-time,NAT_DEF,National definition,A,Annual,2016,,25.396,,A,Normal value,0,Units,1,One
DATAFLOW,OECD.ELS.SAE:DSD_FTPT@DF_FTPT_NATIONAL_INC(1.0),Incidence of full-time and part-time employment based on national definitions,I,NLD,Netherlands,EMP,Employment,PT_POP_SUB,Percentage of population in the same subgroup,M,Male,_T,Total,EMP,Employment,MAIN,Main job,_T,Total,PT,Part-time,NAT_DEF,National definition,A,Annual,2017,,25.974,,A,Normal value,0,Units,1,One
DATAFLOW,OECD.ELS.SAE:DSD_FTPT@DF_FTPT_NATIONAL_INC(1.0),Incidence of full-time and part-time employment based on national definitions,I,NLD,Netherlands,EMP,Employment,PT_POP_SUB,Percentage of population in the same subgroup,M,Male,_T,Total,EMP,Employment,MAIN,Main job,_T,Total,PT,Part-time,NAT_DEF,National definition,A,Annual,2018,,26.428,,A,Normal value,0,Units,1,One
DATAFLOW,OECD.ELS.SAE:DSD_FTPT@DF_FTPT_NATIONAL_INC(1.0),Incidence of full-time and part-time employment based on national definitions,I,NLD,Netherlands,EMP,Employment,PT_POP_SUB,Percentage of population in the same subgroup,M,Male,_T,Total,EMP,Employment,MAIN,Main job,_T,Total,PT,Part-time,NAT_DEF,National definition,A,Annual,2019,,27.018,,A,Normal value,0,Units,1,One
DATAFLOW,OECD.ELS.SAE:DSD_FTPT@DF_FTPT_NATIONAL_INC(1.0),Incidence of full-time and part-time employment based on national definitions,I,NLD,Netherlands,EMP,Employment,PT_POP_SUB,Percentage of population in the same subgroup,M,Male,_T,Total,EMP,Employment,MAIN,Main job,_T,Total,PT,Part-time,NAT_DEF,National definition,A,Annual,2020,,27.356,,A,Normal value,0,Units,1,One
DATAFLOW,OECD.ELS.SAE:DSD_FTPT@DF_FTPT_NATIONAL_INC(1.0),Incidence of full-time and part-time employment based on national definitions,I,NLD,Netherlands,EMP,Employment,PT_POP_SUB,Percentage of population in the same subgroup,M,Male,_T,Total,EMP,Employment,MAIN,Main job,_T,Total,PT,Part-time,NAT_DEF,National definition,A,Annual,2021,,28.497,,A,Normal value,0,Units,1,One
DATAFLOW,OECD.ELS.SAE:DSD_FTPT@DF_FTPT_NATIONAL_INC(1.0),Incidence of full-time and part-time employment based on national definitions,I,NLD,Netherlands,EMP,Employment,PT_POP_SUB,Percentage of population in the same subgroup,M,Male,_T,Total,EMP,Employment,MAIN,Main job,_T,Total,PT,Part-time,NAT_DEF,National definition,A,Annual,2022,,29.302,,A,Normal value,0,Units,1,One
DATAFLOW,OECD.ELS.SAE:DSD_FTPT@DF_FTPT_NATIONAL_INC(1.0),Incidence of full-time and part-time employment based on national definitions,I,POL,Poland,EMP,Employment,PT_POP_SUB,Percentage of population in the same subgroup,M,Male,_T,Total,EMP,Employment,MAIN,Main job,_T,Total,PT,Part-time,NAT_DEF,National definition,A,Annual,2010,,5.799,,A,Normal value,0,Units,1,One
DATAFLOW,OECD.ELS.SAE:DSD_FTPT@DF_FTPT_NATIONAL_INC(1.0),Incidence of full-time and part-time employment based on national definitions,I,POL,Poland,EMP,Employment,PT_POP_SUB,Percentage of population in the same subgroup,M,Male,_T,Total,EMP,Employment,MAIN,Main job,_T,Total,PT,Part-time,NAT_DEF,National definition,A,Annual,2011,,5.528,,A,Normal value,0,Units,1,One
DATAFLOW,OECD.ELS.SAE:DSD_FTPT@DF_FTPT_NATIONAL_INC(1.0),Incidence of full-time and part-time employment based on national definitions,I,POL,Poland,EMP,Employment,PT_POP_SUB,Percentage of population in the same subgroup,M,Male,_T,Total,EMP,Employment,MAIN,Main job,_T,Total,PT,Part-time,NAT_DEF,National definition,A,Annual,2012,,5.243,,A,Normal value,0,Units,1,One
DATAFLOW,OECD.ELS.SAE:DSD_FTPT@DF_FTPT_NATIONAL_INC(1.0),Incidence of full-time and part-time employment based on national definitions,I,POL,Poland,EMP,Employment,PT_POP_SUB,Percentage of population in the same subgroup,M,Male,_T,Total,EMP,Employment,MAIN,Main job,_T,Total,PT,Part-time,NAT_DEF,National definition,A,Annual,2014,,5.123,,A,Normal value,0,Units,1,One
DATAFLOW,OECD.ELS.SAE:DSD_FTPT@DF_FTPT_NATIONAL_INC(1.0),Incidence of full-time and part-time employment based on national definitions,I,POL,Poland,EMP,Employment,PT_POP_SUB,Percentage of population in the same subgroup,M,Male,_T,Total,EMP,Employment,MAIN,Main job,_T,Total,PT,Part-time,NAT_DEF,National definition,A,Annual,2015,,4.86,,A,Normal value,0,Units,1,One
DATAFLOW,OECD.ELS.SAE:DSD_FTPT@DF_FTPT_NATIONAL_INC(1.0),Incidence of full-time and part-time employment based on national definitions,I,POL,Poland,EMP,Employment,PT_POP_SUB,Percentage of population in the same subgroup,M,Male,_T,Total,EMP,Employment,MAIN,Main job,_T,Total,PT,Part-time,NAT_DEF,National definition,A,Annual,2017,,4.462,,A,Normal value,0,Units,1,One
DATAFLOW,OECD.ELS.SAE:DSD_FTPT@DF_FTPT_NATIONAL_INC(1.0),Incidence of full-time and part-time employment based on national definitions,I,POL,Poland,EMP,Employment,PT_POP_SUB,Percentage of population in the same subgroup,M,Male,_T,Total,EMP,Employment,MAIN,Main job,_T,Total,PT,Part-time,NAT_DEF,National definition,A,Annual,2018,,4.59,,A,Normal value,0,Units,1,One
DATAFLOW,OECD.ELS.SAE:DSD_FTPT@DF_FTPT_NATIONAL_INC(1.0),Incidence of full-time and part-time employment based on national definitions,I,SVK,Slovak Republic,EMP,Employment,PT_POP_SUB,Percentage of population in the same subgroup,M,Male,_T,Total,EMP,Employment,MAIN,Main job,_T,Total,PT,Part-time,NAT_DEF,National definition,A,Annual,2022,,2.542,,A,Normal value,0,Units,1,One
DATAFLOW,OECD.ELS.SAE:DSD_FTPT@DF_FTPT_NATIONAL_INC(1.0),Incidence of full-time and part-time employment based on national definitions,I,ESP,Spain,EMP,Employment,PT_POP_SUB,Percentage of population in the same subgroup,M,Male,_T,Total,EMP,Employment,MAIN,Main job,_T,Total,PT,Part-time,NAT_DEF,National definition,A,Annual,2010,,5.34,,A,Normal value,0,Units,1,One
DATAFLOW,OECD.ELS.SAE:DSD_FTPT@DF_FTPT_NATIONAL_INC(1.0),Incidence of full-time and part-time employment based on national definitions,I,ESP,Spain,EMP,Employment,PT_POP_SUB,Percentage of population in the same subgroup,M,Male,_T,Total,EMP,Employment,MAIN,Main job,_T,Total,PT,Part-time,NAT_DEF,National definition,A,Annual,2011,,5.948,,A,Normal value,0,Units,1,One
DATAFLOW,OECD.ELS.SAE:DSD_FTPT@DF_FTPT_NATIONAL_INC(1.0),Incidence of full-time and part-time employment based on national definitions,I,ESP,Spain,EMP,Employment,PT_POP_SUB,Percentage of population in the same subgroup,M,Male,_T,Total,EMP,Employment,MAIN,Main job,_T,Total,PT,Part-time,NAT_DEF,National definition,A,Annual,2014,,7.806,,A,Normal value,0,Units,1,One
DATAFLOW,OECD.ELS.SAE:DSD_FTPT@DF_FTPT_NATIONAL_INC(1.0),Incidence of full-time and part-time employment based on national definitions,I,ESP,Spain,EMP,Employment,PT_POP_SUB,Percentage of population in the same subgroup,M,Male,_T,Total,EMP,Employment,MAIN,Main job,_T,Total,PT,Part-time,NAT_DEF,National definition,A,Annual,2015,,7.918,,A,Normal value,0,Units,1,One
DATAFLOW,OECD.ELS.SAE:DSD_FTPT@DF_FTPT_NATIONAL_INC(1.0),Incidence of full-time and part-time employment based on national definitions,I,ESP,Spain,EMP,Employment,PT_POP_SUB,Percentage of population in the same subgroup,M,Male,_T,Total,EMP,Employment,MAIN,Main job,_T,Total,PT,Part-time,NAT_DEF,National definition,A,Annual,2016,,7.764,,A,Normal value,0,Units,1,One
DATAFLOW,OECD.ELS.SAE:DSD_FTPT@DF_FTPT_NATIONAL_INC(1.0),Incidence of full-time and part-time employment based on national definitions,I,ESP,Spain,EMP,Employment,PT_POP_SUB,Percentage of population in the same subgroup,M,Male,_T,Total,EMP,Employment,MAIN,Main job,_T,Total,PT,Part-time,NAT_DEF,National definition,A,Annual,2019,,6.963,,A,Normal value,0,Units,1,One
DATAFLOW,OECD.ELS.SAE:DSD_FTPT@DF_FTPT_NATIONAL_INC(1.0),Incidence of full-time and part-time employment based on national definitions,I,ESP,Spain,EMP,Employment,PT_POP_SUB,Percentage of population in the same subgroup,M,Male,_T,Total,EMP,Employment,MAIN,Main job,_T,Total,PT,Part-time,NAT_DEF,National definition,A,Annual,2020,,6.715,,A,Normal value,0,Units,1,One
DATAFLOW,OECD.ELS.SAE:DSD_FTPT@DF_FTPT_NATIONAL_INC(1.0),Incidence of full-time and part-time employment based on national definitions,I,SWE,Sweden,EMP,Employment,PT_POP_SUB,Percentage of population in the same subgroup,M,Male,_T,Total,EMP,Employment,MAIN,Main job,_T,Total,PT,Part-time,NAT_DEF,National definition,A,Annual,2010,,13.745,,A,Normal value,0,Units,1,One
DATAFLOW,OECD.ELS.SAE:DSD_FTPT@DF_FTPT_NATIONAL_INC(1.0),Incidence of full-time and part-time employment based on national definitions,I,SWE,Sweden,EMP,Employment,PT_POP_SUB,Percentage of population in the same subgroup,M,Male,_T,Total,EMP,Employment,MAIN,Main job,_T,Total,PT,Part-time,NAT_DEF,National definition,A,Annual,2011,,13.434,,A,Normal value,0,Units,1,One
DATAFLOW,OECD.ELS.SAE:DSD_FTPT@DF_FTPT_NATIONAL_INC(1.0),Incidence of full-time and part-time employment based on national definitions,I,SWE,Sweden,EMP,Employment,PT_POP_SUB,Percentage of population in the same subgroup,M,Male,_T,Total,EMP,Employment,MAIN,Main job,_T,Total,PT,Part-time,NAT_DEF,National definition,A,Annual,2012,,13.789,,A,Normal value,0,Units,1,One
DATAFLOW,OECD.ELS.SAE:DSD_FTPT@DF_FTPT_NATIONAL_INC(1.0),Incidence of full-time and part-time employment based on national definitions,I,SWE,Sweden,EMP,Employment,PT_POP_SUB,Percentage of population in the same subgroup,M,Male,_T,Total,EMP,Employment,MAIN,Main job,_T,Total,PT,Part-time,NAT_DEF,National definition,A,Annual,2015,,14.371,,A,Normal value,0,Units,1,One
DATAFLOW,OECD.ELS.SAE:DSD_FTPT@DF_FTPT_NATIONAL_INC(1.0),Incidence of full-time and part-time employment based on national definitions,I,CHE,Switzerland,EMP,Employment,PT_POP_SUB,Percentage of population in the same subgroup,M,Male,_T,Total,EMP,Employment,MAIN,Main job,_T,Total,PT,Part-time,NAT_DEF,National definition,A,Annual,2010,,13.41,,A,Normal value,0,Units,1,One
DATAFLOW,OECD.ELS.SAE:DSD_FTPT@DF_FTPT_NATIONAL_INC(1.0),Incidence of full-time and part-time employment based on national definitions,I,CHE,Switzerland,EMP,Employment,PT_POP_SUB,Percentage of population in the same subgroup,M,Male,_T,Total,EMP,Employment,MAIN,Main job,_T,Total,PT,Part-time,NAT_DEF,National definition,A,Annual,2015,,16.484,,A,Normal value,0,Units,1,One
DATAFLOW,OECD.ELS.SAE:DSD_FTPT@DF_FTPT_NATIONAL_INC(1.0),Incidence of full-time and part-time employment based on national definitions,I,CHE,Switzerland,EMP,Employment,PT_POP_SUB,Percentage of population in the same subgroup,M,Male,_T,Total,EMP,Employment,MAIN,Main job,_T,Total,PT,Part-time,NAT_DEF,National definition,A,Annual,2017,,17.486,,A,Normal value,0,Units,1,One
DATAFLOW,OECD.ELS.SAE:DSD_FTPT@DF_FTPT_NATIONAL_INC(1.0),Incidence of full-time and part-time employment based on national definitions,I,TUR,Türkiye,EMP,Employment,PT_POP_SUB,Percentage of population in the same subgroup,M,Male,_T,Total,EMP,Employment,MAIN,Main job,_T,Total,PT,Part-time,NAT_DEF,National definition,A,Annual,2010,,6.729,,A,Normal value,0,Units,1,One
DATAFLOW,OECD.ELS.SAE:DSD_FTPT@DF_FTPT_NATIONAL_INC(1.0),Incidence of full-time and part-time employment based on national definitions,I,TUR,Türkiye,EMP,Employment,PT_POP_SUB,Percentage of population in the same subgroup,M,Male,_T,Total,EMP,Employment,MAIN,Main job,_T,Total,PT,Part-time,NAT_DEF,National definition,A,Annual,2011,,6.634,,A,Normal value,0,Units,1,One
DATAFLOW,OECD.ELS.SAE:DSD_FTPT@DF_FTPT_NATIONAL_INC(1.0),Incidence of full-time and part-time employment based on national definitions,I,TUR,Türkiye,EMP,Employment,PT_POP_SUB,Percentage of population in the same subgroup,M,Male,_T,Total,EMP,Employment,MAIN,Main job,_T,Total,PT,Part-time,NAT_DEF,National definition,A,Annual,2012,,6.71,,A,Normal value,0,Units,1,One
DATAFLOW,OECD.ELS.SAE:DSD_FTPT@DF_FTPT_NATIONAL_INC(1.0),Incidence of full-time and part-time employment based on national definitions,I,TUR,Türkiye,EMP,Employment,PT_POP_SUB,Percentage of population in the same subgroup,M,Male,_T,Total,EMP,Employment,MAIN,Main job,_T,Total,PT,Part-time,NAT_DEF,National definition,A,Annual,2013,,7.007,,A,Normal value,0,Units,1,One
DATAFLOW,OECD.ELS.SAE:DSD_FTPT@DF_FTPT_NATIONAL_INC(1.0),Incidence of full-time and part-time employment based on national definitions,I,TUR,Türkiye,EMP,Employment,PT_POP_SUB,Percentage of population in the same subgroup,M,Male,_T,Total,EMP,Employment,MAIN,Main job,_T,Total,PT,Part-time,NAT_DEF,National definition,A,Annual,2014,,6.39,,A,Normal value,0,Units,1,One
DATAFLOW,OECD.ELS.SAE:DSD_FTPT@DF_FTPT_NATIONAL_INC(1.0),Incidence of full-time and part-time employment based on national definitions,I,TUR,Türkiye,EMP,Employment,PT_POP_SUB,Percentage of population in the same subgroup,M,Male,_T,Total,EMP,Employment,MAIN,Main job,_T,Total,PT,Part-time,NAT_DEF,National definition,A,Annual,2015,,5.931,,A,Normal value,0,Units,1,One
DATAFLOW,OECD.ELS.SAE:DSD_FTPT@DF_FTPT_NATIONAL_INC(1.0),Incidence of full-time and part-time employment based on national definitions,I,TUR,Türkiye,EMP,Employment,PT_POP_SUB,Percentage of population in the same subgroup,M,Male,_T,Total,EMP,Employment,MAIN,Main job,_T,Total,PT,Part-time,NAT_DEF,National definition,A,Annual,2016,,5.812,,A,Normal value,0,Units,1,One
DATAFLOW,OECD.ELS.SAE:DSD_FTPT@DF_FTPT_NATIONAL_INC(1.0),Incidence of full-time and part-time employment based on national definitions,I,TUR,Türkiye,EMP,Employment,PT_POP_SUB,Percentage of population in the same subgroup,M,Male,_T,Total,EMP,Employment,MAIN,Main job,_T,Total,PT,Part-time,NAT_DEF,National definition,A,Annual,2017,,5.889,,A,Normal value,0,Units,1,One
DATAFLOW,OECD.ELS.SAE:DSD_FTPT@DF_FTPT_NATIONAL_INC(1.0),Incidence of full-time and part-time employment based on national definitions,I,TUR,Türkiye,EMP,Employment,PT_POP_SUB,Percentage of population in the same subgroup,M,Male,_T,Total,EMP,Employment,MAIN,Main job,_T,Total,PT,Part-time,NAT_DEF,National definition,A,Annual,2018,,6.43,,A,Normal value,0,Units,1,One
DATAFLOW,OECD.ELS.SAE:DSD_FTPT@DF_FTPT_NATIONAL_INC(1.0),Incidence of full-time and part-time employment based on national definitions,I,TUR,Türkiye,EMP,Employment,PT_POP_SUB,Percentage of population in the same subgroup,M,Male,_T,Total,EMP,Employment,MAIN,Main job,_T,Total,PT,Part-time,NAT_DEF,National definition,A,Annual,2019,,6.384,,A,Normal value,0,Units,1,One
DATAFLOW,OECD.ELS.SAE:DSD_FTPT@DF_FTPT_NATIONAL_INC(1.0),Incidence of full-time and part-time employment based on national definitions,I,TUR,Türkiye,EMP,Employment,PT_POP_SUB,Percentage of population in the same subgroup,M,Male,_T,Total,EMP,Employment,MAIN,Main job,_T,Total,PT,Part-time,NAT_DEF,National definition,A,Annual,2020,,8.418,,A,Normal value,0,Units,1,One
DATAFLOW,OECD.ELS.SAE:DSD_FTPT@DF_FTPT_NATIONAL_INC(1.0),Incidence of full-time and part-time employment based on national definitions,I,TUR,Türkiye,EMP,Employment,PT_POP_SUB,Percentage of population in the same subgroup,M,Male,_T,Total,EMP,Employment,MAIN,Main job,_T,Total,PT,Part-time,NAT_DEF,National definition,A,Annual,2021,,6.169,,A,Normal value,0,Units,1,One
DATAFLOW,OECD.ELS.SAE:DSD_FTPT@DF_FTPT_NATIONAL_INC(1.0),Incidence of full-time and part-time employment based on national definitions,I,TUR,Türkiye,EMP,Employment,PT_POP_SUB,Percentage of population in the same subgroup,M,Male,_T,Total,EMP,Employment,MAIN,Main job,_T,Total,PT,Part-time,NAT_DEF,National definition,A,Annual,2022,,6.052,,A,Normal value,0,Units,1,One
DATAFLOW,OECD.ELS.SAE:DSD_FTPT@DF_FTPT_NATIONAL_INC(1.0),Incidence of full-time and part-time employment based on national definitions,I,GBR,United Kingdom,EMP,Employment,PT_POP_SUB,Percentage of population in the same subgroup,M,Male,_T,Total,EMP,Employment,MAIN,Main job,_T,Total,PT,Part-time,NAT_DEF,National definition,A,Annual,2010,,12.536,,A,Normal value,0,Units,1,One
DATAFLOW,OECD.ELS.SAE:DSD_FTPT@DF_FTPT_NATIONAL_INC(1.0),Incidence of full-time and part-time employment based on national definitions,I,GBR,United Kingdom,EMP,Employment,PT_POP_SUB,Percentage of population in the same subgroup,M,Male,_T,Total,EMP,Employment,MAIN,Main job,_T,Total,PT,Part-time,NAT_DEF,National definition,A,Annual,2011,,12.619,,A,Normal value,0,Units,1,One
DATAFLOW,OECD.ELS.SAE:DSD_FTPT@DF_FTPT_NATIONAL_INC(1.0),Incidence of full-time and part-time employment based on national definitions,I,GBR,United Kingdom,EMP,Employment,PT_POP_SUB,Percentage of population in the same subgroup,M,Male,_T,Total,EMP,Employment,MAIN,Main job,_T,Total,PT,Part-time,NAT_DEF,National definition,A,Annual,2012,,13.269,,A,Normal value,0,Units,1,One
DATAFLOW,OECD.ELS.SAE:DSD_FTPT@DF_FTPT_NATIONAL_INC(1.0),Incidence of full-time and part-time employment based on national definitions,I,GBR,United Kingdom,EMP,Employment,PT_POP_SUB,Percentage of population in the same subgroup,M,Male,_T,Total,EMP,Employment,MAIN,Main job,_T,Total,PT,Part-time,NAT_DEF,National definition,A,Annual,2013,,13.183,,A,Normal value,0,Units,1,One
DATAFLOW,OECD.ELS.SAE:DSD_FTPT@DF_FTPT_NATIONAL_INC(1.0),Incidence of full-time and part-time employment based on national definitions,I,GBR,United Kingdom,EMP,Employment,PT_POP_SUB,Percentage of population in the same subgroup,M,Male,_T,Total,EMP,Employment,MAIN,Main job,_T,Total,PT,Part-time,NAT_DEF,National definition,A,Annual,2014,,12.981,,A,Normal value,0,Units,1,One
DATAFLOW,OECD.ELS.SAE:DSD_FTPT@DF_FTPT_NATIONAL_INC(1.0),Incidence of full-time and part-time employment based on national definitions,I,GBR,United Kingdom,EMP,Employment,PT_POP_SUB,Percentage of population in the same subgroup,M,Male,_T,Total,EMP,Employment,MAIN,Main job,_T,Total,PT,Part-time,NAT_DEF,National definition,A,Annual,2015,,13.07,,A,Normal value,0,Units,1,One
DATAFLOW,OECD.ELS.SAE:DSD_FTPT@DF_FTPT_NATIONAL_INC(1.0),Incidence of full-time and part-time employment based on national definitions,I,GBR,United Kingdom,EMP,Employment,PT_POP_SUB,Percentage of population in the same subgroup,M,Male,_T,Total,EMP,Employment,MAIN,Main job,_T,Total,PT,Part-time,NAT_DEF,National definition,A,Annual,2016,,13.264,,A,Normal value,0,Units,1,One
DATAFLOW,OECD.ELS.SAE:DSD_FTPT@DF_FTPT_NATIONAL_INC(1.0),Incidence of full-time and part-time employment based on national definitions,I,GBR,United Kingdom,EMP,Employment,PT_POP_SUB,Percentage of population in the same subgroup,M,Male,_T,Total,EMP,Employment,MAIN,Main job,_T,Total,PT,Part-time,NAT_DEF,National definition,A,Annual,2017,,13.226,,A,Normal value,0,Units,1,One
DATAFLOW,OECD.ELS.SAE:DSD_FTPT@DF_FTPT_NATIONAL_INC(1.0),Incidence of full-time and part-time employment based on national definitions,I,GBR,United Kingdom,EMP,Employment,PT_POP_SUB,Percentage of population in the same subgroup,M,Male,_T,Total,EMP,Employment,MAIN,Main job,_T,Total,PT,Part-time,NAT_DEF,National definition,A,Annual,2018,,13.244,,A,Normal value,0,Units,1,One
DATAFLOW,OECD.ELS.SAE:DSD_FTPT@DF_FTPT_NATIONAL_INC(1.0),Incidence of full-time and part-time employment based on national definitions,I,GBR,United Kingdom,EMP,Employment,PT_POP_SUB,Percentage of population in the same subgroup,M,Male,_T,Total,EMP,Employment,MAIN,Main job,_T,Total,PT,Part-time,NAT_DEF,National definition,A,Annual,2019,,13.274,,A,Normal value,0,Units,1,One
DATAFLOW,OECD.ELS.SAE:DSD_FTPT@DF_FTPT_NATIONAL_INC(1.0),Incidence of full-time and part-time employment based on national definitions,I,GBR,United Kingdom,EMP,Employment,PT_POP_SUB,Percentage of population in the same subgroup,M,Male,_T,Total,EMP,Employment,MAIN,Main job,_T,Total,PT,Part-time,NAT_DEF,National definition,A,Annual,2020,,12.681,,A,Normal value,0,Units,1,One
DATAFLOW,OECD.ELS.SAE:DSD_FTPT@DF_FTPT_NATIONAL_INC(1.0),Incidence of full-time and part-time employment based on national definitions,I,GBR,United Kingdom,EMP,Employment,PT_POP_SUB,Percentage of population in the same subgroup,M,Male,_T,Total,EMP,Employment,MAIN,Main job,_T,Total,PT,Part-time,NAT_DEF,National definition,A,Annual,2021,,12.498,,A,Normal value,0,Units,1,One
DATAFLOW,OECD.ELS.SAE:DSD_FTPT@DF_FTPT_NATIONAL_INC(1.0),Incidence of full-time and part-time employment based on national definitions,I,USA,United States,EMP,Employment,PT_POP_SUB,Percentage of population in the same subgroup,M,Male,_T,Total,EMP,Employment,MAIN,Main job,_T,Total,PT,Part-time,NAT_DEF,National definition,A,Annual,2010,,13.441,,A,Normal value,0,Units,1,One
DATAFLOW,OECD.ELS.SAE:DSD_FTPT@DF_FTPT_NATIONAL_INC(1.0),Incidence of full-time and part-time employment based on national definitions,I,USA,United States,EMP,Employment,PT_POP_SUB,Percentage of population in the same subgroup,M,Male,_T,Total,EMP,Employment,MAIN,Main job,_T,Total,PT,Part-time,NAT_DEF,National definition,A,Annual,2011,,13.404,,A,Normal value,0,Units,1,One
DATAFLOW,OECD.ELS.SAE:DSD_FTPT@DF_FTPT_NATIONAL_INC(1.0),Incidence of full-time and part-time employment based on national definitions,I,USA,United States,EMP,Employment,PT_POP_SUB,Percentage of population in the same subgroup,M,Male,_T,Total,EMP,Employment,MAIN,Main job,_T,Total,PT,Part-time,NAT_DEF,National definition,A,Annual,2012,,13.337,,A,Normal value,0,Units,1,One
DATAFLOW,OECD.ELS.SAE:DSD_FTPT@DF_FTPT_NATIONAL_INC(1.0),Incidence of full-time and part-time employment based on national definitions,I,USA,United States,EMP,Employment,PT_POP_SUB,Percentage of population in the same subgroup,M,Male,_T,Total,EMP,Employment,MAIN,Main job,_T,Total,PT,Part-time,NAT_DEF,National definition,A,Annual,2013,,13.121,,A,Normal value,0,Units,1,One
DATAFLOW,OECD.ELS.SAE:DSD_FTPT@DF_FTPT_NATIONAL_INC(1.0),Incidence of full-time and part-time employment based on national definitions,I,USA,United States,EMP,Employment,PT_POP_SUB,Percentage of population in the same subgroup,M,Male,_T,Total,EMP,Employment,MAIN,Main job,_T,Total,PT,Part-time,NAT_DEF,National definition,A,Annual,2014,,12.695,,A,Normal value,0,Units,1,One
DATAFLOW,OECD.ELS.SAE:DSD_FTPT@DF_FTPT_NATIONAL_INC(1.0),Incidence of full-time and part-time employment based on national definitions,I,USA,United States,EMP,Employment,PT_POP_SUB,Percentage of population in the same subgroup,M,Male,_T,Total,EMP,Employment,MAIN,Main job,_T,Total,PT,Part-time,NAT_DEF,National definition,A,Annual,2015,,12.358,,A,Normal value,0,Units,1,One
DATAFLOW,OECD.ELS.SAE:DSD_FTPT@DF_FTPT_NATIONAL_INC(1.0),Incidence of full-time and part-time employment based on national definitions,I,USA,United States,EMP,Employment,PT_POP_SUB,Percentage of population in the same subgroup,M,Male,_T,Total,EMP,Employment,MAIN,Main job,_T,Total,PT,Part-time,NAT_DEF,National definition,A,Annual,2016,,12.413,,A,Normal value,0,Units,1,One
DATAFLOW,OECD.ELS.SAE:DSD_FTPT@DF_FTPT_NATIONAL_INC(1.0),Incidence of full-time and part-time employment based on national definitions,I,USA,United States,EMP,Employment,PT_POP_SUB,Percentage of population in the same subgroup,M,Male,_T,Total,EMP,Employment,MAIN,Main job,_T,Total,PT,Part-time,NAT_DEF,National definition,A,Annual,2017,,12.046,,A,Normal value,0,Units,1,One
DATAFLOW,OECD.ELS.SAE:DSD_FTPT@DF_FTPT_NATIONAL_INC(1.0),Incidence of full-time and part-time employment based on national definitions,I,USA,United States,EMP,Employment,PT_POP_SUB,Percentage of population in the same subgroup,M,Male,_T,Total,EMP,Employment,MAIN,Main job,_T,Total,PT,Part-time,NAT_DEF,National definition,A,Annual,2018,,11.807,,A,Normal value,0,Units,1,One
DATAFLOW,OECD.ELS.SAE:DSD_FTPT@DF_FTPT_NATIONAL_INC(1.0),Incidence of full-time and part-time employment based on national definitions,I,USA,United States,EMP,Employment,PT_POP_SUB,Percentage of population in the same subgroup,M,Male,_T,Total,EMP,Employment,MAIN,Main job,_T,Total,PT,Part-time,NAT_DEF,National definition,A,Annual,2019,,11.547,,A,Normal value,0,Units,1,One
DATAFLOW,OECD.ELS.SAE:DSD_FTPT@DF_FTPT_NATIONAL_INC(1.0),Incidence of full-time and part-time employment based on national definitions,I,USA,United States,EMP,Employment,PT_POP_SUB,Percentage of population in the same subgroup,M,Male,_T,Total,EMP,Employment,MAIN,Main job,_T,Total,PT,Part-time,NAT_DEF,National definition,A,Annual,2020,,11.582,,A,Normal value,0,Units,1,One
DATAFLOW,OECD.ELS.SAE:DSD_FTPT@DF_FTPT_NATIONAL_INC(1.0),Incidence of full-time and part-time employment based on national definitions,I,USA,United States,EMP,Employment,PT_POP_SUB,Percentage of population in the same subgroup,M,Male,_T,Total,EMP,Employment,MAIN,Main job,_T,Total,PT,Part-time,NAT_DEF,National definition,A,Annual,2021,,11.527,,A,Normal value,0,Units,1,One
DATAFLOW,OECD.ELS.SAE:DSD_FTPT@DF_FTPT_NATIONAL_INC(1.0),Incidence of full-time and part-time employment based on national definitions,I,USA,United States,EMP,Employment,PT_POP_SUB,Percentage of population in the same subgroup,M,Male,_T,Total,EMP,Employment,MAIN,Main job,_T,Total,PT,Part-time,NAT_DEF,National definition,A,Annual,2022,,11.551,,A,Normal value,0,Units,1,One
DATAFLOW,OECD.ELS.SAE:DSD_FTPT@DF_FTPT_NATIONAL_INC(1.0),Incidence of full-time and part-time employment based on national definitions,I,EU27,European Union (27 countries),EMP,Employment,PT_POP_SUB,Percentage of population in the same subgroup,M,Male,_T,Total,EMP,Employment,MAIN,Main job,_T,Total,PT,Part-time,NAT_DEF,National definition,A,Annual,2012,,8.564,,A,Normal value,0,Units,1,One
DATAFLOW,OECD.ELS.SAE:DSD_FTPT@DF_FTPT_NATIONAL_INC(1.0),Incidence of full-time and part-time employment based on national definitions,I,EU19OECD,European Union (19 countries) in OECD,EMP,Employment,PT_POP_SUB,Percentage of population in the same subgroup,M,Male,_T,Total,EMP,Employment,MAIN,Main job,_T,Total,PT,Part-time,NAT_DEF,National definition,A,Annual,2014,,9.892,,A,Normal value,0,Units,1,One
DATAFLOW,OECD.ELS.SAE:DSD_FTPT@DF_FTPT_NATIONAL_INC(1.0),Incidence of full-time and part-time employment based on national definitions,I,EU22OECD,European Union (22 countries) in OECD,EMP,Employment,PT_POP_SUB,Percentage of population in the same subgroup,M,Male,_T,Total,EMP,Employment,MAIN,Main job,_T,Total,PT,Part-time,NAT_DEF,National definition,A,Annual,2011,,8.219,,A,Normal value,0,Units,1,One
DATAFLOW,OECD.ELS.SAE:DSD_FTPT@DF_FTPT_NATIONAL_INC(1.0),Incidence of full-time and part-time employment based on national definitions,I,EU22OECD,European Union (22 countries) in OECD,EMP,Employment,PT_POP_SUB,Percentage of population in the same subgroup,M,Male,_T,Total,EMP,Employment,MAIN,Main job,_T,Total,PT,Part-time,NAT_DEF,National definition,A,Annual,2012,,8.64,,A,Normal value,0,Units,1,One
DATAFLOW,OECD.ELS.SAE:DSD_FTPT@DF_FTPT_NATIONAL_INC(1.0),Incidence of full-time and part-time employment based on national definitions,I,EU22OECD,European Union (22 countries) in OECD,EMP,Employment,PT_POP_SUB,Percentage of population in the same subgroup,M,Male,_T,Total,EMP,Employment,MAIN,Main job,_T,Total,PT,Part-time,NAT_DEF,National definition,A,Annual,2017,,9.483,,A,Normal value,0,Units,1,One
DATAFLOW,OECD.ELS.SAE:DSD_FTPT@DF_FTPT_NATIONAL_INC(1.0),Incidence of full-time and part-time employment based on national definitions,I,OECD,OECD,EMP,Employment,PT_POP_SUB,Percentage of population in the same subgroup,M,Male,_T,Total,EMP,Employment,MAIN,Main job,_T,Total,PT,Part-time,NAT_DEF,National definition,A,Annual,2010,,11.125,,A,Normal value,0,Units,1,One
DATAFLOW,OECD.ELS.SAE:DSD_FTPT@DF_FTPT_NATIONAL_INC(1.0),Incidence of full-time and part-time employment based on national definitions,I,OECD,OECD,EMP,Employment,PT_POP_SUB,Percentage of population in the same subgroup,M,Male,_T,Total,EMP,Employment,MAIN,Main job,_T,Total,PT,Part-time,NAT_DEF,National definition,A,Annual,2012,,11.465,,A,Normal value,0,Units,1,One
DATAFLOW,OECD.ELS.SAE:DSD_FTPT@DF_FTPT_NATIONAL_INC(1.0),Incidence of full-time and part-time employment based on national definitions,I,OECD,OECD,EMP,Employment,PT_POP_SUB,Percentage of population in the same subgroup,M,Male,_T,Total,EMP,Employment,MAIN,Main job,_T,Total,PT,Part-time,NAT_DEF,National definition,A,Annual,2013,,11.684,,A,Normal value,0,Units,1,One
DATAFLOW,OECD.ELS.SAE:DSD_FTPT@DF_FTPT_NATIONAL_INC(1.0),Incidence of full-time and part-time employment based on national definitions,I,OECD,OECD,EMP,Employment,PT_POP_SUB,Percentage of population in the same subgroup,M,Male,_T,Total,EMP,Employment,MAIN,Main job,_T,Total,PT,Part-time,NAT_DEF,National definition,A,Annual,2014,,11.633,,A,Normal value,0,Units,1,One
DATAFLOW,OECD.ELS.SAE:DSD_FTPT@DF_FTPT_NATIONAL_INC(1.0),Incidence of full-time and part-time employment based on national definitions,I,OECD,OECD,EMP,Employment,PT_POP_SUB,Percentage of population in the same subgroup,M,Male,_T,Total,EMP,Employment,MAIN,Main job,_T,Total,PT,Part-time,NAT_DEF,National definition,A,Annual,2016,,11.559,,A,Normal value,0,Units,1,One
DATAFLOW,OECD.ELS.SAE:DSD_FTPT@DF_FTPT_NATIONAL_INC(1.0),Incidence of full-time and part-time employment based on national definitions,I,BGR,Bulgaria,EMP,Employment,PT_POP_SUB,Percentage of population in the same subgroup,M,Male,_T,Total,EMP,Employment,MAIN,Main job,_T,Total,PT,Part-time,NAT_DEF,National definition,A,Annual,2010,,1.659,,A,Normal value,0,Units,1,One
DATAFLOW,OECD.ELS.SAE:DSD_FTPT@DF_FTPT_NATIONAL_INC(1.0),Incidence of full-time and part-time employment based on national definitions,I,BGR,Bulgaria,EMP,Employment,PT_POP_SUB,Percentage of population in the same subgroup,M,Male,_T,Total,EMP,Employment,MAIN,Main job,_T,Total,PT,Part-time,NAT_DEF,National definition,A,Annual,2014,,1.884,,A,Normal value,0,Units,1,One
DATAFLOW,OECD.ELS.SAE:DSD_FTPT@DF_FTPT_NATIONAL_INC(1.0),Incidence of full-time and part-time employment based on national definitions,I,IDN,Indonesia,EMP,Employment,PT_POP_SUB,Percentage of population in the same subgroup,M,Male,_T,Total,EMP,Employment,MAIN,Main job,_T,Total,PT,Part-time,NAT_DEF,National definition,A,Annual,2010,,28.881,,A,Normal value,0,Units,1,One
DATAFLOW,OECD.ELS.SAE:DSD_FTPT@DF_FTPT_NATIONAL_INC(1.0),Incidence of full-time and part-time employment based on national definitions,I,IDN,Indonesia,EMP,Employment,PT_POP_SUB,Percentage of population in the same subgroup,M,Male,_T,Total,EMP,Employment,MAIN,Main job,_T,Total,PT,Part-time,NAT_DEF,National definition,A,Annual,2011,,29.443,,A,Normal value,0,Units,1,One
DATAFLOW,OECD.ELS.SAE:DSD_FTPT@DF_FTPT_NATIONAL_INC(1.0),Incidence of full-time and part-time employment based on national definitions,I,IDN,Indonesia,EMP,Employment,PT_POP_SUB,Percentage of population in the same subgroup,M,Male,_T,Total,EMP,Employment,MAIN,Main job,_T,Total,PT,Part-time,NAT_DEF,National definition,A,Annual,2012,,29.958,,A,Normal value,0,Units,1,One
DATAFLOW,OECD.ELS.SAE:DSD_FTPT@DF_FTPT_NATIONAL_INC(1.0),Incidence of full-time and part-time employment based on national definitions,I,IDN,Indonesia,EMP,Employment,PT_POP_SUB,Percentage of population in the same subgroup,M,Male,_T,Total,EMP,Employment,MAIN,Main job,_T,Total,PT,Part-time,NAT_DEF,National definition,A,Annual,2013,,34.393,,A,Normal value,0,Units,1,One
DATAFLOW,OECD.ELS.SAE:DSD_FTPT@DF_FTPT_NATIONAL_INC(1.0),Incidence of full-time and part-time employment based on national definitions,I,IDN,Indonesia,EMP,Employment,PT_POP_SUB,Percentage of population in the same subgroup,M,Male,_T,Total,EMP,Employment,MAIN,Main job,_T,Total,PT,Part-time,NAT_DEF,National definition,A,Annual,2014,,29.99,,A,Normal value,0,Units,1,One
DATAFLOW,OECD.ELS.SAE:DSD_FTPT@DF_FTPT_NATIONAL_INC(1.0),Incidence of full-time and part-time employment based on national definitions,I,IDN,Indonesia,EMP,Employment,PT_POP_SUB,Percentage of population in the same subgroup,M,Male,_T,Total,EMP,Employment,MAIN,Main job,_T,Total,PT,Part-time,NAT_DEF,National definition,A,Annual,2015,,27.71,,A,Normal value,0,Units,1,One
DATAFLOW,OECD.ELS.SAE:DSD_FTPT@DF_FTPT_NATIONAL_INC(1.0),Incidence of full-time and part-time employment based on national definitions,I,IDN,Indonesia,EMP,Employment,PT_POP_SUB,Percentage of population in the same subgroup,M,Male,_T,Total,EMP,Employment,MAIN,Main job,_T,Total,PT,Part-time,NAT_DEF,National definition,A,Annual,2016,,26.371,,A,Normal value,0,Units,1,One
DATAFLOW,OECD.ELS.SAE:DSD_FTPT@DF_FTPT_NATIONAL_INC(1.0),Incidence of full-time and part-time employment based on national definitions,I,IDN,Indonesia,EMP,Employment,PT_POP_SUB,Percentage of population in the same subgroup,M,Male,_T,Total,EMP,Employment,MAIN,Main job,_T,Total,PT,Part-time,NAT_DEF,National definition,A,Annual,2017,,26.941,,A,Normal value,0,Units,1,One
DATAFLOW,OECD.ELS.SAE:DSD_FTPT@DF_FTPT_NATIONAL_INC(1.0),Incidence of full-time and part-time employment based on national definitions,I,ROU,Romania,EMP,Employment,PT_POP_SUB,Percentage of population in the same subgroup,M,Male,_T,Total,EMP,Employment,MAIN,Main job,_T,Total,PT,Part-time,NAT_DEF,National definition,A,Annual,2011,,9.777,,A,Normal value,0,Units,1,One
DATAFLOW,OECD.ELS.SAE:DSD_FTPT@DF_FTPT_NATIONAL_INC(1.0),Incidence of full-time and part-time employment based on national definitions,I,ROU,Romania,EMP,Employment,PT_POP_SUB,Percentage of population in the same subgroup,M,Male,_T,Total,EMP,Employment,MAIN,Main job,_T,Total,PT,Part-time,NAT_DEF,National definition,A,Annual,2012,,9.684,,A,Normal value,0,Units,1,One
DATAFLOW,OECD.ELS.SAE:DSD_FTPT@DF_FTPT_NATIONAL_INC(1.0),Incidence of full-time and part-time employment based on national definitions,I,ROU,Romania,EMP,Employment,PT_POP_SUB,Percentage of population in the same subgroup,M,Male,_T,Total,EMP,Employment,MAIN,Main job,_T,Total,PT,Part-time,NAT_DEF,National definition,A,Annual,2014,,9.102,,A,Normal value,0,Units,1,One
DATAFLOW,OECD.ELS.SAE:DSD_FTPT@DF_FTPT_NATIONAL_INC(1.0),Incidence of full-time and part-time employment based on national definitions,I,ROU,Romania,EMP,Employment,PT_POP_SUB,Percentage of population in the same subgroup,M,Male,_T,Total,EMP,Employment,MAIN,Main job,_T,Total,PT,Part-time,NAT_DEF,National definition,A,Annual,2015,,9.405,,A,Normal value,0,Units,1,One
DATAFLOW,OECD.ELS.SAE:DSD_FTPT@DF_FTPT_NATIONAL_INC(1.0),Incidence of full-time and part-time employment based on national definitions,I,ROU,Romania,EMP,Employment,PT_POP_SUB,Percentage of population in the same subgroup,M,Male,_T,Total,EMP,Employment,MAIN,Main job,_T,Total,PT,Part-time,NAT_DEF,National definition,A,Annual,2016,,8.083,,A,Normal value,0,Units,1,One
DATAFLOW,OECD.ELS.SAE:DSD_FTPT@DF_FTPT_NATIONAL_INC(1.0),Incidence of full-time and part-time employment based on national definitions,I,ROU,Romania,EMP,Employment,PT_POP_SUB,Percentage of population in the same subgroup,M,Male,_T,Total,EMP,Employment,MAIN,Main job,_T,Total,PT,Part-time,NAT_DEF,National definition,A,Annual,2017,,7.544,,A,Normal value,0,Units,1,One
DATAFLOW,OECD.ELS.SAE:DSD_FTPT@DF_FTPT_NATIONAL_INC(1.0),Incidence of full-time and part-time employment based on national definitions,I,ROU,Romania,EMP,Employment,PT_POP_SUB,Percentage of population in the same subgroup,M,Male,_T,Total,EMP,Employment,MAIN,Main job,_T,Total,PT,Part-time,NAT_DEF,National definition,A,Annual,2018,,7.053,,A,Normal value,0,Units,1,One
DATAFLOW,OECD.ELS.SAE:DSD_FTPT@DF_FTPT_NATIONAL_INC(1.0),Incidence of full-time and part-time employment based on national definitions,I,ROU,Romania,EMP,Employment,PT_POP_SUB,Percentage of population in the same subgroup,M,Male,_T,Total,EMP,Employment,MAIN,Main job,_T,Total,PT,Part-time,NAT_DEF,National definition,A,Annual,2019,,6.755,,A,Normal value,0,Units,1,One
DATAFLOW,OECD.ELS.SAE:DSD_FTPT@DF_FTPT_NATIONAL_INC(1.0),Incidence of full-time and part-time employment based on national definitions,I,ROU,Romania,EMP,Employment,PT_POP_SUB,Percentage of population in the same subgroup,M,Male,_T,Total,EMP,Employment,MAIN,Main job,_T,Total,PT,Part-time,NAT_DEF,National definition,A,Annual,2022,,3.942,,A,Normal value,0,Units,1,One
DATAFLOW,OECD.ELS.SAE:DSD_FTPT@DF_FTPT_NATIONAL_INC(1.0),Incidence of full-time and part-time employment based on national definitions,I,RUS,Russia,EMP,Employment,PT_POP_SUB,Percentage of population in the same subgroup,M,Male,_T,Total,EMP,Employment,MAIN,Main job,_T,Total,PT,Part-time,NAT_DEF,National definition,A,Annual,2010,,5.562,,A,Normal value,0,Units,1,One
DATAFLOW,OECD.ELS.SAE:DSD_FTPT@DF_FTPT_NATIONAL_INC(1.0),Incidence of full-time and part-time employment based on national definitions,I,RUS,Russia,EMP,Employment,PT_POP_SUB,Percentage of population in the same subgroup,M,Male,_T,Total,EMP,Employment,MAIN,Main job,_T,Total,PT,Part-time,NAT_DEF,National definition,A,Annual,2011,,5.146,,A,Normal value,0,Units,1,One
DATAFLOW,OECD.ELS.SAE:DSD_FTPT@DF_FTPT_NATIONAL_INC(1.0),Incidence of full-time and part-time employment based on national definitions,I,RUS,Russia,EMP,Employment,PT_POP_SUB,Percentage of population in the same subgroup,M,Male,_T,Total,EMP,Employment,MAIN,Main job,_T,Total,PT,Part-time,NAT_DEF,National definition,A,Annual,2012,,4.924,,A,Normal value,0,Units,1,One
DATAFLOW,OECD.ELS.SAE:DSD_FTPT@DF_FTPT_NATIONAL_INC(1.0),Incidence of full-time and part-time employment based on national definitions,I,RUS,Russia,EMP,Employment,PT_POP_SUB,Percentage of population in the same subgroup,M,Male,_T,Total,EMP,Employment,MAIN,Main job,_T,Total,PT,Part-time,NAT_DEF,National definition,A,Annual,2013,,4.86,,A,Normal value,0,Units,1,One
DATAFLOW,OECD.ELS.SAE:DSD_FTPT@DF_FTPT_NATIONAL_INC(1.0),Incidence of full-time and part-time employment based on national definitions,I,RUS,Russia,EMP,Employment,PT_POP_SUB,Percentage of population in the same subgroup,M,Male,_T,Total,EMP,Employment,MAIN,Main job,_T,Total,PT,Part-time,NAT_DEF,National definition,A,Annual,2014,,4.672,,A,Normal value,0,Units,1,One
DATAFLOW,OECD.ELS.SAE:DSD_FTPT@DF_FTPT_NATIONAL_INC(1.0),Incidence of full-time and part-time employment based on national definitions,I,RUS,Russia,EMP,Employment,PT_POP_SUB,Percentage of population in the same subgroup,M,Male,_T,Total,EMP,Employment,MAIN,Main job,_T,Total,PT,Part-time,NAT_DEF,National definition,A,Annual,2015,,4.938,,A,Normal value,0,Units,1,One
DATAFLOW,OECD.ELS.SAE:DSD_FTPT@DF_FTPT_NATIONAL_INC(1.0),Incidence of full-time and part-time employment based on national definitions,I,RUS,Russia,EMP,Employment,PT_POP_SUB,Percentage of population in the same subgroup,M,Male,_T,Total,EMP,Employment,MAIN,Main job,_T,Total,PT,Part-time,NAT_DEF,National definition,A,Annual,2016,,5.197,,A,Normal value,0,Units,1,One
DATAFLOW,OECD.ELS.SAE:DSD_FTPT@DF_FTPT_NATIONAL_INC(1.0),Incidence of full-time and part-time employment based on national definitions,I,RUS,Russia,EMP,Employment,PT_POP_SUB,Percentage of population in the same subgroup,M,Male,_T,Total,EMP,Employment,MAIN,Main job,_T,Total,PT,Part-time,NAT_DEF,National definition,A,Annual,2018,,4.936,,A,Normal value,0,Units,1,One
DATAFLOW,OECD.ELS.SAE:DSD_FTPT@DF_FTPT_NATIONAL_INC(1.0),Incidence of full-time and part-time employment based on national definitions,I,RUS,Russia,EMP,Employment,PT_POP_SUB,Percentage of population in the same subgroup,M,Male,_T,Total,EMP,Employment,MAIN,Main job,_T,Total,PT,Part-time,NAT_DEF,National definition,A,Annual,2019,,5.181,,A,Normal value,0,Units,1,One
DATAFLOW,OECD.ELS.SAE:DSD_FTPT@DF_FTPT_NATIONAL_INC(1.0),Incidence of full-time and part-time employment based on national definitions,I,RUS,Russia,EMP,Employment,PT_POP_SUB,Percentage of population in the same subgroup,M,Male,_T,Total,EMP,Employment,MAIN,Main job,_T,Total,PT,Part-time,NAT_DEF,National definition,A,Annual,2020,,8.861,,A,Normal value,0,Units,1,One
DATAFLOW,OECD.ELS.SAE:DSD_FTPT@DF_FTPT_NATIONAL_INC(1.0),Incidence of full-time and part-time employment based on national definitions,I,ZAF,South Africa,EMP,Employment,PT_POP_SUB,Percentage of population in the same subgroup,M,Male,_T,Total,EMP,Employment,MAIN,Main job,_T,Total,PT,Part-time,NAT_DEF,National definition,A,Annual,2010,,6.219,,A,Normal value,0,Units,1,One
DATAFLOW,OECD.ELS.SAE:DSD_FTPT@DF_FTPT_NATIONAL_INC(1.0),Incidence of full-time and part-time employment based on national definitions,I,ZAF,South Africa,EMP,Employment,PT_POP_SUB,Percentage of population in the same subgroup,M,Male,_T,Total,EMP,Employment,MAIN,Main job,_T,Total,PT,Part-time,NAT_DEF,National definition,A,Annual,2011,,6.594,,A,Normal value,0,Units,1,One
DATAFLOW,OECD.ELS.SAE:DSD_FTPT@DF_FTPT_NATIONAL_INC(1.0),Incidence of full-time and part-time employment based on national definitions,I,ZAF,South Africa,EMP,Employment,PT_POP_SUB,Percentage of population in the same subgroup,M,Male,_T,Total,EMP,Employment,MAIN,Main job,_T,Total,PT,Part-time,NAT_DEF,National definition,A,Annual,2012,,6.612,,A,Normal value,0,Units,1,One
DATAFLOW,OECD.ELS.SAE:DSD_FTPT@DF_FTPT_NATIONAL_INC(1.0),Incidence of full-time and part-time employment based on national definitions,I,ZAF,South Africa,EMP,Employment,PT_POP_SUB,Percentage of population in the same subgroup,M,Male,_T,Total,EMP,Employment,MAIN,Main job,_T,Total,PT,Part-time,NAT_DEF,National definition,A,Annual,2013,,7.111,,A,Normal value,0,Units,1,One
DATAFLOW,OECD.ELS.SAE:DSD_FTPT@DF_FTPT_NATIONAL_INC(1.0),Incidence of full-time and part-time employment based on national definitions,I,ZAF,South Africa,EMP,Employment,PT_POP_SUB,Percentage of population in the same subgroup,M,Male,_T,Total,EMP,Employment,MAIN,Main job,_T,Total,PT,Part-time,NAT_DEF,National definition,A,Annual,2014,,7.248,,A,Normal value,0,Units,1,One
DATAFLOW,OECD.ELS.SAE:DSD_FTPT@DF_FTPT_NATIONAL_INC(1.0),Incidence of full-time and part-time employment based on national definitions,I,ZAF,South Africa,EMP,Employment,PT_POP_SUB,Percentage of population in the same subgroup,M,Male,_T,Total,EMP,Employment,MAIN,Main job,_T,Total,PT,Part-time,NAT_DEF,National definition,A,Annual,2015,,7.528,,A,Normal value,0,Units,1,One
DATAFLOW,OECD.ELS.SAE:DSD_FTPT@DF_FTPT_NATIONAL_INC(1.0),Incidence of full-time and part-time employment based on national definitions,I,ZAF,South Africa,EMP,Employment,PT_POP_SUB,Percentage of population in the same subgroup,M,Male,_T,Total,EMP,Employment,MAIN,Main job,_T,Total,PT,Part-time,NAT_DEF,National definition,A,Annual,2016,,7.623,,A,Normal value,0,Units,1,One
DATAFLOW,OECD.ELS.SAE:DSD_FTPT@DF_FTPT_NATIONAL_INC(1.0),Incidence of full-time and part-time employment based on national definitions,I,ZAF,South Africa,EMP,Employment,PT_POP_SUB,Percentage of population in the same subgroup,M,Male,_T,Total,EMP,Employment,MAIN,Main job,_T,Total,PT,Part-time,NAT_DEF,National definition,A,Annual,2017,,7.977,,A,Normal value,0,Units,1,One
DATAFLOW,OECD.ELS.SAE:DSD_FTPT@DF_FTPT_NATIONAL_INC(1.0),Incidence of full-time and part-time employment based on national definitions,I,ZAF,South Africa,EMP,Employment,PT_POP_SUB,Percentage of population in the same subgroup,M,Male,_T,Total,EMP,Employment,MAIN,Main job,_T,Total,PT,Part-time,NAT_DEF,National definition,A,Annual,2018,,8.285,,A,Normal value,0,Units,1,One
DATAFLOW,OECD.ELS.SAE:DSD_FTPT@DF_FTPT_NATIONAL_INC(1.0),Incidence of full-time and part-time employment based on national definitions,I,ZAF,South Africa,EMP,Employment,PT_POP_SUB,Percentage of population in the same subgroup,M,Male,_T,Total,EMP,Employment,MAIN,Main job,_T,Total,PT,Part-time,NAT_DEF,National definition,A,Annual,2019,,8.574,,A,Normal value,0,Units,1,One
DATAFLOW,OECD.ELS.SAE:DSD_FTPT@DF_FTPT_NATIONAL_INC(1.0),Incidence of full-time and part-time employment based on national definitions,I,ZAF,South Africa,EMP,Employment,PT_POP_SUB,Percentage of population in the same subgroup,M,Male,_T,Total,EMP,Employment,MAIN,Main job,_T,Total,PT,Part-time,NAT_DEF,National definition,A,Annual,2020,,9.861,,A,Normal value,0,Units,1,One
DATAFLOW,OECD.ELS.SAE:DSD_FTPT@DF_FTPT_NATIONAL_INC(1.0),Incidence of full-time and part-time employment based on national definitions,I,ZAF,South Africa,EMP,Employment,PT_POP_SUB,Percentage of population in the same subgroup,M,Male,_T,Total,EMP,Employment,MAIN,Main job,_T,Total,PT,Part-time,NAT_DEF,National definition,A,Annual,2021,,9.847,,A,Normal value,0,Units,1,One
DATAFLOW,OECD.ELS.SAE:DSD_FTPT@DF_FTPT_NATIONAL_INC(1.0),Incidence of full-time and part-time employment based on national definitions,I,ZAF,South Africa,EMP,Employment,PT_POP_SUB,Percentage of population in the same subgroup,M,Male,_T,Total,EMP,Employment,MAIN,Main job,_T,Total,PT,Part-time,NAT_DEF,National definition,A,Annual,2022,,10.405,,A,Normal value,0,Units,1,One
DATAFLOW,OECD.ELS.SAE:DSD_FTPT@DF_FTPT_NATIONAL_INC(1.0),Incidence of full-time and part-time employment based on national definitions,I,EU27,European Union (27 countries),EMP,Employment,PT_POP_SUB,Percentage of population in the same subgroup,F,Female,_T,Total,EMP,Employment,MAIN,Main job,_T,Total,PT,Part-time,NAT_DEF,National definition,A,Annual,2014,,30.876,,A,Normal value,0,Units,1,One
DATAFLOW,OECD.ELS.SAE:DSD_FTPT@DF_FTPT_NATIONAL_INC(1.0),Incidence of full-time and part-time employment based on national definitions,I,EU27,European Union (27 countries),EMP,Employment,PT_POP_SUB,Percentage of population in the same subgroup,M,Male,_T,Total,EMP,Employment,MAIN,Main job,_T,Total,PT,Part-time,NAT_DEF,National definition,A,Annual,2014,,9.145,,A,Normal value,0,Units,1,One
DATAFLOW,OECD.ELS.SAE:DSD_FTPT@DF_FTPT_NATIONAL_INC(1.0),Incidence of full-time and part-time employment based on national definitions,I,EU27,European Union (27 countries),EMP,Employment,PT_POP_SUB,Percentage of population in the same subgroup,F,Female,_T,Total,EMP,Employment,MAIN,Main job,_T,Total,PT,Part-time,NAT_DEF,National definition,A,Annual,2015,,30.813,,A,Normal value,0,Units,1,One
DATAFLOW,OECD.ELS.SAE:DSD_FTPT@DF_FTPT_NATIONAL_INC(1.0),Incidence of full-time and part-time employment based on national definitions,I,EU27,European Union (27 countries),EMP,Employment,PT_POP_SUB,Percentage of population in the same subgroup,M,Male,_T,Total,EMP,Employment,MAIN,Main job,_T,Total,PT,Part-time,NAT_DEF,National definition,A,Annual,2016,,9.232,,A,Normal value,0,Units,1,One
DATAFLOW,OECD.ELS.SAE:DSD_FTPT@DF_FTPT_NATIONAL_INC(1.0),Incidence of full-time and part-time employment based on national definitions,I,EU27,European Union (27 countries),EMP,Employment,PT_POP_SUB,Percentage of population in the same subgroup,F,Female,_T,Total,EMP,Employment,MAIN,Main job,_T,Total,PT,Part-time,NAT_DEF,National definition,A,Annual,2017,,30.489,,A,Normal value,0,Units,1,One
DATAFLOW,OECD.ELS.SAE:DSD_FTPT@DF_FTPT_NATIONAL_INC(1.0),Incidence of full-time and part-time employment based on national definitions,I,EU27,European Union (27 countries),EMP,Employment,PT_POP_SUB,Percentage of population in the same subgroup,F,Female,_T,Total,EMP,Employment,MAIN,Main job,_T,Total,PT,Part-time,NAT_DEF,National definition,A,Annual,2018,,30.222,,A,Normal value,0,Units,1,One
DATAFLOW,OECD.ELS.SAE:DSD_FTPT@DF_FTPT_NATIONAL_INC(1.0),Incidence of full-time and part-time employment based on national definitions,I,EU27,European Union (27 countries),EMP,Employment,PT_POP_SUB,Percentage of population in the same subgroup,F,Female,_T,Total,EMP,Employment,MAIN,Main job,_T,Total,PT,Part-time,NAT_DEF,National definition,A,Annual,2019,,30.237,,A,Normal value,0,Units,1,One
DATAFLOW,OECD.ELS.SAE:DSD_FTPT@DF_FTPT_NATIONAL_INC(1.0),Incidence of full-time and part-time employment based on national definitions,I,CHL,Chile,EMP,Employment,PT_POP_SUB,Percentage of population in the same subgroup,M,Male,_T,Total,EMP,Employment,MAIN,Main job,_T,Total,PT,Part-time,NAT_DEF,National definition,A,Annual,2015,,12.822,,A,Normal value,0,Units,1,One
DATAFLOW,OECD.ELS.SAE:DSD_FTPT@DF_FTPT_NATIONAL_INC(1.0),Incidence of full-time and part-time employment based on national definitions,I,CHL,Chile,EMP,Employment,PT_POP_SUB,Percentage of population in the same subgroup,M,Male,_T,Total,EMP,Employment,MAIN,Main job,_T,Total,PT,Part-time,NAT_DEF,National definition,A,Annual,2020,,14.208,,A,Normal value,0,Units,1,One
DATAFLOW,OECD.ELS.SAE:DSD_FTPT@DF_FTPT_NATIONAL_INC(1.0),Incidence of full-time and part-time employment based on national definitions,I,DNK,Denmark,EMP,Employment,PT_POP_SUB,Percentage of population in the same subgroup,M,Male,_T,Total,EMP,Employment,MAIN,Main job,_T,Total,PT,Part-time,NAT_DEF,National definition,A,Annual,2020,,15.494,,A,Normal value,0,Units,1,One
DATAFLOW,OECD.ELS.SAE:DSD_FTPT@DF_FTPT_NATIONAL_INC(1.0),Incidence of full-time and part-time employment based on national definitions,I,IRL,Ireland,EMP,Employment,PT_POP_SUB,Percentage of population in the same subgroup,M,Male,_T,Total,EMP,Employment,MAIN,Main job,_T,Total,PT,Part-time,NAT_DEF,National definition,A,Annual,2021,,8.86,,A,Normal value,0,Units,1,One
DATAFLOW,OECD.ELS.SAE:DSD_FTPT@DF_FTPT_NATIONAL_INC(1.0),Incidence of full-time and part-time employment based on national definitions,I,IRL,Ireland,EMP,Employment,PT_POP_SUB,Percentage of population in the same subgroup,F,Female,_T,Total,EMP,Employment,MAIN,Main job,_T,Total,PT,Part-time,NAT_DEF,National definition,A,Annual,2022,,29.47,,A,Normal value,0,Units,1,One
DATAFLOW,OECD.ELS.SAE:DSD_FTPT@DF_FTPT_NATIONAL_INC(1.0),Incidence of full-time and part-time employment based on national definitions,I,CHE,Switzerland,EMP,Employment,PT_POP_SUB,Percentage of population in the same subgroup,M,Male,_T,Total,EMP,Employment,MAIN,Main job,_T,Total,PT,Part-time,NAT_DEF,National definition,A,Annual,2022,,18.8,,A,Normal value,0,Units,1,One
DATAFLOW,OECD.ELS.SAE:DSD_FTPT@DF_FTPT_NATIONAL_INC(1.0),Incidence of full-time and part-time employment based on national definitions,I,AUS,Australia,EMP,Employment,PT_POP_SUB,Percentage of population in the same subgroup,F,Female,_T,Total,EMP,Employment,MAIN,Main job,_T,Total,PT,Part-time,NAT_DEF,National definition,A,Annual,2016,,46.583,,A,Normal value,0,Units,1,One
DATAFLOW,OECD.ELS.SAE:DSD_FTPT@DF_FTPT_NATIONAL_INC(1.0),Incidence of full-time and part-time employment based on national definitions,I,AUS,Australia,EMP,Employment,PT_POP_SUB,Percentage of population in the same subgroup,F,Female,_T,Total,EMP,Employment,MAIN,Main job,_T,Total,PT,Part-time,NAT_DEF,National definition,A,Annual,2018,,46.373,,A,Normal value,0,Units,1,One
DATAFLOW,OECD.ELS.SAE:DSD_FTPT@DF_FTPT_NATIONAL_INC(1.0),Incidence of full-time and part-time employment based on national definitions,I,AUS,Australia,EMP,Employment,PT_POP_SUB,Percentage of population in the same subgroup,F,Female,_T,Total,EMP,Employment,MAIN,Main job,_T,Total,PT,Part-time,NAT_DEF,National definition,A,Annual,2019,,45.799,,A,Normal value,0,Units,1,One
DATAFLOW,OECD.ELS.SAE:DSD_FTPT@DF_FTPT_NATIONAL_INC(1.0),Incidence of full-time and part-time employment based on national definitions,I,AUS,Australia,EMP,Employment,PT_POP_SUB,Percentage of population in the same subgroup,M,Male,_T,Total,EMP,Employment,MAIN,Main job,_T,Total,PT,Part-time,NAT_DEF,National definition,A,Annual,2020,,18.95,,A,Normal value,0,Units,1,One
DATAFLOW,OECD.ELS.SAE:DSD_FTPT@DF_FTPT_NATIONAL_INC(1.0),Incidence of full-time and part-time employment based on national definitions,I,EU22OECD,European Union (22 countries) in OECD,EMP,Employment,PT_POP_SUB,Percentage of population in the same subgroup,F,Female,_T,Total,EMP,Employment,MAIN,Main job,_T,Total,PT,Part-time,NAT_DEF,National definition,A,Annual,2011,,31.567,,A,Normal value,0,Units,1,One
DATAFLOW,OECD.ELS.SAE:DSD_FTPT@DF_FTPT_NATIONAL_INC(1.0),Incidence of full-time and part-time employment based on national definitions,I,EU22OECD,European Union (22 countries) in OECD,EMP,Employment,PT_POP_SUB,Percentage of population in the same subgroup,F,Female,_T,Total,EMP,Employment,MAIN,Main job,_T,Total,PT,Part-time,NAT_DEF,National definition,A,Annual,2012,,32.064,,A,Normal value,0,Units,1,One
DATAFLOW,OECD.ELS.SAE:DSD_FTPT@DF_FTPT_NATIONAL_INC(1.0),Incidence of full-time and part-time employment based on national definitions,I,EU22OECD,European Union (22 countries) in OECD,EMP,Employment,PT_POP_SUB,Percentage of population in the same subgroup,F,Female,_T,Total,EMP,Employment,MAIN,Main job,_T,Total,PT,Part-time,NAT_DEF,National definition,A,Annual,2015,,32.46,,A,Normal value,0,Units,1,One
DATAFLOW,OECD.ELS.SAE:DSD_FTPT@DF_FTPT_NATIONAL_INC(1.0),Incidence of full-time and part-time employment based on national definitions,I,EU22OECD,European Union (22 countries) in OECD,EMP,Employment,PT_POP_SUB,Percentage of population in the same subgroup,M,Male,_T,Total,EMP,Employment,MAIN,Main job,_T,Total,PT,Part-time,NAT_DEF,National definition,A,Annual,2016,,9.436,,A,Normal value,0,Units,1,One
DATAFLOW,OECD.ELS.SAE:DSD_FTPT@DF_FTPT_NATIONAL_INC(1.0),Incidence of full-time and part-time employment based on national definitions,I,EU22OECD,European Union (22 countries) in OECD,EMP,Employment,PT_POP_SUB,Percentage of population in the same subgroup,F,Female,_T,Total,EMP,Employment,MAIN,Main job,_T,Total,PT,Part-time,NAT_DEF,National definition,A,Annual,2018,,31.914,,A,Normal value,0,Units,1,One
DATAFLOW,OECD.ELS.SAE:DSD_FTPT@DF_FTPT_NATIONAL_INC(1.0),Incidence of full-time and part-time employment based on national definitions,I,EU22OECD,European Union (22 countries) in OECD,EMP,Employment,PT_POP_SUB,Percentage of population in the same subgroup,F,Female,_T,Total,EMP,Employment,MAIN,Main job,_T,Total,PT,Part-time,NAT_DEF,National definition,A,Annual,2019,,31.917,,A,Normal value,0,Units,1,One
DATAFLOW,OECD.ELS.SAE:DSD_FTPT@DF_FTPT_NATIONAL_INC(1.0),Incidence of full-time and part-time employment based on national definitions,I,EU22OECD,European Union (22 countries) in OECD,EMP,Employment,PT_POP_SUB,Percentage of population in the same subgroup,M,Male,_T,Total,EMP,Employment,MAIN,Main job,_T,Total,PT,Part-time,NAT_DEF,National definition,A,Annual,2019,,9.506,,A,Normal value,0,Units,1,One
DATAFLOW,OECD.ELS.SAE:DSD_FTPT@DF_FTPT_NATIONAL_INC(1.0),Incidence of full-time and part-time employment based on national definitions,I,POL,Poland,EMP,Employment,PT_POP_SUB,Percentage of population in the same subgroup,F,Female,_T,Total,EMP,Employment,MAIN,Main job,_T,Total,PT,Part-time,NAT_DEF,National definition,A,Annual,2019,,10.179,,A,Normal value,0,Units,1,One
DATAFLOW,OECD.ELS.SAE:DSD_FTPT@DF_FTPT_NATIONAL_INC(1.0),Incidence of full-time and part-time employment based on national definitions,I,POL,Poland,EMP,Employment,PT_POP_SUB,Percentage of population in the same subgroup,M,Male,_T,Total,EMP,Employment,MAIN,Main job,_T,Total,PT,Part-time,NAT_DEF,National definition,A,Annual,2019,,4.374,,A,Normal value,0,Units,1,One
DATAFLOW,OECD.ELS.SAE:DSD_FTPT@DF_FTPT_NATIONAL_INC(1.0),Incidence of full-time and part-time employment based on national definitions,I,POL,Poland,EMP,Employment,PT_POP_SUB,Percentage of population in the same subgroup,M,Male,_T,Total,EMP,Employment,MAIN,Main job,_T,Total,PT,Part-time,NAT_DEF,National definition,A,Annual,2020,,4.221,,A,Normal value,0,Units,1,One
DATAFLOW,OECD.ELS.SAE:DSD_FTPT@DF_FTPT_NATIONAL_INC(1.0),Incidence of full-time and part-time employment based on national definitions,I,POL,Poland,EMP,Employment,PT_POP_SUB,Percentage of population in the same subgroup,F,Female,_T,Total,EMP,Employment,MAIN,Main job,_T,Total,PT,Part-time,NAT_DEF,National definition,A,Annual,2020,,9.894,,A,Normal value,0,Units,1,One
DATAFLOW,OECD.ELS.SAE:DSD_FTPT@DF_FTPT_NATIONAL_INC(1.0),Incidence of full-time and part-time employment based on national definitions,I,POL,Poland,EMP,Employment,PT_POP_SUB,Percentage of population in the same subgroup,F,Female,_T,Total,EMP,Employment,MAIN,Main job,_T,Total,PT,Part-time,NAT_DEF,National definition,A,Annual,2021,,7.974,,A,Normal value,0,Units,1,One
DATAFLOW,OECD.ELS.SAE:DSD_FTPT@DF_FTPT_NATIONAL_INC(1.0),Incidence of full-time and part-time employment based on national definitions,I,POL,Poland,EMP,Employment,PT_POP_SUB,Percentage of population in the same subgroup,M,Male,_T,Total,EMP,Employment,MAIN,Main job,_T,Total,PT,Part-time,NAT_DEF,National definition,A,Annual,2021,,3.601,,A,Normal value,0,Units,1,One
DATAFLOW,OECD.ELS.SAE:DSD_FTPT@DF_FTPT_NATIONAL_INC(1.0),Incidence of full-time and part-time employment based on national definitions,I,POL,Poland,EMP,Employment,PT_POP_SUB,Percentage of population in the same subgroup,M,Male,_T,Total,EMP,Employment,MAIN,Main job,_T,Total,PT,Part-time,NAT_DEF,National definition,A,Annual,2022,,3.732,,A,Normal value,0,Units,1,One
DATAFLOW,OECD.ELS.SAE:DSD_FTPT@DF_FTPT_NATIONAL_INC(1.0),Incidence of full-time and part-time employment based on national definitions,I,POL,Poland,EMP,Employment,PT_POP_SUB,Percentage of population in the same subgroup,F,Female,_T,Total,EMP,Employment,MAIN,Main job,_T,Total,PT,Part-time,NAT_DEF,National definition,A,Annual,2022,,7.969,,A,Normal value,0,Units,1,One
DATAFLOW,OECD.ELS.SAE:DSD_FTPT@DF_FTPT_NATIONAL_INC(1.0),Incidence of full-time and part-time employment based on national definitions,I,POL,Poland,EMP,Employment,PT_POP_SUB,Percentage of population in the same subgroup,F,Female,_T,Total,EMP,Employment,MAIN,Main job,_T,Total,PT,Part-time,NAT_DEF,National definition,A,Annual,2023,,8.481,,A,Normal value,0,Units,1,One
DATAFLOW,OECD.ELS.SAE:DSD_FTPT@DF_FTPT_NATIONAL_INC(1.0),Incidence of full-time and part-time employment based on national definitions,I,EU19OECD,European Union (19 countries) in OECD,EMP,Employment,PT_POP_SUB,Percentage of population in the same subgroup,M,Male,_T,Total,EMP,Employment,MAIN,Main job,_T,Total,PT,Part-time,NAT_DEF,National definition,A,Annual,2019,,10.201,,A,Normal value,0,Units,1,One
DATAFLOW,OECD.ELS.SAE:DSD_FTPT@DF_FTPT_NATIONAL_INC(1.0),Incidence of full-time and part-time employment based on national definitions,I,EU19OECD,European Union (19 countries) in OECD,EMP,Employment,PT_POP_SUB,Percentage of population in the same subgroup,F,Female,_T,Total,EMP,Employment,MAIN,Main job,_T,Total,PT,Part-time,NAT_DEF,National definition,A,Annual,2012,,35.472,,A,Normal value,0,Units,1,One
DATAFLOW,OECD.ELS.SAE:DSD_FTPT@DF_FTPT_NATIONAL_INC(1.0),Incidence of full-time and part-time employment based on national definitions,I,EU19OECD,European Union (19 countries) in OECD,EMP,Employment,PT_POP_SUB,Percentage of population in the same subgroup,F,Female,_T,Total,EMP,Employment,MAIN,Main job,_T,Total,PT,Part-time,NAT_DEF,National definition,A,Annual,2015,,36.247,,A,Normal value,0,Units,1,One
DATAFLOW,OECD.ELS.SAE:DSD_FTPT@DF_FTPT_NATIONAL_INC(1.0),Incidence of full-time and part-time employment based on national definitions,I,EU19OECD,European Union (19 countries) in OECD,EMP,Employment,PT_POP_SUB,Percentage of population in the same subgroup,F,Female,_T,Total,EMP,Employment,MAIN,Main job,_T,Total,PT,Part-time,NAT_DEF,National definition,A,Annual,2017,,35.916,,A,Normal value,0,Units,1,One
DATAFLOW,OECD.ELS.SAE:DSD_FTPT@DF_FTPT_NATIONAL_INC(1.0),Incidence of full-time and part-time employment based on national definitions,I,EU19OECD,European Union (19 countries) in OECD,EMP,Employment,PT_POP_SUB,Percentage of population in the same subgroup,F,Female,_T,Total,EMP,Employment,MAIN,Main job,_T,Total,PT,Part-time,NAT_DEF,National definition,A,Annual,2018,,35.587,,A,Normal value,0,Units,1,One
DATAFLOW,OECD.ELS.SAE:DSD_FTPT@DF_FTPT_NATIONAL_INC(1.0),Incidence of full-time and part-time employment based on national definitions,I,OECD,OECD,EMP,Employment,PT_POP_SUB,Percentage of population in the same subgroup,M,Male,_T,Total,EMP,Employment,MAIN,Main job,_T,Total,PT,Part-time,NAT_DEF,National definition,A,Annual,2017,,11.399,,A,Normal value,0,Units,1,One
DATAFLOW,OECD.ELS.SAE:DSD_FTPT@DF_FTPT_NATIONAL_INC(1.0),Incidence of full-time and part-time employment based on national definitions,I,OECD,OECD,EMP,Employment,PT_POP_SUB,Percentage of population in the same subgroup,M,Male,_T,Total,EMP,Employment,MAIN,Main job,_T,Total,PT,Part-time,NAT_DEF,National definition,A,Annual,2018,,11.453,,A,Normal value,0,Units,1,One
DATAFLOW,OECD.ELS.SAE:DSD_FTPT@DF_FTPT_NATIONAL_INC(1.0),Incidence of full-time and part-time employment based on national definitions,I,OECD,OECD,EMP,Employment,PT_POP_SUB,Percentage of population in the same subgroup,M,Male,_T,Total,EMP,Employment,MAIN,Main job,_T,Total,PT,Part-time,NAT_DEF,National definition,A,Annual,2019,,11.695,,A,Normal value,0,Units,1,One
DATAFLOW,OECD.ELS.SAE:DSD_FTPT@DF_FTPT_NATIONAL_INC(1.0),Incidence of full-time and part-time employment based on national definitions,I,OECD,OECD,EMP,Employment,PT_POP_SUB,Percentage of population in the same subgroup,M,Male,_T,Total,EMP,Employment,MAIN,Main job,_T,Total,PT,Part-time,NAT_DEF,National definition,A,Annual,2020,,11.973,,A,Normal value,0,Units,1,One
DATAFLOW,OECD.ELS.SAE:DSD_FTPT@DF_FTPT_NATIONAL_INC(1.0),Incidence of full-time and part-time employment based on national definitions,I,OECD,OECD,EMP,Employment,PT_POP_SUB,Percentage of population in the same subgroup,F,Female,_T,Total,EMP,Employment,MAIN,Main job,_T,Total,PT,Part-time,NAT_DEF,National definition,A,Annual,2011,,31.413,,A,Normal value,0,Units,1,One
DATAFLOW,OECD.ELS.SAE:DSD_FTPT@DF_FTPT_NATIONAL_INC(1.0),Incidence of full-time and part-time employment based on national definitions,I,OECD,OECD,EMP,Employment,PT_POP_SUB,Percentage of population in the same subgroup,F,Female,_T,Total,EMP,Employment,MAIN,Main job,_T,Total,PT,Part-time,NAT_DEF,National definition,A,Annual,2015,,31.248,,A,Normal value,0,Units,1,One
DATAFLOW,OECD.ELS.SAE:DSD_FTPT@DF_FTPT_NATIONAL_INC(1.0),Incidence of full-time and part-time employment based on national definitions,I,OECD,OECD,EMP,Employment,PT_POP_SUB,Percentage of population in the same subgroup,F,Female,_T,Total,EMP,Employment,MAIN,Main job,_T,Total,PT,Part-time,NAT_DEF,National definition,A,Annual,2016,,31.067,,A,Normal value,0,Units,1,One
DATAFLOW,OECD.ELS.SAE:DSD_FTPT@DF_FTPT_NATIONAL_INC(1.0),Incidence of full-time and part-time employment based on national definitions,I,OECD,OECD,EMP,Employment,PT_POP_SUB,Percentage of population in the same subgroup,F,Female,_T,Total,EMP,Employment,MAIN,Main job,_T,Total,PT,Part-time,NAT_DEF,National definition,A,Annual,2018,,30.583,,A,Normal value,0,Units,1,One
DATAFLOW,OECD.ELS.SAE:DSD_FTPT@DF_FTPT_NATIONAL_INC(1.0),Incidence of full-time and part-time employment based on national definitions,I,OECD,OECD,EMP,Employment,PT_POP_SUB,Percentage of population in the same subgroup,F,Female,_T,Total,EMP,Employment,MAIN,Main job,_T,Total,PT,Part-time,NAT_DEF,National definition,A,Annual,2019,,30.543,,A,Normal value,0,Units,1,One
DATAFLOW,OECD.ELS.SAE:DSD_FTPT@DF_FTPT_NATIONAL_INC(1.0),Incidence of full-time and part-time employment based on national definitions,I,OECD,OECD,EMP,Employment,PT_POP_SUB,Percentage of population in the same subgroup,F,Female,_T,Total,EMP,Employment,MAIN,Main job,_T,Total,PT,Part-time,NAT_DEF,National definition,A,Annual,2020,,30.155,,A,Normal value,0,Units,1,One
DATAFLOW,OECD.ELS.SAE:DSD_FTPT@DF_FTPT_NATIONAL_INC(1.0),Incidence of full-time and part-time employment based on national definitions,I,PER,Peru,EMP,Employment,PT_POP_SUB,Percentage of population in the same subgroup,F,Female,_T,Total,EMP,Employment,MAIN,Main job,_T,Total,PT,Part-time,NAT_DEF,National definition,A,Annual,2010,,35.041,,A,Normal value,0,Units,1,One
DATAFLOW,OECD.ELS.SAE:DSD_FTPT@DF_FTPT_NATIONAL_INC(1.0),Incidence of full-time and part-time employment based on national definitions,I,PER,Peru,EMP,Employment,PT_POP_SUB,Percentage of population in the same subgroup,M,Male,_T,Total,EMP,Employment,MAIN,Main job,_T,Total,PT,Part-time,NAT_DEF,National definition,A,Annual,2010,,18.106,,A,Normal value,0,Units,1,One
DATAFLOW,OECD.ELS.SAE:DSD_FTPT@DF_FTPT_NATIONAL_INC(1.0),Incidence of full-time and part-time employment based on national definitions,I,PER,Peru,EMP,Employment,PT_POP_SUB,Percentage of population in the same subgroup,F,Female,_T,Total,EMP,Employment,MAIN,Main job,_T,Total,PT,Part-time,NAT_DEF,National definition,A,Annual,2011,,35.231,,A,Normal value,0,Units,1,One
DATAFLOW,OECD.ELS.SAE:DSD_FTPT@DF_FTPT_NATIONAL_INC(1.0),Incidence of full-time and part-time employment based on national definitions,I,PER,Peru,EMP,Employment,PT_POP_SUB,Percentage of population in the same subgroup,M,Male,_T,Total,EMP,Employment,MAIN,Main job,_T,Total,PT,Part-time,NAT_DEF,National definition,A,Annual,2011,,18.177,,A,Normal value,0,Units,1,One
DATAFLOW,OECD.ELS.SAE:DSD_FTPT@DF_FTPT_NATIONAL_INC(1.0),Incidence of full-time and part-time employment based on national definitions,I,PER,Peru,EMP,Employment,PT_POP_SUB,Percentage of population in the same subgroup,M,Male,_T,Total,EMP,Employment,MAIN,Main job,_T,Total,PT,Part-time,NAT_DEF,National definition,A,Annual,2012,,19.089,,A,Normal value,0,Units,1,One
DATAFLOW,OECD.ELS.SAE:DSD_FTPT@DF_FTPT_NATIONAL_INC(1.0),Incidence of full-time and part-time employment based on national definitions,I,PER,Peru,EMP,Employment,PT_POP_SUB,Percentage of population in the same subgroup,F,Female,_T,Total,EMP,Employment,MAIN,Main job,_T,Total,PT,Part-time,NAT_DEF,National definition,A,Annual,2013,,35.403,,A,Normal value,0,Units,1,One
DATAFLOW,OECD.ELS.SAE:DSD_FTPT@DF_FTPT_NATIONAL_INC(1.0),Incidence of full-time and part-time employment based on national definitions,I,PER,Peru,EMP,Employment,PT_POP_SUB,Percentage of population in the same subgroup,F,Female,_T,Total,EMP,Employment,MAIN,Main job,_T,Total,PT,Part-time,NAT_DEF,National definition,A,Annual,2014,,35.013,,A,Normal value,0,Units,1,One
DATAFLOW,OECD.ELS.SAE:DSD_FTPT@DF_FTPT_NATIONAL_INC(1.0),Incidence of full-time and part-time employment based on national definitions,I,PER,Peru,EMP,Employment,PT_POP_SUB,Percentage of population in the same subgroup,F,Female,_T,Total,EMP,Employment,MAIN,Main job,_T,Total,PT,Part-time,NAT_DEF,National definition,A,Annual,2015,,33.278,,A,Normal value,0,Units,1,One
DATAFLOW,OECD.ELS.SAE:DSD_FTPT@DF_FTPT_NATIONAL_INC(1.0),Incidence of full-time and part-time employment based on national definitions,I,PER,Peru,EMP,Employment,PT_POP_SUB,Percentage of population in the same subgroup,F,Female,_T,Total,EMP,Employment,MAIN,Main job,_T,Total,PT,Part-time,NAT_DEF,National definition,A,Annual,2016,,34.872,,A,Normal value,0,Units,1,One
DATAFLOW,OECD.ELS.SAE:DSD_FTPT@DF_FTPT_NATIONAL_INC(1.0),Incidence of full-time and part-time employment based on national definitions,I,PER,Peru,EMP,Employment,PT_POP_SUB,Percentage of population in the same subgroup,M,Male,_T,Total,EMP,Employment,MAIN,Main job,_T,Total,PT,Part-time,NAT_DEF,National definition,A,Annual,2016,,19.06,,A,Normal value,0,Units,1,One
DATAFLOW,OECD.ELS.SAE:DSD_FTPT@DF_FTPT_NATIONAL_INC(1.0),Incidence of full-time and part-time employment based on national definitions,I,PER,Peru,EMP,Employment,PT_POP_SUB,Percentage of population in the same subgroup,F,Female,_T,Total,EMP,Employment,MAIN,Main job,_T,Total,PT,Part-time,NAT_DEF,National definition,A,Annual,2018,,33.936,,A,Normal value,0,Units,1,One
DATAFLOW,OECD.ELS.SAE:DSD_FTPT@DF_FTPT_NATIONAL_INC(1.0),Incidence of full-time and part-time employment based on national definitions,I,PER,Peru,EMP,Employment,PT_POP_SUB,Percentage of population in the same subgroup,M,Male,_T,Total,EMP,Employment,MAIN,Main job,_T,Total,PT,Part-time,NAT_DEF,National definition,A,Annual,2018,,19.11,,A,Normal value,0,Units,1,One
DATAFLOW,OECD.ELS.SAE:DSD_FTPT@DF_FTPT_NATIONAL_INC(1.0),Incidence of full-time and part-time employment based on national definitions,I,PER,Peru,EMP,Employment,PT_POP_SUB,Percentage of population in the same subgroup,M,Male,_T,Total,EMP,Employment,MAIN,Main job,_T,Total,PT,Part-time,NAT_DEF,National definition,A,Annual,2019,,19.74,,A,Normal value,0,Units,1,One
DATAFLOW,OECD.ELS.SAE:DSD_FTPT@DF_FTPT_NATIONAL_INC(1.0),Incidence of full-time and part-time employment based on national definitions,I,PER,Peru,EMP,Employment,PT_POP_SUB,Percentage of population in the same subgroup,F,Female,_T,Total,EMP,Employment,MAIN,Main job,_T,Total,PT,Part-time,NAT_DEF,National definition,A,Annual,2021,,35.361,,A,Normal value,0,Units,1,One
DATAFLOW,OECD.ELS.SAE:DSD_FTPT@DF_FTPT_NATIONAL_INC(1.0),Incidence of full-time and part-time employment based on national definitions,I,PER,Peru,EMP,Employment,PT_POP_SUB,Percentage of population in the same subgroup,M,Male,_T,Total,EMP,Employment,MAIN,Main job,_T,Total,PT,Part-time,NAT_DEF,National definition,A,Annual,2021,,20.542,,A,Normal value,0,Units,1,One
DATAFLOW,OECD.ELS.SAE:DSD_FTPT@DF_FTPT_NATIONAL_INC(1.0),Incidence of full-time and part-time employment based on national definitions,I,PER,Peru,EMP,Employment,PT_POP_SUB,Percentage of population in the same subgroup,F,Female,_T,Total,EMP,Employment,MAIN,Main job,_T,Total,PT,Part-time,NAT_DEF,National definition,A,Annual,2022,,36.087,,A,Normal value,0,Units,1,One
DATAFLOW,OECD.ELS.SAE:DSD_FTPT@DF_FTPT_NATIONAL_INC(1.0),Incidence of full-time and part-time employment based on national definitions,I,PER,Peru,EMP,Employment,PT_POP_SUB,Percentage of population in the same subgroup,M,Male,_T,Total,EMP,Employment,MAIN,Main job,_T,Total,PT,Part-time,NAT_DEF,National definition,A,Annual,2022,,19.887,,A,Normal value,0,Units,1,One
DATAFLOW,OECD.ELS.SAE:DSD_FTPT@DF_FTPT_NATIONAL_INC(1.0),Incidence of full-time and part-time employment based on national definitions,I,PER,Peru,EMP,Employment,PT_POP_SUB,Percentage of population in the same subgroup,F,Female,_T,Total,EMP,Employment,MAIN,Main job,_T,Total,PT,Part-time,NAT_DEF,National definition,A,Annual,2023,,34.486,,A,Normal value,0,Units,1,One
DATAFLOW,OECD.ELS.SAE:DSD_FTPT@DF_FTPT_NATIONAL_INC(1.0),Incidence of full-time and part-time employment based on national definitions,I,PER,Peru,EMP,Employment,PT_POP_SUB,Percentage of population in the same subgroup,M,Male,_T,Total,EMP,Employment,MAIN,Main job,_T,Total,PT,Part-time,NAT_DEF,National definition,A,Annual,2023,,18.613,,A,Normal value,0,Units,1,One
DATAFLOW,OECD.ELS.SAE:DSD_FTPT@DF_FTPT_NATIONAL_INC(1.0),Incidence of full-time and part-time employment based on national definitions,I,CAN,Canada,EMP,Employment,PT_POP_SUB,Percentage of population in the same subgroup,M,Male,_T,Total,EMP,Employment,MAIN,Main job,_T,Total,PT,Part-time,NAT_DEF,National definition,A,Annual,2011,,12.459,,A,Normal value,0,Units,1,One
DATAFLOW,OECD.ELS.SAE:DSD_FTPT@DF_FTPT_NATIONAL_INC(1.0),Incidence of full-time and part-time employment based on national definitions,I,CAN,Canada,EMP,Employment,PT_POP_SUB,Percentage of population in the same subgroup,F,Female,_T,Total,EMP,Employment,MAIN,Main job,_T,Total,PT,Part-time,NAT_DEF,National definition,A,Annual,2011,,27.172,,A,Normal value,0,Units,1,One
DATAFLOW,OECD.ELS.SAE:DSD_FTPT@DF_FTPT_NATIONAL_INC(1.0),Incidence of full-time and part-time employment based on national definitions,I,CAN,Canada,EMP,Employment,PT_POP_SUB,Percentage of population in the same subgroup,M,Male,_T,Total,EMP,Employment,MAIN,Main job,_T,Total,PT,Part-time,NAT_DEF,National definition,A,Annual,2012,,12.09,,A,Normal value,0,Units,1,One
DATAFLOW,OECD.ELS.SAE:DSD_FTPT@DF_FTPT_NATIONAL_INC(1.0),Incidence of full-time and part-time employment based on national definitions,I,CAN,Canada,EMP,Employment,PT_POP_SUB,Percentage of population in the same subgroup,F,Female,_T,Total,EMP,Employment,MAIN,Main job,_T,Total,PT,Part-time,NAT_DEF,National definition,A,Annual,2013,,26.775,,A,Normal value,0,Units,1,One
DATAFLOW,OECD.ELS.SAE:DSD_FTPT@DF_FTPT_NATIONAL_INC(1.0),Incidence of full-time and part-time employment based on national definitions,I,CAN,Canada,EMP,Employment,PT_POP_SUB,Percentage of population in the same subgroup,M,Male,_T,Total,EMP,Employment,MAIN,Main job,_T,Total,PT,Part-time,NAT_DEF,National definition,A,Annual,2015,,12.36,,A,Normal value,0,Units,1,One
DATAFLOW,OECD.ELS.SAE:DSD_FTPT@DF_FTPT_NATIONAL_INC(1.0),Incidence of full-time and part-time employment based on national definitions,I,CAN,Canada,EMP,Employment,PT_POP_SUB,Percentage of population in the same subgroup,F,Female,_T,Total,EMP,Employment,MAIN,Main job,_T,Total,PT,Part-time,NAT_DEF,National definition,A,Annual,2016,,26.469,,A,Normal value,0,Units,1,One
DATAFLOW,OECD.ELS.SAE:DSD_FTPT@DF_FTPT_NATIONAL_INC(1.0),Incidence of full-time and part-time employment based on national definitions,I,CAN,Canada,EMP,Employment,PT_POP_SUB,Percentage of population in the same subgroup,M,Male,_T,Total,EMP,Employment,MAIN,Main job,_T,Total,PT,Part-time,NAT_DEF,National definition,A,Annual,2017,,13.135,,A,Normal value,0,Units,1,One
DATAFLOW,OECD.ELS.SAE:DSD_FTPT@DF_FTPT_NATIONAL_INC(1.0),Incidence of full-time and part-time employment based on national definitions,I,CAN,Canada,EMP,Employment,PT_POP_SUB,Percentage of population in the same subgroup,F,Female,_T,Total,EMP,Employment,MAIN,Main job,_T,Total,PT,Part-time,NAT_DEF,National definition,A,Annual,2017,,26.395,,A,Normal value,0,Units,1,One
DATAFLOW,OECD.ELS.SAE:DSD_FTPT@DF_FTPT_NATIONAL_INC(1.0),Incidence of full-time and part-time employment based on national definitions,I,CAN,Canada,EMP,Employment,PT_POP_SUB,Percentage of population in the same subgroup,M,Male,_T,Total,EMP,Employment,MAIN,Main job,_T,Total,PT,Part-time,NAT_DEF,National definition,A,Annual,2018,,12.586,,A,Normal value,0,Units,1,One
DATAFLOW,OECD.ELS.SAE:DSD_FTPT@DF_FTPT_NATIONAL_INC(1.0),Incidence of full-time and part-time employment based on national definitions,I,CAN,Canada,EMP,Employment,PT_POP_SUB,Percentage of population in the same subgroup,F,Female,_T,Total,EMP,Employment,MAIN,Main job,_T,Total,PT,Part-time,NAT_DEF,National definition,A,Annual,2019,,25.648,,A,Normal value,0,Units,1,One
DATAFLOW,OECD.ELS.SAE:DSD_FTPT@DF_FTPT_NATIONAL_INC(1.0),Incidence of full-time and part-time employment based on national definitions,I,CAN,Canada,EMP,Employment,PT_POP_SUB,Percentage of population in the same subgroup,M,Male,_T,Total,EMP,Employment,MAIN,Main job,_T,Total,PT,Part-time,NAT_DEF,National definition,A,Annual,2020,,12.194,,A,Normal value,0,Units,1,One
DATAFLOW,OECD.ELS.SAE:DSD_FTPT@DF_FTPT_NATIONAL_INC(1.0),Incidence of full-time and part-time employment based on national definitions,I,CAN,Canada,EMP,Employment,PT_POP_SUB,Percentage of population in the same subgroup,M,Male,_T,Total,EMP,Employment,MAIN,Main job,_T,Total,PT,Part-time,NAT_DEF,National definition,A,Annual,2022,,12.319,,A,Normal value,0,Units,1,One
DATAFLOW,OECD.ELS.SAE:DSD_FTPT@DF_FTPT_NATIONAL_INC(1.0),Incidence of full-time and part-time employment based on national definitions,I,CAN,Canada,EMP,Employment,PT_POP_SUB,Percentage of population in the same subgroup,M,Male,_T,Total,EMP,Employment,MAIN,Main job,_T,Total,PT,Part-time,NAT_DEF,National definition,A,Annual,2023,,12.719,,A,Normal value,0,Units,1,One
DATAFLOW,OECD.ELS.SAE:DSD_FTPT@DF_FTPT_NATIONAL_INC(1.0),Incidence of full-time and part-time employment based on national definitions,I,CAN,Canada,EMP,Employment,PT_POP_SUB,Percentage of population in the same subgroup,F,Female,_T,Total,EMP,Employment,MAIN,Main job,_T,Total,PT,Part-time,NAT_DEF,National definition,A,Annual,2023,,23.646,,A,Normal value,0,Units,1,One
DATAFLOW,OECD.ELS.SAE:DSD_FTPT@DF_FTPT_NATIONAL_INC(1.0),Incidence of full-time and part-time employment based on national definitions,I,ARG,Argentina,EMP,Employment,PT_POP_SUB,Percentage of population in the same subgroup,M,Male,_T,Total,EMP,Employment,MAIN,Main job,_T,Total,PT,Part-time,NAT_DEF,National definition,A,Annual,2016,,14.992,,A,Normal value,0,Units,1,One
DATAFLOW,OECD.ELS.SAE:DSD_FTPT@DF_FTPT_NATIONAL_INC(1.0),Incidence of full-time and part-time employment based on national definitions,I,ARG,Argentina,EMP,Employment,PT_POP_SUB,Percentage of population in the same subgroup,F,Female,_T,Total,EMP,Employment,MAIN,Main job,_T,Total,PT,Part-time,NAT_DEF,National definition,A,Annual,2016,,38.688,,A,Normal value,0,Units,1,One
DATAFLOW,OECD.ELS.SAE:DSD_FTPT@DF_FTPT_NATIONAL_INC(1.0),Incidence of full-time and part-time employment based on national definitions,I,ARG,Argentina,EMP,Employment,PT_POP_SUB,Percentage of population in the same subgroup,F,Female,_T,Total,EMP,Employment,MAIN,Main job,_T,Total,PT,Part-time,NAT_DEF,National definition,A,Annual,2017,,37.94,,A,Normal value,0,Units,1,One
DATAFLOW,OECD.ELS.SAE:DSD_FTPT@DF_FTPT_NATIONAL_INC(1.0),Incidence of full-time and part-time employment based on national definitions,I,ARG,Argentina,EMP,Employment,PT_POP_SUB,Percentage of population in the same subgroup,M,Male,_T,Total,EMP,Employment,MAIN,Main job,_T,Total,PT,Part-time,NAT_DEF,National definition,A,Annual,2017,,16.714,,A,Normal value,0,Units,1,One
DATAFLOW,OECD.ELS.SAE:DSD_FTPT@DF_FTPT_NATIONAL_INC(1.0),Incidence of full-time and part-time employment based on national definitions,I,ARG,Argentina,EMP,Employment,PT_POP_SUB,Percentage of population in the same subgroup,F,Female,_T,Total,EMP,Employment,MAIN,Main job,_T,Total,PT,Part-time,NAT_DEF,National definition,A,Annual,2018,,40.973,,A,Normal value,0,Units,1,One
DATAFLOW,OECD.ELS.SAE:DSD_FTPT@DF_FTPT_NATIONAL_INC(1.0),Incidence of full-time and part-time employment based on national definitions,I,ARG,Argentina,EMP,Employment,PT_POP_SUB,Percentage of population in the same subgroup,M,Male,_T,Total,EMP,Employment,MAIN,Main job,_T,Total,PT,Part-time,NAT_DEF,National definition,A,Annual,2018,,16.682,,A,Normal value,0,Units,1,One
DATAFLOW,OECD.ELS.SAE:DSD_FTPT@DF_FTPT_NATIONAL_INC(1.0),Incidence of full-time and part-time employment based on national definitions,I,ARG,Argentina,EMP,Employment,PT_POP_SUB,Percentage of population in the same subgroup,F,Female,_T,Total,EMP,Employment,MAIN,Main job,_T,Total,PT,Part-time,NAT_DEF,National definition,A,Annual,2019,,41.322,,A,Normal value,0,Units,1,One
DATAFLOW,OECD.ELS.SAE:DSD_FTPT@DF_FTPT_NATIONAL_INC(1.0),Incidence of full-time and part-time employment based on national definitions,I,ARG,Argentina,EMP,Employment,PT_POP_SUB,Percentage of population in the same subgroup,M,Male,_T,Total,EMP,Employment,MAIN,Main job,_T,Total,PT,Part-time,NAT_DEF,National definition,A,Annual,2019,,17.457,,A,Normal value,0,Units,1,One
DATAFLOW,OECD.ELS.SAE:DSD_FTPT@DF_FTPT_NATIONAL_INC(1.0),Incidence of full-time and part-time employment based on national definitions,I,ARG,Argentina,EMP,Employment,PT_POP_SUB,Percentage of population in the same subgroup,F,Female,_T,Total,EMP,Employment,MAIN,Main job,_T,Total,PT,Part-time,NAT_DEF,National definition,A,Annual,2020,,43.347,,A,Normal value,0,Units,1,One
DATAFLOW,OECD.ELS.SAE:DSD_FTPT@DF_FTPT_NATIONAL_INC(1.0),Incidence of full-time and part-time employment based on national definitions,I,ARG,Argentina,EMP,Employment,PT_POP_SUB,Percentage of population in the same subgroup,M,Male,_T,Total,EMP,Employment,MAIN,Main job,_T,Total,PT,Part-time,NAT_DEF,National definition,A,Annual,2020,,21.391,,A,Normal value,0,Units,1,One
DATAFLOW,OECD.ELS.SAE:DSD_FTPT@DF_FTPT_NATIONAL_INC(1.0),Incidence of full-time and part-time employment based on national definitions,I,ARG,Argentina,EMP,Employment,PT_POP_SUB,Percentage of population in the same subgroup,F,Female,_T,Total,EMP,Employment,MAIN,Main job,_T,Total,PT,Part-time,NAT_DEF,National definition,A,Annual,2021,,38.808,,A,Normal value,0,Units,1,One
DATAFLOW,OECD.ELS.SAE:DSD_FTPT@DF_FTPT_NATIONAL_INC(1.0),Incidence of full-time and part-time employment based on national definitions,I,ARG,Argentina,EMP,Employment,PT_POP_SUB,Percentage of population in the same subgroup,M,Male,_T,Total,EMP,Employment,MAIN,Main job,_T,Total,PT,Part-time,NAT_DEF,National definition,A,Annual,2021,,17.75,,A,Normal value,0,Units,1,One
DATAFLOW,OECD.ELS.SAE:DSD_FTPT@DF_FTPT_NATIONAL_INC(1.0),Incidence of full-time and part-time employment based on national definitions,I,ARG,Argentina,EMP,Employment,PT_POP_SUB,Percentage of population in the same subgroup,F,Female,_T,Total,EMP,Employment,MAIN,Main job,_T,Total,PT,Part-time,NAT_DEF,National definition,A,Annual,2022,,39.18,,A,Normal value,0,Units,1,One
DATAFLOW,OECD.ELS.SAE:DSD_FTPT@DF_FTPT_NATIONAL_INC(1.0),Incidence of full-time and part-time employment based on national definitions,I,ARG,Argentina,EMP,Employment,PT_POP_SUB,Percentage of population in the same subgroup,M,Male,_T,Total,EMP,Employment,MAIN,Main job,_T,Total,PT,Part-time,NAT_DEF,National definition,A,Annual,2022,,16.8,,A,Normal value,0,Units,1,One
DATAFLOW,OECD.ELS.SAE:DSD_FTPT@DF_FTPT_NATIONAL_INC(1.0),Incidence of full-time and part-time employment based on national definitions,I,ARG,Argentina,EMP,Employment,PT_POP_SUB,Percentage of population in the same subgroup,F,Female,_T,Total,EMP,Employment,MAIN,Main job,_T,Total,PT,Part-time,NAT_DEF,National definition,A,Annual,2023,,38.401,,A,Normal value,0,Units,1,One
DATAFLOW,OECD.ELS.SAE:DSD_FTPT@DF_FTPT_NATIONAL_INC(1.0),Incidence of full-time and part-time employment based on national definitions,I,ARG,Argentina,EMP,Employment,PT_POP_SUB,Percentage of population in the same subgroup,M,Male,_T,Total,EMP,Employment,MAIN,Main job,_T,Total,PT,Part-time,NAT_DEF,National definition,A,Annual,2023,,15.159,,A,Normal value,0,Units,1,One
DATAFLOW,OECD.ELS.SAE:DSD_FTPT@DF_FTPT_NATIONAL_INC(1.0),Incidence of full-time and part-time employment based on national definitions,I,AUT,Austria,EMP,Employment,PT_POP_SUB,Percentage of population in the same subgroup,M,Male,_T,Total,EMP,Employment,MAIN,Main job,_T,Total,PT,Part-time,NAT_DEF,National definition,A,Annual,2024,,13.711,,A,Normal value,0,Units,1,One
DATAFLOW,OECD.ELS.SAE:DSD_FTPT@DF_FTPT_NATIONAL_INC(1.0),Incidence of full-time and part-time employment based on national definitions,I,BEL,Belgium,EMP,Employment,PT_POP_SUB,Percentage of population in the same subgroup,F,Female,_T,Total,EMP,Employment,MAIN,Main job,_T,Total,PT,Part-time,NAT_DEF,National definition,A,Annual,2024,,38.537,,A,Normal value,0,Units,1,One
DATAFLOW,OECD.ELS.SAE:DSD_FTPT@DF_FTPT_NATIONAL_INC(1.0),Incidence of full-time and part-time employment based on national definitions,I,CAN,Canada,EMP,Employment,PT_POP_SUB,Percentage of population in the same subgroup,F,Female,_T,Total,EMP,Employment,MAIN,Main job,_T,Total,PT,Part-time,NAT_DEF,National definition,A,Annual,2024,,23.87,,A,Normal value,0,Units,1,One
DATAFLOW,OECD.ELS.SAE:DSD_FTPT@DF_FTPT_NATIONAL_INC(1.0),Incidence of full-time and part-time employment based on national definitions,I,CHL,Chile,EMP,Employment,PT_POP_SUB,Percentage of population in the same subgroup,F,Female,_T,Total,EMP,Employment,MAIN,Main job,_T,Total,PT,Part-time,NAT_DEF,National definition,A,Annual,2024,,26.111,,A,Normal value,0,Units,1,One
DATAFLOW,OECD.ELS.SAE:DSD_FTPT@DF_FTPT_NATIONAL_INC(1.0),Incidence of full-time and part-time employment based on national definitions,I,COL,Colombia,EMP,Employment,PT_POP_SUB,Percentage of population in the same subgroup,F,Female,_T,Total,EMP,Employment,MAIN,Main job,_T,Total,PT,Part-time,NAT_DEF,National definition,A,Annual,2024,,19.85,,A,Normal value,0,Units,1,One
DATAFLOW,OECD.ELS.SAE:DSD_FTPT@DF_FTPT_NATIONAL_INC(1.0),Incidence of full-time and part-time employment based on national definitions,I,COL,Colombia,EMP,Employment,PT_POP_SUB,Percentage of population in the same subgroup,M,Male,_T,Total,EMP,Employment,MAIN,Main job,_T,Total,PT,Part-time,NAT_DEF,National definition,A,Annual,2024,,7.72,,A,Normal value,0,Units,1,One
DATAFLOW,OECD.ELS.SAE:DSD_FTPT@DF_FTPT_NATIONAL_INC(1.0),Incidence of full-time and part-time employment based on national definitions,I,FRA,France,EMP,Employment,PT_POP_SUB,Percentage of population in the same subgroup,M,Male,_T,Total,EMP,Employment,MAIN,Main job,_T,Total,PT,Part-time,NAT_DEF,National definition,A,Annual,2024,,8.746,,A,Normal value,0,Units,1,One
DATAFLOW,OECD.ELS.SAE:DSD_FTPT@DF_FTPT_NATIONAL_INC(1.0),Incidence of full-time and part-time employment based on national definitions,I,FRA,France,EMP,Employment,PT_POP_SUB,Percentage of population in the same subgroup,F,Female,_T,Total,EMP,Employment,MAIN,Main job,_T,Total,PT,Part-time,NAT_DEF,National definition,A,Annual,2024,,26.802,,A,Normal value,0,Units,1,One
DATAFLOW,OECD.ELS.SAE:DSD_FTPT@DF_FTPT_NATIONAL_INC(1.0),Incidence of full-time and part-time employment based on national definitions,I,IRL,Ireland,EMP,Employment,PT_POP_SUB,Percentage of population in the same subgroup,F,Female,_T,Total,EMP,Employment,MAIN,Main job,_T,Total,PT,Part-time,NAT_DEF,National definition,A,Annual,2024,,28.201,,A,Normal value,0,Units,1,One
DATAFLOW,OECD.ELS.SAE:DSD_FTPT@DF_FTPT_NATIONAL_INC(1.0),Incidence of full-time and part-time employment based on national definitions,I,ITA,Italy,EMP,Employment,PT_POP_SUB,Percentage of population in the same subgroup,F,Female,_T,Total,EMP,Employment,MAIN,Main job,_T,Total,PT,Part-time,NAT_DEF,National definition,A,Annual,2024,,29.963,,A,Normal value,0,Units,1,One
DATAFLOW,OECD.ELS.SAE:DSD_FTPT@DF_FTPT_NATIONAL_INC(1.0),Incidence of full-time and part-time employment based on national definitions,I,JPN,Japan,EMP,Employment,PT_POP_SUB,Percentage of population in the same subgroup,F,Female,_T,Total,EMP,Employment,MAIN,Main job,_T,Total,PT,Part-time,NAT_DEF,National definition,A,Annual,2024,,38.331,,A,Normal value,0,Units,1,One
DATAFLOW,OECD.ELS.SAE:DSD_FTPT@DF_FTPT_NATIONAL_INC(1.0),Incidence of full-time and part-time employment based on national definitions,I,JPN,Japan,EMP,Employment,PT_POP_SUB,Percentage of population in the same subgroup,M,Male,_T,Total,EMP,Employment,MAIN,Main job,_T,Total,PT,Part-time,NAT_DEF,National definition,A,Annual,2024,,15.355,,A,Normal value,0,Units,1,One
DATAFLOW,OECD.ELS.SAE:DSD_FTPT@DF_FTPT_NATIONAL_INC(1.0),Incidence of full-time and part-time employment based on national definitions,I,MEX,Mexico,EMP,Employment,PT_POP_SUB,Percentage of population in the same subgroup,F,Female,_T,Total,EMP,Employment,MAIN,Main job,_T,Total,PT,Part-time,NAT_DEF,National definition,A,Annual,2024,,32.794,,A,Normal value,0,Units,1,One
DATAFLOW,OECD.ELS.SAE:DSD_FTPT@DF_FTPT_NATIONAL_INC(1.0),Incidence of full-time and part-time employment based on national definitions,I,MEX,Mexico,EMP,Employment,PT_POP_SUB,Percentage of population in the same subgroup,M,Male,_T,Total,EMP,Employment,MAIN,Main job,_T,Total,PT,Part-time,NAT_DEF,National definition,A,Annual,2024,,16.525,,A,Normal value,0,Units,1,One
DATAFLOW,OECD.ELS.SAE:DSD_FTPT@DF_FTPT_NATIONAL_INC(1.0),Incidence of full-time and part-time employment based on national definitions,I,POL,Poland,EMP,Employment,PT_POP_SUB,Percentage of population in the same subgroup,M,Male,_T,Total,EMP,Employment,MAIN,Main job,_T,Total,PT,Part-time,NAT_DEF,National definition,A,Annual,2024,,3.762,,A,Normal value,0,Units,1,One
DATAFLOW,OECD.ELS.SAE:DSD_FTPT@DF_FTPT_NATIONAL_INC(1.0),Incidence of full-time and part-time employment based on national definitions,I,POL,Poland,EMP,Employment,PT_POP_SUB,Percentage of population in the same subgroup,F,Female,_T,Total,EMP,Employment,MAIN,Main job,_T,Total,PT,Part-time,NAT_DEF,National definition,A,Annual,2024,,8.587,,A,Normal value,0,Units,1,One
DATAFLOW,OECD.ELS.SAE:DSD_FTPT@DF_FTPT_NATIONAL_INC(1.0),Incidence of full-time and part-time employment based on national definitions,I,ESP,Spain,EMP,Employment,PT_POP_SUB,Percentage of population in the same subgroup,M,Male,_T,Total,EMP,Employment,MAIN,Main job,_T,Total,PT,Part-time,NAT_DEF,National definition,A,Annual,2024,,6.766,,A,Normal value,0,Units,1,One
DATAFLOW,OECD.ELS.SAE:DSD_FTPT@DF_FTPT_NATIONAL_INC(1.0),Incidence of full-time and part-time employment based on national definitions,I,TUR,Türkiye,EMP,Employment,PT_POP_SUB,Percentage of population in the same subgroup,M,Male,_T,Total,EMP,Employment,MAIN,Main job,_T,Total,PT,Part-time,NAT_DEF,National definition,A,Annual,2024,,8.506,,A,Normal value,0,Units,1,One
DATAFLOW,OECD.ELS.SAE:DSD_FTPT@DF_FTPT_NATIONAL_INC(1.0),Incidence of full-time and part-time employment based on national definitions,I,TUR,Türkiye,EMP,Employment,PT_POP_SUB,Percentage of population in the same subgroup,F,Female,_T,Total,EMP,Employment,MAIN,Main job,_T,Total,PT,Part-time,NAT_DEF,National definition,A,Annual,2024,,17.462,,A,Normal value,0,Units,1,One
DATAFLOW,OECD.ELS.SAE:DSD_FTPT@DF_FTPT_NATIONAL_INC(1.0),Incidence of full-time and part-time employment based on national definitions,I,GBR,United Kingdom,EMP,Employment,PT_POP_SUB,Percentage of population in the same subgroup,F,Female,_T,Total,EMP,Employment,MAIN,Main job,_T,Total,PT,Part-time,NAT_DEF,National definition,A,Annual,2024,,36.992,,A,Normal value,0,Units,1,One
DATAFLOW,OECD.ELS.SAE:DSD_FTPT@DF_FTPT_NATIONAL_INC(1.0),Incidence of full-time and part-time employment based on national definitions,I,GBR,United Kingdom,EMP,Employment,PT_POP_SUB,Percentage of population in the same subgroup,M,Male,_T,Total,EMP,Employment,MAIN,Main job,_T,Total,PT,Part-time,NAT_DEF,National definition,A,Annual,2024,,13.979,,A,Normal value,0,Units,1,One
DATAFLOW,OECD.ELS.SAE:DSD_FTPT@DF_FTPT_NATIONAL_INC(1.0),Incidence of full-time and part-time employment based on national definitions,I,USA,United States,EMP,Employment,PT_POP_SUB,Percentage of population in the same subgroup,F,Female,_T,Total,EMP,Employment,MAIN,Main job,_T,Total,PT,Part-time,NAT_DEF,National definition,A,Annual,2024,,23.053,,A,Normal value,0,Units,1,One
DATAFLOW,OECD.ELS.SAE:DSD_FTPT@DF_FTPT_NATIONAL_INC(1.0),Incidence of full-time and part-time employment based on national definitions,I,USA,United States,EMP,Employment,PT_POP_SUB,Percentage of population in the same subgroup,M,Male,_T,Total,EMP,Employment,MAIN,Main job,_T,Total,PT,Part-time,NAT_DEF,National definition,A,Annual,2024,,12.257,,A,Normal value,0,Units,1,One
DATAFLOW,OECD.ELS.SAE:DSD_FTPT@DF_FTPT_NATIONAL_INC(1.0),Incidence of full-time and part-time employment based on national definitions,I,PER,Peru,EMP,Employment,PT_POP_SUB,Percentage of population in the same subgroup,F,Female,_T,Total,EMP,Employment,MAIN,Main job,_T,Total,PT,Part-time,NAT_DEF,National definition,A,Annual,2024,,32.751,,A,Normal value,0,Units,1,One
DATAFLOW,OECD.ELS.SAE:DSD_FTPT@DF_FTPT_NATIONAL_INC(1.0),Incidence of full-time and part-time employment based on national definitions,I,PER,Peru,EMP,Employment,PT_POP_SUB,Percentage of population in the same subgroup,M,Male,_T,Total,EMP,Employment,MAIN,Main job,_T,Total,PT,Part-time,NAT_DEF,National definition,A,Annual,2024,,18.293,,A,Normal value,0,Units,1,One
DATAFLOW,OECD.ELS.SAE:DSD_FTPT@DF_FTPT_NATIONAL_INC(1.0),Incidence of full-time and part-time employment based on national definitions,I,ROU,Romania,EMP,Employment,PT_POP_SUB,Percentage of population in the same subgroup,M,Male,_T,Total,EMP,Employment,MAIN,Main job,_T,Total,PT,Part-time,NAT_DEF,National definition,A,Annual,2024,,3.487,,A,Normal value,0,Units,1,One
DATAFLOW,OECD.ELS.SAE:DSD_FTPT@DF_FTPT_NATIONAL_INC(1.0),Incidence of full-time and part-time employment based on national definitions,I,ZAF,South Africa,EMP,Employment,PT_POP_SUB,Percentage of population in the same subgroup,F,Female,_T,Total,EMP,Employment,MAIN,Main job,_T,Total,PT,Part-time,NAT_DEF,National definition,A,Annual,2024,,16.96,,A,Normal value,0,Units,1,One
DATAFLOW,OECD.ELS.SAE:DSD_FTPT@DF_FTPT_NATIONAL_INC(1.0),Incidence of full-time and part-time employment based on national definitions,I,ZAF,South Africa,EMP,Employment,PT_POP_SUB,Percentage of population in the same subgroup,M,Male,_T,Total,EMP,Employment,MAIN,Main job,_T,Total,PT,Part-time,NAT_DEF,National definition,A,Annual,2024,,10.232,,A,Normal value,0,Units,1,One
DATAFLOW,OECD.ELS.SAE:DSD_FTPT@DF_FTPT_NATIONAL_INC(1.0),Incidence of full-time and part-time employment based on national definitions,I,BEL,Belgium,EMP,Employment,PT_POP_SUB,Percentage of population in the same subgroup,F,Female,_T,Total,EMP,Employment,MAIN,Main job,_T,Total,PT,Part-time,NAT_DEF,National definition,A,Annual,2023,,38.387,,A,Normal value,0,Units,1,One
DATAFLOW,OECD.ELS.SAE:DSD_FTPT@DF_FTPT_NATIONAL_INC(1.0),Incidence of full-time and part-time employment based on national definitions,I,CHL,Chile,EMP,Employment,PT_POP_SUB,Percentage of population in the same subgroup,M,Male,_T,Total,EMP,Employment,MAIN,Main job,_T,Total,PT,Part-time,NAT_DEF,National definition,A,Annual,2023,,14.106,,A,Normal value,0,Units,1,One
DATAFLOW,OECD.ELS.SAE:DSD_FTPT@DF_FTPT_NATIONAL_INC(1.0),Incidence of full-time and part-time employment based on national definitions,I,COL,Colombia,EMP,Employment,PT_POP_SUB,Percentage of population in the same subgroup,M,Male,_T,Total,EMP,Employment,MAIN,Main job,_T,Total,PT,Part-time,NAT_DEF,National definition,A,Annual,2023,,7.485,,A,Normal value,0,Units,1,One
DATAFLOW,OECD.ELS.SAE:DSD_FTPT@DF_FTPT_NATIONAL_INC(1.0),Incidence of full-time and part-time employment based on national definitions,I,COL,Colombia,EMP,Employment,PT_POP_SUB,Percentage of population in the same subgroup,F,Female,_T,Total,EMP,Employment,MAIN,Main job,_T,Total,PT,Part-time,NAT_DEF,National definition,A,Annual,2023,,20.064,,A,Normal value,0,Units,1,One
DATAFLOW,OECD.ELS.SAE:DSD_FTPT@DF_FTPT_NATIONAL_INC(1.0),Incidence of full-time and part-time employment based on national definitions,I,DNK,Denmark,EMP,Employment,PT_POP_SUB,Percentage of population in the same subgroup,F,Female,_T,Total,EMP,Employment,MAIN,Main job,_T,Total,PT,Part-time,NAT_DEF,National definition,A,Annual,2023,,35.975,,A,Normal value,0,Units,1,One
DATAFLOW,OECD.ELS.SAE:DSD_FTPT@DF_FTPT_NATIONAL_INC(1.0),Incidence of full-time and part-time employment based on national definitions,I,FRA,France,EMP,Employment,PT_POP_SUB,Percentage of population in the same subgroup,F,Female,_T,Total,EMP,Employment,MAIN,Main job,_T,Total,PT,Part-time,NAT_DEF,National definition,A,Annual,2023,,26.503,,A,Normal value,0,Units,1,One
DATAFLOW,OECD.ELS.SAE:DSD_FTPT@DF_FTPT_NATIONAL_INC(1.0),Incidence of full-time and part-time employment based on national definitions,I,ITA,Italy,EMP,Employment,PT_POP_SUB,Percentage of population in the same subgroup,F,Female,_T,Total,EMP,Employment,MAIN,Main job,_T,Total,PT,Part-time,NAT_DEF,National definition,A,Annual,2023,,31.473,,A,Normal value,0,Units,1,One
DATAFLOW,OECD.ELS.SAE:DSD_FTPT@DF_FTPT_NATIONAL_INC(1.0),Incidence of full-time and part-time employment based on national definitions,I,ITA,Italy,EMP,Employment,PT_POP_SUB,Percentage of population in the same subgroup,M,Male,_T,Total,EMP,Employment,MAIN,Main job,_T,Total,PT,Part-time,NAT_DEF,National definition,A,Annual,2023,,7.975,,A,Normal value,0,Units,1,One
DATAFLOW,OECD.ELS.SAE:DSD_FTPT@DF_FTPT_NATIONAL_INC(1.0),Incidence of full-time and part-time employment based on national definitions,I,JPN,Japan,EMP,Employment,PT_POP_SUB,Percentage of population in the same subgroup,M,Male,_T,Total,EMP,Employment,MAIN,Main job,_T,Total,PT,Part-time,NAT_DEF,National definition,A,Annual,2023,,14.234,,A,Normal value,0,Units,1,One
DATAFLOW,OECD.ELS.SAE:DSD_FTPT@DF_FTPT_NATIONAL_INC(1.0),Incidence of full-time and part-time employment based on national definitions,I,JPN,Japan,EMP,Employment,PT_POP_SUB,Percentage of population in the same subgroup,F,Female,_T,Total,EMP,Employment,MAIN,Main job,_T,Total,PT,Part-time,NAT_DEF,National definition,A,Annual,2023,,37.842,,A,Normal value,0,Units,1,One
DATAFLOW,OECD.ELS.SAE:DSD_FTPT@DF_FTPT_NATIONAL_INC(1.0),Incidence of full-time and part-time employment based on national definitions,I,LTU,Lithuania,EMP,Employment,PT_POP_SUB,Percentage of population in the same subgroup,F,Female,_T,Total,EMP,Employment,MAIN,Main job,_T,Total,PT,Part-time,NAT_DEF,National definition,A,Annual,2023,,9.092,,A,Normal value,0,Units,1,One
DATAFLOW,OECD.ELS.SAE:DSD_FTPT@DF_FTPT_NATIONAL_INC(1.0),Incidence of full-time and part-time employment based on national definitions,I,MEX,Mexico,EMP,Employment,PT_POP_SUB,Percentage of population in the same subgroup,M,Male,_T,Total,EMP,Employment,MAIN,Main job,_T,Total,PT,Part-time,NAT_DEF,National definition,A,Annual,2023,,16.12,,A,Normal value,0,Units,1,One
DATAFLOW,OECD.ELS.SAE:DSD_FTPT@DF_FTPT_NATIONAL_INC(1.0),Incidence of full-time and part-time employment based on national definitions,I,MEX,Mexico,EMP,Employment,PT_POP_SUB,Percentage of population in the same subgroup,F,Female,_T,Total,EMP,Employment,MAIN,Main job,_T,Total,PT,Part-time,NAT_DEF,National definition,A,Annual,2023,,32.474,,A,Normal value,0,Units,1,One
DATAFLOW,OECD.ELS.SAE:DSD_FTPT@DF_FTPT_NATIONAL_INC(1.0),Incidence of full-time and part-time employment based on national definitions,I,NLD,Netherlands,EMP,Employment,PT_POP_SUB,Percentage of population in the same subgroup,M,Male,_T,Total,EMP,Employment,MAIN,Main job,_T,Total,PT,Part-time,NAT_DEF,National definition,A,Annual,2023,,29.72,,A,Normal value,0,Units,1,One
DATAFLOW,OECD.ELS.SAE:DSD_FTPT@DF_FTPT_NATIONAL_INC(1.0),Incidence of full-time and part-time employment based on national definitions,I,NLD,Netherlands,EMP,Employment,PT_POP_SUB,Percentage of population in the same subgroup,F,Female,_T,Total,EMP,Employment,MAIN,Main job,_T,Total,PT,Part-time,NAT_DEF,National definition,A,Annual,2023,,68.899,,A,Normal value,0,Units,1,One
DATAFLOW,OECD.ELS.SAE:DSD_FTPT@DF_FTPT_NATIONAL_INC(1.0),Incidence of full-time and part-time employment based on national definitions,I,NOR,Norway,EMP,Employment,PT_POP_SUB,Percentage of population in the same subgroup,F,Female,_T,Total,EMP,Employment,MAIN,Main job,_T,Total,PT,Part-time,NAT_DEF,National definition,A,Annual,2023,,34.803,,A,Normal value,0,Units,1,One
DATAFLOW,OECD.ELS.SAE:DSD_FTPT@DF_FTPT_NATIONAL_INC(1.0),Incidence of full-time and part-time employment based on national definitions,I,ESP,Spain,EMP,Employment,PT_POP_SUB,Percentage of population in the same subgroup,F,Female,_T,Total,EMP,Employment,MAIN,Main job,_T,Total,PT,Part-time,NAT_DEF,National definition,A,Annual,2023,,21.083,,A,Normal value,0,Units,1,One
DATAFLOW,OECD.ELS.SAE:DSD_FTPT@DF_FTPT_NATIONAL_INC(1.0),Incidence of full-time and part-time employment based on national definitions,I,TUR,Türkiye,EMP,Employment,PT_POP_SUB,Percentage of population in the same subgroup,F,Female,_T,Total,EMP,Employment,MAIN,Main job,_T,Total,PT,Part-time,NAT_DEF,National definition,A,Annual,2023,,14.874,,A,Normal value,0,Units,1,One
DATAFLOW,OECD.ELS.SAE:DSD_FTPT@DF_FTPT_NATIONAL_INC(1.0),Incidence of full-time and part-time employment based on national definitions,I,TUR,Türkiye,EMP,Employment,PT_POP_SUB,Percentage of population in the same subgroup,M,Male,_T,Total,EMP,Employment,MAIN,Main job,_T,Total,PT,Part-time,NAT_DEF,National definition,A,Annual,2023,,6.611,,A,Normal value,0,Units,1,One
DATAFLOW,OECD.ELS.SAE:DSD_FTPT@DF_FTPT_NATIONAL_INC(1.0),Incidence of full-time and part-time employment based on national definitions,I,GBR,United Kingdom,EMP,Employment,PT_POP_SUB,Percentage of population in the same subgroup,F,Female,_T,Total,EMP,Employment,MAIN,Main job,_T,Total,PT,Part-time,NAT_DEF,National definition,A,Annual,2023,,37.724,,A,Normal value,0,Units,1,One
DATAFLOW,OECD.ELS.SAE:DSD_FTPT@DF_FTPT_NATIONAL_INC(1.0),Incidence of full-time and part-time employment based on national definitions,I,USA,United States,EMP,Employment,PT_POP_SUB,Percentage of population in the same subgroup,M,Male,_T,Total,EMP,Employment,MAIN,Main job,_T,Total,PT,Part-time,NAT_DEF,National definition,A,Annual,2023,,11.698,,A,Normal value,0,Units,1,One
DATAFLOW,OECD.ELS.SAE:DSD_FTPT@DF_FTPT_NATIONAL_INC(1.0),Incidence of full-time and part-time employment based on national definitions,I,USA,United States,EMP,Employment,PT_POP_SUB,Percentage of population in the same subgroup,F,Female,_T,Total,EMP,Employment,MAIN,Main job,_T,Total,PT,Part-time,NAT_DEF,National definition,A,Annual,2023,,22.475,,A,Normal value,0,Units,1,One
DATAFLOW,OECD.ELS.SAE:DSD_FTPT@DF_FTPT_NATIONAL_INC(1.0),Incidence of full-time and part-time employment based on national definitions,I,ROU,Romania,EMP,Employment,PT_POP_SUB,Percentage of population in the same subgroup,F,Female,_T,Total,EMP,Employment,MAIN,Main job,_T,Total,PT,Part-time,NAT_DEF,National definition,A,Annual,2023,,3.262,,A,Normal value,0,Units,1,One
DATAFLOW,OECD.ELS.SAE:DSD_FTPT@DF_FTPT_NATIONAL_INC(1.0),Incidence of full-time and part-time employment based on national definitions,I,ZAF,South Africa,EMP,Employment,PT_POP_SUB,Percentage of population in the same subgroup,F,Female,_T,Total,EMP,Employment,MAIN,Main job,_T,Total,PT,Part-time,NAT_DEF,National definition,A,Annual,2023,,17.13,,A,Normal value,0,Units,1,One
DATAFLOW,OECD.ELS.SAE:DSD_FTPT@DF_FTPT_NATIONAL_INC(1.0),Incidence of full-time and part-time employment based on national definitions,I,ZAF,South Africa,EMP,Employment,PT_POP_SUB,Percentage of population in the same subgroup,M,Male,_T,Total,EMP,Employment,MAIN,Main job,_T,Total,PT,Part-time,NAT_DEF,National definition,A,Annual,2023,,9.915,,A,Normal value,0,Units,1,One
DATAFLOW,OECD.ELS.SAE:DSD_FTPT@DF_FTPT_NATIONAL_INC(1.0),Incidence of full-time and part-time employment based on national definitions,I,CHE,Switzerland,EMP,Employment,PT_POP_SUB,Percentage of population in the same subgroup,M,Male,_T,Total,EMP,Employment,MAIN,Main job,_T,Total,PT,Part-time,NAT_DEF,National definition,A,Annual,2023,,19.621,,A,Normal value,0,Units,1,One
DATAFLOW,OECD.ELS.SAE:DSD_FTPT@DF_FTPT_NATIONAL_INC(1.0),Incidence of full-time and part-time employment based on national definitions,I,CHE,Switzerland,EMP,Employment,PT_POP_SUB,Percentage of population in the same subgroup,M,Male,_T,Total,EMP,Employment,MAIN,Main job,_T,Total,PT,Part-time,NAT_DEF,National definition,A,Annual,2024,,20.456,,A,Normal value,0,Units,1,One
