STRUCTURE,STRUCTURE_ID,STRUCTURE_NAME,ACTION,REF_AREA,Reference area,MEASURE,Measure,UNIT_MEASURE,Unit of measure,AGE,Age,SEX,Sex,VARIABLE_CATEGORY,Variable category,SIGI_FRAMEWORK,SIGI Framework,TIME_PERIOD,Time period,OBS_VALUE,Observation value,OBS_STATUS,Observation status,UNIT_MULT,Unit multiplier,POP_BASE,Population base,CALC_METHOD,Calculation method,SDG_SERIES,SDG indicator
DATAFLOW,OECD.DEV.NPG:DSD_GID@DF_GID_2023(1.0),"Gender, Institutions and Development Database (GID-DB) 2023",I,AUS,Australia,DF_HR_PCT_1,Time spent on unpaid care and domestic work,FCTR_TIME_M,Factor of men's time,_X,Unspecified,F,Female,PCT,Practices,DF_HR,Household responsibilities,2023,,1.8,,A,Normal value,0,Units,,,SIGI_NO,Variable not used to compute the composite index (SIGI),SL_DOM_TSPD,Proportion of time spent on unpaid domestic chores and care work [5.4.1]
DATAFLOW,OECD.DEV.NPG:DSD_GID@DF_GID_2023(1.0),"Gender, Institutions and Development Database (GID-DB) 2023",I,AUT,Austria,DF_HR_PCT_1,Time spent on unpaid care and domestic work,FCTR_TIME_M,Factor of men's time,_X,Unspecified,F,Female,PCT,Practices,DF_HR,Household responsibilities,2023,,1.9,,A,Normal value,0,Units,,,SIGI_NO,Variable not used to compute the composite index (SIGI),SL_DOM_TSPD,Proportion of time spent on unpaid domestic chores and care work [5.4.1]
DATAFLOW,OECD.DEV.NPG:DSD_GID@DF_GID_2023(1.0),"Gender, Institutions and Development Database (GID-DB) 2023",I,BEL,Belgium,DF_HR_PCT_1,Time spent on unpaid care and domestic work,FCTR_TIME_M,Factor of men's time,_X,Unspecified,F,Female,PCT,Practices,DF_HR,Household responsibilities,2023,,1.2,,A,Normal value,0,Units,,,SIGI_NO,Variable not used to compute the composite index (SIGI),SL_DOM_TSPD,Proportion of time spent on unpaid domestic chores and care work [5.4.1]
DATAFLOW,OECD.DEV.NPG:DSD_GID@DF_GID_2023(1.0),"Gender, Institutions and Development Database (GID-DB) 2023",I,CAN,Canada,DF_HR_PCT_1,Time spent on unpaid care and domestic work,FCTR_TIME_M,Factor of men's time,_X,Unspecified,F,Female,PCT,Practices,DF_HR,Household responsibilities,2023,,1.5,,A,Normal value,0,Units,,,SIGI_NO,Variable not used to compute the composite index (SIGI),SL_DOM_TSPD,Proportion of time spent on unpaid domestic chores and care work [5.4.1]
DATAFLOW,OECD.DEV.NPG:DSD_GID@DF_GID_2023(1.0),"Gender, Institutions and Development Database (GID-DB) 2023",I,CHL,Chile,DF_HR_PCT_1,Time spent on unpaid care and domestic work,FCTR_TIME_M,Factor of men's time,_X,Unspecified,F,Female,PCT,Practices,DF_HR,Household responsibilities,2023,,2.2,,A,Normal value,0,Units,,,SIGI_NO,Variable not used to compute the composite index (SIGI),SL_DOM_TSPD,Proportion of time spent on unpaid domestic chores and care work [5.4.1]
DATAFLOW,OECD.DEV.NPG:DSD_GID@DF_GID_2023(1.0),"Gender, Institutions and Development Database (GID-DB) 2023",I,COL,Colombia,DF_HR_PCT_1,Time spent on unpaid care and domestic work,FCTR_TIME_M,Factor of men's time,_X,Unspecified,F,Female,PCT,Practices,DF_HR,Household responsibilities,2023,,1.7,,A,Normal value,0,Units,,,SIGI_NO,Variable not used to compute the composite index (SIGI),SL_DOM_TSPD,Proportion of time spent on unpaid domestic chores and care work [5.4.1]
DATAFLOW,OECD.DEV.NPG:DSD_GID@DF_GID_2023(1.0),"Gender, Institutions and Development Database (GID-DB) 2023",I,CRI,Costa Rica,DF_HR_PCT_1,Time spent on unpaid care and domestic work,FCTR_TIME_M,Factor of men's time,_X,Unspecified,F,Female,PCT,Practices,DF_HR,Household responsibilities,2023,,2.6,,A,Normal value,0,Units,,,SIGI_NO,Variable not used to compute the composite index (SIGI),SL_DOM_TSPD,Proportion of time spent on unpaid domestic chores and care work [5.4.1]
DATAFLOW,OECD.DEV.NPG:DSD_GID@DF_GID_2023(1.0),"Gender, Institutions and Development Database (GID-DB) 2023",I,DNK,Denmark,DF_HR_PCT_1,Time spent on unpaid care and domestic work,FCTR_TIME_M,Factor of men's time,_X,Unspecified,F,Female,PCT,Practices,DF_HR,Household responsibilities,2023,,1.4,,A,Normal value,0,Units,,,SIGI_NO,Variable not used to compute the composite index (SIGI),SL_DOM_TSPD,Proportion of time spent on unpaid domestic chores and care work [5.4.1]
DATAFLOW,OECD.DEV.NPG:DSD_GID@DF_GID_2023(1.0),"Gender, Institutions and Development Database (GID-DB) 2023",I,EST,Estonia,DF_HR_PCT_1,Time spent on unpaid care and domestic work,FCTR_TIME_M,Factor of men's time,_X,Unspecified,F,Female,PCT,Practices,DF_HR,Household responsibilities,2023,,1.6,,A,Normal value,0,Units,,,SIGI_NO,Variable not used to compute the composite index (SIGI),SL_DOM_TSPD,Proportion of time spent on unpaid domestic chores and care work [5.4.1]
DATAFLOW,OECD.DEV.NPG:DSD_GID@DF_GID_2023(1.0),"Gender, Institutions and Development Database (GID-DB) 2023",I,FIN,Finland,DF_HR_PCT_1,Time spent on unpaid care and domestic work,FCTR_TIME_M,Factor of men's time,_X,Unspecified,F,Female,PCT,Practices,DF_HR,Household responsibilities,2023,,1.4,,A,Normal value,0,Units,,,SIGI_NO,Variable not used to compute the composite index (SIGI),SL_DOM_TSPD,Proportion of time spent on unpaid domestic chores and care work [5.4.1]
DATAFLOW,OECD.DEV.NPG:DSD_GID@DF_GID_2023(1.0),"Gender, Institutions and Development Database (GID-DB) 2023",I,FRA,France,DF_HR_PCT_1,Time spent on unpaid care and domestic work,FCTR_TIME_M,Factor of men's time,_X,Unspecified,F,Female,PCT,Practices,DF_HR,Household responsibilities,2023,,1.7,,A,Normal value,0,Units,,,SIGI_NO,Variable not used to compute the composite index (SIGI),SL_DOM_TSPD,Proportion of time spent on unpaid domestic chores and care work [5.4.1]
DATAFLOW,OECD.DEV.NPG:DSD_GID@DF_GID_2023(1.0),"Gender, Institutions and Development Database (GID-DB) 2023",I,DEU,Germany,DF_HR_PCT_1,Time spent on unpaid care and domestic work,FCTR_TIME_M,Factor of men's time,_X,Unspecified,F,Female,PCT,Practices,DF_HR,Household responsibilities,2023,,1.6,,A,Normal value,0,Units,,,SIGI_NO,Variable not used to compute the composite index (SIGI),SL_DOM_TSPD,Proportion of time spent on unpaid domestic chores and care work [5.4.1]
DATAFLOW,OECD.DEV.NPG:DSD_GID@DF_GID_2023(1.0),"Gender, Institutions and Development Database (GID-DB) 2023",I,GRC,Greece,DF_HR_PCT_1,Time spent on unpaid care and domestic work,FCTR_TIME_M,Factor of men's time,_X,Unspecified,F,Female,PCT,Practices,DF_HR,Household responsibilities,2023,,2.6,,A,Normal value,0,Units,,,SIGI_NO,Variable not used to compute the composite index (SIGI),SL_DOM_TSPD,Proportion of time spent on unpaid domestic chores and care work [5.4.1]
DATAFLOW,OECD.DEV.NPG:DSD_GID@DF_GID_2023(1.0),"Gender, Institutions and Development Database (GID-DB) 2023",I,HUN,Hungary,DF_HR_PCT_1,Time spent on unpaid care and domestic work,FCTR_TIME_M,Factor of men's time,_X,Unspecified,F,Female,PCT,Practices,DF_HR,Household responsibilities,2023,,2.2,,A,Normal value,0,Units,,,SIGI_NO,Variable not used to compute the composite index (SIGI),SL_DOM_TSPD,Proportion of time spent on unpaid domestic chores and care work [5.4.1]
DATAFLOW,OECD.DEV.NPG:DSD_GID@DF_GID_2023(1.0),"Gender, Institutions and Development Database (GID-DB) 2023",I,IRL,Ireland,DF_HR_PCT_1,Time spent on unpaid care and domestic work,FCTR_TIME_M,Factor of men's time,_X,Unspecified,F,Female,PCT,Practices,DF_HR,Household responsibilities,2023,,2.3,,A,Normal value,0,Units,,,SIGI_NO,Variable not used to compute the composite index (SIGI),SL_DOM_TSPD,Proportion of time spent on unpaid domestic chores and care work [5.4.1]
DATAFLOW,OECD.DEV.NPG:DSD_GID@DF_GID_2023(1.0),"Gender, Institutions and Development Database (GID-DB) 2023",I,ITA,Italy,DF_HR_PCT_1,Time spent on unpaid care and domestic work,FCTR_TIME_M,Factor of men's time,_X,Unspecified,F,Female,PCT,Practices,DF_HR,Household responsibilities,2023,,2.4,,A,Normal value,0,Units,,,SIGI_NO,Variable not used to compute the composite index (SIGI),SL_DOM_TSPD,Proportion of time spent on unpaid domestic chores and care work [5.4.1]
DATAFLOW,OECD.DEV.NPG:DSD_GID@DF_GID_2023(1.0),"Gender, Institutions and Development Database (GID-DB) 2023",I,JPN,Japan,DF_HR_PCT_1,Time spent on unpaid care and domestic work,FCTR_TIME_M,Factor of men's time,_X,Unspecified,F,Female,PCT,Practices,DF_HR,Household responsibilities,2023,,4.8,,A,Normal value,0,Units,,,SIGI_NO,Variable not used to compute the composite index (SIGI),SL_DOM_TSPD,Proportion of time spent on unpaid domestic chores and care work [5.4.1]
DATAFLOW,OECD.DEV.NPG:DSD_GID@DF_GID_2023(1.0),"Gender, Institutions and Development Database (GID-DB) 2023",I,KOR,Korea,DF_HR_PCT_1,Time spent on unpaid care and domestic work,FCTR_TIME_M,Factor of men's time,_X,Unspecified,F,Female,PCT,Practices,DF_HR,Household responsibilities,2023,,3.2,,A,Normal value,0,Units,,,SIGI_NO,Variable not used to compute the composite index (SIGI),SL_DOM_TSPD,Proportion of time spent on unpaid domestic chores and care work [5.4.1]
DATAFLOW,OECD.DEV.NPG:DSD_GID@DF_GID_2023(1.0),"Gender, Institutions and Development Database (GID-DB) 2023",I,LVA,Latvia,DF_HR_PCT_1,Time spent on unpaid care and domestic work,FCTR_TIME_M,Factor of men's time,_X,Unspecified,F,Female,PCT,Practices,DF_HR,Household responsibilities,2023,,2,,A,Normal value,0,Units,,,SIGI_NO,Variable not used to compute the composite index (SIGI),SL_DOM_TSPD,Proportion of time spent on unpaid domestic chores and care work [5.4.1]
DATAFLOW,OECD.DEV.NPG:DSD_GID@DF_GID_2023(1.0),"Gender, Institutions and Development Database (GID-DB) 2023",I,LTU,Lithuania,DF_HR_PCT_1,Time spent on unpaid care and domestic work,FCTR_TIME_M,Factor of men's time,_X,Unspecified,F,Female,PCT,Practices,DF_HR,Household responsibilities,2023,,2,,A,Normal value,0,Units,,,SIGI_NO,Variable not used to compute the composite index (SIGI),SL_DOM_TSPD,Proportion of time spent on unpaid domestic chores and care work [5.4.1]
DATAFLOW,OECD.DEV.NPG:DSD_GID@DF_GID_2023(1.0),"Gender, Institutions and Development Database (GID-DB) 2023",I,LUX,Luxembourg,DF_HR_PCT_1,Time spent on unpaid care and domestic work,FCTR_TIME_M,Factor of men's time,_X,Unspecified,F,Female,PCT,Practices,DF_HR,Household responsibilities,2023,,2,,A,Normal value,0,Units,,,SIGI_NO,Variable not used to compute the composite index (SIGI),SL_DOM_TSPD,Proportion of time spent on unpaid domestic chores and care work [5.4.1]
DATAFLOW,OECD.DEV.NPG:DSD_GID@DF_GID_2023(1.0),"Gender, Institutions and Development Database (GID-DB) 2023",I,MEX,Mexico,DF_HR_PCT_1,Time spent on unpaid care and domestic work,FCTR_TIME_M,Factor of men's time,_X,Unspecified,F,Female,PCT,Practices,DF_HR,Household responsibilities,2023,,2.5,,A,Normal value,0,Units,,,SIGI_NO,Variable not used to compute the composite index (SIGI),SL_DOM_TSPD,Proportion of time spent on unpaid domestic chores and care work [5.4.1]
DATAFLOW,OECD.DEV.NPG:DSD_GID@DF_GID_2023(1.0),"Gender, Institutions and Development Database (GID-DB) 2023",I,NLD,Netherlands,DF_HR_PCT_1,Time spent on unpaid care and domestic work,FCTR_TIME_M,Factor of men's time,_X,Unspecified,F,Female,PCT,Practices,DF_HR,Household responsibilities,2023,,1.6,,A,Normal value,0,Units,,,SIGI_NO,Variable not used to compute the composite index (SIGI),SL_DOM_TSPD,Proportion of time spent on unpaid domestic chores and care work [5.4.1]
DATAFLOW,OECD.DEV.NPG:DSD_GID@DF_GID_2023(1.0),"Gender, Institutions and Development Database (GID-DB) 2023",I,NZL,New Zealand,DF_HR_PCT_1,Time spent on unpaid care and domestic work,FCTR_TIME_M,Factor of men's time,_X,Unspecified,F,Female,PCT,Practices,DF_HR,Household responsibilities,2023,,1.7,,A,Normal value,0,Units,,,SIGI_NO,Variable not used to compute the composite index (SIGI),SL_DOM_TSPD,Proportion of time spent on unpaid domestic chores and care work [5.4.1]
DATAFLOW,OECD.DEV.NPG:DSD_GID@DF_GID_2023(1.0),"Gender, Institutions and Development Database (GID-DB) 2023",I,NOR,Norway,DF_HR_PCT_1,Time spent on unpaid care and domestic work,FCTR_TIME_M,Factor of men's time,_X,Unspecified,F,Female,PCT,Practices,DF_HR,Household responsibilities,2023,,1.2,,A,Normal value,0,Units,,,SIGI_NO,Variable not used to compute the composite index (SIGI),SL_DOM_TSPD,Proportion of time spent on unpaid domestic chores and care work [5.4.1]
DATAFLOW,OECD.DEV.NPG:DSD_GID@DF_GID_2023(1.0),"Gender, Institutions and Development Database (GID-DB) 2023",I,POL,Poland,DF_HR_PCT_1,Time spent on unpaid care and domestic work,FCTR_TIME_M,Factor of men's time,_X,Unspecified,F,Female,PCT,Practices,DF_HR,Household responsibilities,2023,,1.8,,A,Normal value,0,Units,,,SIGI_NO,Variable not used to compute the composite index (SIGI),SL_DOM_TSPD,Proportion of time spent on unpaid domestic chores and care work [5.4.1]
DATAFLOW,OECD.DEV.NPG:DSD_GID@DF_GID_2023(1.0),"Gender, Institutions and Development Database (GID-DB) 2023",I,PRT,Portugal,DF_HR_PCT_1,Time spent on unpaid care and domestic work,FCTR_TIME_M,Factor of men's time,_X,Unspecified,F,Female,PCT,Practices,DF_HR,Household responsibilities,2023,,1.7,,A,Normal value,0,Units,,,SIGI_NO,Variable not used to compute the composite index (SIGI),SL_DOM_TSPD,Proportion of time spent on unpaid domestic chores and care work [5.4.1]
DATAFLOW,OECD.DEV.NPG:DSD_GID@DF_GID_2023(1.0),"Gender, Institutions and Development Database (GID-DB) 2023",I,SVN,Slovenia,DF_HR_PCT_1,Time spent on unpaid care and domestic work,FCTR_TIME_M,Factor of men's time,_X,Unspecified,F,Female,PCT,Practices,DF_HR,Household responsibilities,2023,,1.9,,A,Normal value,0,Units,,,SIGI_NO,Variable not used to compute the composite index (SIGI),SL_DOM_TSPD,Proportion of time spent on unpaid domestic chores and care work [5.4.1]
DATAFLOW,OECD.DEV.NPG:DSD_GID@DF_GID_2023(1.0),"Gender, Institutions and Development Database (GID-DB) 2023",I,ESP,Spain,DF_HR_PCT_1,Time spent on unpaid care and domestic work,FCTR_TIME_M,Factor of men's time,_X,Unspecified,F,Female,PCT,Practices,DF_HR,Household responsibilities,2023,,2.2,,A,Normal value,0,Units,,,SIGI_NO,Variable not used to compute the composite index (SIGI),SL_DOM_TSPD,Proportion of time spent on unpaid domestic chores and care work [5.4.1]
DATAFLOW,OECD.DEV.NPG:DSD_GID@DF_GID_2023(1.0),"Gender, Institutions and Development Database (GID-DB) 2023",I,SWE,Sweden,DF_HR_PCT_1,Time spent on unpaid care and domestic work,FCTR_TIME_M,Factor of men's time,_X,Unspecified,F,Female,PCT,Practices,DF_HR,Household responsibilities,2023,,1.3,,A,Normal value,0,Units,,,SIGI_NO,Variable not used to compute the composite index (SIGI),SL_DOM_TSPD,Proportion of time spent on unpaid domestic chores and care work [5.4.1]
DATAFLOW,OECD.DEV.NPG:DSD_GID@DF_GID_2023(1.0),"Gender, Institutions and Development Database (GID-DB) 2023",I,CHE,Switzerland,DF_HR_PCT_1,Time spent on unpaid care and domestic work,FCTR_TIME_M,Factor of men's time,_X,Unspecified,F,Female,PCT,Practices,DF_HR,Household responsibilities,2023,,1.5,,A,Normal value,0,Units,,,SIGI_NO,Variable not used to compute the composite index (SIGI),SL_DOM_TSPD,Proportion of time spent on unpaid domestic chores and care work [5.4.1]
DATAFLOW,OECD.DEV.NPG:DSD_GID@DF_GID_2023(1.0),"Gender, Institutions and Development Database (GID-DB) 2023",I,TUR,Türkiye,DF_HR_PCT_1,Time spent on unpaid care and domestic work,FCTR_TIME_M,Factor of men's time,_X,Unspecified,F,Female,PCT,Practices,DF_HR,Household responsibilities,2023,,5.2,,A,Normal value,0,Units,,,SIGI_NO,Variable not used to compute the composite index (SIGI),SL_DOM_TSPD,Proportion of time spent on unpaid domestic chores and care work [5.4.1]
DATAFLOW,OECD.DEV.NPG:DSD_GID@DF_GID_2023(1.0),"Gender, Institutions and Development Database (GID-DB) 2023",I,GBR,United Kingdom,DF_HR_PCT_1,Time spent on unpaid care and domestic work,FCTR_TIME_M,Factor of men's time,_X,Unspecified,F,Female,PCT,Practices,DF_HR,Household responsibilities,2023,,1.8,,A,Normal value,0,Units,,,SIGI_NO,Variable not used to compute the composite index (SIGI),SL_DOM_TSPD,Proportion of time spent on unpaid domestic chores and care work [5.4.1]
DATAFLOW,OECD.DEV.NPG:DSD_GID@DF_GID_2023(1.0),"Gender, Institutions and Development Database (GID-DB) 2023",I,USA,United States,DF_HR_PCT_1,Time spent on unpaid care and domestic work,FCTR_TIME_M,Factor of men's time,_X,Unspecified,F,Female,PCT,Practices,DF_HR,Household responsibilities,2023,,1.6,,A,Normal value,0,Units,,,SIGI_NO,Variable not used to compute the composite index (SIGI),SL_DOM_TSPD,Proportion of time spent on unpaid domestic chores and care work [5.4.1]
DATAFLOW,OECD.DEV.NPG:DSD_GID@DF_GID_2023(1.0),"Gender, Institutions and Development Database (GID-DB) 2023",I,G7,G7,DF_HR_PCT_1,Time spent on unpaid care and domestic work,FCTR_TIME_M,Factor of men's time,_X,Unspecified,F,Female,PCT,Practices,DF_HR,Household responsibilities,2023,,1.9,,A,Normal value,0,Units,,,SIGI_NO,Variable not used to compute the composite index (SIGI),SL_DOM_TSPD,Proportion of time spent on unpaid domestic chores and care work [5.4.1]
DATAFLOW,OECD.DEV.NPG:DSD_GID@DF_GID_2023(1.0),"Gender, Institutions and Development Database (GID-DB) 2023",I,G20,G20,DF_HR_PCT_1,Time spent on unpaid care and domestic work,FCTR_TIME_M,Factor of men's time,_X,Unspecified,F,Female,PCT,Practices,DF_HR,Household responsibilities,2023,,2.4,,A,Normal value,0,Units,,,SIGI_NO,Variable not used to compute the composite index (SIGI),SL_DOM_TSPD,Proportion of time spent on unpaid domestic chores and care work [5.4.1]
DATAFLOW,OECD.DEV.NPG:DSD_GID@DF_GID_2023(1.0),"Gender, Institutions and Development Database (GID-DB) 2023",I,EU,European Union,DF_HR_PCT_1,Time spent on unpaid care and domestic work,FCTR_TIME_M,Factor of men's time,_X,Unspecified,F,Female,PCT,Practices,DF_HR,Household responsibilities,2023,,1.9,,A,Normal value,0,Units,,,SIGI_NO,Variable not used to compute the composite index (SIGI),SL_DOM_TSPD,Proportion of time spent on unpaid domestic chores and care work [5.4.1]
DATAFLOW,OECD.DEV.NPG:DSD_GID@DF_GID_2023(1.0),"Gender, Institutions and Development Database (GID-DB) 2023",I,OECD,OECD,DF_HR_PCT_1,Time spent on unpaid care and domestic work,FCTR_TIME_M,Factor of men's time,_X,Unspecified,F,Female,PCT,Practices,DF_HR,Household responsibilities,2023,,2.1,,A,Normal value,0,Units,,,SIGI_NO,Variable not used to compute the composite index (SIGI),SL_DOM_TSPD,Proportion of time spent on unpaid domestic chores and care work [5.4.1]
DATAFLOW,OECD.DEV.NPG:DSD_GID@DF_GID_2023(1.0),"Gender, Institutions and Development Database (GID-DB) 2023",I,ALB,Albania,DF_HR_PCT_1,Time spent on unpaid care and domestic work,FCTR_TIME_M,Factor of men's time,_X,Unspecified,F,Female,PCT,Practices,DF_HR,Household responsibilities,2023,,6.3,,A,Normal value,0,Units,,,SIGI_NO,Variable not used to compute the composite index (SIGI),SL_DOM_TSPD,Proportion of time spent on unpaid domestic chores and care work [5.4.1]
DATAFLOW,OECD.DEV.NPG:DSD_GID@DF_GID_2023(1.0),"Gender, Institutions and Development Database (GID-DB) 2023",I,DZA,Algeria,DF_HR_PCT_1,Time spent on unpaid care and domestic work,FCTR_TIME_M,Factor of men's time,_X,Unspecified,F,Female,PCT,Practices,DF_HR,Household responsibilities,2023,,5.8,,A,Normal value,0,Units,,,SIGI_NO,Variable not used to compute the composite index (SIGI),SL_DOM_TSPD,Proportion of time spent on unpaid domestic chores and care work [5.4.1]
DATAFLOW,OECD.DEV.NPG:DSD_GID@DF_GID_2023(1.0),"Gender, Institutions and Development Database (GID-DB) 2023",I,ARG,Argentina,DF_HR_PCT_1,Time spent on unpaid care and domestic work,FCTR_TIME_M,Factor of men's time,_X,Unspecified,F,Female,PCT,Practices,DF_HR,Household responsibilities,2023,,2.5,,A,Normal value,0,Units,,,SIGI_NO,Variable not used to compute the composite index (SIGI),SL_DOM_TSPD,Proportion of time spent on unpaid domestic chores and care work [5.4.1]
DATAFLOW,OECD.DEV.NPG:DSD_GID@DF_GID_2023(1.0),"Gender, Institutions and Development Database (GID-DB) 2023",I,ARM,Armenia,DF_HR_PCT_1,Time spent on unpaid care and domestic work,FCTR_TIME_M,Factor of men's time,_X,Unspecified,F,Female,PCT,Practices,DF_HR,Household responsibilities,2023,,5,,A,Normal value,0,Units,,,SIGI_NO,Variable not used to compute the composite index (SIGI),SL_DOM_TSPD,Proportion of time spent on unpaid domestic chores and care work [5.4.1]
DATAFLOW,OECD.DEV.NPG:DSD_GID@DF_GID_2023(1.0),"Gender, Institutions and Development Database (GID-DB) 2023",I,AZE,Azerbaijan,DF_HR_PCT_1,Time spent on unpaid care and domestic work,FCTR_TIME_M,Factor of men's time,_X,Unspecified,F,Female,PCT,Practices,DF_HR,Household responsibilities,2023,,2.9,,A,Normal value,0,Units,,,SIGI_NO,Variable not used to compute the composite index (SIGI),SL_DOM_TSPD,Proportion of time spent on unpaid domestic chores and care work [5.4.1]
DATAFLOW,OECD.DEV.NPG:DSD_GID@DF_GID_2023(1.0),"Gender, Institutions and Development Database (GID-DB) 2023",I,BEN,Benin,DF_HR_PCT_1,Time spent on unpaid care and domestic work,FCTR_TIME_M,Factor of men's time,_X,Unspecified,F,Female,PCT,Practices,DF_HR,Household responsibilities,2023,,5.3,,A,Normal value,0,Units,,,SIGI_NO,Variable not used to compute the composite index (SIGI),SL_DOM_TSPD,Proportion of time spent on unpaid domestic chores and care work [5.4.1]
DATAFLOW,OECD.DEV.NPG:DSD_GID@DF_GID_2023(1.0),"Gender, Institutions and Development Database (GID-DB) 2023",I,BTN,Bhutan,DF_HR_PCT_1,Time spent on unpaid care and domestic work,FCTR_TIME_M,Factor of men's time,_X,Unspecified,F,Female,PCT,Practices,DF_HR,Household responsibilities,2023,,2.5,,A,Normal value,0,Units,,,SIGI_NO,Variable not used to compute the composite index (SIGI),SL_DOM_TSPD,Proportion of time spent on unpaid domestic chores and care work [5.4.1]
DATAFLOW,OECD.DEV.NPG:DSD_GID@DF_GID_2023(1.0),"Gender, Institutions and Development Database (GID-DB) 2023",I,BOL,Bolivia,DF_HR_PCT_1,Time spent on unpaid care and domestic work,FCTR_TIME_M,Factor of men's time,_X,Unspecified,F,Female,PCT,Practices,DF_HR,Household responsibilities,2023,,1.9,,A,Normal value,0,Units,,,SIGI_NO,Variable not used to compute the composite index (SIGI),SL_DOM_TSPD,Proportion of time spent on unpaid domestic chores and care work [5.4.1]
DATAFLOW,OECD.DEV.NPG:DSD_GID@DF_GID_2023(1.0),"Gender, Institutions and Development Database (GID-DB) 2023",I,BRA,Brazil,DF_HR_PCT_1,Time spent on unpaid care and domestic work,FCTR_TIME_M,Factor of men's time,_X,Unspecified,F,Female,PCT,Practices,DF_HR,Household responsibilities,2023,,2.3,,A,Normal value,0,Units,,,SIGI_NO,Variable not used to compute the composite index (SIGI),SL_DOM_TSPD,Proportion of time spent on unpaid domestic chores and care work [5.4.1]
DATAFLOW,OECD.DEV.NPG:DSD_GID@DF_GID_2023(1.0),"Gender, Institutions and Development Database (GID-DB) 2023",I,BGR,Bulgaria,DF_HR_PCT_1,Time spent on unpaid care and domestic work,FCTR_TIME_M,Factor of men's time,_X,Unspecified,F,Female,PCT,Practices,DF_HR,Household responsibilities,2023,,2,,A,Normal value,0,Units,,,SIGI_NO,Variable not used to compute the composite index (SIGI),SL_DOM_TSPD,Proportion of time spent on unpaid domestic chores and care work [5.4.1]
DATAFLOW,OECD.DEV.NPG:DSD_GID@DF_GID_2023(1.0),"Gender, Institutions and Development Database (GID-DB) 2023",I,CPV,Cabo Verde,DF_HR_PCT_1,Time spent on unpaid care and domestic work,FCTR_TIME_M,Factor of men's time,_X,Unspecified,F,Female,PCT,Practices,DF_HR,Household responsibilities,2023,,2.1,,A,Normal value,0,Units,,,SIGI_NO,Variable not used to compute the composite index (SIGI),SL_DOM_TSPD,Proportion of time spent on unpaid domestic chores and care work [5.4.1]
DATAFLOW,OECD.DEV.NPG:DSD_GID@DF_GID_2023(1.0),"Gender, Institutions and Development Database (GID-DB) 2023",I,KHM,Cambodia,DF_HR_PCT_1,Time spent on unpaid care and domestic work,FCTR_TIME_M,Factor of men's time,_X,Unspecified,F,Female,PCT,Practices,DF_HR,Household responsibilities,2023,,10,,A,Normal value,0,Units,,,SIGI_NO,Variable not used to compute the composite index (SIGI),SL_DOM_TSPD,Proportion of time spent on unpaid domestic chores and care work [5.4.1]
DATAFLOW,OECD.DEV.NPG:DSD_GID@DF_GID_2023(1.0),"Gender, Institutions and Development Database (GID-DB) 2023",I,CMR,Cameroon,DF_HR_PCT_1,Time spent on unpaid care and domestic work,FCTR_TIME_M,Factor of men's time,_X,Unspecified,F,Female,PCT,Practices,DF_HR,Household responsibilities,2023,,3.5,,A,Normal value,0,Units,,,SIGI_NO,Variable not used to compute the composite index (SIGI),SL_DOM_TSPD,Proportion of time spent on unpaid domestic chores and care work [5.4.1]
DATAFLOW,OECD.DEV.NPG:DSD_GID@DF_GID_2023(1.0),"Gender, Institutions and Development Database (GID-DB) 2023",I,CHN,China (People’s Republic of),DF_HR_PCT_1,Time spent on unpaid care and domestic work,FCTR_TIME_M,Factor of men's time,_X,Unspecified,F,Female,PCT,Practices,DF_HR,Household responsibilities,2023,,2.6,,A,Normal value,0,Units,,,SIGI_NO,Variable not used to compute the composite index (SIGI),SL_DOM_TSPD,Proportion of time spent on unpaid domestic chores and care work [5.4.1]
DATAFLOW,OECD.DEV.NPG:DSD_GID@DF_GID_2023(1.0),"Gender, Institutions and Development Database (GID-DB) 2023",I,CIV,Côte d’Ivoire,DF_HR_PCT_1,Time spent on unpaid care and domestic work,FCTR_TIME_M,Factor of men's time,_X,Unspecified,F,Female,PCT,Practices,DF_HR,Household responsibilities,2023,,4,,A,Normal value,0,Units,,,SIGI_NO,Variable not used to compute the composite index (SIGI),SL_DOM_TSPD,Proportion of time spent on unpaid domestic chores and care work [5.4.1]
DATAFLOW,OECD.DEV.NPG:DSD_GID@DF_GID_2023(1.0),"Gender, Institutions and Development Database (GID-DB) 2023",I,CUB,Cuba,DF_HR_PCT_1,Time spent on unpaid care and domestic work,FCTR_TIME_M,Factor of men's time,_X,Unspecified,F,Female,PCT,Practices,DF_HR,Household responsibilities,2023,,1.7,,A,Normal value,0,Units,,,SIGI_NO,Variable not used to compute the composite index (SIGI),SL_DOM_TSPD,Proportion of time spent on unpaid domestic chores and care work [5.4.1]
DATAFLOW,OECD.DEV.NPG:DSD_GID@DF_GID_2023(1.0),"Gender, Institutions and Development Database (GID-DB) 2023",I,DOM,Dominican Republic,DF_HR_PCT_1,Time spent on unpaid care and domestic work,FCTR_TIME_M,Factor of men's time,_X,Unspecified,F,Female,PCT,Practices,DF_HR,Household responsibilities,2023,,4.4,,A,Normal value,0,Units,,,SIGI_NO,Variable not used to compute the composite index (SIGI),SL_DOM_TSPD,Proportion of time spent on unpaid domestic chores and care work [5.4.1]
DATAFLOW,OECD.DEV.NPG:DSD_GID@DF_GID_2023(1.0),"Gender, Institutions and Development Database (GID-DB) 2023",I,ECU,Ecuador,DF_HR_PCT_1,Time spent on unpaid care and domestic work,FCTR_TIME_M,Factor of men's time,_X,Unspecified,F,Female,PCT,Practices,DF_HR,Household responsibilities,2023,,4.2,,A,Normal value,0,Units,,,SIGI_NO,Variable not used to compute the composite index (SIGI),SL_DOM_TSPD,Proportion of time spent on unpaid domestic chores and care work [5.4.1]
DATAFLOW,OECD.DEV.NPG:DSD_GID@DF_GID_2023(1.0),"Gender, Institutions and Development Database (GID-DB) 2023",I,EGY,Egypt,DF_HR_PCT_1,Time spent on unpaid care and domestic work,FCTR_TIME_M,Factor of men's time,_X,Unspecified,F,Female,PCT,Practices,DF_HR,Household responsibilities,2023,,9.2,,A,Normal value,0,Units,,,SIGI_NO,Variable not used to compute the composite index (SIGI),SL_DOM_TSPD,Proportion of time spent on unpaid domestic chores and care work [5.4.1]
DATAFLOW,OECD.DEV.NPG:DSD_GID@DF_GID_2023(1.0),"Gender, Institutions and Development Database (GID-DB) 2023",I,SLV,El Salvador,DF_HR_PCT_1,Time spent on unpaid care and domestic work,FCTR_TIME_M,Factor of men's time,_X,Unspecified,F,Female,PCT,Practices,DF_HR,Household responsibilities,2023,,2.9,,A,Normal value,0,Units,,,SIGI_NO,Variable not used to compute the composite index (SIGI),SL_DOM_TSPD,Proportion of time spent on unpaid domestic chores and care work [5.4.1]
DATAFLOW,OECD.DEV.NPG:DSD_GID@DF_GID_2023(1.0),"Gender, Institutions and Development Database (GID-DB) 2023",I,ETH,Ethiopia,DF_HR_PCT_1,Time spent on unpaid care and domestic work,FCTR_TIME_M,Factor of men's time,_X,Unspecified,F,Female,PCT,Practices,DF_HR,Household responsibilities,2023,,2.9,,A,Normal value,0,Units,,,SIGI_NO,Variable not used to compute the composite index (SIGI),SL_DOM_TSPD,Proportion of time spent on unpaid domestic chores and care work [5.4.1]
DATAFLOW,OECD.DEV.NPG:DSD_GID@DF_GID_2023(1.0),"Gender, Institutions and Development Database (GID-DB) 2023",I,FJI,Fiji,DF_HR_PCT_1,Time spent on unpaid care and domestic work,FCTR_TIME_M,Factor of men's time,_X,Unspecified,F,Female,PCT,Practices,DF_HR,Household responsibilities,2023,,2.9,,A,Normal value,0,Units,,,SIGI_NO,Variable not used to compute the composite index (SIGI),SL_DOM_TSPD,Proportion of time spent on unpaid domestic chores and care work [5.4.1]
DATAFLOW,OECD.DEV.NPG:DSD_GID@DF_GID_2023(1.0),"Gender, Institutions and Development Database (GID-DB) 2023",I,GHA,Ghana,DF_HR_PCT_1,Time spent on unpaid care and domestic work,FCTR_TIME_M,Factor of men's time,_X,Unspecified,F,Female,PCT,Practices,DF_HR,Household responsibilities,2023,,4.1,,A,Normal value,0,Units,,,SIGI_NO,Variable not used to compute the composite index (SIGI),SL_DOM_TSPD,Proportion of time spent on unpaid domestic chores and care work [5.4.1]
DATAFLOW,OECD.DEV.NPG:DSD_GID@DF_GID_2023(1.0),"Gender, Institutions and Development Database (GID-DB) 2023",I,GTM,Guatemala,DF_HR_PCT_1,Time spent on unpaid care and domestic work,FCTR_TIME_M,Factor of men's time,_X,Unspecified,F,Female,PCT,Practices,DF_HR,Household responsibilities,2023,,7.5,,A,Normal value,0,Units,,,SIGI_NO,Variable not used to compute the composite index (SIGI),SL_DOM_TSPD,Proportion of time spent on unpaid domestic chores and care work [5.4.1]
DATAFLOW,OECD.DEV.NPG:DSD_GID@DF_GID_2023(1.0),"Gender, Institutions and Development Database (GID-DB) 2023",I,HND,Honduras,DF_HR_PCT_1,Time spent on unpaid care and domestic work,FCTR_TIME_M,Factor of men's time,_X,Unspecified,F,Female,PCT,Practices,DF_HR,Household responsibilities,2023,,4,,A,Normal value,0,Units,,,SIGI_NO,Variable not used to compute the composite index (SIGI),SL_DOM_TSPD,Proportion of time spent on unpaid domestic chores and care work [5.4.1]
DATAFLOW,OECD.DEV.NPG:DSD_GID@DF_GID_2023(1.0),"Gender, Institutions and Development Database (GID-DB) 2023",I,HKG,Hong Kong (China),DF_HR_PCT_1,Time spent on unpaid care and domestic work,FCTR_TIME_M,Factor of men's time,_X,Unspecified,F,Female,PCT,Practices,DF_HR,Household responsibilities,2023,,3.3,,A,Normal value,0,Units,,,SIGI_NO,Variable not used to compute the composite index (SIGI),SL_DOM_TSPD,Proportion of time spent on unpaid domestic chores and care work [5.4.1]
DATAFLOW,OECD.DEV.NPG:DSD_GID@DF_GID_2023(1.0),"Gender, Institutions and Development Database (GID-DB) 2023",I,IND,India,DF_HR_PCT_1,Time spent on unpaid care and domestic work,FCTR_TIME_M,Factor of men's time,_X,Unspecified,F,Female,PCT,Practices,DF_HR,Household responsibilities,2023,,2.5,,A,Normal value,0,Units,,,SIGI_NO,Variable not used to compute the composite index (SIGI),SL_DOM_TSPD,Proportion of time spent on unpaid domestic chores and care work [5.4.1]
DATAFLOW,OECD.DEV.NPG:DSD_GID@DF_GID_2023(1.0),"Gender, Institutions and Development Database (GID-DB) 2023",I,IRN,Iran,DF_HR_PCT_1,Time spent on unpaid care and domestic work,FCTR_TIME_M,Factor of men's time,_X,Unspecified,F,Female,PCT,Practices,DF_HR,Household responsibilities,2023,,4,,A,Normal value,0,Units,,,SIGI_NO,Variable not used to compute the composite index (SIGI),SL_DOM_TSPD,Proportion of time spent on unpaid domestic chores and care work [5.4.1]
DATAFLOW,OECD.DEV.NPG:DSD_GID@DF_GID_2023(1.0),"Gender, Institutions and Development Database (GID-DB) 2023",I,IRQ,Iraq,DF_HR_PCT_1,Time spent on unpaid care and domestic work,FCTR_TIME_M,Factor of men's time,_X,Unspecified,F,Female,PCT,Practices,DF_HR,Household responsibilities,2023,,5.8,,A,Normal value,0,Units,,,SIGI_NO,Variable not used to compute the composite index (SIGI),SL_DOM_TSPD,Proportion of time spent on unpaid domestic chores and care work [5.4.1]
DATAFLOW,OECD.DEV.NPG:DSD_GID@DF_GID_2023(1.0),"Gender, Institutions and Development Database (GID-DB) 2023",I,KAZ,Kazakhstan,DF_HR_PCT_1,Time spent on unpaid care and domestic work,FCTR_TIME_M,Factor of men's time,_X,Unspecified,F,Female,PCT,Practices,DF_HR,Household responsibilities,2023,,3,,A,Normal value,0,Units,,,SIGI_NO,Variable not used to compute the composite index (SIGI),SL_DOM_TSPD,Proportion of time spent on unpaid domestic chores and care work [5.4.1]
DATAFLOW,OECD.DEV.NPG:DSD_GID@DF_GID_2023(1.0),"Gender, Institutions and Development Database (GID-DB) 2023",I,KGZ,Kyrgyzstan,DF_HR_PCT_1,Time spent on unpaid care and domestic work,FCTR_TIME_M,Factor of men's time,_X,Unspecified,F,Female,PCT,Practices,DF_HR,Household responsibilities,2023,,1.8,,A,Normal value,0,Units,,,SIGI_NO,Variable not used to compute the composite index (SIGI),SL_DOM_TSPD,Proportion of time spent on unpaid domestic chores and care work [5.4.1]
DATAFLOW,OECD.DEV.NPG:DSD_GID@DF_GID_2023(1.0),"Gender, Institutions and Development Database (GID-DB) 2023",I,LAO,Lao People’s Democratic Republic,DF_HR_PCT_1,Time spent on unpaid care and domestic work,FCTR_TIME_M,Factor of men's time,_X,Unspecified,F,Female,PCT,Practices,DF_HR,Household responsibilities,2023,,1.4,,A,Normal value,0,Units,,,SIGI_NO,Variable not used to compute the composite index (SIGI),SL_DOM_TSPD,Proportion of time spent on unpaid domestic chores and care work [5.4.1]
DATAFLOW,OECD.DEV.NPG:DSD_GID@DF_GID_2023(1.0),"Gender, Institutions and Development Database (GID-DB) 2023",I,LSO,Lesotho,DF_HR_PCT_1,Time spent on unpaid care and domestic work,FCTR_TIME_M,Factor of men's time,_X,Unspecified,F,Female,PCT,Practices,DF_HR,Household responsibilities,2023,,2.5,,A,Normal value,0,Units,,,SIGI_NO,Variable not used to compute the composite index (SIGI),SL_DOM_TSPD,Proportion of time spent on unpaid domestic chores and care work [5.4.1]
DATAFLOW,OECD.DEV.NPG:DSD_GID@DF_GID_2023(1.0),"Gender, Institutions and Development Database (GID-DB) 2023",I,LBR,Liberia,DF_HR_PCT_1,Time spent on unpaid care and domestic work,FCTR_TIME_M,Factor of men's time,_X,Unspecified,F,Female,PCT,Practices,DF_HR,Household responsibilities,2023,,2.4,,A,Normal value,0,Units,,,SIGI_NO,Variable not used to compute the composite index (SIGI),SL_DOM_TSPD,Proportion of time spent on unpaid domestic chores and care work [5.4.1]
DATAFLOW,OECD.DEV.NPG:DSD_GID@DF_GID_2023(1.0),"Gender, Institutions and Development Database (GID-DB) 2023",I,MDG,Madagascar,DF_HR_PCT_1,Time spent on unpaid care and domestic work,FCTR_TIME_M,Factor of men's time,_X,Unspecified,F,Female,PCT,Practices,DF_HR,Household responsibilities,2023,,4.9,,A,Normal value,0,Units,,,SIGI_NO,Variable not used to compute the composite index (SIGI),SL_DOM_TSPD,Proportion of time spent on unpaid domestic chores and care work [5.4.1]
DATAFLOW,OECD.DEV.NPG:DSD_GID@DF_GID_2023(1.0),"Gender, Institutions and Development Database (GID-DB) 2023",I,MWI,Malawi,DF_HR_PCT_1,Time spent on unpaid care and domestic work,FCTR_TIME_M,Factor of men's time,_X,Unspecified,F,Female,PCT,Practices,DF_HR,Household responsibilities,2023,,6.9,,A,Normal value,0,Units,,,SIGI_NO,Variable not used to compute the composite index (SIGI),SL_DOM_TSPD,Proportion of time spent on unpaid domestic chores and care work [5.4.1]
DATAFLOW,OECD.DEV.NPG:DSD_GID@DF_GID_2023(1.0),"Gender, Institutions and Development Database (GID-DB) 2023",I,MYS,Malaysia,DF_HR_PCT_1,Time spent on unpaid care and domestic work,FCTR_TIME_M,Factor of men's time,_X,Unspecified,F,Female,PCT,Practices,DF_HR,Household responsibilities,2023,,3.2,,A,Normal value,0,Units,,,SIGI_NO,Variable not used to compute the composite index (SIGI),SL_DOM_TSPD,Proportion of time spent on unpaid domestic chores and care work [5.4.1]
DATAFLOW,OECD.DEV.NPG:DSD_GID@DF_GID_2023(1.0),"Gender, Institutions and Development Database (GID-DB) 2023",I,MLI,Mali,DF_HR_PCT_1,Time spent on unpaid care and domestic work,FCTR_TIME_M,Factor of men's time,_X,Unspecified,F,Female,PCT,Practices,DF_HR,Household responsibilities,2023,,11.5,,A,Normal value,0,Units,,,SIGI_NO,Variable not used to compute the composite index (SIGI),SL_DOM_TSPD,Proportion of time spent on unpaid domestic chores and care work [5.4.1]
DATAFLOW,OECD.DEV.NPG:DSD_GID@DF_GID_2023(1.0),"Gender, Institutions and Development Database (GID-DB) 2023",I,MLT,Malta,DF_HR_PCT_1,Time spent on unpaid care and domestic work,FCTR_TIME_M,Factor of men's time,_X,Unspecified,F,Female,PCT,Practices,DF_HR,Household responsibilities,2023,,2.7,,A,Normal value,0,Units,,,SIGI_NO,Variable not used to compute the composite index (SIGI),SL_DOM_TSPD,Proportion of time spent on unpaid domestic chores and care work [5.4.1]
DATAFLOW,OECD.DEV.NPG:DSD_GID@DF_GID_2023(1.0),"Gender, Institutions and Development Database (GID-DB) 2023",I,MUS,Mauritius,DF_HR_PCT_1,Time spent on unpaid care and domestic work,FCTR_TIME_M,Factor of men's time,_X,Unspecified,F,Female,PCT,Practices,DF_HR,Household responsibilities,2023,,4,,A,Normal value,0,Units,,,SIGI_NO,Variable not used to compute the composite index (SIGI),SL_DOM_TSPD,Proportion of time spent on unpaid domestic chores and care work [5.4.1]
DATAFLOW,OECD.DEV.NPG:DSD_GID@DF_GID_2023(1.0),"Gender, Institutions and Development Database (GID-DB) 2023",I,MDA,Moldova,DF_HR_PCT_1,Time spent on unpaid care and domestic work,FCTR_TIME_M,Factor of men's time,_X,Unspecified,F,Female,PCT,Practices,DF_HR,Household responsibilities,2023,,1.8,,A,Normal value,0,Units,,,SIGI_NO,Variable not used to compute the composite index (SIGI),SL_DOM_TSPD,Proportion of time spent on unpaid domestic chores and care work [5.4.1]
DATAFLOW,OECD.DEV.NPG:DSD_GID@DF_GID_2023(1.0),"Gender, Institutions and Development Database (GID-DB) 2023",I,MNG,Mongolia,DF_HR_PCT_1,Time spent on unpaid care and domestic work,FCTR_TIME_M,Factor of men's time,_X,Unspecified,F,Female,PCT,Practices,DF_HR,Household responsibilities,2023,,2.5,,A,Normal value,0,Units,,,SIGI_NO,Variable not used to compute the composite index (SIGI),SL_DOM_TSPD,Proportion of time spent on unpaid domestic chores and care work [5.4.1]
DATAFLOW,OECD.DEV.NPG:DSD_GID@DF_GID_2023(1.0),"Gender, Institutions and Development Database (GID-DB) 2023",I,MAR,Morocco,DF_HR_PCT_1,Time spent on unpaid care and domestic work,FCTR_TIME_M,Factor of men's time,_X,Unspecified,F,Female,PCT,Practices,DF_HR,Household responsibilities,2023,,7,,A,Normal value,0,Units,,,SIGI_NO,Variable not used to compute the composite index (SIGI),SL_DOM_TSPD,Proportion of time spent on unpaid domestic chores and care work [5.4.1]
DATAFLOW,OECD.DEV.NPG:DSD_GID@DF_GID_2023(1.0),"Gender, Institutions and Development Database (GID-DB) 2023",I,MKD,North Macedonia,DF_HR_PCT_1,Time spent on unpaid care and domestic work,FCTR_TIME_M,Factor of men's time,_X,Unspecified,F,Female,PCT,Practices,DF_HR,Household responsibilities,2023,,2.8,,A,Normal value,0,Units,,,SIGI_NO,Variable not used to compute the composite index (SIGI),SL_DOM_TSPD,Proportion of time spent on unpaid domestic chores and care work [5.4.1]
DATAFLOW,OECD.DEV.NPG:DSD_GID@DF_GID_2023(1.0),"Gender, Institutions and Development Database (GID-DB) 2023",I,OMN,Oman,DF_HR_PCT_1,Time spent on unpaid care and domestic work,FCTR_TIME_M,Factor of men's time,_X,Unspecified,F,Female,PCT,Practices,DF_HR,Household responsibilities,2023,,2.5,,A,Normal value,0,Units,,,SIGI_NO,Variable not used to compute the composite index (SIGI),SL_DOM_TSPD,Proportion of time spent on unpaid domestic chores and care work [5.4.1]
DATAFLOW,OECD.DEV.NPG:DSD_GID@DF_GID_2023(1.0),"Gender, Institutions and Development Database (GID-DB) 2023",I,PAK,Pakistan,DF_HR_PCT_1,Time spent on unpaid care and domestic work,FCTR_TIME_M,Factor of men's time,_X,Unspecified,F,Female,PCT,Practices,DF_HR,Household responsibilities,2023,,11,,A,Normal value,0,Units,,,SIGI_NO,Variable not used to compute the composite index (SIGI),SL_DOM_TSPD,Proportion of time spent on unpaid domestic chores and care work [5.4.1]
DATAFLOW,OECD.DEV.NPG:DSD_GID@DF_GID_2023(1.0),"Gender, Institutions and Development Database (GID-DB) 2023",I,PSE,Palestinian Authority or West Bank and Gaza Strip,DF_HR_PCT_1,Time spent on unpaid care and domestic work,FCTR_TIME_M,Factor of men's time,_X,Unspecified,F,Female,PCT,Practices,DF_HR,Household responsibilities,2023,,6.7,,A,Normal value,0,Units,,,SIGI_NO,Variable not used to compute the composite index (SIGI),SL_DOM_TSPD,Proportion of time spent on unpaid domestic chores and care work [5.4.1]
DATAFLOW,OECD.DEV.NPG:DSD_GID@DF_GID_2023(1.0),"Gender, Institutions and Development Database (GID-DB) 2023",I,PAN,Panama,DF_HR_PCT_1,Time spent on unpaid care and domestic work,FCTR_TIME_M,Factor of men's time,_X,Unspecified,F,Female,PCT,Practices,DF_HR,Household responsibilities,2023,,2.4,,A,Normal value,0,Units,,,SIGI_NO,Variable not used to compute the composite index (SIGI),SL_DOM_TSPD,Proportion of time spent on unpaid domestic chores and care work [5.4.1]
DATAFLOW,OECD.DEV.NPG:DSD_GID@DF_GID_2023(1.0),"Gender, Institutions and Development Database (GID-DB) 2023",I,PRY,Paraguay,DF_HR_PCT_1,Time spent on unpaid care and domestic work,FCTR_TIME_M,Factor of men's time,_X,Unspecified,F,Female,PCT,Practices,DF_HR,Household responsibilities,2023,,3.4,,A,Normal value,0,Units,,,SIGI_NO,Variable not used to compute the composite index (SIGI),SL_DOM_TSPD,Proportion of time spent on unpaid domestic chores and care work [5.4.1]
DATAFLOW,OECD.DEV.NPG:DSD_GID@DF_GID_2023(1.0),"Gender, Institutions and Development Database (GID-DB) 2023",I,PER,Peru,DF_HR_PCT_1,Time spent on unpaid care and domestic work,FCTR_TIME_M,Factor of men's time,_X,Unspecified,F,Female,PCT,Practices,DF_HR,Household responsibilities,2023,,2.6,,A,Normal value,0,Units,,,SIGI_NO,Variable not used to compute the composite index (SIGI),SL_DOM_TSPD,Proportion of time spent on unpaid domestic chores and care work [5.4.1]
DATAFLOW,OECD.DEV.NPG:DSD_GID@DF_GID_2023(1.0),"Gender, Institutions and Development Database (GID-DB) 2023",I,QAT,Qatar,DF_HR_PCT_1,Time spent on unpaid care and domestic work,FCTR_TIME_M,Factor of men's time,_X,Unspecified,F,Female,PCT,Practices,DF_HR,Household responsibilities,2023,,3.7,,A,Normal value,0,Units,,,SIGI_NO,Variable not used to compute the composite index (SIGI),SL_DOM_TSPD,Proportion of time spent on unpaid domestic chores and care work [5.4.1]
DATAFLOW,OECD.DEV.NPG:DSD_GID@DF_GID_2023(1.0),"Gender, Institutions and Development Database (GID-DB) 2023",I,ROU,Romania,DF_HR_PCT_1,Time spent on unpaid care and domestic work,FCTR_TIME_M,Factor of men's time,_X,Unspecified,F,Female,PCT,Practices,DF_HR,Household responsibilities,2023,,2,,A,Normal value,0,Units,,,SIGI_NO,Variable not used to compute the composite index (SIGI),SL_DOM_TSPD,Proportion of time spent on unpaid domestic chores and care work [5.4.1]
DATAFLOW,OECD.DEV.NPG:DSD_GID@DF_GID_2023(1.0),"Gender, Institutions and Development Database (GID-DB) 2023",I,SRB,Serbia,DF_HR_PCT_1,Time spent on unpaid care and domestic work,FCTR_TIME_M,Factor of men's time,_X,Unspecified,F,Female,PCT,Practices,DF_HR,Household responsibilities,2023,,2.2,,A,Normal value,0,Units,,,SIGI_NO,Variable not used to compute the composite index (SIGI),SL_DOM_TSPD,Proportion of time spent on unpaid domestic chores and care work [5.4.1]
DATAFLOW,OECD.DEV.NPG:DSD_GID@DF_GID_2023(1.0),"Gender, Institutions and Development Database (GID-DB) 2023",I,ZAF,South Africa,DF_HR_PCT_1,Time spent on unpaid care and domestic work,FCTR_TIME_M,Factor of men's time,_X,Unspecified,F,Female,PCT,Practices,DF_HR,Household responsibilities,2023,,2.4,,A,Normal value,0,Units,,,SIGI_NO,Variable not used to compute the composite index (SIGI),SL_DOM_TSPD,Proportion of time spent on unpaid domestic chores and care work [5.4.1]
DATAFLOW,OECD.DEV.NPG:DSD_GID@DF_GID_2023(1.0),"Gender, Institutions and Development Database (GID-DB) 2023",I,TWN,Chinese Taipei,DF_HR_PCT_1,Time spent on unpaid care and domestic work,FCTR_TIME_M,Factor of men's time,_X,Unspecified,F,Female,PCT,Practices,DF_HR,Household responsibilities,2023,,4.1,,A,Normal value,0,Units,,,SIGI_NO,Variable not used to compute the composite index (SIGI),SL_DOM_TSPD,Proportion of time spent on unpaid domestic chores and care work [5.4.1]
DATAFLOW,OECD.DEV.NPG:DSD_GID@DF_GID_2023(1.0),"Gender, Institutions and Development Database (GID-DB) 2023",I,TZA,Tanzania,DF_HR_PCT_1,Time spent on unpaid care and domestic work,FCTR_TIME_M,Factor of men's time,_X,Unspecified,F,Female,PCT,Practices,DF_HR,Household responsibilities,2023,,3.9,,A,Normal value,0,Units,,,SIGI_NO,Variable not used to compute the composite index (SIGI),SL_DOM_TSPD,Proportion of time spent on unpaid domestic chores and care work [5.4.1]
DATAFLOW,OECD.DEV.NPG:DSD_GID@DF_GID_2023(1.0),"Gender, Institutions and Development Database (GID-DB) 2023",I,THA,Thailand,DF_HR_PCT_1,Time spent on unpaid care and domestic work,FCTR_TIME_M,Factor of men's time,_X,Unspecified,F,Female,PCT,Practices,DF_HR,Household responsibilities,2023,,3.2,,A,Normal value,0,Units,,,SIGI_NO,Variable not used to compute the composite index (SIGI),SL_DOM_TSPD,Proportion of time spent on unpaid domestic chores and care work [5.4.1]
DATAFLOW,OECD.DEV.NPG:DSD_GID@DF_GID_2023(1.0),"Gender, Institutions and Development Database (GID-DB) 2023",I,TUN,Tunisia,DF_HR_PCT_1,Time spent on unpaid care and domestic work,FCTR_TIME_M,Factor of men's time,_X,Unspecified,F,Female,PCT,Practices,DF_HR,Household responsibilities,2023,,8.1,,A,Normal value,0,Units,,,SIGI_NO,Variable not used to compute the composite index (SIGI),SL_DOM_TSPD,Proportion of time spent on unpaid domestic chores and care work [5.4.1]
DATAFLOW,OECD.DEV.NPG:DSD_GID@DF_GID_2023(1.0),"Gender, Institutions and Development Database (GID-DB) 2023",I,UGA,Uganda,DF_HR_PCT_1,Time spent on unpaid care and domestic work,FCTR_TIME_M,Factor of men's time,_X,Unspecified,F,Female,PCT,Practices,DF_HR,Household responsibilities,2023,,1.9,,A,Normal value,0,Units,,,SIGI_NO,Variable not used to compute the composite index (SIGI),SL_DOM_TSPD,Proportion of time spent on unpaid domestic chores and care work [5.4.1]
DATAFLOW,OECD.DEV.NPG:DSD_GID@DF_GID_2023(1.0),"Gender, Institutions and Development Database (GID-DB) 2023",I,URY,Uruguay,DF_HR_PCT_1,Time spent on unpaid care and domestic work,FCTR_TIME_M,Factor of men's time,_X,Unspecified,F,Female,PCT,Practices,DF_HR,Household responsibilities,2023,,2.4,,A,Normal value,0,Units,,,SIGI_NO,Variable not used to compute the composite index (SIGI),SL_DOM_TSPD,Proportion of time spent on unpaid domestic chores and care work [5.4.1]
DATAFLOW,OECD.DEV.NPG:DSD_GID@DF_GID_2023(1.0),"Gender, Institutions and Development Database (GID-DB) 2023",I,A,America,DF_HR_PCT_1,Time spent on unpaid care and domestic work,FCTR_TIME_M,Factor of men's time,_X,Unspecified,F,Female,PCT,Practices,DF_HR,Household responsibilities,2023,,2.1,,A,Normal value,0,Units,,,SIGI_NO,Variable not used to compute the composite index (SIGI),SL_DOM_TSPD,Proportion of time spent on unpaid domestic chores and care work [5.4.1]
DATAFLOW,OECD.DEV.NPG:DSD_GID@DF_GID_2023(1.0),"Gender, Institutions and Development Database (GID-DB) 2023",I,E,Europe,DF_HR_PCT_1,Time spent on unpaid care and domestic work,FCTR_TIME_M,Factor of men's time,_X,Unspecified,F,Female,PCT,Practices,DF_HR,Household responsibilities,2023,,1.9,,A,Normal value,0,Units,,,SIGI_NO,Variable not used to compute the composite index (SIGI),SL_DOM_TSPD,Proportion of time spent on unpaid domestic chores and care work [5.4.1]
DATAFLOW,OECD.DEV.NPG:DSD_GID@DF_GID_2023(1.0),"Gender, Institutions and Development Database (GID-DB) 2023",I,F,Africa,DF_HR_PCT_1,Time spent on unpaid care and domestic work,FCTR_TIME_M,Factor of men's time,_X,Unspecified,F,Female,PCT,Practices,DF_HR,Household responsibilities,2023,,4.1,,A,Normal value,0,Units,,,SIGI_NO,Variable not used to compute the composite index (SIGI),SL_DOM_TSPD,Proportion of time spent on unpaid domestic chores and care work [5.4.1]
DATAFLOW,OECD.DEV.NPG:DSD_GID@DF_GID_2023(1.0),"Gender, Institutions and Development Database (GID-DB) 2023",I,S,Asia,DF_HR_PCT_1,Time spent on unpaid care and domestic work,FCTR_TIME_M,Factor of men's time,_X,Unspecified,F,Female,PCT,Practices,DF_HR,Household responsibilities,2023,,2.7,,A,Normal value,0,Units,,,SIGI_NO,Variable not used to compute the composite index (SIGI),SL_DOM_TSPD,Proportion of time spent on unpaid domestic chores and care work [5.4.1]
DATAFLOW,OECD.DEV.NPG:DSD_GID@DF_GID_2023(1.0),"Gender, Institutions and Development Database (GID-DB) 2023",I,W,World,DF_HR_PCT_1,Time spent on unpaid care and domestic work,FCTR_TIME_M,Factor of men's time,_X,Unspecified,F,Female,PCT,Practices,DF_HR,Household responsibilities,2023,,2.6,,A,Normal value,0,Units,,,SIGI_NO,Variable not used to compute the composite index (SIGI),SL_DOM_TSPD,Proportion of time spent on unpaid domestic chores and care work [5.4.1]
DATAFLOW,OECD.DEV.NPG:DSD_GID@DF_GID_2023(1.0),"Gender, Institutions and Development Database (GID-DB) 2023",I,AUS,Australia,DF_HR_PCT_1,Time spent on unpaid care and domestic work,H_D,Hours per day,_X,Unspecified,M,Male,PCT,Practices,DF_HR,Household responsibilities,2023,,2.7,,A,Normal value,0,Units,,,SIGI_NO,Variable not used to compute the composite index (SIGI),SL_DOM_TSPD,Proportion of time spent on unpaid domestic chores and care work [5.4.1]
DATAFLOW,OECD.DEV.NPG:DSD_GID@DF_GID_2023(1.0),"Gender, Institutions and Development Database (GID-DB) 2023",I,AUT,Austria,DF_HR_PCT_1,Time spent on unpaid care and domestic work,H_D,Hours per day,_X,Unspecified,M,Male,PCT,Practices,DF_HR,Household responsibilities,2023,,2.4,,A,Normal value,0,Units,,,SIGI_NO,Variable not used to compute the composite index (SIGI),SL_DOM_TSPD,Proportion of time spent on unpaid domestic chores and care work [5.4.1]
DATAFLOW,OECD.DEV.NPG:DSD_GID@DF_GID_2023(1.0),"Gender, Institutions and Development Database (GID-DB) 2023",I,BEL,Belgium,DF_HR_PCT_1,Time spent on unpaid care and domestic work,H_D,Hours per day,_X,Unspecified,M,Male,PCT,Practices,DF_HR,Household responsibilities,2023,,0.5,,A,Normal value,0,Units,,,SIGI_NO,Variable not used to compute the composite index (SIGI),SL_DOM_TSPD,Proportion of time spent on unpaid domestic chores and care work [5.4.1]
DATAFLOW,OECD.DEV.NPG:DSD_GID@DF_GID_2023(1.0),"Gender, Institutions and Development Database (GID-DB) 2023",I,CAN,Canada,DF_HR_PCT_1,Time spent on unpaid care and domestic work,H_D,Hours per day,_X,Unspecified,M,Male,PCT,Practices,DF_HR,Household responsibilities,2023,,2.3,,A,Normal value,0,Units,,,SIGI_NO,Variable not used to compute the composite index (SIGI),SL_DOM_TSPD,Proportion of time spent on unpaid domestic chores and care work [5.4.1]
DATAFLOW,OECD.DEV.NPG:DSD_GID@DF_GID_2023(1.0),"Gender, Institutions and Development Database (GID-DB) 2023",I,CHL,Chile,DF_HR_PCT_1,Time spent on unpaid care and domestic work,H_D,Hours per day,_X,Unspecified,M,Male,PCT,Practices,DF_HR,Household responsibilities,2023,,2.4,,A,Normal value,0,Units,,,SIGI_NO,Variable not used to compute the composite index (SIGI),SL_DOM_TSPD,Proportion of time spent on unpaid domestic chores and care work [5.4.1]
DATAFLOW,OECD.DEV.NPG:DSD_GID@DF_GID_2023(1.0),"Gender, Institutions and Development Database (GID-DB) 2023",I,COL,Colombia,DF_HR_PCT_1,Time spent on unpaid care and domestic work,H_D,Hours per day,_X,Unspecified,M,Male,PCT,Practices,DF_HR,Household responsibilities,2023,,0.7,,A,Normal value,0,Units,,,SIGI_NO,Variable not used to compute the composite index (SIGI),SL_DOM_TSPD,Proportion of time spent on unpaid domestic chores and care work [5.4.1]
DATAFLOW,OECD.DEV.NPG:DSD_GID@DF_GID_2023(1.0),"Gender, Institutions and Development Database (GID-DB) 2023",I,CRI,Costa Rica,DF_HR_PCT_1,Time spent on unpaid care and domestic work,H_D,Hours per day,_X,Unspecified,M,Male,PCT,Practices,DF_HR,Household responsibilities,2023,,2,,A,Normal value,0,Units,,,SIGI_NO,Variable not used to compute the composite index (SIGI),SL_DOM_TSPD,Proportion of time spent on unpaid domestic chores and care work [5.4.1]
DATAFLOW,OECD.DEV.NPG:DSD_GID@DF_GID_2023(1.0),"Gender, Institutions and Development Database (GID-DB) 2023",I,DNK,Denmark,DF_HR_PCT_1,Time spent on unpaid care and domestic work,H_D,Hours per day,_X,Unspecified,M,Male,PCT,Practices,DF_HR,Household responsibilities,2023,,2.7,,A,Normal value,0,Units,,,SIGI_NO,Variable not used to compute the composite index (SIGI),SL_DOM_TSPD,Proportion of time spent on unpaid domestic chores and care work [5.4.1]
DATAFLOW,OECD.DEV.NPG:DSD_GID@DF_GID_2023(1.0),"Gender, Institutions and Development Database (GID-DB) 2023",I,EST,Estonia,DF_HR_PCT_1,Time spent on unpaid care and domestic work,H_D,Hours per day,_X,Unspecified,M,Male,PCT,Practices,DF_HR,Household responsibilities,2023,,2.6,,A,Normal value,0,Units,,,SIGI_NO,Variable not used to compute the composite index (SIGI),SL_DOM_TSPD,Proportion of time spent on unpaid domestic chores and care work [5.4.1]
DATAFLOW,OECD.DEV.NPG:DSD_GID@DF_GID_2023(1.0),"Gender, Institutions and Development Database (GID-DB) 2023",I,FIN,Finland,DF_HR_PCT_1,Time spent on unpaid care and domestic work,H_D,Hours per day,_X,Unspecified,M,Male,PCT,Practices,DF_HR,Household responsibilities,2023,,2.5,,A,Normal value,0,Units,,,SIGI_NO,Variable not used to compute the composite index (SIGI),SL_DOM_TSPD,Proportion of time spent on unpaid domestic chores and care work [5.4.1]
DATAFLOW,OECD.DEV.NPG:DSD_GID@DF_GID_2023(1.0),"Gender, Institutions and Development Database (GID-DB) 2023",I,FRA,France,DF_HR_PCT_1,Time spent on unpaid care and domestic work,H_D,Hours per day,_X,Unspecified,M,Male,PCT,Practices,DF_HR,Household responsibilities,2023,,2.3,,A,Normal value,0,Units,,,SIGI_NO,Variable not used to compute the composite index (SIGI),SL_DOM_TSPD,Proportion of time spent on unpaid domestic chores and care work [5.4.1]
DATAFLOW,OECD.DEV.NPG:DSD_GID@DF_GID_2023(1.0),"Gender, Institutions and Development Database (GID-DB) 2023",I,DEU,Germany,DF_HR_PCT_1,Time spent on unpaid care and domestic work,H_D,Hours per day,_X,Unspecified,M,Male,PCT,Practices,DF_HR,Household responsibilities,2023,,2.5,,A,Normal value,0,Units,,,SIGI_NO,Variable not used to compute the composite index (SIGI),SL_DOM_TSPD,Proportion of time spent on unpaid domestic chores and care work [5.4.1]
DATAFLOW,OECD.DEV.NPG:DSD_GID@DF_GID_2023(1.0),"Gender, Institutions and Development Database (GID-DB) 2023",I,GRC,Greece,DF_HR_PCT_1,Time spent on unpaid care and domestic work,H_D,Hours per day,_X,Unspecified,M,Male,PCT,Practices,DF_HR,Household responsibilities,2023,,1.7,,A,Normal value,0,Units,,,SIGI_NO,Variable not used to compute the composite index (SIGI),SL_DOM_TSPD,Proportion of time spent on unpaid domestic chores and care work [5.4.1]
DATAFLOW,OECD.DEV.NPG:DSD_GID@DF_GID_2023(1.0),"Gender, Institutions and Development Database (GID-DB) 2023",I,HUN,Hungary,DF_HR_PCT_1,Time spent on unpaid care and domestic work,H_D,Hours per day,_X,Unspecified,M,Male,PCT,Practices,DF_HR,Household responsibilities,2023,,1.9,,A,Normal value,0,Units,,,SIGI_NO,Variable not used to compute the composite index (SIGI),SL_DOM_TSPD,Proportion of time spent on unpaid domestic chores and care work [5.4.1]
DATAFLOW,OECD.DEV.NPG:DSD_GID@DF_GID_2023(1.0),"Gender, Institutions and Development Database (GID-DB) 2023",I,IRL,Ireland,DF_HR_PCT_1,Time spent on unpaid care and domestic work,H_D,Hours per day,_X,Unspecified,M,Male,PCT,Practices,DF_HR,Household responsibilities,2023,,2.1,,A,Normal value,0,Units,,,SIGI_NO,Variable not used to compute the composite index (SIGI),SL_DOM_TSPD,Proportion of time spent on unpaid domestic chores and care work [5.4.1]
DATAFLOW,OECD.DEV.NPG:DSD_GID@DF_GID_2023(1.0),"Gender, Institutions and Development Database (GID-DB) 2023",I,ITA,Italy,DF_HR_PCT_1,Time spent on unpaid care and domestic work,H_D,Hours per day,_X,Unspecified,M,Male,PCT,Practices,DF_HR,Household responsibilities,2023,,2,,A,Normal value,0,Units,,,SIGI_NO,Variable not used to compute the composite index (SIGI),SL_DOM_TSPD,Proportion of time spent on unpaid domestic chores and care work [5.4.1]
DATAFLOW,OECD.DEV.NPG:DSD_GID@DF_GID_2023(1.0),"Gender, Institutions and Development Database (GID-DB) 2023",I,JPN,Japan,DF_HR_PCT_1,Time spent on unpaid care and domestic work,H_D,Hours per day,_X,Unspecified,M,Male,PCT,Practices,DF_HR,Household responsibilities,2023,,0.8,,A,Normal value,0,Units,,,SIGI_NO,Variable not used to compute the composite index (SIGI),SL_DOM_TSPD,Proportion of time spent on unpaid domestic chores and care work [5.4.1]
DATAFLOW,OECD.DEV.NPG:DSD_GID@DF_GID_2023(1.0),"Gender, Institutions and Development Database (GID-DB) 2023",I,KOR,Korea,DF_HR_PCT_1,Time spent on unpaid care and domestic work,H_D,Hours per day,_X,Unspecified,M,Male,PCT,Practices,DF_HR,Household responsibilities,2023,,1,,A,Normal value,0,Units,,,SIGI_NO,Variable not used to compute the composite index (SIGI),SL_DOM_TSPD,Proportion of time spent on unpaid domestic chores and care work [5.4.1]
DATAFLOW,OECD.DEV.NPG:DSD_GID@DF_GID_2023(1.0),"Gender, Institutions and Development Database (GID-DB) 2023",I,LVA,Latvia,DF_HR_PCT_1,Time spent on unpaid care and domestic work,H_D,Hours per day,_X,Unspecified,M,Male,PCT,Practices,DF_HR,Household responsibilities,2023,,2.2,,A,Normal value,0,Units,,,SIGI_NO,Variable not used to compute the composite index (SIGI),SL_DOM_TSPD,Proportion of time spent on unpaid domestic chores and care work [5.4.1]
DATAFLOW,OECD.DEV.NPG:DSD_GID@DF_GID_2023(1.0),"Gender, Institutions and Development Database (GID-DB) 2023",I,LTU,Lithuania,DF_HR_PCT_1,Time spent on unpaid care and domestic work,H_D,Hours per day,_X,Unspecified,M,Male,PCT,Practices,DF_HR,Household responsibilities,2023,,2,,A,Normal value,0,Units,,,SIGI_NO,Variable not used to compute the composite index (SIGI),SL_DOM_TSPD,Proportion of time spent on unpaid domestic chores and care work [5.4.1]
DATAFLOW,OECD.DEV.NPG:DSD_GID@DF_GID_2023(1.0),"Gender, Institutions and Development Database (GID-DB) 2023",I,LUX,Luxembourg,DF_HR_PCT_1,Time spent on unpaid care and domestic work,H_D,Hours per day,_X,Unspecified,M,Male,PCT,Practices,DF_HR,Household responsibilities,2023,,1.7,,A,Normal value,0,Units,,,SIGI_NO,Variable not used to compute the composite index (SIGI),SL_DOM_TSPD,Proportion of time spent on unpaid domestic chores and care work [5.4.1]
DATAFLOW,OECD.DEV.NPG:DSD_GID@DF_GID_2023(1.0),"Gender, Institutions and Development Database (GID-DB) 2023",I,MEX,Mexico,DF_HR_PCT_1,Time spent on unpaid care and domestic work,H_D,Hours per day,_X,Unspecified,M,Male,PCT,Practices,DF_HR,Household responsibilities,2023,,2.7,,A,Normal value,0,Units,,,SIGI_NO,Variable not used to compute the composite index (SIGI),SL_DOM_TSPD,Proportion of time spent on unpaid domestic chores and care work [5.4.1]
DATAFLOW,OECD.DEV.NPG:DSD_GID@DF_GID_2023(1.0),"Gender, Institutions and Development Database (GID-DB) 2023",I,NLD,Netherlands,DF_HR_PCT_1,Time spent on unpaid care and domestic work,H_D,Hours per day,_X,Unspecified,M,Male,PCT,Practices,DF_HR,Household responsibilities,2023,,2.2,,A,Normal value,0,Units,,,SIGI_NO,Variable not used to compute the composite index (SIGI),SL_DOM_TSPD,Proportion of time spent on unpaid domestic chores and care work [5.4.1]
DATAFLOW,OECD.DEV.NPG:DSD_GID@DF_GID_2023(1.0),"Gender, Institutions and Development Database (GID-DB) 2023",I,NZL,New Zealand,DF_HR_PCT_1,Time spent on unpaid care and domestic work,H_D,Hours per day,_X,Unspecified,M,Male,PCT,Practices,DF_HR,Household responsibilities,2023,,2.5,,A,Normal value,0,Units,,,SIGI_NO,Variable not used to compute the composite index (SIGI),SL_DOM_TSPD,Proportion of time spent on unpaid domestic chores and care work [5.4.1]
DATAFLOW,OECD.DEV.NPG:DSD_GID@DF_GID_2023(1.0),"Gender, Institutions and Development Database (GID-DB) 2023",I,NOR,Norway,DF_HR_PCT_1,Time spent on unpaid care and domestic work,H_D,Hours per day,_X,Unspecified,M,Male,PCT,Practices,DF_HR,Household responsibilities,2023,,3,,A,Normal value,0,Units,,,SIGI_NO,Variable not used to compute the composite index (SIGI),SL_DOM_TSPD,Proportion of time spent on unpaid domestic chores and care work [5.4.1]
DATAFLOW,OECD.DEV.NPG:DSD_GID@DF_GID_2023(1.0),"Gender, Institutions and Development Database (GID-DB) 2023",I,POL,Poland,DF_HR_PCT_1,Time spent on unpaid care and domestic work,H_D,Hours per day,_X,Unspecified,M,Male,PCT,Practices,DF_HR,Household responsibilities,2023,,2.4,,A,Normal value,0,Units,,,SIGI_NO,Variable not used to compute the composite index (SIGI),SL_DOM_TSPD,Proportion of time spent on unpaid domestic chores and care work [5.4.1]
DATAFLOW,OECD.DEV.NPG:DSD_GID@DF_GID_2023(1.0),"Gender, Institutions and Development Database (GID-DB) 2023",I,PRT,Portugal,DF_HR_PCT_1,Time spent on unpaid care and domestic work,H_D,Hours per day,_X,Unspecified,M,Male,PCT,Practices,DF_HR,Household responsibilities,2023,,2.5,,A,Normal value,0,Units,,,SIGI_NO,Variable not used to compute the composite index (SIGI),SL_DOM_TSPD,Proportion of time spent on unpaid domestic chores and care work [5.4.1]
DATAFLOW,OECD.DEV.NPG:DSD_GID@DF_GID_2023(1.0),"Gender, Institutions and Development Database (GID-DB) 2023",I,SVN,Slovenia,DF_HR_PCT_1,Time spent on unpaid care and domestic work,H_D,Hours per day,_X,Unspecified,M,Male,PCT,Practices,DF_HR,Household responsibilities,2023,,2.7,,A,Normal value,0,Units,,,SIGI_NO,Variable not used to compute the composite index (SIGI),SL_DOM_TSPD,Proportion of time spent on unpaid domestic chores and care work [5.4.1]
DATAFLOW,OECD.DEV.NPG:DSD_GID@DF_GID_2023(1.0),"Gender, Institutions and Development Database (GID-DB) 2023",I,ESP,Spain,DF_HR_PCT_1,Time spent on unpaid care and domestic work,H_D,Hours per day,_X,Unspecified,M,Male,PCT,Practices,DF_HR,Household responsibilities,2023,,2.1,,A,Normal value,0,Units,,,SIGI_NO,Variable not used to compute the composite index (SIGI),SL_DOM_TSPD,Proportion of time spent on unpaid domestic chores and care work [5.4.1]
DATAFLOW,OECD.DEV.NPG:DSD_GID@DF_GID_2023(1.0),"Gender, Institutions and Development Database (GID-DB) 2023",I,SWE,Sweden,DF_HR_PCT_1,Time spent on unpaid care and domestic work,H_D,Hours per day,_X,Unspecified,M,Male,PCT,Practices,DF_HR,Household responsibilities,2023,,3.1,,A,Normal value,0,Units,,,SIGI_NO,Variable not used to compute the composite index (SIGI),SL_DOM_TSPD,Proportion of time spent on unpaid domestic chores and care work [5.4.1]
DATAFLOW,OECD.DEV.NPG:DSD_GID@DF_GID_2023(1.0),"Gender, Institutions and Development Database (GID-DB) 2023",I,CHE,Switzerland,DF_HR_PCT_1,Time spent on unpaid care and domestic work,H_D,Hours per day,_X,Unspecified,M,Male,PCT,Practices,DF_HR,Household responsibilities,2023,,2.8,,A,Normal value,0,Units,,,SIGI_NO,Variable not used to compute the composite index (SIGI),SL_DOM_TSPD,Proportion of time spent on unpaid domestic chores and care work [5.4.1]
DATAFLOW,OECD.DEV.NPG:DSD_GID@DF_GID_2023(1.0),"Gender, Institutions and Development Database (GID-DB) 2023",I,TUR,Türkiye,DF_HR_PCT_1,Time spent on unpaid care and domestic work,H_D,Hours per day,_X,Unspecified,M,Male,PCT,Practices,DF_HR,Household responsibilities,2023,,0.9,,A,Normal value,0,Units,,,SIGI_NO,Variable not used to compute the composite index (SIGI),SL_DOM_TSPD,Proportion of time spent on unpaid domestic chores and care work [5.4.1]
DATAFLOW,OECD.DEV.NPG:DSD_GID@DF_GID_2023(1.0),"Gender, Institutions and Development Database (GID-DB) 2023",I,GBR,United Kingdom,DF_HR_PCT_1,Time spent on unpaid care and domestic work,H_D,Hours per day,_X,Unspecified,M,Male,PCT,Practices,DF_HR,Household responsibilities,2023,,1.7,,A,Normal value,0,Units,,,SIGI_NO,Variable not used to compute the composite index (SIGI),SL_DOM_TSPD,Proportion of time spent on unpaid domestic chores and care work [5.4.1]
DATAFLOW,OECD.DEV.NPG:DSD_GID@DF_GID_2023(1.0),"Gender, Institutions and Development Database (GID-DB) 2023",I,USA,United States,DF_HR_PCT_1,Time spent on unpaid care and domestic work,H_D,Hours per day,_X,Unspecified,M,Male,PCT,Practices,DF_HR,Household responsibilities,2023,,2.3,,A,Normal value,0,Units,,,SIGI_NO,Variable not used to compute the composite index (SIGI),SL_DOM_TSPD,Proportion of time spent on unpaid domestic chores and care work [5.4.1]
DATAFLOW,OECD.DEV.NPG:DSD_GID@DF_GID_2023(1.0),"Gender, Institutions and Development Database (GID-DB) 2023",I,G7,G7,DF_HR_PCT_1,Time spent on unpaid care and domestic work,H_D,Hours per day,_X,Unspecified,M,Male,PCT,Practices,DF_HR,Household responsibilities,2023,,2,,A,Normal value,0,Units,,,SIGI_NO,Variable not used to compute the composite index (SIGI),SL_DOM_TSPD,Proportion of time spent on unpaid domestic chores and care work [5.4.1]
DATAFLOW,OECD.DEV.NPG:DSD_GID@DF_GID_2023(1.0),"Gender, Institutions and Development Database (GID-DB) 2023",I,G20,G20,DF_HR_PCT_1,Time spent on unpaid care and domestic work,H_D,Hours per day,_X,Unspecified,M,Male,PCT,Practices,DF_HR,Household responsibilities,2023,,2,,A,Normal value,0,Units,,,SIGI_NO,Variable not used to compute the composite index (SIGI),SL_DOM_TSPD,Proportion of time spent on unpaid domestic chores and care work [5.4.1]
DATAFLOW,OECD.DEV.NPG:DSD_GID@DF_GID_2023(1.0),"Gender, Institutions and Development Database (GID-DB) 2023",I,EU,European Union,DF_HR_PCT_1,Time spent on unpaid care and domestic work,H_D,Hours per day,_X,Unspecified,M,Male,PCT,Practices,DF_HR,Household responsibilities,2023,,2.2,,A,Normal value,0,Units,,,SIGI_NO,Variable not used to compute the composite index (SIGI),SL_DOM_TSPD,Proportion of time spent on unpaid domestic chores and care work [5.4.1]
DATAFLOW,OECD.DEV.NPG:DSD_GID@DF_GID_2023(1.0),"Gender, Institutions and Development Database (GID-DB) 2023",I,OECD,OECD,DF_HR_PCT_1,Time spent on unpaid care and domestic work,H_D,Hours per day,_X,Unspecified,M,Male,PCT,Practices,DF_HR,Household responsibilities,2023,,2,,A,Normal value,0,Units,,,SIGI_NO,Variable not used to compute the composite index (SIGI),SL_DOM_TSPD,Proportion of time spent on unpaid domestic chores and care work [5.4.1]
DATAFLOW,OECD.DEV.NPG:DSD_GID@DF_GID_2023(1.0),"Gender, Institutions and Development Database (GID-DB) 2023",I,ALB,Albania,DF_HR_PCT_1,Time spent on unpaid care and domestic work,H_D,Hours per day,_X,Unspecified,M,Male,PCT,Practices,DF_HR,Household responsibilities,2023,,0.8,,A,Normal value,0,Units,,,SIGI_NO,Variable not used to compute the composite index (SIGI),SL_DOM_TSPD,Proportion of time spent on unpaid domestic chores and care work [5.4.1]
DATAFLOW,OECD.DEV.NPG:DSD_GID@DF_GID_2023(1.0),"Gender, Institutions and Development Database (GID-DB) 2023",I,DZA,Algeria,DF_HR_PCT_1,Time spent on unpaid care and domestic work,H_D,Hours per day,_X,Unspecified,M,Male,PCT,Practices,DF_HR,Household responsibilities,2023,,0.9,,A,Normal value,0,Units,,,SIGI_NO,Variable not used to compute the composite index (SIGI),SL_DOM_TSPD,Proportion of time spent on unpaid domestic chores and care work [5.4.1]
DATAFLOW,OECD.DEV.NPG:DSD_GID@DF_GID_2023(1.0),"Gender, Institutions and Development Database (GID-DB) 2023",I,ARG,Argentina,DF_HR_PCT_1,Time spent on unpaid care and domestic work,H_D,Hours per day,_X,Unspecified,M,Male,PCT,Practices,DF_HR,Household responsibilities,2023,,2.2,,A,Normal value,0,Units,,,SIGI_NO,Variable not used to compute the composite index (SIGI),SL_DOM_TSPD,Proportion of time spent on unpaid domestic chores and care work [5.4.1]
DATAFLOW,OECD.DEV.NPG:DSD_GID@DF_GID_2023(1.0),"Gender, Institutions and Development Database (GID-DB) 2023",I,ARM,Armenia,DF_HR_PCT_1,Time spent on unpaid care and domestic work,H_D,Hours per day,_X,Unspecified,M,Male,PCT,Practices,DF_HR,Household responsibilities,2023,,1,,A,Normal value,0,Units,,,SIGI_NO,Variable not used to compute the composite index (SIGI),SL_DOM_TSPD,Proportion of time spent on unpaid domestic chores and care work [5.4.1]
DATAFLOW,OECD.DEV.NPG:DSD_GID@DF_GID_2023(1.0),"Gender, Institutions and Development Database (GID-DB) 2023",I,AZE,Azerbaijan,DF_HR_PCT_1,Time spent on unpaid care and domestic work,H_D,Hours per day,_X,Unspecified,M,Male,PCT,Practices,DF_HR,Household responsibilities,2023,,2.1,,A,Normal value,0,Units,,,SIGI_NO,Variable not used to compute the composite index (SIGI),SL_DOM_TSPD,Proportion of time spent on unpaid domestic chores and care work [5.4.1]
DATAFLOW,OECD.DEV.NPG:DSD_GID@DF_GID_2023(1.0),"Gender, Institutions and Development Database (GID-DB) 2023",I,BEN,Benin,DF_HR_PCT_1,Time spent on unpaid care and domestic work,H_D,Hours per day,_X,Unspecified,M,Male,PCT,Practices,DF_HR,Household responsibilities,2023,,0.7,,A,Normal value,0,Units,,,SIGI_NO,Variable not used to compute the composite index (SIGI),SL_DOM_TSPD,Proportion of time spent on unpaid domestic chores and care work [5.4.1]
DATAFLOW,OECD.DEV.NPG:DSD_GID@DF_GID_2023(1.0),"Gender, Institutions and Development Database (GID-DB) 2023",I,BTN,Bhutan,DF_HR_PCT_1,Time spent on unpaid care and domestic work,H_D,Hours per day,_X,Unspecified,M,Male,PCT,Practices,DF_HR,Household responsibilities,2023,,1.4,,A,Normal value,0,Units,,,SIGI_NO,Variable not used to compute the composite index (SIGI),SL_DOM_TSPD,Proportion of time spent on unpaid domestic chores and care work [5.4.1]
DATAFLOW,OECD.DEV.NPG:DSD_GID@DF_GID_2023(1.0),"Gender, Institutions and Development Database (GID-DB) 2023",I,BOL,Bolivia,DF_HR_PCT_1,Time spent on unpaid care and domestic work,H_D,Hours per day,_X,Unspecified,M,Male,PCT,Practices,DF_HR,Household responsibilities,2023,,2.9,,A,Normal value,0,Units,,,SIGI_NO,Variable not used to compute the composite index (SIGI),SL_DOM_TSPD,Proportion of time spent on unpaid domestic chores and care work [5.4.1]
DATAFLOW,OECD.DEV.NPG:DSD_GID@DF_GID_2023(1.0),"Gender, Institutions and Development Database (GID-DB) 2023",I,BRA,Brazil,DF_HR_PCT_1,Time spent on unpaid care and domestic work,H_D,Hours per day,_X,Unspecified,M,Male,PCT,Practices,DF_HR,Household responsibilities,2023,,1.2,,A,Normal value,0,Units,,,SIGI_NO,Variable not used to compute the composite index (SIGI),SL_DOM_TSPD,Proportion of time spent on unpaid domestic chores and care work [5.4.1]
DATAFLOW,OECD.DEV.NPG:DSD_GID@DF_GID_2023(1.0),"Gender, Institutions and Development Database (GID-DB) 2023",I,BGR,Bulgaria,DF_HR_PCT_1,Time spent on unpaid care and domestic work,H_D,Hours per day,_X,Unspecified,M,Male,PCT,Practices,DF_HR,Household responsibilities,2023,,2.2,,A,Normal value,0,Units,,,SIGI_NO,Variable not used to compute the composite index (SIGI),SL_DOM_TSPD,Proportion of time spent on unpaid domestic chores and care work [5.4.1]
DATAFLOW,OECD.DEV.NPG:DSD_GID@DF_GID_2023(1.0),"Gender, Institutions and Development Database (GID-DB) 2023",I,KHM,Cambodia,DF_HR_PCT_1,Time spent on unpaid care and domestic work,H_D,Hours per day,_X,Unspecified,M,Male,PCT,Practices,DF_HR,Household responsibilities,2023,,0.3,,A,Normal value,0,Units,,,SIGI_NO,Variable not used to compute the composite index (SIGI),SL_DOM_TSPD,Proportion of time spent on unpaid domestic chores and care work [5.4.1]
DATAFLOW,OECD.DEV.NPG:DSD_GID@DF_GID_2023(1.0),"Gender, Institutions and Development Database (GID-DB) 2023",I,CMR,Cameroon,DF_HR_PCT_1,Time spent on unpaid care and domestic work,H_D,Hours per day,_X,Unspecified,M,Male,PCT,Practices,DF_HR,Household responsibilities,2023,,1.1,,A,Normal value,0,Units,,,SIGI_NO,Variable not used to compute the composite index (SIGI),SL_DOM_TSPD,Proportion of time spent on unpaid domestic chores and care work [5.4.1]
DATAFLOW,OECD.DEV.NPG:DSD_GID@DF_GID_2023(1.0),"Gender, Institutions and Development Database (GID-DB) 2023",I,CHN,China (People’s Republic of),DF_HR_PCT_1,Time spent on unpaid care and domestic work,H_D,Hours per day,_X,Unspecified,M,Male,PCT,Practices,DF_HR,Household responsibilities,2023,,1.4,,A,Normal value,0,Units,,,SIGI_NO,Variable not used to compute the composite index (SIGI),SL_DOM_TSPD,Proportion of time spent on unpaid domestic chores and care work [5.4.1]
DATAFLOW,OECD.DEV.NPG:DSD_GID@DF_GID_2023(1.0),"Gender, Institutions and Development Database (GID-DB) 2023",I,CIV,Côte d’Ivoire,DF_HR_PCT_1,Time spent on unpaid care and domestic work,H_D,Hours per day,_X,Unspecified,M,Male,PCT,Practices,DF_HR,Household responsibilities,2023,,1.3,,A,Normal value,0,Units,,,SIGI_NO,Variable not used to compute the composite index (SIGI),SL_DOM_TSPD,Proportion of time spent on unpaid domestic chores and care work [5.4.1]
DATAFLOW,OECD.DEV.NPG:DSD_GID@DF_GID_2023(1.0),"Gender, Institutions and Development Database (GID-DB) 2023",I,CUB,Cuba,DF_HR_PCT_1,Time spent on unpaid care and domestic work,H_D,Hours per day,_X,Unspecified,M,Male,PCT,Practices,DF_HR,Household responsibilities,2023,,3,,A,Normal value,0,Units,,,SIGI_NO,Variable not used to compute the composite index (SIGI),SL_DOM_TSPD,Proportion of time spent on unpaid domestic chores and care work [5.4.1]
DATAFLOW,OECD.DEV.NPG:DSD_GID@DF_GID_2023(1.0),"Gender, Institutions and Development Database (GID-DB) 2023",I,DOM,Dominican Republic,DF_HR_PCT_1,Time spent on unpaid care and domestic work,H_D,Hours per day,_X,Unspecified,M,Male,PCT,Practices,DF_HR,Household responsibilities,2023,,0.9,,A,Normal value,0,Units,,,SIGI_NO,Variable not used to compute the composite index (SIGI),SL_DOM_TSPD,Proportion of time spent on unpaid domestic chores and care work [5.4.1]
DATAFLOW,OECD.DEV.NPG:DSD_GID@DF_GID_2023(1.0),"Gender, Institutions and Development Database (GID-DB) 2023",I,ECU,Ecuador,DF_HR_PCT_1,Time spent on unpaid care and domestic work,H_D,Hours per day,_X,Unspecified,M,Male,PCT,Practices,DF_HR,Household responsibilities,2023,,1.1,,A,Normal value,0,Units,,,SIGI_NO,Variable not used to compute the composite index (SIGI),SL_DOM_TSPD,Proportion of time spent on unpaid domestic chores and care work [5.4.1]
DATAFLOW,OECD.DEV.NPG:DSD_GID@DF_GID_2023(1.0),"Gender, Institutions and Development Database (GID-DB) 2023",I,EGY,Egypt,DF_HR_PCT_1,Time spent on unpaid care and domestic work,H_D,Hours per day,_X,Unspecified,M,Male,PCT,Practices,DF_HR,Household responsibilities,2023,,0.6,,A,Normal value,0,Units,,,SIGI_NO,Variable not used to compute the composite index (SIGI),SL_DOM_TSPD,Proportion of time spent on unpaid domestic chores and care work [5.4.1]
DATAFLOW,OECD.DEV.NPG:DSD_GID@DF_GID_2023(1.0),"Gender, Institutions and Development Database (GID-DB) 2023",I,SLV,El Salvador,DF_HR_PCT_1,Time spent on unpaid care and domestic work,H_D,Hours per day,_X,Unspecified,M,Male,PCT,Practices,DF_HR,Household responsibilities,2023,,1.7,,A,Normal value,0,Units,,,SIGI_NO,Variable not used to compute the composite index (SIGI),SL_DOM_TSPD,Proportion of time spent on unpaid domestic chores and care work [5.4.1]
DATAFLOW,OECD.DEV.NPG:DSD_GID@DF_GID_2023(1.0),"Gender, Institutions and Development Database (GID-DB) 2023",I,ETH,Ethiopia,DF_HR_PCT_1,Time spent on unpaid care and domestic work,H_D,Hours per day,_X,Unspecified,M,Male,PCT,Practices,DF_HR,Household responsibilities,2023,,1.6,,A,Normal value,0,Units,,,SIGI_NO,Variable not used to compute the composite index (SIGI),SL_DOM_TSPD,Proportion of time spent on unpaid domestic chores and care work [5.4.1]
DATAFLOW,OECD.DEV.NPG:DSD_GID@DF_GID_2023(1.0),"Gender, Institutions and Development Database (GID-DB) 2023",I,FJI,Fiji,DF_HR_PCT_1,Time spent on unpaid care and domestic work,H_D,Hours per day,_X,Unspecified,M,Male,PCT,Practices,DF_HR,Household responsibilities,2023,,1.2,,A,Normal value,0,Units,,,SIGI_NO,Variable not used to compute the composite index (SIGI),SL_DOM_TSPD,Proportion of time spent on unpaid domestic chores and care work [5.4.1]
DATAFLOW,OECD.DEV.NPG:DSD_GID@DF_GID_2023(1.0),"Gender, Institutions and Development Database (GID-DB) 2023",I,GHA,Ghana,DF_HR_PCT_1,Time spent on unpaid care and domestic work,H_D,Hours per day,_X,Unspecified,M,Male,PCT,Practices,DF_HR,Household responsibilities,2023,,0.9,,A,Normal value,0,Units,,,SIGI_NO,Variable not used to compute the composite index (SIGI),SL_DOM_TSPD,Proportion of time spent on unpaid domestic chores and care work [5.4.1]
DATAFLOW,OECD.DEV.NPG:DSD_GID@DF_GID_2023(1.0),"Gender, Institutions and Development Database (GID-DB) 2023",I,GTM,Guatemala,DF_HR_PCT_1,Time spent on unpaid care and domestic work,H_D,Hours per day,_X,Unspecified,M,Male,PCT,Practices,DF_HR,Household responsibilities,2023,,0.6,,A,Normal value,0,Units,,,SIGI_NO,Variable not used to compute the composite index (SIGI),SL_DOM_TSPD,Proportion of time spent on unpaid domestic chores and care work [5.4.1]
DATAFLOW,OECD.DEV.NPG:DSD_GID@DF_GID_2023(1.0),"Gender, Institutions and Development Database (GID-DB) 2023",I,HND,Honduras,DF_HR_PCT_1,Time spent on unpaid care and domestic work,H_D,Hours per day,_X,Unspecified,M,Male,PCT,Practices,DF_HR,Household responsibilities,2023,,1,,A,Normal value,0,Units,,,SIGI_NO,Variable not used to compute the composite index (SIGI),SL_DOM_TSPD,Proportion of time spent on unpaid domestic chores and care work [5.4.1]
DATAFLOW,OECD.DEV.NPG:DSD_GID@DF_GID_2023(1.0),"Gender, Institutions and Development Database (GID-DB) 2023",I,HKG,Hong Kong (China),DF_HR_PCT_1,Time spent on unpaid care and domestic work,H_D,Hours per day,_X,Unspecified,M,Male,PCT,Practices,DF_HR,Household responsibilities,2023,,0.8,,A,Normal value,0,Units,,,SIGI_NO,Variable not used to compute the composite index (SIGI),SL_DOM_TSPD,Proportion of time spent on unpaid domestic chores and care work [5.4.1]
DATAFLOW,OECD.DEV.NPG:DSD_GID@DF_GID_2023(1.0),"Gender, Institutions and Development Database (GID-DB) 2023",I,IND,India,DF_HR_PCT_1,Time spent on unpaid care and domestic work,H_D,Hours per day,_X,Unspecified,M,Male,PCT,Practices,DF_HR,Household responsibilities,2023,,2.9,,A,Normal value,0,Units,,,SIGI_NO,Variable not used to compute the composite index (SIGI),SL_DOM_TSPD,Proportion of time spent on unpaid domestic chores and care work [5.4.1]
DATAFLOW,OECD.DEV.NPG:DSD_GID@DF_GID_2023(1.0),"Gender, Institutions and Development Database (GID-DB) 2023",I,IRN,Iran,DF_HR_PCT_1,Time spent on unpaid care and domestic work,H_D,Hours per day,_X,Unspecified,M,Male,PCT,Practices,DF_HR,Household responsibilities,2023,,1.2,,A,Normal value,0,Units,,,SIGI_NO,Variable not used to compute the composite index (SIGI),SL_DOM_TSPD,Proportion of time spent on unpaid domestic chores and care work [5.4.1]
DATAFLOW,OECD.DEV.NPG:DSD_GID@DF_GID_2023(1.0),"Gender, Institutions and Development Database (GID-DB) 2023",I,IRQ,Iraq,DF_HR_PCT_1,Time spent on unpaid care and domestic work,H_D,Hours per day,_X,Unspecified,M,Male,PCT,Practices,DF_HR,Household responsibilities,2023,,1,,A,Normal value,0,Units,,,SIGI_NO,Variable not used to compute the composite index (SIGI),SL_DOM_TSPD,Proportion of time spent on unpaid domestic chores and care work [5.4.1]
DATAFLOW,OECD.DEV.NPG:DSD_GID@DF_GID_2023(1.0),"Gender, Institutions and Development Database (GID-DB) 2023",I,KAZ,Kazakhstan,DF_HR_PCT_1,Time spent on unpaid care and domestic work,H_D,Hours per day,_X,Unspecified,M,Male,PCT,Practices,DF_HR,Household responsibilities,2023,,1.5,,A,Normal value,0,Units,,,SIGI_NO,Variable not used to compute the composite index (SIGI),SL_DOM_TSPD,Proportion of time spent on unpaid domestic chores and care work [5.4.1]
DATAFLOW,OECD.DEV.NPG:DSD_GID@DF_GID_2023(1.0),"Gender, Institutions and Development Database (GID-DB) 2023",I,KGZ,Kyrgyzstan,DF_HR_PCT_1,Time spent on unpaid care and domestic work,H_D,Hours per day,_X,Unspecified,M,Male,PCT,Practices,DF_HR,Household responsibilities,2023,,2.3,,A,Normal value,0,Units,,,SIGI_NO,Variable not used to compute the composite index (SIGI),SL_DOM_TSPD,Proportion of time spent on unpaid domestic chores and care work [5.4.1]
DATAFLOW,OECD.DEV.NPG:DSD_GID@DF_GID_2023(1.0),"Gender, Institutions and Development Database (GID-DB) 2023",I,LAO,Lao People’s Democratic Republic,DF_HR_PCT_1,Time spent on unpaid care and domestic work,H_D,Hours per day,_X,Unspecified,M,Male,PCT,Practices,DF_HR,Household responsibilities,2023,,2.4,,A,Normal value,0,Units,,,SIGI_NO,Variable not used to compute the composite index (SIGI),SL_DOM_TSPD,Proportion of time spent on unpaid domestic chores and care work [5.4.1]
DATAFLOW,OECD.DEV.NPG:DSD_GID@DF_GID_2023(1.0),"Gender, Institutions and Development Database (GID-DB) 2023",I,LSO,Lesotho,DF_HR_PCT_1,Time spent on unpaid care and domestic work,H_D,Hours per day,_X,Unspecified,M,Male,PCT,Practices,DF_HR,Household responsibilities,2023,,1.5,,A,Normal value,0,Units,,,SIGI_NO,Variable not used to compute the composite index (SIGI),SL_DOM_TSPD,Proportion of time spent on unpaid domestic chores and care work [5.4.1]
DATAFLOW,OECD.DEV.NPG:DSD_GID@DF_GID_2023(1.0),"Gender, Institutions and Development Database (GID-DB) 2023",I,LBR,Liberia,DF_HR_PCT_1,Time spent on unpaid care and domestic work,H_D,Hours per day,_X,Unspecified,M,Male,PCT,Practices,DF_HR,Household responsibilities,2023,,0.6,,A,Normal value,0,Units,,,SIGI_NO,Variable not used to compute the composite index (SIGI),SL_DOM_TSPD,Proportion of time spent on unpaid domestic chores and care work [5.4.1]
DATAFLOW,OECD.DEV.NPG:DSD_GID@DF_GID_2023(1.0),"Gender, Institutions and Development Database (GID-DB) 2023",I,MWI,Malawi,DF_HR_PCT_1,Time spent on unpaid care and domestic work,H_D,Hours per day,_X,Unspecified,M,Male,PCT,Practices,DF_HR,Household responsibilities,2023,,0.3,,A,Normal value,0,Units,,,SIGI_NO,Variable not used to compute the composite index (SIGI),SL_DOM_TSPD,Proportion of time spent on unpaid domestic chores and care work [5.4.1]
DATAFLOW,OECD.DEV.NPG:DSD_GID@DF_GID_2023(1.0),"Gender, Institutions and Development Database (GID-DB) 2023",I,MYS,Malaysia,DF_HR_PCT_1,Time spent on unpaid care and domestic work,H_D,Hours per day,_X,Unspecified,M,Male,PCT,Practices,DF_HR,Household responsibilities,2023,,1.4,,A,Normal value,0,Units,,,SIGI_NO,Variable not used to compute the composite index (SIGI),SL_DOM_TSPD,Proportion of time spent on unpaid domestic chores and care work [5.4.1]
DATAFLOW,OECD.DEV.NPG:DSD_GID@DF_GID_2023(1.0),"Gender, Institutions and Development Database (GID-DB) 2023",I,MLT,Malta,DF_HR_PCT_1,Time spent on unpaid care and domestic work,H_D,Hours per day,_X,Unspecified,M,Male,PCT,Practices,DF_HR,Household responsibilities,2023,,1.7,,A,Normal value,0,Units,,,SIGI_NO,Variable not used to compute the composite index (SIGI),SL_DOM_TSPD,Proportion of time spent on unpaid domestic chores and care work [5.4.1]
DATAFLOW,OECD.DEV.NPG:DSD_GID@DF_GID_2023(1.0),"Gender, Institutions and Development Database (GID-DB) 2023",I,MUS,Mauritius,DF_HR_PCT_1,Time spent on unpaid care and domestic work,H_D,Hours per day,_X,Unspecified,M,Male,PCT,Practices,DF_HR,Household responsibilities,2023,,1.2,,A,Normal value,0,Units,,,SIGI_NO,Variable not used to compute the composite index (SIGI),SL_DOM_TSPD,Proportion of time spent on unpaid domestic chores and care work [5.4.1]
DATAFLOW,OECD.DEV.NPG:DSD_GID@DF_GID_2023(1.0),"Gender, Institutions and Development Database (GID-DB) 2023",I,MDA,Moldova,DF_HR_PCT_1,Time spent on unpaid care and domestic work,H_D,Hours per day,_X,Unspecified,M,Male,PCT,Practices,DF_HR,Household responsibilities,2023,,2.7,,A,Normal value,0,Units,,,SIGI_NO,Variable not used to compute the composite index (SIGI),SL_DOM_TSPD,Proportion of time spent on unpaid domestic chores and care work [5.4.1]
DATAFLOW,OECD.DEV.NPG:DSD_GID@DF_GID_2023(1.0),"Gender, Institutions and Development Database (GID-DB) 2023",I,MNG,Mongolia,DF_HR_PCT_1,Time spent on unpaid care and domestic work,H_D,Hours per day,_X,Unspecified,M,Male,PCT,Practices,DF_HR,Household responsibilities,2023,,1.8,,A,Normal value,0,Units,,,SIGI_NO,Variable not used to compute the composite index (SIGI),SL_DOM_TSPD,Proportion of time spent on unpaid domestic chores and care work [5.4.1]
DATAFLOW,OECD.DEV.NPG:DSD_GID@DF_GID_2023(1.0),"Gender, Institutions and Development Database (GID-DB) 2023",I,MAR,Morocco,DF_HR_PCT_1,Time spent on unpaid care and domestic work,H_D,Hours per day,_X,Unspecified,M,Male,PCT,Practices,DF_HR,Household responsibilities,2023,,0.7,,A,Normal value,0,Units,,,SIGI_NO,Variable not used to compute the composite index (SIGI),SL_DOM_TSPD,Proportion of time spent on unpaid domestic chores and care work [5.4.1]
DATAFLOW,OECD.DEV.NPG:DSD_GID@DF_GID_2023(1.0),"Gender, Institutions and Development Database (GID-DB) 2023",I,MKD,North Macedonia,DF_HR_PCT_1,Time spent on unpaid care and domestic work,H_D,Hours per day,_X,Unspecified,M,Male,PCT,Practices,DF_HR,Household responsibilities,2023,,1.3,,A,Normal value,0,Units,,,SIGI_NO,Variable not used to compute the composite index (SIGI),SL_DOM_TSPD,Proportion of time spent on unpaid domestic chores and care work [5.4.1]
DATAFLOW,OECD.DEV.NPG:DSD_GID@DF_GID_2023(1.0),"Gender, Institutions and Development Database (GID-DB) 2023",I,OMN,Oman,DF_HR_PCT_1,Time spent on unpaid care and domestic work,H_D,Hours per day,_X,Unspecified,M,Male,PCT,Practices,DF_HR,Household responsibilities,2023,,1.8,,A,Normal value,0,Units,,,SIGI_NO,Variable not used to compute the composite index (SIGI),SL_DOM_TSPD,Proportion of time spent on unpaid domestic chores and care work [5.4.1]
DATAFLOW,OECD.DEV.NPG:DSD_GID@DF_GID_2023(1.0),"Gender, Institutions and Development Database (GID-DB) 2023",I,PAK,Pakistan,DF_HR_PCT_1,Time spent on unpaid care and domestic work,H_D,Hours per day,_X,Unspecified,M,Male,PCT,Practices,DF_HR,Household responsibilities,2023,,0.4,,A,Normal value,0,Units,,,SIGI_NO,Variable not used to compute the composite index (SIGI),SL_DOM_TSPD,Proportion of time spent on unpaid domestic chores and care work [5.4.1]
DATAFLOW,OECD.DEV.NPG:DSD_GID@DF_GID_2023(1.0),"Gender, Institutions and Development Database (GID-DB) 2023",I,PSE,Palestinian Authority or West Bank and Gaza Strip,DF_HR_PCT_1,Time spent on unpaid care and domestic work,H_D,Hours per day,_X,Unspecified,M,Male,PCT,Practices,DF_HR,Household responsibilities,2023,,0.7,,A,Normal value,0,Units,,,SIGI_NO,Variable not used to compute the composite index (SIGI),SL_DOM_TSPD,Proportion of time spent on unpaid domestic chores and care work [5.4.1]
DATAFLOW,OECD.DEV.NPG:DSD_GID@DF_GID_2023(1.0),"Gender, Institutions and Development Database (GID-DB) 2023",I,PAN,Panama,DF_HR_PCT_1,Time spent on unpaid care and domestic work,H_D,Hours per day,_X,Unspecified,M,Male,PCT,Practices,DF_HR,Household responsibilities,2023,,1.8,,A,Normal value,0,Units,,,SIGI_NO,Variable not used to compute the composite index (SIGI),SL_DOM_TSPD,Proportion of time spent on unpaid domestic chores and care work [5.4.1]
DATAFLOW,OECD.DEV.NPG:DSD_GID@DF_GID_2023(1.0),"Gender, Institutions and Development Database (GID-DB) 2023",I,PRY,Paraguay,DF_HR_PCT_1,Time spent on unpaid care and domestic work,H_D,Hours per day,_X,Unspecified,M,Male,PCT,Practices,DF_HR,Household responsibilities,2023,,1,,A,Normal value,0,Units,,,SIGI_NO,Variable not used to compute the composite index (SIGI),SL_DOM_TSPD,Proportion of time spent on unpaid domestic chores and care work [5.4.1]
DATAFLOW,OECD.DEV.NPG:DSD_GID@DF_GID_2023(1.0),"Gender, Institutions and Development Database (GID-DB) 2023",I,PER,Peru,DF_HR_PCT_1,Time spent on unpaid care and domestic work,H_D,Hours per day,_X,Unspecified,M,Male,PCT,Practices,DF_HR,Household responsibilities,2023,,2.1,,A,Normal value,0,Units,,,SIGI_NO,Variable not used to compute the composite index (SIGI),SL_DOM_TSPD,Proportion of time spent on unpaid domestic chores and care work [5.4.1]
DATAFLOW,OECD.DEV.NPG:DSD_GID@DF_GID_2023(1.0),"Gender, Institutions and Development Database (GID-DB) 2023",I,QAT,Qatar,DF_HR_PCT_1,Time spent on unpaid care and domestic work,H_D,Hours per day,_X,Unspecified,M,Male,PCT,Practices,DF_HR,Household responsibilities,2023,,0.5,,A,Normal value,0,Units,,,SIGI_NO,Variable not used to compute the composite index (SIGI),SL_DOM_TSPD,Proportion of time spent on unpaid domestic chores and care work [5.4.1]
DATAFLOW,OECD.DEV.NPG:DSD_GID@DF_GID_2023(1.0),"Gender, Institutions and Development Database (GID-DB) 2023",I,ROU,Romania,DF_HR_PCT_1,Time spent on unpaid care and domestic work,H_D,Hours per day,_X,Unspecified,M,Male,PCT,Practices,DF_HR,Household responsibilities,2023,,2.2,,A,Normal value,0,Units,,,SIGI_NO,Variable not used to compute the composite index (SIGI),SL_DOM_TSPD,Proportion of time spent on unpaid domestic chores and care work [5.4.1]
DATAFLOW,OECD.DEV.NPG:DSD_GID@DF_GID_2023(1.0),"Gender, Institutions and Development Database (GID-DB) 2023",I,SRB,Serbia,DF_HR_PCT_1,Time spent on unpaid care and domestic work,H_D,Hours per day,_X,Unspecified,M,Male,PCT,Practices,DF_HR,Household responsibilities,2023,,2.1,,A,Normal value,0,Units,,,SIGI_NO,Variable not used to compute the composite index (SIGI),SL_DOM_TSPD,Proportion of time spent on unpaid domestic chores and care work [5.4.1]
DATAFLOW,OECD.DEV.NPG:DSD_GID@DF_GID_2023(1.0),"Gender, Institutions and Development Database (GID-DB) 2023",I,ZAF,South Africa,DF_HR_PCT_1,Time spent on unpaid care and domestic work,H_D,Hours per day,_X,Unspecified,M,Male,PCT,Practices,DF_HR,Household responsibilities,2023,,1.5,,A,Normal value,0,Units,,,SIGI_NO,Variable not used to compute the composite index (SIGI),SL_DOM_TSPD,Proportion of time spent on unpaid domestic chores and care work [5.4.1]
DATAFLOW,OECD.DEV.NPG:DSD_GID@DF_GID_2023(1.0),"Gender, Institutions and Development Database (GID-DB) 2023",I,TZA,Tanzania,DF_HR_PCT_1,Time spent on unpaid care and domestic work,H_D,Hours per day,_X,Unspecified,M,Male,PCT,Practices,DF_HR,Household responsibilities,2023,,1,,A,Normal value,0,Units,,,SIGI_NO,Variable not used to compute the composite index (SIGI),SL_DOM_TSPD,Proportion of time spent on unpaid domestic chores and care work [5.4.1]
DATAFLOW,OECD.DEV.NPG:DSD_GID@DF_GID_2023(1.0),"Gender, Institutions and Development Database (GID-DB) 2023",I,THA,Thailand,DF_HR_PCT_1,Time spent on unpaid care and domestic work,H_D,Hours per day,_X,Unspecified,M,Male,PCT,Practices,DF_HR,Household responsibilities,2023,,0.9,,A,Normal value,0,Units,,,SIGI_NO,Variable not used to compute the composite index (SIGI),SL_DOM_TSPD,Proportion of time spent on unpaid domestic chores and care work [5.4.1]
DATAFLOW,OECD.DEV.NPG:DSD_GID@DF_GID_2023(1.0),"Gender, Institutions and Development Database (GID-DB) 2023",I,TUN,Tunisia,DF_HR_PCT_1,Time spent on unpaid care and domestic work,H_D,Hours per day,_X,Unspecified,M,Male,PCT,Practices,DF_HR,Household responsibilities,2023,,0.6,,A,Normal value,0,Units,,,SIGI_NO,Variable not used to compute the composite index (SIGI),SL_DOM_TSPD,Proportion of time spent on unpaid domestic chores and care work [5.4.1]
DATAFLOW,OECD.DEV.NPG:DSD_GID@DF_GID_2023(1.0),"Gender, Institutions and Development Database (GID-DB) 2023",I,UGA,Uganda,DF_HR_PCT_1,Time spent on unpaid care and domestic work,H_D,Hours per day,_X,Unspecified,M,Male,PCT,Practices,DF_HR,Household responsibilities,2023,,1.8,,A,Normal value,0,Units,,,SIGI_NO,Variable not used to compute the composite index (SIGI),SL_DOM_TSPD,Proportion of time spent on unpaid domestic chores and care work [5.4.1]
DATAFLOW,OECD.DEV.NPG:DSD_GID@DF_GID_2023(1.0),"Gender, Institutions and Development Database (GID-DB) 2023",I,URY,Uruguay,DF_HR_PCT_1,Time spent on unpaid care and domestic work,H_D,Hours per day,_X,Unspecified,M,Male,PCT,Practices,DF_HR,Household responsibilities,2023,,2,,A,Normal value,0,Units,,,SIGI_NO,Variable not used to compute the composite index (SIGI),SL_DOM_TSPD,Proportion of time spent on unpaid domestic chores and care work [5.4.1]
DATAFLOW,OECD.DEV.NPG:DSD_GID@DF_GID_2023(1.0),"Gender, Institutions and Development Database (GID-DB) 2023",I,A,America,DF_HR_PCT_1,Time spent on unpaid care and domestic work,H_D,Hours per day,_X,Unspecified,M,Male,PCT,Practices,DF_HR,Household responsibilities,2023,,2,,A,Normal value,0,Units,,,SIGI_NO,Variable not used to compute the composite index (SIGI),SL_DOM_TSPD,Proportion of time spent on unpaid domestic chores and care work [5.4.1]
DATAFLOW,OECD.DEV.NPG:DSD_GID@DF_GID_2023(1.0),"Gender, Institutions and Development Database (GID-DB) 2023",I,E,Europe,DF_HR_PCT_1,Time spent on unpaid care and domestic work,H_D,Hours per day,_X,Unspecified,M,Male,PCT,Practices,DF_HR,Household responsibilities,2023,,2.2,,A,Normal value,0,Units,,,SIGI_NO,Variable not used to compute the composite index (SIGI),SL_DOM_TSPD,Proportion of time spent on unpaid domestic chores and care work [5.4.1]
DATAFLOW,OECD.DEV.NPG:DSD_GID@DF_GID_2023(1.0),"Gender, Institutions and Development Database (GID-DB) 2023",I,F,Africa,DF_HR_PCT_1,Time spent on unpaid care and domestic work,H_D,Hours per day,_X,Unspecified,M,Male,PCT,Practices,DF_HR,Household responsibilities,2023,,1.1,,A,Normal value,0,Units,,,SIGI_NO,Variable not used to compute the composite index (SIGI),SL_DOM_TSPD,Proportion of time spent on unpaid domestic chores and care work [5.4.1]
DATAFLOW,OECD.DEV.NPG:DSD_GID@DF_GID_2023(1.0),"Gender, Institutions and Development Database (GID-DB) 2023",I,S,Asia,DF_HR_PCT_1,Time spent on unpaid care and domestic work,H_D,Hours per day,_X,Unspecified,M,Male,PCT,Practices,DF_HR,Household responsibilities,2023,,1.9,,A,Normal value,0,Units,,,SIGI_NO,Variable not used to compute the composite index (SIGI),SL_DOM_TSPD,Proportion of time spent on unpaid domestic chores and care work [5.4.1]
DATAFLOW,OECD.DEV.NPG:DSD_GID@DF_GID_2023(1.0),"Gender, Institutions and Development Database (GID-DB) 2023",I,W,World,DF_HR_PCT_1,Time spent on unpaid care and domestic work,H_D,Hours per day,_X,Unspecified,M,Male,PCT,Practices,DF_HR,Household responsibilities,2023,,1.8,,A,Normal value,0,Units,,,SIGI_NO,Variable not used to compute the composite index (SIGI),SL_DOM_TSPD,Proportion of time spent on unpaid domestic chores and care work [5.4.1]
DATAFLOW,OECD.DEV.NPG:DSD_GID@DF_GID_2023(1.0),"Gender, Institutions and Development Database (GID-DB) 2023",I,AUS,Australia,DF_HR_PCT_1,Time spent on unpaid care and domestic work,H_D,Hours per day,_X,Unspecified,F,Female,PCT,Practices,DF_HR,Household responsibilities,2023,,5,,A,Normal value,0,Units,,,SIGI_NO,Variable not used to compute the composite index (SIGI),SL_DOM_TSPD,Proportion of time spent on unpaid domestic chores and care work [5.4.1]
DATAFLOW,OECD.DEV.NPG:DSD_GID@DF_GID_2023(1.0),"Gender, Institutions and Development Database (GID-DB) 2023",I,AUT,Austria,DF_HR_PCT_1,Time spent on unpaid care and domestic work,H_D,Hours per day,_X,Unspecified,F,Female,PCT,Practices,DF_HR,Household responsibilities,2023,,4.6,,A,Normal value,0,Units,,,SIGI_NO,Variable not used to compute the composite index (SIGI),SL_DOM_TSPD,Proportion of time spent on unpaid domestic chores and care work [5.4.1]
DATAFLOW,OECD.DEV.NPG:DSD_GID@DF_GID_2023(1.0),"Gender, Institutions and Development Database (GID-DB) 2023",I,BEL,Belgium,DF_HR_PCT_1,Time spent on unpaid care and domestic work,H_D,Hours per day,_X,Unspecified,F,Female,PCT,Practices,DF_HR,Household responsibilities,2023,,0.6,,A,Normal value,0,Units,,,SIGI_NO,Variable not used to compute the composite index (SIGI),SL_DOM_TSPD,Proportion of time spent on unpaid domestic chores and care work [5.4.1]
DATAFLOW,OECD.DEV.NPG:DSD_GID@DF_GID_2023(1.0),"Gender, Institutions and Development Database (GID-DB) 2023",I,CAN,Canada,DF_HR_PCT_1,Time spent on unpaid care and domestic work,H_D,Hours per day,_X,Unspecified,F,Female,PCT,Practices,DF_HR,Household responsibilities,2023,,3.5,,A,Normal value,0,Units,,,SIGI_NO,Variable not used to compute the composite index (SIGI),SL_DOM_TSPD,Proportion of time spent on unpaid domestic chores and care work [5.4.1]
DATAFLOW,OECD.DEV.NPG:DSD_GID@DF_GID_2023(1.0),"Gender, Institutions and Development Database (GID-DB) 2023",I,CHL,Chile,DF_HR_PCT_1,Time spent on unpaid care and domestic work,H_D,Hours per day,_X,Unspecified,F,Female,PCT,Practices,DF_HR,Household responsibilities,2023,,5.3,,A,Normal value,0,Units,,,SIGI_NO,Variable not used to compute the composite index (SIGI),SL_DOM_TSPD,Proportion of time spent on unpaid domestic chores and care work [5.4.1]
DATAFLOW,OECD.DEV.NPG:DSD_GID@DF_GID_2023(1.0),"Gender, Institutions and Development Database (GID-DB) 2023",I,COL,Colombia,DF_HR_PCT_1,Time spent on unpaid care and domestic work,H_D,Hours per day,_X,Unspecified,F,Female,PCT,Practices,DF_HR,Household responsibilities,2023,,1.2,,A,Normal value,0,Units,,,SIGI_NO,Variable not used to compute the composite index (SIGI),SL_DOM_TSPD,Proportion of time spent on unpaid domestic chores and care work [5.4.1]
DATAFLOW,OECD.DEV.NPG:DSD_GID@DF_GID_2023(1.0),"Gender, Institutions and Development Database (GID-DB) 2023",I,CRI,Costa Rica,DF_HR_PCT_1,Time spent on unpaid care and domestic work,H_D,Hours per day,_X,Unspecified,F,Female,PCT,Practices,DF_HR,Household responsibilities,2023,,5.3,,A,Normal value,0,Units,,,SIGI_NO,Variable not used to compute the composite index (SIGI),SL_DOM_TSPD,Proportion of time spent on unpaid domestic chores and care work [5.4.1]
DATAFLOW,OECD.DEV.NPG:DSD_GID@DF_GID_2023(1.0),"Gender, Institutions and Development Database (GID-DB) 2023",I,DNK,Denmark,DF_HR_PCT_1,Time spent on unpaid care and domestic work,H_D,Hours per day,_X,Unspecified,F,Female,PCT,Practices,DF_HR,Household responsibilities,2023,,3.8,,A,Normal value,0,Units,,,SIGI_NO,Variable not used to compute the composite index (SIGI),SL_DOM_TSPD,Proportion of time spent on unpaid domestic chores and care work [5.4.1]
DATAFLOW,OECD.DEV.NPG:DSD_GID@DF_GID_2023(1.0),"Gender, Institutions and Development Database (GID-DB) 2023",I,EST,Estonia,DF_HR_PCT_1,Time spent on unpaid care and domestic work,H_D,Hours per day,_X,Unspecified,F,Female,PCT,Practices,DF_HR,Household responsibilities,2023,,4.1,,A,Normal value,0,Units,,,SIGI_NO,Variable not used to compute the composite index (SIGI),SL_DOM_TSPD,Proportion of time spent on unpaid domestic chores and care work [5.4.1]
DATAFLOW,OECD.DEV.NPG:DSD_GID@DF_GID_2023(1.0),"Gender, Institutions and Development Database (GID-DB) 2023",I,FIN,Finland,DF_HR_PCT_1,Time spent on unpaid care and domestic work,H_D,Hours per day,_X,Unspecified,F,Female,PCT,Practices,DF_HR,Household responsibilities,2023,,3.6,,A,Normal value,0,Units,,,SIGI_NO,Variable not used to compute the composite index (SIGI),SL_DOM_TSPD,Proportion of time spent on unpaid domestic chores and care work [5.4.1]
DATAFLOW,OECD.DEV.NPG:DSD_GID@DF_GID_2023(1.0),"Gender, Institutions and Development Database (GID-DB) 2023",I,FRA,France,DF_HR_PCT_1,Time spent on unpaid care and domestic work,H_D,Hours per day,_X,Unspecified,F,Female,PCT,Practices,DF_HR,Household responsibilities,2023,,3.8,,A,Normal value,0,Units,,,SIGI_NO,Variable not used to compute the composite index (SIGI),SL_DOM_TSPD,Proportion of time spent on unpaid domestic chores and care work [5.4.1]
DATAFLOW,OECD.DEV.NPG:DSD_GID@DF_GID_2023(1.0),"Gender, Institutions and Development Database (GID-DB) 2023",I,DEU,Germany,DF_HR_PCT_1,Time spent on unpaid care and domestic work,H_D,Hours per day,_X,Unspecified,F,Female,PCT,Practices,DF_HR,Household responsibilities,2023,,3.9,,A,Normal value,0,Units,,,SIGI_NO,Variable not used to compute the composite index (SIGI),SL_DOM_TSPD,Proportion of time spent on unpaid domestic chores and care work [5.4.1]
DATAFLOW,OECD.DEV.NPG:DSD_GID@DF_GID_2023(1.0),"Gender, Institutions and Development Database (GID-DB) 2023",I,GRC,Greece,DF_HR_PCT_1,Time spent on unpaid care and domestic work,H_D,Hours per day,_X,Unspecified,F,Female,PCT,Practices,DF_HR,Household responsibilities,2023,,4.3,,A,Normal value,0,Units,,,SIGI_NO,Variable not used to compute the composite index (SIGI),SL_DOM_TSPD,Proportion of time spent on unpaid domestic chores and care work [5.4.1]
DATAFLOW,OECD.DEV.NPG:DSD_GID@DF_GID_2023(1.0),"Gender, Institutions and Development Database (GID-DB) 2023",I,HUN,Hungary,DF_HR_PCT_1,Time spent on unpaid care and domestic work,H_D,Hours per day,_X,Unspecified,F,Female,PCT,Practices,DF_HR,Household responsibilities,2023,,4.1,,A,Normal value,0,Units,,,SIGI_NO,Variable not used to compute the composite index (SIGI),SL_DOM_TSPD,Proportion of time spent on unpaid domestic chores and care work [5.4.1]
DATAFLOW,OECD.DEV.NPG:DSD_GID@DF_GID_2023(1.0),"Gender, Institutions and Development Database (GID-DB) 2023",I,IRL,Ireland,DF_HR_PCT_1,Time spent on unpaid care and domestic work,H_D,Hours per day,_X,Unspecified,F,Female,PCT,Practices,DF_HR,Household responsibilities,2023,,4.9,,A,Normal value,0,Units,,,SIGI_NO,Variable not used to compute the composite index (SIGI),SL_DOM_TSPD,Proportion of time spent on unpaid domestic chores and care work [5.4.1]
DATAFLOW,OECD.DEV.NPG:DSD_GID@DF_GID_2023(1.0),"Gender, Institutions and Development Database (GID-DB) 2023",I,ITA,Italy,DF_HR_PCT_1,Time spent on unpaid care and domestic work,H_D,Hours per day,_X,Unspecified,F,Female,PCT,Practices,DF_HR,Household responsibilities,2023,,4.9,,A,Normal value,0,Units,,,SIGI_NO,Variable not used to compute the composite index (SIGI),SL_DOM_TSPD,Proportion of time spent on unpaid domestic chores and care work [5.4.1]
DATAFLOW,OECD.DEV.NPG:DSD_GID@DF_GID_2023(1.0),"Gender, Institutions and Development Database (GID-DB) 2023",I,JPN,Japan,DF_HR_PCT_1,Time spent on unpaid care and domestic work,H_D,Hours per day,_X,Unspecified,F,Female,PCT,Practices,DF_HR,Household responsibilities,2023,,3.6,,A,Normal value,0,Units,,,SIGI_NO,Variable not used to compute the composite index (SIGI),SL_DOM_TSPD,Proportion of time spent on unpaid domestic chores and care work [5.4.1]
DATAFLOW,OECD.DEV.NPG:DSD_GID@DF_GID_2023(1.0),"Gender, Institutions and Development Database (GID-DB) 2023",I,KOR,Korea,DF_HR_PCT_1,Time spent on unpaid care and domestic work,H_D,Hours per day,_X,Unspecified,F,Female,PCT,Practices,DF_HR,Household responsibilities,2023,,3.4,,A,Normal value,0,Units,,,SIGI_NO,Variable not used to compute the composite index (SIGI),SL_DOM_TSPD,Proportion of time spent on unpaid domestic chores and care work [5.4.1]
DATAFLOW,OECD.DEV.NPG:DSD_GID@DF_GID_2023(1.0),"Gender, Institutions and Development Database (GID-DB) 2023",I,LVA,Latvia,DF_HR_PCT_1,Time spent on unpaid care and domestic work,H_D,Hours per day,_X,Unspecified,F,Female,PCT,Practices,DF_HR,Household responsibilities,2023,,4.4,,A,Normal value,0,Units,,,SIGI_NO,Variable not used to compute the composite index (SIGI),SL_DOM_TSPD,Proportion of time spent on unpaid domestic chores and care work [5.4.1]
DATAFLOW,OECD.DEV.NPG:DSD_GID@DF_GID_2023(1.0),"Gender, Institutions and Development Database (GID-DB) 2023",I,LTU,Lithuania,DF_HR_PCT_1,Time spent on unpaid care and domestic work,H_D,Hours per day,_X,Unspecified,F,Female,PCT,Practices,DF_HR,Household responsibilities,2023,,4,,A,Normal value,0,Units,,,SIGI_NO,Variable not used to compute the composite index (SIGI),SL_DOM_TSPD,Proportion of time spent on unpaid domestic chores and care work [5.4.1]
DATAFLOW,OECD.DEV.NPG:DSD_GID@DF_GID_2023(1.0),"Gender, Institutions and Development Database (GID-DB) 2023",I,LUX,Luxembourg,DF_HR_PCT_1,Time spent on unpaid care and domestic work,H_D,Hours per day,_X,Unspecified,F,Female,PCT,Practices,DF_HR,Household responsibilities,2023,,3.5,,A,Normal value,0,Units,,,SIGI_NO,Variable not used to compute the composite index (SIGI),SL_DOM_TSPD,Proportion of time spent on unpaid domestic chores and care work [5.4.1]
DATAFLOW,OECD.DEV.NPG:DSD_GID@DF_GID_2023(1.0),"Gender, Institutions and Development Database (GID-DB) 2023",I,MEX,Mexico,DF_HR_PCT_1,Time spent on unpaid care and domestic work,H_D,Hours per day,_X,Unspecified,F,Female,PCT,Practices,DF_HR,Household responsibilities,2023,,6.7,,A,Normal value,0,Units,,,SIGI_NO,Variable not used to compute the composite index (SIGI),SL_DOM_TSPD,Proportion of time spent on unpaid domestic chores and care work [5.4.1]
DATAFLOW,OECD.DEV.NPG:DSD_GID@DF_GID_2023(1.0),"Gender, Institutions and Development Database (GID-DB) 2023",I,NLD,Netherlands,DF_HR_PCT_1,Time spent on unpaid care and domestic work,H_D,Hours per day,_X,Unspecified,F,Female,PCT,Practices,DF_HR,Household responsibilities,2023,,3.5,,A,Normal value,0,Units,,,SIGI_NO,Variable not used to compute the composite index (SIGI),SL_DOM_TSPD,Proportion of time spent on unpaid domestic chores and care work [5.4.1]
DATAFLOW,OECD.DEV.NPG:DSD_GID@DF_GID_2023(1.0),"Gender, Institutions and Development Database (GID-DB) 2023",I,NZL,New Zealand,DF_HR_PCT_1,Time spent on unpaid care and domestic work,H_D,Hours per day,_X,Unspecified,F,Female,PCT,Practices,DF_HR,Household responsibilities,2023,,4.3,,A,Normal value,0,Units,,,SIGI_NO,Variable not used to compute the composite index (SIGI),SL_DOM_TSPD,Proportion of time spent on unpaid domestic chores and care work [5.4.1]
DATAFLOW,OECD.DEV.NPG:DSD_GID@DF_GID_2023(1.0),"Gender, Institutions and Development Database (GID-DB) 2023",I,NOR,Norway,DF_HR_PCT_1,Time spent on unpaid care and domestic work,H_D,Hours per day,_X,Unspecified,F,Female,PCT,Practices,DF_HR,Household responsibilities,2023,,3.7,,A,Normal value,0,Units,,,SIGI_NO,Variable not used to compute the composite index (SIGI),SL_DOM_TSPD,Proportion of time spent on unpaid domestic chores and care work [5.4.1]
DATAFLOW,OECD.DEV.NPG:DSD_GID@DF_GID_2023(1.0),"Gender, Institutions and Development Database (GID-DB) 2023",I,POL,Poland,DF_HR_PCT_1,Time spent on unpaid care and domestic work,H_D,Hours per day,_X,Unspecified,F,Female,PCT,Practices,DF_HR,Household responsibilities,2023,,4.4,,A,Normal value,0,Units,,,SIGI_NO,Variable not used to compute the composite index (SIGI),SL_DOM_TSPD,Proportion of time spent on unpaid domestic chores and care work [5.4.1]
DATAFLOW,OECD.DEV.NPG:DSD_GID@DF_GID_2023(1.0),"Gender, Institutions and Development Database (GID-DB) 2023",I,PRT,Portugal,DF_HR_PCT_1,Time spent on unpaid care and domestic work,H_D,Hours per day,_X,Unspecified,F,Female,PCT,Practices,DF_HR,Household responsibilities,2023,,4.3,,A,Normal value,0,Units,,,SIGI_NO,Variable not used to compute the composite index (SIGI),SL_DOM_TSPD,Proportion of time spent on unpaid domestic chores and care work [5.4.1]
DATAFLOW,OECD.DEV.NPG:DSD_GID@DF_GID_2023(1.0),"Gender, Institutions and Development Database (GID-DB) 2023",I,SVN,Slovenia,DF_HR_PCT_1,Time spent on unpaid care and domestic work,H_D,Hours per day,_X,Unspecified,F,Female,PCT,Practices,DF_HR,Household responsibilities,2023,,4.9,,A,Normal value,0,Units,,,SIGI_NO,Variable not used to compute the composite index (SIGI),SL_DOM_TSPD,Proportion of time spent on unpaid domestic chores and care work [5.4.1]
DATAFLOW,OECD.DEV.NPG:DSD_GID@DF_GID_2023(1.0),"Gender, Institutions and Development Database (GID-DB) 2023",I,ESP,Spain,DF_HR_PCT_1,Time spent on unpaid care and domestic work,H_D,Hours per day,_X,Unspecified,F,Female,PCT,Practices,DF_HR,Household responsibilities,2023,,4.5,,A,Normal value,0,Units,,,SIGI_NO,Variable not used to compute the composite index (SIGI),SL_DOM_TSPD,Proportion of time spent on unpaid domestic chores and care work [5.4.1]
DATAFLOW,OECD.DEV.NPG:DSD_GID@DF_GID_2023(1.0),"Gender, Institutions and Development Database (GID-DB) 2023",I,SWE,Sweden,DF_HR_PCT_1,Time spent on unpaid care and domestic work,H_D,Hours per day,_X,Unspecified,F,Female,PCT,Practices,DF_HR,Household responsibilities,2023,,3.9,,A,Normal value,0,Units,,,SIGI_NO,Variable not used to compute the composite index (SIGI),SL_DOM_TSPD,Proportion of time spent on unpaid domestic chores and care work [5.4.1]
DATAFLOW,OECD.DEV.NPG:DSD_GID@DF_GID_2023(1.0),"Gender, Institutions and Development Database (GID-DB) 2023",I,CHE,Switzerland,DF_HR_PCT_1,Time spent on unpaid care and domestic work,H_D,Hours per day,_X,Unspecified,F,Female,PCT,Practices,DF_HR,Household responsibilities,2023,,4.2,,A,Normal value,0,Units,,,SIGI_NO,Variable not used to compute the composite index (SIGI),SL_DOM_TSPD,Proportion of time spent on unpaid domestic chores and care work [5.4.1]
DATAFLOW,OECD.DEV.NPG:DSD_GID@DF_GID_2023(1.0),"Gender, Institutions and Development Database (GID-DB) 2023",I,TUR,Türkiye,DF_HR_PCT_1,Time spent on unpaid care and domestic work,H_D,Hours per day,_X,Unspecified,F,Female,PCT,Practices,DF_HR,Household responsibilities,2023,,4.6,,A,Normal value,0,Units,,,SIGI_NO,Variable not used to compute the composite index (SIGI),SL_DOM_TSPD,Proportion of time spent on unpaid domestic chores and care work [5.4.1]
DATAFLOW,OECD.DEV.NPG:DSD_GID@DF_GID_2023(1.0),"Gender, Institutions and Development Database (GID-DB) 2023",I,GBR,United Kingdom,DF_HR_PCT_1,Time spent on unpaid care and domestic work,H_D,Hours per day,_X,Unspecified,F,Female,PCT,Practices,DF_HR,Household responsibilities,2023,,3,,A,Normal value,0,Units,,,SIGI_NO,Variable not used to compute the composite index (SIGI),SL_DOM_TSPD,Proportion of time spent on unpaid domestic chores and care work [5.4.1]
DATAFLOW,OECD.DEV.NPG:DSD_GID@DF_GID_2023(1.0),"Gender, Institutions and Development Database (GID-DB) 2023",I,USA,United States,DF_HR_PCT_1,Time spent on unpaid care and domestic work,H_D,Hours per day,_X,Unspecified,F,Female,PCT,Practices,DF_HR,Household responsibilities,2023,,3.7,,A,Normal value,0,Units,,,SIGI_NO,Variable not used to compute the composite index (SIGI),SL_DOM_TSPD,Proportion of time spent on unpaid domestic chores and care work [5.4.1]
DATAFLOW,OECD.DEV.NPG:DSD_GID@DF_GID_2023(1.0),"Gender, Institutions and Development Database (GID-DB) 2023",I,G7,G7,DF_HR_PCT_1,Time spent on unpaid care and domestic work,H_D,Hours per day,_X,Unspecified,F,Female,PCT,Practices,DF_HR,Household responsibilities,2023,,3.7,,A,Normal value,0,Units,,,SIGI_NO,Variable not used to compute the composite index (SIGI),SL_DOM_TSPD,Proportion of time spent on unpaid domestic chores and care work [5.4.1]
DATAFLOW,OECD.DEV.NPG:DSD_GID@DF_GID_2023(1.0),"Gender, Institutions and Development Database (GID-DB) 2023",I,G20,G20,DF_HR_PCT_1,Time spent on unpaid care and domestic work,H_D,Hours per day,_X,Unspecified,F,Female,PCT,Practices,DF_HR,Household responsibilities,2023,,4.9,,A,Normal value,0,Units,,,SIGI_NO,Variable not used to compute the composite index (SIGI),SL_DOM_TSPD,Proportion of time spent on unpaid domestic chores and care work [5.4.1]
DATAFLOW,OECD.DEV.NPG:DSD_GID@DF_GID_2023(1.0),"Gender, Institutions and Development Database (GID-DB) 2023",I,EU,European Union,DF_HR_PCT_1,Time spent on unpaid care and domestic work,H_D,Hours per day,_X,Unspecified,F,Female,PCT,Practices,DF_HR,Household responsibilities,2023,,4.1,,A,Normal value,0,Units,,,SIGI_NO,Variable not used to compute the composite index (SIGI),SL_DOM_TSPD,Proportion of time spent on unpaid domestic chores and care work [5.4.1]
DATAFLOW,OECD.DEV.NPG:DSD_GID@DF_GID_2023(1.0),"Gender, Institutions and Development Database (GID-DB) 2023",I,OECD,OECD,DF_HR_PCT_1,Time spent on unpaid care and domestic work,H_D,Hours per day,_X,Unspecified,F,Female,PCT,Practices,DF_HR,Household responsibilities,2023,,4,,A,Normal value,0,Units,,,SIGI_NO,Variable not used to compute the composite index (SIGI),SL_DOM_TSPD,Proportion of time spent on unpaid domestic chores and care work [5.4.1]
DATAFLOW,OECD.DEV.NPG:DSD_GID@DF_GID_2023(1.0),"Gender, Institutions and Development Database (GID-DB) 2023",I,ALB,Albania,DF_HR_PCT_1,Time spent on unpaid care and domestic work,H_D,Hours per day,_X,Unspecified,F,Female,PCT,Practices,DF_HR,Household responsibilities,2023,,5.2,,A,Normal value,0,Units,,,SIGI_NO,Variable not used to compute the composite index (SIGI),SL_DOM_TSPD,Proportion of time spent on unpaid domestic chores and care work [5.4.1]
DATAFLOW,OECD.DEV.NPG:DSD_GID@DF_GID_2023(1.0),"Gender, Institutions and Development Database (GID-DB) 2023",I,DZA,Algeria,DF_HR_PCT_1,Time spent on unpaid care and domestic work,H_D,Hours per day,_X,Unspecified,F,Female,PCT,Practices,DF_HR,Household responsibilities,2023,,5.2,,A,Normal value,0,Units,,,SIGI_NO,Variable not used to compute the composite index (SIGI),SL_DOM_TSPD,Proportion of time spent on unpaid domestic chores and care work [5.4.1]
DATAFLOW,OECD.DEV.NPG:DSD_GID@DF_GID_2023(1.0),"Gender, Institutions and Development Database (GID-DB) 2023",I,ARG,Argentina,DF_HR_PCT_1,Time spent on unpaid care and domestic work,H_D,Hours per day,_X,Unspecified,F,Female,PCT,Practices,DF_HR,Household responsibilities,2023,,5.6,,A,Normal value,0,Units,,,SIGI_NO,Variable not used to compute the composite index (SIGI),SL_DOM_TSPD,Proportion of time spent on unpaid domestic chores and care work [5.4.1]
DATAFLOW,OECD.DEV.NPG:DSD_GID@DF_GID_2023(1.0),"Gender, Institutions and Development Database (GID-DB) 2023",I,ARM,Armenia,DF_HR_PCT_1,Time spent on unpaid care and domestic work,H_D,Hours per day,_X,Unspecified,F,Female,PCT,Practices,DF_HR,Household responsibilities,2023,,5.2,,A,Normal value,0,Units,,,SIGI_NO,Variable not used to compute the composite index (SIGI),SL_DOM_TSPD,Proportion of time spent on unpaid domestic chores and care work [5.4.1]
DATAFLOW,OECD.DEV.NPG:DSD_GID@DF_GID_2023(1.0),"Gender, Institutions and Development Database (GID-DB) 2023",I,AZE,Azerbaijan,DF_HR_PCT_1,Time spent on unpaid care and domestic work,H_D,Hours per day,_X,Unspecified,F,Female,PCT,Practices,DF_HR,Household responsibilities,2023,,6.1,,A,Normal value,0,Units,,,SIGI_NO,Variable not used to compute the composite index (SIGI),SL_DOM_TSPD,Proportion of time spent on unpaid domestic chores and care work [5.4.1]
DATAFLOW,OECD.DEV.NPG:DSD_GID@DF_GID_2023(1.0),"Gender, Institutions and Development Database (GID-DB) 2023",I,BEN,Benin,DF_HR_PCT_1,Time spent on unpaid care and domestic work,H_D,Hours per day,_X,Unspecified,F,Female,PCT,Practices,DF_HR,Household responsibilities,2023,,3.7,,A,Normal value,0,Units,,,SIGI_NO,Variable not used to compute the composite index (SIGI),SL_DOM_TSPD,Proportion of time spent on unpaid domestic chores and care work [5.4.1]
DATAFLOW,OECD.DEV.NPG:DSD_GID@DF_GID_2023(1.0),"Gender, Institutions and Development Database (GID-DB) 2023",I,BTN,Bhutan,DF_HR_PCT_1,Time spent on unpaid care and domestic work,H_D,Hours per day,_X,Unspecified,F,Female,PCT,Practices,DF_HR,Household responsibilities,2023,,3.6,,A,Normal value,0,Units,,,SIGI_NO,Variable not used to compute the composite index (SIGI),SL_DOM_TSPD,Proportion of time spent on unpaid domestic chores and care work [5.4.1]
DATAFLOW,OECD.DEV.NPG:DSD_GID@DF_GID_2023(1.0),"Gender, Institutions and Development Database (GID-DB) 2023",I,BOL,Bolivia,DF_HR_PCT_1,Time spent on unpaid care and domestic work,H_D,Hours per day,_X,Unspecified,F,Female,PCT,Practices,DF_HR,Household responsibilities,2023,,5.5,,A,Normal value,0,Units,,,SIGI_NO,Variable not used to compute the composite index (SIGI),SL_DOM_TSPD,Proportion of time spent on unpaid domestic chores and care work [5.4.1]
DATAFLOW,OECD.DEV.NPG:DSD_GID@DF_GID_2023(1.0),"Gender, Institutions and Development Database (GID-DB) 2023",I,BRA,Brazil,DF_HR_PCT_1,Time spent on unpaid care and domestic work,H_D,Hours per day,_X,Unspecified,F,Female,PCT,Practices,DF_HR,Household responsibilities,2023,,2.8,,A,Normal value,0,Units,,,SIGI_NO,Variable not used to compute the composite index (SIGI),SL_DOM_TSPD,Proportion of time spent on unpaid domestic chores and care work [5.4.1]
DATAFLOW,OECD.DEV.NPG:DSD_GID@DF_GID_2023(1.0),"Gender, Institutions and Development Database (GID-DB) 2023",I,BGR,Bulgaria,DF_HR_PCT_1,Time spent on unpaid care and domestic work,H_D,Hours per day,_X,Unspecified,F,Female,PCT,Practices,DF_HR,Household responsibilities,2023,,4.4,,A,Normal value,0,Units,,,SIGI_NO,Variable not used to compute the composite index (SIGI),SL_DOM_TSPD,Proportion of time spent on unpaid domestic chores and care work [5.4.1]
DATAFLOW,OECD.DEV.NPG:DSD_GID@DF_GID_2023(1.0),"Gender, Institutions and Development Database (GID-DB) 2023",I,KHM,Cambodia,DF_HR_PCT_1,Time spent on unpaid care and domestic work,H_D,Hours per day,_X,Unspecified,F,Female,PCT,Practices,DF_HR,Household responsibilities,2023,,3,,A,Normal value,0,Units,,,SIGI_NO,Variable not used to compute the composite index (SIGI),SL_DOM_TSPD,Proportion of time spent on unpaid domestic chores and care work [5.4.1]
DATAFLOW,OECD.DEV.NPG:DSD_GID@DF_GID_2023(1.0),"Gender, Institutions and Development Database (GID-DB) 2023",I,CMR,Cameroon,DF_HR_PCT_1,Time spent on unpaid care and domestic work,H_D,Hours per day,_X,Unspecified,F,Female,PCT,Practices,DF_HR,Household responsibilities,2023,,3.8,,A,Normal value,0,Units,,,SIGI_NO,Variable not used to compute the composite index (SIGI),SL_DOM_TSPD,Proportion of time spent on unpaid domestic chores and care work [5.4.1]
DATAFLOW,OECD.DEV.NPG:DSD_GID@DF_GID_2023(1.0),"Gender, Institutions and Development Database (GID-DB) 2023",I,CHN,China (People’s Republic of),DF_HR_PCT_1,Time spent on unpaid care and domestic work,H_D,Hours per day,_X,Unspecified,F,Female,PCT,Practices,DF_HR,Household responsibilities,2023,,3.7,,A,Normal value,0,Units,,,SIGI_NO,Variable not used to compute the composite index (SIGI),SL_DOM_TSPD,Proportion of time spent on unpaid domestic chores and care work [5.4.1]
DATAFLOW,OECD.DEV.NPG:DSD_GID@DF_GID_2023(1.0),"Gender, Institutions and Development Database (GID-DB) 2023",I,CIV,Côte d’Ivoire,DF_HR_PCT_1,Time spent on unpaid care and domestic work,H_D,Hours per day,_X,Unspecified,F,Female,PCT,Practices,DF_HR,Household responsibilities,2023,,5.2,,A,Normal value,0,Units,,,SIGI_NO,Variable not used to compute the composite index (SIGI),SL_DOM_TSPD,Proportion of time spent on unpaid domestic chores and care work [5.4.1]
DATAFLOW,OECD.DEV.NPG:DSD_GID@DF_GID_2023(1.0),"Gender, Institutions and Development Database (GID-DB) 2023",I,CUB,Cuba,DF_HR_PCT_1,Time spent on unpaid care and domestic work,H_D,Hours per day,_X,Unspecified,F,Female,PCT,Practices,DF_HR,Household responsibilities,2023,,5,,A,Normal value,0,Units,,,SIGI_NO,Variable not used to compute the composite index (SIGI),SL_DOM_TSPD,Proportion of time spent on unpaid domestic chores and care work [5.4.1]
DATAFLOW,OECD.DEV.NPG:DSD_GID@DF_GID_2023(1.0),"Gender, Institutions and Development Database (GID-DB) 2023",I,DOM,Dominican Republic,DF_HR_PCT_1,Time spent on unpaid care and domestic work,H_D,Hours per day,_X,Unspecified,F,Female,PCT,Practices,DF_HR,Household responsibilities,2023,,4,,A,Normal value,0,Units,,,SIGI_NO,Variable not used to compute the composite index (SIGI),SL_DOM_TSPD,Proportion of time spent on unpaid domestic chores and care work [5.4.1]
DATAFLOW,OECD.DEV.NPG:DSD_GID@DF_GID_2023(1.0),"Gender, Institutions and Development Database (GID-DB) 2023",I,ECU,Ecuador,DF_HR_PCT_1,Time spent on unpaid care and domestic work,H_D,Hours per day,_X,Unspecified,F,Female,PCT,Practices,DF_HR,Household responsibilities,2023,,4.7,,A,Normal value,0,Units,,,SIGI_NO,Variable not used to compute the composite index (SIGI),SL_DOM_TSPD,Proportion of time spent on unpaid domestic chores and care work [5.4.1]
DATAFLOW,OECD.DEV.NPG:DSD_GID@DF_GID_2023(1.0),"Gender, Institutions and Development Database (GID-DB) 2023",I,EGY,Egypt,DF_HR_PCT_1,Time spent on unpaid care and domestic work,H_D,Hours per day,_X,Unspecified,F,Female,PCT,Practices,DF_HR,Household responsibilities,2023,,5.4,,A,Normal value,0,Units,,,SIGI_NO,Variable not used to compute the composite index (SIGI),SL_DOM_TSPD,Proportion of time spent on unpaid domestic chores and care work [5.4.1]
DATAFLOW,OECD.DEV.NPG:DSD_GID@DF_GID_2023(1.0),"Gender, Institutions and Development Database (GID-DB) 2023",I,SLV,El Salvador,DF_HR_PCT_1,Time spent on unpaid care and domestic work,H_D,Hours per day,_X,Unspecified,F,Female,PCT,Practices,DF_HR,Household responsibilities,2023,,4.9,,A,Normal value,0,Units,,,SIGI_NO,Variable not used to compute the composite index (SIGI),SL_DOM_TSPD,Proportion of time spent on unpaid domestic chores and care work [5.4.1]
DATAFLOW,OECD.DEV.NPG:DSD_GID@DF_GID_2023(1.0),"Gender, Institutions and Development Database (GID-DB) 2023",I,ETH,Ethiopia,DF_HR_PCT_1,Time spent on unpaid care and domestic work,H_D,Hours per day,_X,Unspecified,F,Female,PCT,Practices,DF_HR,Household responsibilities,2023,,4.6,,A,Normal value,0,Units,,,SIGI_NO,Variable not used to compute the composite index (SIGI),SL_DOM_TSPD,Proportion of time spent on unpaid domestic chores and care work [5.4.1]
DATAFLOW,OECD.DEV.NPG:DSD_GID@DF_GID_2023(1.0),"Gender, Institutions and Development Database (GID-DB) 2023",I,FJI,Fiji,DF_HR_PCT_1,Time spent on unpaid care and domestic work,H_D,Hours per day,_X,Unspecified,F,Female,PCT,Practices,DF_HR,Household responsibilities,2023,,3.6,,A,Normal value,0,Units,,,SIGI_NO,Variable not used to compute the composite index (SIGI),SL_DOM_TSPD,Proportion of time spent on unpaid domestic chores and care work [5.4.1]
DATAFLOW,OECD.DEV.NPG:DSD_GID@DF_GID_2023(1.0),"Gender, Institutions and Development Database (GID-DB) 2023",I,GHA,Ghana,DF_HR_PCT_1,Time spent on unpaid care and domestic work,H_D,Hours per day,_X,Unspecified,F,Female,PCT,Practices,DF_HR,Household responsibilities,2023,,3.5,,A,Normal value,0,Units,,,SIGI_NO,Variable not used to compute the composite index (SIGI),SL_DOM_TSPD,Proportion of time spent on unpaid domestic chores and care work [5.4.1]
DATAFLOW,OECD.DEV.NPG:DSD_GID@DF_GID_2023(1.0),"Gender, Institutions and Development Database (GID-DB) 2023",I,GTM,Guatemala,DF_HR_PCT_1,Time spent on unpaid care and domestic work,H_D,Hours per day,_X,Unspecified,F,Female,PCT,Practices,DF_HR,Household responsibilities,2023,,4.7,,A,Normal value,0,Units,,,SIGI_NO,Variable not used to compute the composite index (SIGI),SL_DOM_TSPD,Proportion of time spent on unpaid domestic chores and care work [5.4.1]
DATAFLOW,OECD.DEV.NPG:DSD_GID@DF_GID_2023(1.0),"Gender, Institutions and Development Database (GID-DB) 2023",I,HND,Honduras,DF_HR_PCT_1,Time spent on unpaid care and domestic work,H_D,Hours per day,_X,Unspecified,F,Female,PCT,Practices,DF_HR,Household responsibilities,2023,,4.2,,A,Normal value,0,Units,,,SIGI_NO,Variable not used to compute the composite index (SIGI),SL_DOM_TSPD,Proportion of time spent on unpaid domestic chores and care work [5.4.1]
DATAFLOW,OECD.DEV.NPG:DSD_GID@DF_GID_2023(1.0),"Gender, Institutions and Development Database (GID-DB) 2023",I,HKG,Hong Kong (China),DF_HR_PCT_1,Time spent on unpaid care and domestic work,H_D,Hours per day,_X,Unspecified,F,Female,PCT,Practices,DF_HR,Household responsibilities,2023,,2.6,,A,Normal value,0,Units,,,SIGI_NO,Variable not used to compute the composite index (SIGI),SL_DOM_TSPD,Proportion of time spent on unpaid domestic chores and care work [5.4.1]
DATAFLOW,OECD.DEV.NPG:DSD_GID@DF_GID_2023(1.0),"Gender, Institutions and Development Database (GID-DB) 2023",I,IND,India,DF_HR_PCT_1,Time spent on unpaid care and domestic work,H_D,Hours per day,_X,Unspecified,F,Female,PCT,Practices,DF_HR,Household responsibilities,2023,,7.2,,A,Normal value,0,Units,,,SIGI_NO,Variable not used to compute the composite index (SIGI),SL_DOM_TSPD,Proportion of time spent on unpaid domestic chores and care work [5.4.1]
DATAFLOW,OECD.DEV.NPG:DSD_GID@DF_GID_2023(1.0),"Gender, Institutions and Development Database (GID-DB) 2023",I,IRN,Iran,DF_HR_PCT_1,Time spent on unpaid care and domestic work,H_D,Hours per day,_X,Unspecified,F,Female,PCT,Practices,DF_HR,Household responsibilities,2023,,5.1,,A,Normal value,0,Units,,,SIGI_NO,Variable not used to compute the composite index (SIGI),SL_DOM_TSPD,Proportion of time spent on unpaid domestic chores and care work [5.4.1]
DATAFLOW,OECD.DEV.NPG:DSD_GID@DF_GID_2023(1.0),"Gender, Institutions and Development Database (GID-DB) 2023",I,IRQ,Iraq,DF_HR_PCT_1,Time spent on unpaid care and domestic work,H_D,Hours per day,_X,Unspecified,F,Female,PCT,Practices,DF_HR,Household responsibilities,2023,,5.8,,A,Normal value,0,Units,,,SIGI_NO,Variable not used to compute the composite index (SIGI),SL_DOM_TSPD,Proportion of time spent on unpaid domestic chores and care work [5.4.1]
DATAFLOW,OECD.DEV.NPG:DSD_GID@DF_GID_2023(1.0),"Gender, Institutions and Development Database (GID-DB) 2023",I,KAZ,Kazakhstan,DF_HR_PCT_1,Time spent on unpaid care and domestic work,H_D,Hours per day,_X,Unspecified,F,Female,PCT,Practices,DF_HR,Household responsibilities,2023,,4.5,,A,Normal value,0,Units,,,SIGI_NO,Variable not used to compute the composite index (SIGI),SL_DOM_TSPD,Proportion of time spent on unpaid domestic chores and care work [5.4.1]
DATAFLOW,OECD.DEV.NPG:DSD_GID@DF_GID_2023(1.0),"Gender, Institutions and Development Database (GID-DB) 2023",I,KGZ,Kyrgyzstan,DF_HR_PCT_1,Time spent on unpaid care and domestic work,H_D,Hours per day,_X,Unspecified,F,Female,PCT,Practices,DF_HR,Household responsibilities,2023,,4,,A,Normal value,0,Units,,,SIGI_NO,Variable not used to compute the composite index (SIGI),SL_DOM_TSPD,Proportion of time spent on unpaid domestic chores and care work [5.4.1]
DATAFLOW,OECD.DEV.NPG:DSD_GID@DF_GID_2023(1.0),"Gender, Institutions and Development Database (GID-DB) 2023",I,LAO,Lao People’s Democratic Republic,DF_HR_PCT_1,Time spent on unpaid care and domestic work,H_D,Hours per day,_X,Unspecified,F,Female,PCT,Practices,DF_HR,Household responsibilities,2023,,3.3,,A,Normal value,0,Units,,,SIGI_NO,Variable not used to compute the composite index (SIGI),SL_DOM_TSPD,Proportion of time spent on unpaid domestic chores and care work [5.4.1]
DATAFLOW,OECD.DEV.NPG:DSD_GID@DF_GID_2023(1.0),"Gender, Institutions and Development Database (GID-DB) 2023",I,LSO,Lesotho,DF_HR_PCT_1,Time spent on unpaid care and domestic work,H_D,Hours per day,_X,Unspecified,F,Female,PCT,Practices,DF_HR,Household responsibilities,2023,,3.7,,A,Normal value,0,Units,,,SIGI_NO,Variable not used to compute the composite index (SIGI),SL_DOM_TSPD,Proportion of time spent on unpaid domestic chores and care work [5.4.1]
DATAFLOW,OECD.DEV.NPG:DSD_GID@DF_GID_2023(1.0),"Gender, Institutions and Development Database (GID-DB) 2023",I,LBR,Liberia,DF_HR_PCT_1,Time spent on unpaid care and domestic work,H_D,Hours per day,_X,Unspecified,F,Female,PCT,Practices,DF_HR,Household responsibilities,2023,,1.5,,A,Normal value,0,Units,,,SIGI_NO,Variable not used to compute the composite index (SIGI),SL_DOM_TSPD,Proportion of time spent on unpaid domestic chores and care work [5.4.1]
DATAFLOW,OECD.DEV.NPG:DSD_GID@DF_GID_2023(1.0),"Gender, Institutions and Development Database (GID-DB) 2023",I,MWI,Malawi,DF_HR_PCT_1,Time spent on unpaid care and domestic work,H_D,Hours per day,_X,Unspecified,F,Female,PCT,Practices,DF_HR,Household responsibilities,2023,,2.1,,A,Normal value,0,Units,,,SIGI_NO,Variable not used to compute the composite index (SIGI),SL_DOM_TSPD,Proportion of time spent on unpaid domestic chores and care work [5.4.1]
DATAFLOW,OECD.DEV.NPG:DSD_GID@DF_GID_2023(1.0),"Gender, Institutions and Development Database (GID-DB) 2023",I,MYS,Malaysia,DF_HR_PCT_1,Time spent on unpaid care and domestic work,H_D,Hours per day,_X,Unspecified,F,Female,PCT,Practices,DF_HR,Household responsibilities,2023,,4.6,,A,Normal value,0,Units,,,SIGI_NO,Variable not used to compute the composite index (SIGI),SL_DOM_TSPD,Proportion of time spent on unpaid domestic chores and care work [5.4.1]
DATAFLOW,OECD.DEV.NPG:DSD_GID@DF_GID_2023(1.0),"Gender, Institutions and Development Database (GID-DB) 2023",I,MLT,Malta,DF_HR_PCT_1,Time spent on unpaid care and domestic work,H_D,Hours per day,_X,Unspecified,F,Female,PCT,Practices,DF_HR,Household responsibilities,2023,,4.5,,A,Normal value,0,Units,,,SIGI_NO,Variable not used to compute the composite index (SIGI),SL_DOM_TSPD,Proportion of time spent on unpaid domestic chores and care work [5.4.1]
DATAFLOW,OECD.DEV.NPG:DSD_GID@DF_GID_2023(1.0),"Gender, Institutions and Development Database (GID-DB) 2023",I,MUS,Mauritius,DF_HR_PCT_1,Time spent on unpaid care and domestic work,H_D,Hours per day,_X,Unspecified,F,Female,PCT,Practices,DF_HR,Household responsibilities,2023,,4.5,,A,Normal value,0,Units,,,SIGI_NO,Variable not used to compute the composite index (SIGI),SL_DOM_TSPD,Proportion of time spent on unpaid domestic chores and care work [5.4.1]
DATAFLOW,OECD.DEV.NPG:DSD_GID@DF_GID_2023(1.0),"Gender, Institutions and Development Database (GID-DB) 2023",I,MDA,Moldova,DF_HR_PCT_1,Time spent on unpaid care and domestic work,H_D,Hours per day,_X,Unspecified,F,Female,PCT,Practices,DF_HR,Household responsibilities,2023,,4.8,,A,Normal value,0,Units,,,SIGI_NO,Variable not used to compute the composite index (SIGI),SL_DOM_TSPD,Proportion of time spent on unpaid domestic chores and care work [5.4.1]
DATAFLOW,OECD.DEV.NPG:DSD_GID@DF_GID_2023(1.0),"Gender, Institutions and Development Database (GID-DB) 2023",I,MNG,Mongolia,DF_HR_PCT_1,Time spent on unpaid care and domestic work,H_D,Hours per day,_X,Unspecified,F,Female,PCT,Practices,DF_HR,Household responsibilities,2023,,4.6,,A,Normal value,0,Units,,,SIGI_NO,Variable not used to compute the composite index (SIGI),SL_DOM_TSPD,Proportion of time spent on unpaid domestic chores and care work [5.4.1]
DATAFLOW,OECD.DEV.NPG:DSD_GID@DF_GID_2023(1.0),"Gender, Institutions and Development Database (GID-DB) 2023",I,MAR,Morocco,DF_HR_PCT_1,Time spent on unpaid care and domestic work,H_D,Hours per day,_X,Unspecified,F,Female,PCT,Practices,DF_HR,Household responsibilities,2023,,5,,A,Normal value,0,Units,,,SIGI_NO,Variable not used to compute the composite index (SIGI),SL_DOM_TSPD,Proportion of time spent on unpaid domestic chores and care work [5.4.1]
DATAFLOW,OECD.DEV.NPG:DSD_GID@DF_GID_2023(1.0),"Gender, Institutions and Development Database (GID-DB) 2023",I,MKD,North Macedonia,DF_HR_PCT_1,Time spent on unpaid care and domestic work,H_D,Hours per day,_X,Unspecified,F,Female,PCT,Practices,DF_HR,Household responsibilities,2023,,3.7,,A,Normal value,0,Units,,,SIGI_NO,Variable not used to compute the composite index (SIGI),SL_DOM_TSPD,Proportion of time spent on unpaid domestic chores and care work [5.4.1]
DATAFLOW,OECD.DEV.NPG:DSD_GID@DF_GID_2023(1.0),"Gender, Institutions and Development Database (GID-DB) 2023",I,OMN,Oman,DF_HR_PCT_1,Time spent on unpaid care and domestic work,H_D,Hours per day,_X,Unspecified,F,Female,PCT,Practices,DF_HR,Household responsibilities,2023,,4.5,,A,Normal value,0,Units,,,SIGI_NO,Variable not used to compute the composite index (SIGI),SL_DOM_TSPD,Proportion of time spent on unpaid domestic chores and care work [5.4.1]
DATAFLOW,OECD.DEV.NPG:DSD_GID@DF_GID_2023(1.0),"Gender, Institutions and Development Database (GID-DB) 2023",I,PAK,Pakistan,DF_HR_PCT_1,Time spent on unpaid care and domestic work,H_D,Hours per day,_X,Unspecified,F,Female,PCT,Practices,DF_HR,Household responsibilities,2023,,4.8,,A,Normal value,0,Units,,,SIGI_NO,Variable not used to compute the composite index (SIGI),SL_DOM_TSPD,Proportion of time spent on unpaid domestic chores and care work [5.4.1]
DATAFLOW,OECD.DEV.NPG:DSD_GID@DF_GID_2023(1.0),"Gender, Institutions and Development Database (GID-DB) 2023",I,PSE,Palestinian Authority or West Bank and Gaza Strip,DF_HR_PCT_1,Time spent on unpaid care and domestic work,H_D,Hours per day,_X,Unspecified,F,Female,PCT,Practices,DF_HR,Household responsibilities,2023,,4.8,,A,Normal value,0,Units,,,SIGI_NO,Variable not used to compute the composite index (SIGI),SL_DOM_TSPD,Proportion of time spent on unpaid domestic chores and care work [5.4.1]
DATAFLOW,OECD.DEV.NPG:DSD_GID@DF_GID_2023(1.0),"Gender, Institutions and Development Database (GID-DB) 2023",I,PAN,Panama,DF_HR_PCT_1,Time spent on unpaid care and domestic work,H_D,Hours per day,_X,Unspecified,F,Female,PCT,Practices,DF_HR,Household responsibilities,2023,,4.3,,A,Normal value,0,Units,,,SIGI_NO,Variable not used to compute the composite index (SIGI),SL_DOM_TSPD,Proportion of time spent on unpaid domestic chores and care work [5.4.1]
DATAFLOW,OECD.DEV.NPG:DSD_GID@DF_GID_2023(1.0),"Gender, Institutions and Development Database (GID-DB) 2023",I,PRY,Paraguay,DF_HR_PCT_1,Time spent on unpaid care and domestic work,H_D,Hours per day,_X,Unspecified,F,Female,PCT,Practices,DF_HR,Household responsibilities,2023,,3.5,,A,Normal value,0,Units,,,SIGI_NO,Variable not used to compute the composite index (SIGI),SL_DOM_TSPD,Proportion of time spent on unpaid domestic chores and care work [5.4.1]
DATAFLOW,OECD.DEV.NPG:DSD_GID@DF_GID_2023(1.0),"Gender, Institutions and Development Database (GID-DB) 2023",I,PER,Peru,DF_HR_PCT_1,Time spent on unpaid care and domestic work,H_D,Hours per day,_X,Unspecified,F,Female,PCT,Practices,DF_HR,Household responsibilities,2023,,5.7,,A,Normal value,0,Units,,,SIGI_NO,Variable not used to compute the composite index (SIGI),SL_DOM_TSPD,Proportion of time spent on unpaid domestic chores and care work [5.4.1]
DATAFLOW,OECD.DEV.NPG:DSD_GID@DF_GID_2023(1.0),"Gender, Institutions and Development Database (GID-DB) 2023",I,QAT,Qatar,DF_HR_PCT_1,Time spent on unpaid care and domestic work,H_D,Hours per day,_X,Unspecified,F,Female,PCT,Practices,DF_HR,Household responsibilities,2023,,2,,A,Normal value,0,Units,,,SIGI_NO,Variable not used to compute the composite index (SIGI),SL_DOM_TSPD,Proportion of time spent on unpaid domestic chores and care work [5.4.1]
DATAFLOW,OECD.DEV.NPG:DSD_GID@DF_GID_2023(1.0),"Gender, Institutions and Development Database (GID-DB) 2023",I,ROU,Romania,DF_HR_PCT_1,Time spent on unpaid care and domestic work,H_D,Hours per day,_X,Unspecified,F,Female,PCT,Practices,DF_HR,Household responsibilities,2023,,4.6,,A,Normal value,0,Units,,,SIGI_NO,Variable not used to compute the composite index (SIGI),SL_DOM_TSPD,Proportion of time spent on unpaid domestic chores and care work [5.4.1]
DATAFLOW,OECD.DEV.NPG:DSD_GID@DF_GID_2023(1.0),"Gender, Institutions and Development Database (GID-DB) 2023",I,SRB,Serbia,DF_HR_PCT_1,Time spent on unpaid care and domestic work,H_D,Hours per day,_X,Unspecified,F,Female,PCT,Practices,DF_HR,Household responsibilities,2023,,4.6,,A,Normal value,0,Units,,,SIGI_NO,Variable not used to compute the composite index (SIGI),SL_DOM_TSPD,Proportion of time spent on unpaid domestic chores and care work [5.4.1]
DATAFLOW,OECD.DEV.NPG:DSD_GID@DF_GID_2023(1.0),"Gender, Institutions and Development Database (GID-DB) 2023",I,ZAF,South Africa,DF_HR_PCT_1,Time spent on unpaid care and domestic work,H_D,Hours per day,_X,Unspecified,F,Female,PCT,Practices,DF_HR,Household responsibilities,2023,,3.7,,A,Normal value,0,Units,,,SIGI_NO,Variable not used to compute the composite index (SIGI),SL_DOM_TSPD,Proportion of time spent on unpaid domestic chores and care work [5.4.1]
DATAFLOW,OECD.DEV.NPG:DSD_GID@DF_GID_2023(1.0),"Gender, Institutions and Development Database (GID-DB) 2023",I,TZA,Tanzania,DF_HR_PCT_1,Time spent on unpaid care and domestic work,H_D,Hours per day,_X,Unspecified,F,Female,PCT,Practices,DF_HR,Household responsibilities,2023,,3.9,,A,Normal value,0,Units,,,SIGI_NO,Variable not used to compute the composite index (SIGI),SL_DOM_TSPD,Proportion of time spent on unpaid domestic chores and care work [5.4.1]
DATAFLOW,OECD.DEV.NPG:DSD_GID@DF_GID_2023(1.0),"Gender, Institutions and Development Database (GID-DB) 2023",I,THA,Thailand,DF_HR_PCT_1,Time spent on unpaid care and domestic work,H_D,Hours per day,_X,Unspecified,F,Female,PCT,Practices,DF_HR,Household responsibilities,2023,,2.8,,A,Normal value,0,Units,,,SIGI_NO,Variable not used to compute the composite index (SIGI),SL_DOM_TSPD,Proportion of time spent on unpaid domestic chores and care work [5.4.1]
DATAFLOW,OECD.DEV.NPG:DSD_GID@DF_GID_2023(1.0),"Gender, Institutions and Development Database (GID-DB) 2023",I,TUN,Tunisia,DF_HR_PCT_1,Time spent on unpaid care and domestic work,H_D,Hours per day,_X,Unspecified,F,Female,PCT,Practices,DF_HR,Household responsibilities,2023,,5.3,,A,Normal value,0,Units,,,SIGI_NO,Variable not used to compute the composite index (SIGI),SL_DOM_TSPD,Proportion of time spent on unpaid domestic chores and care work [5.4.1]
DATAFLOW,OECD.DEV.NPG:DSD_GID@DF_GID_2023(1.0),"Gender, Institutions and Development Database (GID-DB) 2023",I,UGA,Uganda,DF_HR_PCT_1,Time spent on unpaid care and domestic work,H_D,Hours per day,_X,Unspecified,F,Female,PCT,Practices,DF_HR,Household responsibilities,2023,,3.5,,A,Normal value,0,Units,,,SIGI_NO,Variable not used to compute the composite index (SIGI),SL_DOM_TSPD,Proportion of time spent on unpaid domestic chores and care work [5.4.1]
DATAFLOW,OECD.DEV.NPG:DSD_GID@DF_GID_2023(1.0),"Gender, Institutions and Development Database (GID-DB) 2023",I,URY,Uruguay,DF_HR_PCT_1,Time spent on unpaid care and domestic work,H_D,Hours per day,_X,Unspecified,F,Female,PCT,Practices,DF_HR,Household responsibilities,2023,,4.8,,A,Normal value,0,Units,,,SIGI_NO,Variable not used to compute the composite index (SIGI),SL_DOM_TSPD,Proportion of time spent on unpaid domestic chores and care work [5.4.1]
DATAFLOW,OECD.DEV.NPG:DSD_GID@DF_GID_2023(1.0),"Gender, Institutions and Development Database (GID-DB) 2023",I,A,America,DF_HR_PCT_1,Time spent on unpaid care and domestic work,H_D,Hours per day,_X,Unspecified,F,Female,PCT,Practices,DF_HR,Household responsibilities,2023,,4,,A,Normal value,0,Units,,,SIGI_NO,Variable not used to compute the composite index (SIGI),SL_DOM_TSPD,Proportion of time spent on unpaid domestic chores and care work [5.4.1]
DATAFLOW,OECD.DEV.NPG:DSD_GID@DF_GID_2023(1.0),"Gender, Institutions and Development Database (GID-DB) 2023",I,E,Europe,DF_HR_PCT_1,Time spent on unpaid care and domestic work,H_D,Hours per day,_X,Unspecified,F,Female,PCT,Practices,DF_HR,Household responsibilities,2023,,4,,A,Normal value,0,Units,,,SIGI_NO,Variable not used to compute the composite index (SIGI),SL_DOM_TSPD,Proportion of time spent on unpaid domestic chores and care work [5.4.1]
DATAFLOW,OECD.DEV.NPG:DSD_GID@DF_GID_2023(1.0),"Gender, Institutions and Development Database (GID-DB) 2023",I,F,Africa,DF_HR_PCT_1,Time spent on unpaid care and domestic work,H_D,Hours per day,_X,Unspecified,F,Female,PCT,Practices,DF_HR,Household responsibilities,2023,,4.4,,A,Normal value,0,Units,,,SIGI_NO,Variable not used to compute the composite index (SIGI),SL_DOM_TSPD,Proportion of time spent on unpaid domestic chores and care work [5.4.1]
DATAFLOW,OECD.DEV.NPG:DSD_GID@DF_GID_2023(1.0),"Gender, Institutions and Development Database (GID-DB) 2023",I,S,Asia,DF_HR_PCT_1,Time spent on unpaid care and domestic work,H_D,Hours per day,_X,Unspecified,F,Female,PCT,Practices,DF_HR,Household responsibilities,2023,,5.1,,A,Normal value,0,Units,,,SIGI_NO,Variable not used to compute the composite index (SIGI),SL_DOM_TSPD,Proportion of time spent on unpaid domestic chores and care work [5.4.1]
DATAFLOW,OECD.DEV.NPG:DSD_GID@DF_GID_2023(1.0),"Gender, Institutions and Development Database (GID-DB) 2023",I,W,World,DF_HR_PCT_1,Time spent on unpaid care and domestic work,H_D,Hours per day,_X,Unspecified,F,Female,PCT,Practices,DF_HR,Household responsibilities,2023,,4.7,,A,Normal value,0,Units,,,SIGI_NO,Variable not used to compute the composite index (SIGI),SL_DOM_TSPD,Proportion of time spent on unpaid domestic chores and care work [5.4.1]
DATAFLOW,OECD.DEV.NPG:DSD_GID@DF_GID_2023(1.0),"Gender, Institutions and Development Database (GID-DB) 2023",I,CZE,Czechia,DF_HR_PCT_1,Time spent on unpaid care and domestic work,H_D,Hours per day,_X,Unspecified,M,Male,PCT,Practices,DF_HR,Household responsibilities,2023,,,,A,Normal value,0,Units,,,SIGI_NO,Variable not used to compute the composite index (SIGI),SL_DOM_TSPD,Proportion of time spent on unpaid domestic chores and care work [5.4.1]
DATAFLOW,OECD.DEV.NPG:DSD_GID@DF_GID_2023(1.0),"Gender, Institutions and Development Database (GID-DB) 2023",I,ISL,Iceland,DF_HR_PCT_1,Time spent on unpaid care and domestic work,H_D,Hours per day,_X,Unspecified,M,Male,PCT,Practices,DF_HR,Household responsibilities,2023,,,,A,Normal value,0,Units,,,SIGI_NO,Variable not used to compute the composite index (SIGI),SL_DOM_TSPD,Proportion of time spent on unpaid domestic chores and care work [5.4.1]
DATAFLOW,OECD.DEV.NPG:DSD_GID@DF_GID_2023(1.0),"Gender, Institutions and Development Database (GID-DB) 2023",I,ISR,Israel,DF_HR_PCT_1,Time spent on unpaid care and domestic work,H_D,Hours per day,_X,Unspecified,M,Male,PCT,Practices,DF_HR,Household responsibilities,2023,,,,A,Normal value,0,Units,,,SIGI_NO,Variable not used to compute the composite index (SIGI),SL_DOM_TSPD,Proportion of time spent on unpaid domestic chores and care work [5.4.1]
DATAFLOW,OECD.DEV.NPG:DSD_GID@DF_GID_2023(1.0),"Gender, Institutions and Development Database (GID-DB) 2023",I,SVK,Slovak Republic,DF_HR_PCT_1,Time spent on unpaid care and domestic work,H_D,Hours per day,_X,Unspecified,M,Male,PCT,Practices,DF_HR,Household responsibilities,2023,,,,A,Normal value,0,Units,,,SIGI_NO,Variable not used to compute the composite index (SIGI),SL_DOM_TSPD,Proportion of time spent on unpaid domestic chores and care work [5.4.1]
DATAFLOW,OECD.DEV.NPG:DSD_GID@DF_GID_2023(1.0),"Gender, Institutions and Development Database (GID-DB) 2023",I,AFG,Afghanistan,DF_HR_PCT_1,Time spent on unpaid care and domestic work,H_D,Hours per day,_X,Unspecified,M,Male,PCT,Practices,DF_HR,Household responsibilities,2023,,,,A,Normal value,0,Units,,,SIGI_NO,Variable not used to compute the composite index (SIGI),SL_DOM_TSPD,Proportion of time spent on unpaid domestic chores and care work [5.4.1]
DATAFLOW,OECD.DEV.NPG:DSD_GID@DF_GID_2023(1.0),"Gender, Institutions and Development Database (GID-DB) 2023",I,AGO,Angola,DF_HR_PCT_1,Time spent on unpaid care and domestic work,H_D,Hours per day,_X,Unspecified,M,Male,PCT,Practices,DF_HR,Household responsibilities,2023,,,,A,Normal value,0,Units,,,SIGI_NO,Variable not used to compute the composite index (SIGI),SL_DOM_TSPD,Proportion of time spent on unpaid domestic chores and care work [5.4.1]
DATAFLOW,OECD.DEV.NPG:DSD_GID@DF_GID_2023(1.0),"Gender, Institutions and Development Database (GID-DB) 2023",I,ATG,Antigua and Barbuda,DF_HR_PCT_1,Time spent on unpaid care and domestic work,H_D,Hours per day,_X,Unspecified,M,Male,PCT,Practices,DF_HR,Household responsibilities,2023,,,,A,Normal value,0,Units,,,SIGI_NO,Variable not used to compute the composite index (SIGI),SL_DOM_TSPD,Proportion of time spent on unpaid domestic chores and care work [5.4.1]
DATAFLOW,OECD.DEV.NPG:DSD_GID@DF_GID_2023(1.0),"Gender, Institutions and Development Database (GID-DB) 2023",I,BHS,Bahamas,DF_HR_PCT_1,Time spent on unpaid care and domestic work,H_D,Hours per day,_X,Unspecified,M,Male,PCT,Practices,DF_HR,Household responsibilities,2023,,,,A,Normal value,0,Units,,,SIGI_NO,Variable not used to compute the composite index (SIGI),SL_DOM_TSPD,Proportion of time spent on unpaid domestic chores and care work [5.4.1]
DATAFLOW,OECD.DEV.NPG:DSD_GID@DF_GID_2023(1.0),"Gender, Institutions and Development Database (GID-DB) 2023",I,BHR,Bahrain,DF_HR_PCT_1,Time spent on unpaid care and domestic work,H_D,Hours per day,_X,Unspecified,M,Male,PCT,Practices,DF_HR,Household responsibilities,2023,,,,A,Normal value,0,Units,,,SIGI_NO,Variable not used to compute the composite index (SIGI),SL_DOM_TSPD,Proportion of time spent on unpaid domestic chores and care work [5.4.1]
DATAFLOW,OECD.DEV.NPG:DSD_GID@DF_GID_2023(1.0),"Gender, Institutions and Development Database (GID-DB) 2023",I,BGD,Bangladesh,DF_HR_PCT_1,Time spent on unpaid care and domestic work,H_D,Hours per day,_X,Unspecified,M,Male,PCT,Practices,DF_HR,Household responsibilities,2023,,,,A,Normal value,0,Units,,,SIGI_NO,Variable not used to compute the composite index (SIGI),SL_DOM_TSPD,Proportion of time spent on unpaid domestic chores and care work [5.4.1]
DATAFLOW,OECD.DEV.NPG:DSD_GID@DF_GID_2023(1.0),"Gender, Institutions and Development Database (GID-DB) 2023",I,BRB,Barbados,DF_HR_PCT_1,Time spent on unpaid care and domestic work,H_D,Hours per day,_X,Unspecified,M,Male,PCT,Practices,DF_HR,Household responsibilities,2023,,,,A,Normal value,0,Units,,,SIGI_NO,Variable not used to compute the composite index (SIGI),SL_DOM_TSPD,Proportion of time spent on unpaid domestic chores and care work [5.4.1]
DATAFLOW,OECD.DEV.NPG:DSD_GID@DF_GID_2023(1.0),"Gender, Institutions and Development Database (GID-DB) 2023",I,BLZ,Belize,DF_HR_PCT_1,Time spent on unpaid care and domestic work,H_D,Hours per day,_X,Unspecified,M,Male,PCT,Practices,DF_HR,Household responsibilities,2023,,,,A,Normal value,0,Units,,,SIGI_NO,Variable not used to compute the composite index (SIGI),SL_DOM_TSPD,Proportion of time spent on unpaid domestic chores and care work [5.4.1]
DATAFLOW,OECD.DEV.NPG:DSD_GID@DF_GID_2023(1.0),"Gender, Institutions and Development Database (GID-DB) 2023",I,BIH,Bosnia and Herzegovina,DF_HR_PCT_1,Time spent on unpaid care and domestic work,H_D,Hours per day,_X,Unspecified,M,Male,PCT,Practices,DF_HR,Household responsibilities,2023,,,,A,Normal value,0,Units,,,SIGI_NO,Variable not used to compute the composite index (SIGI),SL_DOM_TSPD,Proportion of time spent on unpaid domestic chores and care work [5.4.1]
DATAFLOW,OECD.DEV.NPG:DSD_GID@DF_GID_2023(1.0),"Gender, Institutions and Development Database (GID-DB) 2023",I,BWA,Botswana,DF_HR_PCT_1,Time spent on unpaid care and domestic work,H_D,Hours per day,_X,Unspecified,M,Male,PCT,Practices,DF_HR,Household responsibilities,2023,,,,A,Normal value,0,Units,,,SIGI_NO,Variable not used to compute the composite index (SIGI),SL_DOM_TSPD,Proportion of time spent on unpaid domestic chores and care work [5.4.1]
DATAFLOW,OECD.DEV.NPG:DSD_GID@DF_GID_2023(1.0),"Gender, Institutions and Development Database (GID-DB) 2023",I,BRN,Brunei Darussalam,DF_HR_PCT_1,Time spent on unpaid care and domestic work,H_D,Hours per day,_X,Unspecified,M,Male,PCT,Practices,DF_HR,Household responsibilities,2023,,,,A,Normal value,0,Units,,,SIGI_NO,Variable not used to compute the composite index (SIGI),SL_DOM_TSPD,Proportion of time spent on unpaid domestic chores and care work [5.4.1]
DATAFLOW,OECD.DEV.NPG:DSD_GID@DF_GID_2023(1.0),"Gender, Institutions and Development Database (GID-DB) 2023",I,BFA,Burkina Faso,DF_HR_PCT_1,Time spent on unpaid care and domestic work,H_D,Hours per day,_X,Unspecified,M,Male,PCT,Practices,DF_HR,Household responsibilities,2023,,,,A,Normal value,0,Units,,,SIGI_NO,Variable not used to compute the composite index (SIGI),SL_DOM_TSPD,Proportion of time spent on unpaid domestic chores and care work [5.4.1]
DATAFLOW,OECD.DEV.NPG:DSD_GID@DF_GID_2023(1.0),"Gender, Institutions and Development Database (GID-DB) 2023",I,BDI,Burundi,DF_HR_PCT_1,Time spent on unpaid care and domestic work,H_D,Hours per day,_X,Unspecified,M,Male,PCT,Practices,DF_HR,Household responsibilities,2023,,,,A,Normal value,0,Units,,,SIGI_NO,Variable not used to compute the composite index (SIGI),SL_DOM_TSPD,Proportion of time spent on unpaid domestic chores and care work [5.4.1]
DATAFLOW,OECD.DEV.NPG:DSD_GID@DF_GID_2023(1.0),"Gender, Institutions and Development Database (GID-DB) 2023",I,CPV,Cabo Verde,DF_HR_PCT_1,Time spent on unpaid care and domestic work,H_D,Hours per day,_X,Unspecified,M,Male,PCT,Practices,DF_HR,Household responsibilities,2023,,,,A,Normal value,0,Units,,,SIGI_NO,Variable not used to compute the composite index (SIGI),SL_DOM_TSPD,Proportion of time spent on unpaid domestic chores and care work [5.4.1]
DATAFLOW,OECD.DEV.NPG:DSD_GID@DF_GID_2023(1.0),"Gender, Institutions and Development Database (GID-DB) 2023",I,CAF,Central African Republic,DF_HR_PCT_1,Time spent on unpaid care and domestic work,H_D,Hours per day,_X,Unspecified,M,Male,PCT,Practices,DF_HR,Household responsibilities,2023,,,,A,Normal value,0,Units,,,SIGI_NO,Variable not used to compute the composite index (SIGI),SL_DOM_TSPD,Proportion of time spent on unpaid domestic chores and care work [5.4.1]
DATAFLOW,OECD.DEV.NPG:DSD_GID@DF_GID_2023(1.0),"Gender, Institutions and Development Database (GID-DB) 2023",I,TCD,Chad,DF_HR_PCT_1,Time spent on unpaid care and domestic work,H_D,Hours per day,_X,Unspecified,M,Male,PCT,Practices,DF_HR,Household responsibilities,2023,,,,A,Normal value,0,Units,,,SIGI_NO,Variable not used to compute the composite index (SIGI),SL_DOM_TSPD,Proportion of time spent on unpaid domestic chores and care work [5.4.1]
DATAFLOW,OECD.DEV.NPG:DSD_GID@DF_GID_2023(1.0),"Gender, Institutions and Development Database (GID-DB) 2023",I,COM,Comoros,DF_HR_PCT_1,Time spent on unpaid care and domestic work,H_D,Hours per day,_X,Unspecified,M,Male,PCT,Practices,DF_HR,Household responsibilities,2023,,,,A,Normal value,0,Units,,,SIGI_NO,Variable not used to compute the composite index (SIGI),SL_DOM_TSPD,Proportion of time spent on unpaid domestic chores and care work [5.4.1]
DATAFLOW,OECD.DEV.NPG:DSD_GID@DF_GID_2023(1.0),"Gender, Institutions and Development Database (GID-DB) 2023",I,COG,Congo,DF_HR_PCT_1,Time spent on unpaid care and domestic work,H_D,Hours per day,_X,Unspecified,M,Male,PCT,Practices,DF_HR,Household responsibilities,2023,,,,A,Normal value,0,Units,,,SIGI_NO,Variable not used to compute the composite index (SIGI),SL_DOM_TSPD,Proportion of time spent on unpaid domestic chores and care work [5.4.1]
DATAFLOW,OECD.DEV.NPG:DSD_GID@DF_GID_2023(1.0),"Gender, Institutions and Development Database (GID-DB) 2023",I,HRV,Croatia,DF_HR_PCT_1,Time spent on unpaid care and domestic work,H_D,Hours per day,_X,Unspecified,M,Male,PCT,Practices,DF_HR,Household responsibilities,2023,,,,A,Normal value,0,Units,,,SIGI_NO,Variable not used to compute the composite index (SIGI),SL_DOM_TSPD,Proportion of time spent on unpaid domestic chores and care work [5.4.1]
DATAFLOW,OECD.DEV.NPG:DSD_GID@DF_GID_2023(1.0),"Gender, Institutions and Development Database (GID-DB) 2023",I,CYP,Cyprus,DF_HR_PCT_1,Time spent on unpaid care and domestic work,H_D,Hours per day,_X,Unspecified,M,Male,PCT,Practices,DF_HR,Household responsibilities,2023,,,,A,Normal value,0,Units,,,SIGI_NO,Variable not used to compute the composite index (SIGI),SL_DOM_TSPD,Proportion of time spent on unpaid domestic chores and care work [5.4.1]
DATAFLOW,OECD.DEV.NPG:DSD_GID@DF_GID_2023(1.0),"Gender, Institutions and Development Database (GID-DB) 2023",I,COD,Democratic Republic of the Congo,DF_HR_PCT_1,Time spent on unpaid care and domestic work,H_D,Hours per day,_X,Unspecified,M,Male,PCT,Practices,DF_HR,Household responsibilities,2023,,,,A,Normal value,0,Units,,,SIGI_NO,Variable not used to compute the composite index (SIGI),SL_DOM_TSPD,Proportion of time spent on unpaid domestic chores and care work [5.4.1]
DATAFLOW,OECD.DEV.NPG:DSD_GID@DF_GID_2023(1.0),"Gender, Institutions and Development Database (GID-DB) 2023",I,DJI,Djibouti,DF_HR_PCT_1,Time spent on unpaid care and domestic work,H_D,Hours per day,_X,Unspecified,M,Male,PCT,Practices,DF_HR,Household responsibilities,2023,,,,A,Normal value,0,Units,,,SIGI_NO,Variable not used to compute the composite index (SIGI),SL_DOM_TSPD,Proportion of time spent on unpaid domestic chores and care work [5.4.1]
DATAFLOW,OECD.DEV.NPG:DSD_GID@DF_GID_2023(1.0),"Gender, Institutions and Development Database (GID-DB) 2023",I,DMA,Dominica,DF_HR_PCT_1,Time spent on unpaid care and domestic work,H_D,Hours per day,_X,Unspecified,M,Male,PCT,Practices,DF_HR,Household responsibilities,2023,,,,A,Normal value,0,Units,,,SIGI_NO,Variable not used to compute the composite index (SIGI),SL_DOM_TSPD,Proportion of time spent on unpaid domestic chores and care work [5.4.1]
DATAFLOW,OECD.DEV.NPG:DSD_GID@DF_GID_2023(1.0),"Gender, Institutions and Development Database (GID-DB) 2023",I,GNQ,Equatorial Guinea,DF_HR_PCT_1,Time spent on unpaid care and domestic work,H_D,Hours per day,_X,Unspecified,M,Male,PCT,Practices,DF_HR,Household responsibilities,2023,,,,A,Normal value,0,Units,,,SIGI_NO,Variable not used to compute the composite index (SIGI),SL_DOM_TSPD,Proportion of time spent on unpaid domestic chores and care work [5.4.1]
DATAFLOW,OECD.DEV.NPG:DSD_GID@DF_GID_2023(1.0),"Gender, Institutions and Development Database (GID-DB) 2023",I,ERI,Eritrea,DF_HR_PCT_1,Time spent on unpaid care and domestic work,H_D,Hours per day,_X,Unspecified,M,Male,PCT,Practices,DF_HR,Household responsibilities,2023,,,,A,Normal value,0,Units,,,SIGI_NO,Variable not used to compute the composite index (SIGI),SL_DOM_TSPD,Proportion of time spent on unpaid domestic chores and care work [5.4.1]
DATAFLOW,OECD.DEV.NPG:DSD_GID@DF_GID_2023(1.0),"Gender, Institutions and Development Database (GID-DB) 2023",I,SWZ,Eswatini,DF_HR_PCT_1,Time spent on unpaid care and domestic work,H_D,Hours per day,_X,Unspecified,M,Male,PCT,Practices,DF_HR,Household responsibilities,2023,,,,A,Normal value,0,Units,,,SIGI_NO,Variable not used to compute the composite index (SIGI),SL_DOM_TSPD,Proportion of time spent on unpaid domestic chores and care work [5.4.1]
DATAFLOW,OECD.DEV.NPG:DSD_GID@DF_GID_2023(1.0),"Gender, Institutions and Development Database (GID-DB) 2023",I,GAB,Gabon,DF_HR_PCT_1,Time spent on unpaid care and domestic work,H_D,Hours per day,_X,Unspecified,M,Male,PCT,Practices,DF_HR,Household responsibilities,2023,,,,A,Normal value,0,Units,,,SIGI_NO,Variable not used to compute the composite index (SIGI),SL_DOM_TSPD,Proportion of time spent on unpaid domestic chores and care work [5.4.1]
DATAFLOW,OECD.DEV.NPG:DSD_GID@DF_GID_2023(1.0),"Gender, Institutions and Development Database (GID-DB) 2023",I,GMB,Gambia,DF_HR_PCT_1,Time spent on unpaid care and domestic work,H_D,Hours per day,_X,Unspecified,M,Male,PCT,Practices,DF_HR,Household responsibilities,2023,,,,A,Normal value,0,Units,,,SIGI_NO,Variable not used to compute the composite index (SIGI),SL_DOM_TSPD,Proportion of time spent on unpaid domestic chores and care work [5.4.1]
DATAFLOW,OECD.DEV.NPG:DSD_GID@DF_GID_2023(1.0),"Gender, Institutions and Development Database (GID-DB) 2023",I,GEO,Georgia,DF_HR_PCT_1,Time spent on unpaid care and domestic work,H_D,Hours per day,_X,Unspecified,M,Male,PCT,Practices,DF_HR,Household responsibilities,2023,,,,A,Normal value,0,Units,,,SIGI_NO,Variable not used to compute the composite index (SIGI),SL_DOM_TSPD,Proportion of time spent on unpaid domestic chores and care work [5.4.1]
DATAFLOW,OECD.DEV.NPG:DSD_GID@DF_GID_2023(1.0),"Gender, Institutions and Development Database (GID-DB) 2023",I,GRD,Grenada,DF_HR_PCT_1,Time spent on unpaid care and domestic work,H_D,Hours per day,_X,Unspecified,M,Male,PCT,Practices,DF_HR,Household responsibilities,2023,,,,A,Normal value,0,Units,,,SIGI_NO,Variable not used to compute the composite index (SIGI),SL_DOM_TSPD,Proportion of time spent on unpaid domestic chores and care work [5.4.1]
DATAFLOW,OECD.DEV.NPG:DSD_GID@DF_GID_2023(1.0),"Gender, Institutions and Development Database (GID-DB) 2023",I,GIN,Guinea,DF_HR_PCT_1,Time spent on unpaid care and domestic work,H_D,Hours per day,_X,Unspecified,M,Male,PCT,Practices,DF_HR,Household responsibilities,2023,,,,A,Normal value,0,Units,,,SIGI_NO,Variable not used to compute the composite index (SIGI),SL_DOM_TSPD,Proportion of time spent on unpaid domestic chores and care work [5.4.1]
DATAFLOW,OECD.DEV.NPG:DSD_GID@DF_GID_2023(1.0),"Gender, Institutions and Development Database (GID-DB) 2023",I,GNB,Guinea-Bissau,DF_HR_PCT_1,Time spent on unpaid care and domestic work,H_D,Hours per day,_X,Unspecified,M,Male,PCT,Practices,DF_HR,Household responsibilities,2023,,,,A,Normal value,0,Units,,,SIGI_NO,Variable not used to compute the composite index (SIGI),SL_DOM_TSPD,Proportion of time spent on unpaid domestic chores and care work [5.4.1]
DATAFLOW,OECD.DEV.NPG:DSD_GID@DF_GID_2023(1.0),"Gender, Institutions and Development Database (GID-DB) 2023",I,GUY,Guyana,DF_HR_PCT_1,Time spent on unpaid care and domestic work,H_D,Hours per day,_X,Unspecified,M,Male,PCT,Practices,DF_HR,Household responsibilities,2023,,,,A,Normal value,0,Units,,,SIGI_NO,Variable not used to compute the composite index (SIGI),SL_DOM_TSPD,Proportion of time spent on unpaid domestic chores and care work [5.4.1]
DATAFLOW,OECD.DEV.NPG:DSD_GID@DF_GID_2023(1.0),"Gender, Institutions and Development Database (GID-DB) 2023",I,HTI,Haiti,DF_HR_PCT_1,Time spent on unpaid care and domestic work,H_D,Hours per day,_X,Unspecified,M,Male,PCT,Practices,DF_HR,Household responsibilities,2023,,,,A,Normal value,0,Units,,,SIGI_NO,Variable not used to compute the composite index (SIGI),SL_DOM_TSPD,Proportion of time spent on unpaid domestic chores and care work [5.4.1]
DATAFLOW,OECD.DEV.NPG:DSD_GID@DF_GID_2023(1.0),"Gender, Institutions and Development Database (GID-DB) 2023",I,IDN,Indonesia,DF_HR_PCT_1,Time spent on unpaid care and domestic work,H_D,Hours per day,_X,Unspecified,M,Male,PCT,Practices,DF_HR,Household responsibilities,2023,,,,A,Normal value,0,Units,,,SIGI_NO,Variable not used to compute the composite index (SIGI),SL_DOM_TSPD,Proportion of time spent on unpaid domestic chores and care work [5.4.1]
DATAFLOW,OECD.DEV.NPG:DSD_GID@DF_GID_2023(1.0),"Gender, Institutions and Development Database (GID-DB) 2023",I,JAM,Jamaica,DF_HR_PCT_1,Time spent on unpaid care and domestic work,H_D,Hours per day,_X,Unspecified,M,Male,PCT,Practices,DF_HR,Household responsibilities,2023,,,,A,Normal value,0,Units,,,SIGI_NO,Variable not used to compute the composite index (SIGI),SL_DOM_TSPD,Proportion of time spent on unpaid domestic chores and care work [5.4.1]
DATAFLOW,OECD.DEV.NPG:DSD_GID@DF_GID_2023(1.0),"Gender, Institutions and Development Database (GID-DB) 2023",I,JOR,Jordan,DF_HR_PCT_1,Time spent on unpaid care and domestic work,H_D,Hours per day,_X,Unspecified,M,Male,PCT,Practices,DF_HR,Household responsibilities,2023,,,,A,Normal value,0,Units,,,SIGI_NO,Variable not used to compute the composite index (SIGI),SL_DOM_TSPD,Proportion of time spent on unpaid domestic chores and care work [5.4.1]
DATAFLOW,OECD.DEV.NPG:DSD_GID@DF_GID_2023(1.0),"Gender, Institutions and Development Database (GID-DB) 2023",I,KEN,Kenya,DF_HR_PCT_1,Time spent on unpaid care and domestic work,H_D,Hours per day,_X,Unspecified,M,Male,PCT,Practices,DF_HR,Household responsibilities,2023,,,,A,Normal value,0,Units,,,SIGI_NO,Variable not used to compute the composite index (SIGI),SL_DOM_TSPD,Proportion of time spent on unpaid domestic chores and care work [5.4.1]
DATAFLOW,OECD.DEV.NPG:DSD_GID@DF_GID_2023(1.0),"Gender, Institutions and Development Database (GID-DB) 2023",I,XKV,Kosovo,DF_HR_PCT_1,Time spent on unpaid care and domestic work,H_D,Hours per day,_X,Unspecified,M,Male,PCT,Practices,DF_HR,Household responsibilities,2023,,,,A,Normal value,0,Units,,,SIGI_NO,Variable not used to compute the composite index (SIGI),SL_DOM_TSPD,Proportion of time spent on unpaid domestic chores and care work [5.4.1]
DATAFLOW,OECD.DEV.NPG:DSD_GID@DF_GID_2023(1.0),"Gender, Institutions and Development Database (GID-DB) 2023",I,KWT,Kuwait,DF_HR_PCT_1,Time spent on unpaid care and domestic work,H_D,Hours per day,_X,Unspecified,M,Male,PCT,Practices,DF_HR,Household responsibilities,2023,,,,A,Normal value,0,Units,,,SIGI_NO,Variable not used to compute the composite index (SIGI),SL_DOM_TSPD,Proportion of time spent on unpaid domestic chores and care work [5.4.1]
DATAFLOW,OECD.DEV.NPG:DSD_GID@DF_GID_2023(1.0),"Gender, Institutions and Development Database (GID-DB) 2023",I,LBN,Lebanon,DF_HR_PCT_1,Time spent on unpaid care and domestic work,H_D,Hours per day,_X,Unspecified,M,Male,PCT,Practices,DF_HR,Household responsibilities,2023,,,,A,Normal value,0,Units,,,SIGI_NO,Variable not used to compute the composite index (SIGI),SL_DOM_TSPD,Proportion of time spent on unpaid domestic chores and care work [5.4.1]
DATAFLOW,OECD.DEV.NPG:DSD_GID@DF_GID_2023(1.0),"Gender, Institutions and Development Database (GID-DB) 2023",I,LBY,Libya,DF_HR_PCT_1,Time spent on unpaid care and domestic work,H_D,Hours per day,_X,Unspecified,M,Male,PCT,Practices,DF_HR,Household responsibilities,2023,,,,A,Normal value,0,Units,,,SIGI_NO,Variable not used to compute the composite index (SIGI),SL_DOM_TSPD,Proportion of time spent on unpaid domestic chores and care work [5.4.1]
DATAFLOW,OECD.DEV.NPG:DSD_GID@DF_GID_2023(1.0),"Gender, Institutions and Development Database (GID-DB) 2023",I,MDG,Madagascar,DF_HR_PCT_1,Time spent on unpaid care and domestic work,H_D,Hours per day,_X,Unspecified,M,Male,PCT,Practices,DF_HR,Household responsibilities,2023,,,,A,Normal value,0,Units,,,SIGI_NO,Variable not used to compute the composite index (SIGI),SL_DOM_TSPD,Proportion of time spent on unpaid domestic chores and care work [5.4.1]
DATAFLOW,OECD.DEV.NPG:DSD_GID@DF_GID_2023(1.0),"Gender, Institutions and Development Database (GID-DB) 2023",I,MDV,Maldives,DF_HR_PCT_1,Time spent on unpaid care and domestic work,H_D,Hours per day,_X,Unspecified,M,Male,PCT,Practices,DF_HR,Household responsibilities,2023,,,,A,Normal value,0,Units,,,SIGI_NO,Variable not used to compute the composite index (SIGI),SL_DOM_TSPD,Proportion of time spent on unpaid domestic chores and care work [5.4.1]
DATAFLOW,OECD.DEV.NPG:DSD_GID@DF_GID_2023(1.0),"Gender, Institutions and Development Database (GID-DB) 2023",I,MLI,Mali,DF_HR_PCT_1,Time spent on unpaid care and domestic work,H_D,Hours per day,_X,Unspecified,M,Male,PCT,Practices,DF_HR,Household responsibilities,2023,,,,A,Normal value,0,Units,,,SIGI_NO,Variable not used to compute the composite index (SIGI),SL_DOM_TSPD,Proportion of time spent on unpaid domestic chores and care work [5.4.1]
DATAFLOW,OECD.DEV.NPG:DSD_GID@DF_GID_2023(1.0),"Gender, Institutions and Development Database (GID-DB) 2023",I,MRT,Mauritania,DF_HR_PCT_1,Time spent on unpaid care and domestic work,H_D,Hours per day,_X,Unspecified,M,Male,PCT,Practices,DF_HR,Household responsibilities,2023,,,,A,Normal value,0,Units,,,SIGI_NO,Variable not used to compute the composite index (SIGI),SL_DOM_TSPD,Proportion of time spent on unpaid domestic chores and care work [5.4.1]
DATAFLOW,OECD.DEV.NPG:DSD_GID@DF_GID_2023(1.0),"Gender, Institutions and Development Database (GID-DB) 2023",I,MNE,Montenegro,DF_HR_PCT_1,Time spent on unpaid care and domestic work,H_D,Hours per day,_X,Unspecified,M,Male,PCT,Practices,DF_HR,Household responsibilities,2023,,,,A,Normal value,0,Units,,,SIGI_NO,Variable not used to compute the composite index (SIGI),SL_DOM_TSPD,Proportion of time spent on unpaid domestic chores and care work [5.4.1]
DATAFLOW,OECD.DEV.NPG:DSD_GID@DF_GID_2023(1.0),"Gender, Institutions and Development Database (GID-DB) 2023",I,MOZ,Mozambique,DF_HR_PCT_1,Time spent on unpaid care and domestic work,H_D,Hours per day,_X,Unspecified,M,Male,PCT,Practices,DF_HR,Household responsibilities,2023,,,,A,Normal value,0,Units,,,SIGI_NO,Variable not used to compute the composite index (SIGI),SL_DOM_TSPD,Proportion of time spent on unpaid domestic chores and care work [5.4.1]
DATAFLOW,OECD.DEV.NPG:DSD_GID@DF_GID_2023(1.0),"Gender, Institutions and Development Database (GID-DB) 2023",I,MMR,Myanmar,DF_HR_PCT_1,Time spent on unpaid care and domestic work,H_D,Hours per day,_X,Unspecified,M,Male,PCT,Practices,DF_HR,Household responsibilities,2023,,,,A,Normal value,0,Units,,,SIGI_NO,Variable not used to compute the composite index (SIGI),SL_DOM_TSPD,Proportion of time spent on unpaid domestic chores and care work [5.4.1]
DATAFLOW,OECD.DEV.NPG:DSD_GID@DF_GID_2023(1.0),"Gender, Institutions and Development Database (GID-DB) 2023",I,NAM,Namibia,DF_HR_PCT_1,Time spent on unpaid care and domestic work,H_D,Hours per day,_X,Unspecified,M,Male,PCT,Practices,DF_HR,Household responsibilities,2023,,,,A,Normal value,0,Units,,,SIGI_NO,Variable not used to compute the composite index (SIGI),SL_DOM_TSPD,Proportion of time spent on unpaid domestic chores and care work [5.4.1]
DATAFLOW,OECD.DEV.NPG:DSD_GID@DF_GID_2023(1.0),"Gender, Institutions and Development Database (GID-DB) 2023",I,NPL,Nepal,DF_HR_PCT_1,Time spent on unpaid care and domestic work,H_D,Hours per day,_X,Unspecified,M,Male,PCT,Practices,DF_HR,Household responsibilities,2023,,,,A,Normal value,0,Units,,,SIGI_NO,Variable not used to compute the composite index (SIGI),SL_DOM_TSPD,Proportion of time spent on unpaid domestic chores and care work [5.4.1]
DATAFLOW,OECD.DEV.NPG:DSD_GID@DF_GID_2023(1.0),"Gender, Institutions and Development Database (GID-DB) 2023",I,NIC,Nicaragua,DF_HR_PCT_1,Time spent on unpaid care and domestic work,H_D,Hours per day,_X,Unspecified,M,Male,PCT,Practices,DF_HR,Household responsibilities,2023,,,,A,Normal value,0,Units,,,SIGI_NO,Variable not used to compute the composite index (SIGI),SL_DOM_TSPD,Proportion of time spent on unpaid domestic chores and care work [5.4.1]
DATAFLOW,OECD.DEV.NPG:DSD_GID@DF_GID_2023(1.0),"Gender, Institutions and Development Database (GID-DB) 2023",I,NER,Niger,DF_HR_PCT_1,Time spent on unpaid care and domestic work,H_D,Hours per day,_X,Unspecified,M,Male,PCT,Practices,DF_HR,Household responsibilities,2023,,,,A,Normal value,0,Units,,,SIGI_NO,Variable not used to compute the composite index (SIGI),SL_DOM_TSPD,Proportion of time spent on unpaid domestic chores and care work [5.4.1]
DATAFLOW,OECD.DEV.NPG:DSD_GID@DF_GID_2023(1.0),"Gender, Institutions and Development Database (GID-DB) 2023",I,NGA,Nigeria,DF_HR_PCT_1,Time spent on unpaid care and domestic work,H_D,Hours per day,_X,Unspecified,M,Male,PCT,Practices,DF_HR,Household responsibilities,2023,,,,A,Normal value,0,Units,,,SIGI_NO,Variable not used to compute the composite index (SIGI),SL_DOM_TSPD,Proportion of time spent on unpaid domestic chores and care work [5.4.1]
DATAFLOW,OECD.DEV.NPG:DSD_GID@DF_GID_2023(1.0),"Gender, Institutions and Development Database (GID-DB) 2023",I,PNG,Papua New Guinea,DF_HR_PCT_1,Time spent on unpaid care and domestic work,H_D,Hours per day,_X,Unspecified,M,Male,PCT,Practices,DF_HR,Household responsibilities,2023,,,,A,Normal value,0,Units,,,SIGI_NO,Variable not used to compute the composite index (SIGI),SL_DOM_TSPD,Proportion of time spent on unpaid domestic chores and care work [5.4.1]
DATAFLOW,OECD.DEV.NPG:DSD_GID@DF_GID_2023(1.0),"Gender, Institutions and Development Database (GID-DB) 2023",I,PHL,Philippines,DF_HR_PCT_1,Time spent on unpaid care and domestic work,H_D,Hours per day,_X,Unspecified,M,Male,PCT,Practices,DF_HR,Household responsibilities,2023,,,,A,Normal value,0,Units,,,SIGI_NO,Variable not used to compute the composite index (SIGI),SL_DOM_TSPD,Proportion of time spent on unpaid domestic chores and care work [5.4.1]
DATAFLOW,OECD.DEV.NPG:DSD_GID@DF_GID_2023(1.0),"Gender, Institutions and Development Database (GID-DB) 2023",I,RWA,Rwanda,DF_HR_PCT_1,Time spent on unpaid care and domestic work,H_D,Hours per day,_X,Unspecified,M,Male,PCT,Practices,DF_HR,Household responsibilities,2023,,,,A,Normal value,0,Units,,,SIGI_NO,Variable not used to compute the composite index (SIGI),SL_DOM_TSPD,Proportion of time spent on unpaid domestic chores and care work [5.4.1]
DATAFLOW,OECD.DEV.NPG:DSD_GID@DF_GID_2023(1.0),"Gender, Institutions and Development Database (GID-DB) 2023",I,WSM,Samoa,DF_HR_PCT_1,Time spent on unpaid care and domestic work,H_D,Hours per day,_X,Unspecified,M,Male,PCT,Practices,DF_HR,Household responsibilities,2023,,,,A,Normal value,0,Units,,,SIGI_NO,Variable not used to compute the composite index (SIGI),SL_DOM_TSPD,Proportion of time spent on unpaid domestic chores and care work [5.4.1]
DATAFLOW,OECD.DEV.NPG:DSD_GID@DF_GID_2023(1.0),"Gender, Institutions and Development Database (GID-DB) 2023",I,STP,Sao Tome and Principe,DF_HR_PCT_1,Time spent on unpaid care and domestic work,H_D,Hours per day,_X,Unspecified,M,Male,PCT,Practices,DF_HR,Household responsibilities,2023,,,,A,Normal value,0,Units,,,SIGI_NO,Variable not used to compute the composite index (SIGI),SL_DOM_TSPD,Proportion of time spent on unpaid domestic chores and care work [5.4.1]
DATAFLOW,OECD.DEV.NPG:DSD_GID@DF_GID_2023(1.0),"Gender, Institutions and Development Database (GID-DB) 2023",I,SAU,Saudi Arabia,DF_HR_PCT_1,Time spent on unpaid care and domestic work,H_D,Hours per day,_X,Unspecified,M,Male,PCT,Practices,DF_HR,Household responsibilities,2023,,,,A,Normal value,0,Units,,,SIGI_NO,Variable not used to compute the composite index (SIGI),SL_DOM_TSPD,Proportion of time spent on unpaid domestic chores and care work [5.4.1]
DATAFLOW,OECD.DEV.NPG:DSD_GID@DF_GID_2023(1.0),"Gender, Institutions and Development Database (GID-DB) 2023",I,SEN,Senegal,DF_HR_PCT_1,Time spent on unpaid care and domestic work,H_D,Hours per day,_X,Unspecified,M,Male,PCT,Practices,DF_HR,Household responsibilities,2023,,,,A,Normal value,0,Units,,,SIGI_NO,Variable not used to compute the composite index (SIGI),SL_DOM_TSPD,Proportion of time spent on unpaid domestic chores and care work [5.4.1]
DATAFLOW,OECD.DEV.NPG:DSD_GID@DF_GID_2023(1.0),"Gender, Institutions and Development Database (GID-DB) 2023",I,SYC,Seychelles,DF_HR_PCT_1,Time spent on unpaid care and domestic work,H_D,Hours per day,_X,Unspecified,M,Male,PCT,Practices,DF_HR,Household responsibilities,2023,,,,A,Normal value,0,Units,,,SIGI_NO,Variable not used to compute the composite index (SIGI),SL_DOM_TSPD,Proportion of time spent on unpaid domestic chores and care work [5.4.1]
DATAFLOW,OECD.DEV.NPG:DSD_GID@DF_GID_2023(1.0),"Gender, Institutions and Development Database (GID-DB) 2023",I,SLE,Sierra Leone,DF_HR_PCT_1,Time spent on unpaid care and domestic work,H_D,Hours per day,_X,Unspecified,M,Male,PCT,Practices,DF_HR,Household responsibilities,2023,,,,A,Normal value,0,Units,,,SIGI_NO,Variable not used to compute the composite index (SIGI),SL_DOM_TSPD,Proportion of time spent on unpaid domestic chores and care work [5.4.1]
DATAFLOW,OECD.DEV.NPG:DSD_GID@DF_GID_2023(1.0),"Gender, Institutions and Development Database (GID-DB) 2023",I,SGP,Singapore,DF_HR_PCT_1,Time spent on unpaid care and domestic work,H_D,Hours per day,_X,Unspecified,M,Male,PCT,Practices,DF_HR,Household responsibilities,2023,,,,A,Normal value,0,Units,,,SIGI_NO,Variable not used to compute the composite index (SIGI),SL_DOM_TSPD,Proportion of time spent on unpaid domestic chores and care work [5.4.1]
DATAFLOW,OECD.DEV.NPG:DSD_GID@DF_GID_2023(1.0),"Gender, Institutions and Development Database (GID-DB) 2023",I,SLB,Solomon Islands,DF_HR_PCT_1,Time spent on unpaid care and domestic work,H_D,Hours per day,_X,Unspecified,M,Male,PCT,Practices,DF_HR,Household responsibilities,2023,,,,A,Normal value,0,Units,,,SIGI_NO,Variable not used to compute the composite index (SIGI),SL_DOM_TSPD,Proportion of time spent on unpaid domestic chores and care work [5.4.1]
DATAFLOW,OECD.DEV.NPG:DSD_GID@DF_GID_2023(1.0),"Gender, Institutions and Development Database (GID-DB) 2023",I,SOM,Somalia,DF_HR_PCT_1,Time spent on unpaid care and domestic work,H_D,Hours per day,_X,Unspecified,M,Male,PCT,Practices,DF_HR,Household responsibilities,2023,,,,A,Normal value,0,Units,,,SIGI_NO,Variable not used to compute the composite index (SIGI),SL_DOM_TSPD,Proportion of time spent on unpaid domestic chores and care work [5.4.1]
DATAFLOW,OECD.DEV.NPG:DSD_GID@DF_GID_2023(1.0),"Gender, Institutions and Development Database (GID-DB) 2023",I,SSD,South Sudan,DF_HR_PCT_1,Time spent on unpaid care and domestic work,H_D,Hours per day,_X,Unspecified,M,Male,PCT,Practices,DF_HR,Household responsibilities,2023,,,,A,Normal value,0,Units,,,SIGI_NO,Variable not used to compute the composite index (SIGI),SL_DOM_TSPD,Proportion of time spent on unpaid domestic chores and care work [5.4.1]
DATAFLOW,OECD.DEV.NPG:DSD_GID@DF_GID_2023(1.0),"Gender, Institutions and Development Database (GID-DB) 2023",I,LKA,Sri Lanka,DF_HR_PCT_1,Time spent on unpaid care and domestic work,H_D,Hours per day,_X,Unspecified,M,Male,PCT,Practices,DF_HR,Household responsibilities,2023,,,,A,Normal value,0,Units,,,SIGI_NO,Variable not used to compute the composite index (SIGI),SL_DOM_TSPD,Proportion of time spent on unpaid domestic chores and care work [5.4.1]
DATAFLOW,OECD.DEV.NPG:DSD_GID@DF_GID_2023(1.0),"Gender, Institutions and Development Database (GID-DB) 2023",I,SDN,Sudan,DF_HR_PCT_1,Time spent on unpaid care and domestic work,H_D,Hours per day,_X,Unspecified,M,Male,PCT,Practices,DF_HR,Household responsibilities,2023,,,,A,Normal value,0,Units,,,SIGI_NO,Variable not used to compute the composite index (SIGI),SL_DOM_TSPD,Proportion of time spent on unpaid domestic chores and care work [5.4.1]
DATAFLOW,OECD.DEV.NPG:DSD_GID@DF_GID_2023(1.0),"Gender, Institutions and Development Database (GID-DB) 2023",I,SUR,Suriname,DF_HR_PCT_1,Time spent on unpaid care and domestic work,H_D,Hours per day,_X,Unspecified,M,Male,PCT,Practices,DF_HR,Household responsibilities,2023,,,,A,Normal value,0,Units,,,SIGI_NO,Variable not used to compute the composite index (SIGI),SL_DOM_TSPD,Proportion of time spent on unpaid domestic chores and care work [5.4.1]
DATAFLOW,OECD.DEV.NPG:DSD_GID@DF_GID_2023(1.0),"Gender, Institutions and Development Database (GID-DB) 2023",I,SYR,Syrian Arab Republic,DF_HR_PCT_1,Time spent on unpaid care and domestic work,H_D,Hours per day,_X,Unspecified,M,Male,PCT,Practices,DF_HR,Household responsibilities,2023,,,,A,Normal value,0,Units,,,SIGI_NO,Variable not used to compute the composite index (SIGI),SL_DOM_TSPD,Proportion of time spent on unpaid domestic chores and care work [5.4.1]
DATAFLOW,OECD.DEV.NPG:DSD_GID@DF_GID_2023(1.0),"Gender, Institutions and Development Database (GID-DB) 2023",I,TWN,Chinese Taipei,DF_HR_PCT_1,Time spent on unpaid care and domestic work,H_D,Hours per day,_X,Unspecified,M,Male,PCT,Practices,DF_HR,Household responsibilities,2023,,,,A,Normal value,0,Units,,,SIGI_NO,Variable not used to compute the composite index (SIGI),SL_DOM_TSPD,Proportion of time spent on unpaid domestic chores and care work [5.4.1]
DATAFLOW,OECD.DEV.NPG:DSD_GID@DF_GID_2023(1.0),"Gender, Institutions and Development Database (GID-DB) 2023",I,TJK,Tajikistan,DF_HR_PCT_1,Time spent on unpaid care and domestic work,H_D,Hours per day,_X,Unspecified,M,Male,PCT,Practices,DF_HR,Household responsibilities,2023,,,,A,Normal value,0,Units,,,SIGI_NO,Variable not used to compute the composite index (SIGI),SL_DOM_TSPD,Proportion of time spent on unpaid domestic chores and care work [5.4.1]
DATAFLOW,OECD.DEV.NPG:DSD_GID@DF_GID_2023(1.0),"Gender, Institutions and Development Database (GID-DB) 2023",I,TLS,Timor-Leste,DF_HR_PCT_1,Time spent on unpaid care and domestic work,H_D,Hours per day,_X,Unspecified,M,Male,PCT,Practices,DF_HR,Household responsibilities,2023,,,,A,Normal value,0,Units,,,SIGI_NO,Variable not used to compute the composite index (SIGI),SL_DOM_TSPD,Proportion of time spent on unpaid domestic chores and care work [5.4.1]
DATAFLOW,OECD.DEV.NPG:DSD_GID@DF_GID_2023(1.0),"Gender, Institutions and Development Database (GID-DB) 2023",I,TGO,Togo,DF_HR_PCT_1,Time spent on unpaid care and domestic work,H_D,Hours per day,_X,Unspecified,M,Male,PCT,Practices,DF_HR,Household responsibilities,2023,,,,A,Normal value,0,Units,,,SIGI_NO,Variable not used to compute the composite index (SIGI),SL_DOM_TSPD,Proportion of time spent on unpaid domestic chores and care work [5.4.1]
DATAFLOW,OECD.DEV.NPG:DSD_GID@DF_GID_2023(1.0),"Gender, Institutions and Development Database (GID-DB) 2023",I,TTO,Trinidad and Tobago,DF_HR_PCT_1,Time spent on unpaid care and domestic work,H_D,Hours per day,_X,Unspecified,M,Male,PCT,Practices,DF_HR,Household responsibilities,2023,,,,A,Normal value,0,Units,,,SIGI_NO,Variable not used to compute the composite index (SIGI),SL_DOM_TSPD,Proportion of time spent on unpaid domestic chores and care work [5.4.1]
DATAFLOW,OECD.DEV.NPG:DSD_GID@DF_GID_2023(1.0),"Gender, Institutions and Development Database (GID-DB) 2023",I,TKM,Turkmenistan,DF_HR_PCT_1,Time spent on unpaid care and domestic work,H_D,Hours per day,_X,Unspecified,M,Male,PCT,Practices,DF_HR,Household responsibilities,2023,,,,A,Normal value,0,Units,,,SIGI_NO,Variable not used to compute the composite index (SIGI),SL_DOM_TSPD,Proportion of time spent on unpaid domestic chores and care work [5.4.1]
DATAFLOW,OECD.DEV.NPG:DSD_GID@DF_GID_2023(1.0),"Gender, Institutions and Development Database (GID-DB) 2023",I,UKR,Ukraine,DF_HR_PCT_1,Time spent on unpaid care and domestic work,H_D,Hours per day,_X,Unspecified,M,Male,PCT,Practices,DF_HR,Household responsibilities,2023,,,,A,Normal value,0,Units,,,SIGI_NO,Variable not used to compute the composite index (SIGI),SL_DOM_TSPD,Proportion of time spent on unpaid domestic chores and care work [5.4.1]
DATAFLOW,OECD.DEV.NPG:DSD_GID@DF_GID_2023(1.0),"Gender, Institutions and Development Database (GID-DB) 2023",I,ARE,United Arab Emirates,DF_HR_PCT_1,Time spent on unpaid care and domestic work,H_D,Hours per day,_X,Unspecified,M,Male,PCT,Practices,DF_HR,Household responsibilities,2023,,,,A,Normal value,0,Units,,,SIGI_NO,Variable not used to compute the composite index (SIGI),SL_DOM_TSPD,Proportion of time spent on unpaid domestic chores and care work [5.4.1]
DATAFLOW,OECD.DEV.NPG:DSD_GID@DF_GID_2023(1.0),"Gender, Institutions and Development Database (GID-DB) 2023",I,UZB,Uzbekistan,DF_HR_PCT_1,Time spent on unpaid care and domestic work,H_D,Hours per day,_X,Unspecified,M,Male,PCT,Practices,DF_HR,Household responsibilities,2023,,,,A,Normal value,0,Units,,,SIGI_NO,Variable not used to compute the composite index (SIGI),SL_DOM_TSPD,Proportion of time spent on unpaid domestic chores and care work [5.4.1]
DATAFLOW,OECD.DEV.NPG:DSD_GID@DF_GID_2023(1.0),"Gender, Institutions and Development Database (GID-DB) 2023",I,VEN,Venezuela,DF_HR_PCT_1,Time spent on unpaid care and domestic work,H_D,Hours per day,_X,Unspecified,M,Male,PCT,Practices,DF_HR,Household responsibilities,2023,,,,A,Normal value,0,Units,,,SIGI_NO,Variable not used to compute the composite index (SIGI),SL_DOM_TSPD,Proportion of time spent on unpaid domestic chores and care work [5.4.1]
DATAFLOW,OECD.DEV.NPG:DSD_GID@DF_GID_2023(1.0),"Gender, Institutions and Development Database (GID-DB) 2023",I,VNM,Viet Nam,DF_HR_PCT_1,Time spent on unpaid care and domestic work,H_D,Hours per day,_X,Unspecified,M,Male,PCT,Practices,DF_HR,Household responsibilities,2023,,,,A,Normal value,0,Units,,,SIGI_NO,Variable not used to compute the composite index (SIGI),SL_DOM_TSPD,Proportion of time spent on unpaid domestic chores and care work [5.4.1]
DATAFLOW,OECD.DEV.NPG:DSD_GID@DF_GID_2023(1.0),"Gender, Institutions and Development Database (GID-DB) 2023",I,YEM,Yemen,DF_HR_PCT_1,Time spent on unpaid care and domestic work,H_D,Hours per day,_X,Unspecified,M,Male,PCT,Practices,DF_HR,Household responsibilities,2023,,,,A,Normal value,0,Units,,,SIGI_NO,Variable not used to compute the composite index (SIGI),SL_DOM_TSPD,Proportion of time spent on unpaid domestic chores and care work [5.4.1]
DATAFLOW,OECD.DEV.NPG:DSD_GID@DF_GID_2023(1.0),"Gender, Institutions and Development Database (GID-DB) 2023",I,ZMB,Zambia,DF_HR_PCT_1,Time spent on unpaid care and domestic work,H_D,Hours per day,_X,Unspecified,M,Male,PCT,Practices,DF_HR,Household responsibilities,2023,,,,A,Normal value,0,Units,,,SIGI_NO,Variable not used to compute the composite index (SIGI),SL_DOM_TSPD,Proportion of time spent on unpaid domestic chores and care work [5.4.1]
DATAFLOW,OECD.DEV.NPG:DSD_GID@DF_GID_2023(1.0),"Gender, Institutions and Development Database (GID-DB) 2023",I,ZWE,Zimbabwe,DF_HR_PCT_1,Time spent on unpaid care and domestic work,H_D,Hours per day,_X,Unspecified,M,Male,PCT,Practices,DF_HR,Household responsibilities,2023,,,,A,Normal value,0,Units,,,SIGI_NO,Variable not used to compute the composite index (SIGI),SL_DOM_TSPD,Proportion of time spent on unpaid domestic chores and care work [5.4.1]
DATAFLOW,OECD.DEV.NPG:DSD_GID@DF_GID_2023(1.0),"Gender, Institutions and Development Database (GID-DB) 2023",I,CZE,Czechia,DF_HR_PCT_1,Time spent on unpaid care and domestic work,H_D,Hours per day,_X,Unspecified,F,Female,PCT,Practices,DF_HR,Household responsibilities,2023,,,,A,Normal value,0,Units,,,SIGI_NO,Variable not used to compute the composite index (SIGI),SL_DOM_TSPD,Proportion of time spent on unpaid domestic chores and care work [5.4.1]
DATAFLOW,OECD.DEV.NPG:DSD_GID@DF_GID_2023(1.0),"Gender, Institutions and Development Database (GID-DB) 2023",I,ISL,Iceland,DF_HR_PCT_1,Time spent on unpaid care and domestic work,H_D,Hours per day,_X,Unspecified,F,Female,PCT,Practices,DF_HR,Household responsibilities,2023,,,,A,Normal value,0,Units,,,SIGI_NO,Variable not used to compute the composite index (SIGI),SL_DOM_TSPD,Proportion of time spent on unpaid domestic chores and care work [5.4.1]
DATAFLOW,OECD.DEV.NPG:DSD_GID@DF_GID_2023(1.0),"Gender, Institutions and Development Database (GID-DB) 2023",I,ISR,Israel,DF_HR_PCT_1,Time spent on unpaid care and domestic work,H_D,Hours per day,_X,Unspecified,F,Female,PCT,Practices,DF_HR,Household responsibilities,2023,,,,A,Normal value,0,Units,,,SIGI_NO,Variable not used to compute the composite index (SIGI),SL_DOM_TSPD,Proportion of time spent on unpaid domestic chores and care work [5.4.1]
DATAFLOW,OECD.DEV.NPG:DSD_GID@DF_GID_2023(1.0),"Gender, Institutions and Development Database (GID-DB) 2023",I,SVK,Slovak Republic,DF_HR_PCT_1,Time spent on unpaid care and domestic work,H_D,Hours per day,_X,Unspecified,F,Female,PCT,Practices,DF_HR,Household responsibilities,2023,,,,A,Normal value,0,Units,,,SIGI_NO,Variable not used to compute the composite index (SIGI),SL_DOM_TSPD,Proportion of time spent on unpaid domestic chores and care work [5.4.1]
DATAFLOW,OECD.DEV.NPG:DSD_GID@DF_GID_2023(1.0),"Gender, Institutions and Development Database (GID-DB) 2023",I,AFG,Afghanistan,DF_HR_PCT_1,Time spent on unpaid care and domestic work,H_D,Hours per day,_X,Unspecified,F,Female,PCT,Practices,DF_HR,Household responsibilities,2023,,,,A,Normal value,0,Units,,,SIGI_NO,Variable not used to compute the composite index (SIGI),SL_DOM_TSPD,Proportion of time spent on unpaid domestic chores and care work [5.4.1]
DATAFLOW,OECD.DEV.NPG:DSD_GID@DF_GID_2023(1.0),"Gender, Institutions and Development Database (GID-DB) 2023",I,AGO,Angola,DF_HR_PCT_1,Time spent on unpaid care and domestic work,H_D,Hours per day,_X,Unspecified,F,Female,PCT,Practices,DF_HR,Household responsibilities,2023,,,,A,Normal value,0,Units,,,SIGI_NO,Variable not used to compute the composite index (SIGI),SL_DOM_TSPD,Proportion of time spent on unpaid domestic chores and care work [5.4.1]
DATAFLOW,OECD.DEV.NPG:DSD_GID@DF_GID_2023(1.0),"Gender, Institutions and Development Database (GID-DB) 2023",I,ATG,Antigua and Barbuda,DF_HR_PCT_1,Time spent on unpaid care and domestic work,H_D,Hours per day,_X,Unspecified,F,Female,PCT,Practices,DF_HR,Household responsibilities,2023,,,,A,Normal value,0,Units,,,SIGI_NO,Variable not used to compute the composite index (SIGI),SL_DOM_TSPD,Proportion of time spent on unpaid domestic chores and care work [5.4.1]
DATAFLOW,OECD.DEV.NPG:DSD_GID@DF_GID_2023(1.0),"Gender, Institutions and Development Database (GID-DB) 2023",I,BHS,Bahamas,DF_HR_PCT_1,Time spent on unpaid care and domestic work,H_D,Hours per day,_X,Unspecified,F,Female,PCT,Practices,DF_HR,Household responsibilities,2023,,,,A,Normal value,0,Units,,,SIGI_NO,Variable not used to compute the composite index (SIGI),SL_DOM_TSPD,Proportion of time spent on unpaid domestic chores and care work [5.4.1]
DATAFLOW,OECD.DEV.NPG:DSD_GID@DF_GID_2023(1.0),"Gender, Institutions and Development Database (GID-DB) 2023",I,BHR,Bahrain,DF_HR_PCT_1,Time spent on unpaid care and domestic work,H_D,Hours per day,_X,Unspecified,F,Female,PCT,Practices,DF_HR,Household responsibilities,2023,,,,A,Normal value,0,Units,,,SIGI_NO,Variable not used to compute the composite index (SIGI),SL_DOM_TSPD,Proportion of time spent on unpaid domestic chores and care work [5.4.1]
DATAFLOW,OECD.DEV.NPG:DSD_GID@DF_GID_2023(1.0),"Gender, Institutions and Development Database (GID-DB) 2023",I,BGD,Bangladesh,DF_HR_PCT_1,Time spent on unpaid care and domestic work,H_D,Hours per day,_X,Unspecified,F,Female,PCT,Practices,DF_HR,Household responsibilities,2023,,,,A,Normal value,0,Units,,,SIGI_NO,Variable not used to compute the composite index (SIGI),SL_DOM_TSPD,Proportion of time spent on unpaid domestic chores and care work [5.4.1]
DATAFLOW,OECD.DEV.NPG:DSD_GID@DF_GID_2023(1.0),"Gender, Institutions and Development Database (GID-DB) 2023",I,BRB,Barbados,DF_HR_PCT_1,Time spent on unpaid care and domestic work,H_D,Hours per day,_X,Unspecified,F,Female,PCT,Practices,DF_HR,Household responsibilities,2023,,,,A,Normal value,0,Units,,,SIGI_NO,Variable not used to compute the composite index (SIGI),SL_DOM_TSPD,Proportion of time spent on unpaid domestic chores and care work [5.4.1]
DATAFLOW,OECD.DEV.NPG:DSD_GID@DF_GID_2023(1.0),"Gender, Institutions and Development Database (GID-DB) 2023",I,BLZ,Belize,DF_HR_PCT_1,Time spent on unpaid care and domestic work,H_D,Hours per day,_X,Unspecified,F,Female,PCT,Practices,DF_HR,Household responsibilities,2023,,,,A,Normal value,0,Units,,,SIGI_NO,Variable not used to compute the composite index (SIGI),SL_DOM_TSPD,Proportion of time spent on unpaid domestic chores and care work [5.4.1]
DATAFLOW,OECD.DEV.NPG:DSD_GID@DF_GID_2023(1.0),"Gender, Institutions and Development Database (GID-DB) 2023",I,BIH,Bosnia and Herzegovina,DF_HR_PCT_1,Time spent on unpaid care and domestic work,H_D,Hours per day,_X,Unspecified,F,Female,PCT,Practices,DF_HR,Household responsibilities,2023,,,,A,Normal value,0,Units,,,SIGI_NO,Variable not used to compute the composite index (SIGI),SL_DOM_TSPD,Proportion of time spent on unpaid domestic chores and care work [5.4.1]
DATAFLOW,OECD.DEV.NPG:DSD_GID@DF_GID_2023(1.0),"Gender, Institutions and Development Database (GID-DB) 2023",I,BWA,Botswana,DF_HR_PCT_1,Time spent on unpaid care and domestic work,H_D,Hours per day,_X,Unspecified,F,Female,PCT,Practices,DF_HR,Household responsibilities,2023,,,,A,Normal value,0,Units,,,SIGI_NO,Variable not used to compute the composite index (SIGI),SL_DOM_TSPD,Proportion of time spent on unpaid domestic chores and care work [5.4.1]
DATAFLOW,OECD.DEV.NPG:DSD_GID@DF_GID_2023(1.0),"Gender, Institutions and Development Database (GID-DB) 2023",I,BRN,Brunei Darussalam,DF_HR_PCT_1,Time spent on unpaid care and domestic work,H_D,Hours per day,_X,Unspecified,F,Female,PCT,Practices,DF_HR,Household responsibilities,2023,,,,A,Normal value,0,Units,,,SIGI_NO,Variable not used to compute the composite index (SIGI),SL_DOM_TSPD,Proportion of time spent on unpaid domestic chores and care work [5.4.1]
DATAFLOW,OECD.DEV.NPG:DSD_GID@DF_GID_2023(1.0),"Gender, Institutions and Development Database (GID-DB) 2023",I,BFA,Burkina Faso,DF_HR_PCT_1,Time spent on unpaid care and domestic work,H_D,Hours per day,_X,Unspecified,F,Female,PCT,Practices,DF_HR,Household responsibilities,2023,,,,A,Normal value,0,Units,,,SIGI_NO,Variable not used to compute the composite index (SIGI),SL_DOM_TSPD,Proportion of time spent on unpaid domestic chores and care work [5.4.1]
DATAFLOW,OECD.DEV.NPG:DSD_GID@DF_GID_2023(1.0),"Gender, Institutions and Development Database (GID-DB) 2023",I,BDI,Burundi,DF_HR_PCT_1,Time spent on unpaid care and domestic work,H_D,Hours per day,_X,Unspecified,F,Female,PCT,Practices,DF_HR,Household responsibilities,2023,,,,A,Normal value,0,Units,,,SIGI_NO,Variable not used to compute the composite index (SIGI),SL_DOM_TSPD,Proportion of time spent on unpaid domestic chores and care work [5.4.1]
DATAFLOW,OECD.DEV.NPG:DSD_GID@DF_GID_2023(1.0),"Gender, Institutions and Development Database (GID-DB) 2023",I,CPV,Cabo Verde,DF_HR_PCT_1,Time spent on unpaid care and domestic work,H_D,Hours per day,_X,Unspecified,F,Female,PCT,Practices,DF_HR,Household responsibilities,2023,,,,A,Normal value,0,Units,,,SIGI_NO,Variable not used to compute the composite index (SIGI),SL_DOM_TSPD,Proportion of time spent on unpaid domestic chores and care work [5.4.1]
DATAFLOW,OECD.DEV.NPG:DSD_GID@DF_GID_2023(1.0),"Gender, Institutions and Development Database (GID-DB) 2023",I,CAF,Central African Republic,DF_HR_PCT_1,Time spent on unpaid care and domestic work,H_D,Hours per day,_X,Unspecified,F,Female,PCT,Practices,DF_HR,Household responsibilities,2023,,,,A,Normal value,0,Units,,,SIGI_NO,Variable not used to compute the composite index (SIGI),SL_DOM_TSPD,Proportion of time spent on unpaid domestic chores and care work [5.4.1]
DATAFLOW,OECD.DEV.NPG:DSD_GID@DF_GID_2023(1.0),"Gender, Institutions and Development Database (GID-DB) 2023",I,TCD,Chad,DF_HR_PCT_1,Time spent on unpaid care and domestic work,H_D,Hours per day,_X,Unspecified,F,Female,PCT,Practices,DF_HR,Household responsibilities,2023,,,,A,Normal value,0,Units,,,SIGI_NO,Variable not used to compute the composite index (SIGI),SL_DOM_TSPD,Proportion of time spent on unpaid domestic chores and care work [5.4.1]
DATAFLOW,OECD.DEV.NPG:DSD_GID@DF_GID_2023(1.0),"Gender, Institutions and Development Database (GID-DB) 2023",I,COM,Comoros,DF_HR_PCT_1,Time spent on unpaid care and domestic work,H_D,Hours per day,_X,Unspecified,F,Female,PCT,Practices,DF_HR,Household responsibilities,2023,,,,A,Normal value,0,Units,,,SIGI_NO,Variable not used to compute the composite index (SIGI),SL_DOM_TSPD,Proportion of time spent on unpaid domestic chores and care work [5.4.1]
DATAFLOW,OECD.DEV.NPG:DSD_GID@DF_GID_2023(1.0),"Gender, Institutions and Development Database (GID-DB) 2023",I,COG,Congo,DF_HR_PCT_1,Time spent on unpaid care and domestic work,H_D,Hours per day,_X,Unspecified,F,Female,PCT,Practices,DF_HR,Household responsibilities,2023,,,,A,Normal value,0,Units,,,SIGI_NO,Variable not used to compute the composite index (SIGI),SL_DOM_TSPD,Proportion of time spent on unpaid domestic chores and care work [5.4.1]
DATAFLOW,OECD.DEV.NPG:DSD_GID@DF_GID_2023(1.0),"Gender, Institutions and Development Database (GID-DB) 2023",I,HRV,Croatia,DF_HR_PCT_1,Time spent on unpaid care and domestic work,H_D,Hours per day,_X,Unspecified,F,Female,PCT,Practices,DF_HR,Household responsibilities,2023,,,,A,Normal value,0,Units,,,SIGI_NO,Variable not used to compute the composite index (SIGI),SL_DOM_TSPD,Proportion of time spent on unpaid domestic chores and care work [5.4.1]
DATAFLOW,OECD.DEV.NPG:DSD_GID@DF_GID_2023(1.0),"Gender, Institutions and Development Database (GID-DB) 2023",I,CYP,Cyprus,DF_HR_PCT_1,Time spent on unpaid care and domestic work,H_D,Hours per day,_X,Unspecified,F,Female,PCT,Practices,DF_HR,Household responsibilities,2023,,,,A,Normal value,0,Units,,,SIGI_NO,Variable not used to compute the composite index (SIGI),SL_DOM_TSPD,Proportion of time spent on unpaid domestic chores and care work [5.4.1]
DATAFLOW,OECD.DEV.NPG:DSD_GID@DF_GID_2023(1.0),"Gender, Institutions and Development Database (GID-DB) 2023",I,COD,Democratic Republic of the Congo,DF_HR_PCT_1,Time spent on unpaid care and domestic work,H_D,Hours per day,_X,Unspecified,F,Female,PCT,Practices,DF_HR,Household responsibilities,2023,,,,A,Normal value,0,Units,,,SIGI_NO,Variable not used to compute the composite index (SIGI),SL_DOM_TSPD,Proportion of time spent on unpaid domestic chores and care work [5.4.1]
DATAFLOW,OECD.DEV.NPG:DSD_GID@DF_GID_2023(1.0),"Gender, Institutions and Development Database (GID-DB) 2023",I,DJI,Djibouti,DF_HR_PCT_1,Time spent on unpaid care and domestic work,H_D,Hours per day,_X,Unspecified,F,Female,PCT,Practices,DF_HR,Household responsibilities,2023,,,,A,Normal value,0,Units,,,SIGI_NO,Variable not used to compute the composite index (SIGI),SL_DOM_TSPD,Proportion of time spent on unpaid domestic chores and care work [5.4.1]
DATAFLOW,OECD.DEV.NPG:DSD_GID@DF_GID_2023(1.0),"Gender, Institutions and Development Database (GID-DB) 2023",I,DMA,Dominica,DF_HR_PCT_1,Time spent on unpaid care and domestic work,H_D,Hours per day,_X,Unspecified,F,Female,PCT,Practices,DF_HR,Household responsibilities,2023,,,,A,Normal value,0,Units,,,SIGI_NO,Variable not used to compute the composite index (SIGI),SL_DOM_TSPD,Proportion of time spent on unpaid domestic chores and care work [5.4.1]
DATAFLOW,OECD.DEV.NPG:DSD_GID@DF_GID_2023(1.0),"Gender, Institutions and Development Database (GID-DB) 2023",I,GNQ,Equatorial Guinea,DF_HR_PCT_1,Time spent on unpaid care and domestic work,H_D,Hours per day,_X,Unspecified,F,Female,PCT,Practices,DF_HR,Household responsibilities,2023,,,,A,Normal value,0,Units,,,SIGI_NO,Variable not used to compute the composite index (SIGI),SL_DOM_TSPD,Proportion of time spent on unpaid domestic chores and care work [5.4.1]
DATAFLOW,OECD.DEV.NPG:DSD_GID@DF_GID_2023(1.0),"Gender, Institutions and Development Database (GID-DB) 2023",I,ERI,Eritrea,DF_HR_PCT_1,Time spent on unpaid care and domestic work,H_D,Hours per day,_X,Unspecified,F,Female,PCT,Practices,DF_HR,Household responsibilities,2023,,,,A,Normal value,0,Units,,,SIGI_NO,Variable not used to compute the composite index (SIGI),SL_DOM_TSPD,Proportion of time spent on unpaid domestic chores and care work [5.4.1]
DATAFLOW,OECD.DEV.NPG:DSD_GID@DF_GID_2023(1.0),"Gender, Institutions and Development Database (GID-DB) 2023",I,SWZ,Eswatini,DF_HR_PCT_1,Time spent on unpaid care and domestic work,H_D,Hours per day,_X,Unspecified,F,Female,PCT,Practices,DF_HR,Household responsibilities,2023,,,,A,Normal value,0,Units,,,SIGI_NO,Variable not used to compute the composite index (SIGI),SL_DOM_TSPD,Proportion of time spent on unpaid domestic chores and care work [5.4.1]
DATAFLOW,OECD.DEV.NPG:DSD_GID@DF_GID_2023(1.0),"Gender, Institutions and Development Database (GID-DB) 2023",I,GAB,Gabon,DF_HR_PCT_1,Time spent on unpaid care and domestic work,H_D,Hours per day,_X,Unspecified,F,Female,PCT,Practices,DF_HR,Household responsibilities,2023,,,,A,Normal value,0,Units,,,SIGI_NO,Variable not used to compute the composite index (SIGI),SL_DOM_TSPD,Proportion of time spent on unpaid domestic chores and care work [5.4.1]
DATAFLOW,OECD.DEV.NPG:DSD_GID@DF_GID_2023(1.0),"Gender, Institutions and Development Database (GID-DB) 2023",I,GMB,Gambia,DF_HR_PCT_1,Time spent on unpaid care and domestic work,H_D,Hours per day,_X,Unspecified,F,Female,PCT,Practices,DF_HR,Household responsibilities,2023,,,,A,Normal value,0,Units,,,SIGI_NO,Variable not used to compute the composite index (SIGI),SL_DOM_TSPD,Proportion of time spent on unpaid domestic chores and care work [5.4.1]
DATAFLOW,OECD.DEV.NPG:DSD_GID@DF_GID_2023(1.0),"Gender, Institutions and Development Database (GID-DB) 2023",I,GEO,Georgia,DF_HR_PCT_1,Time spent on unpaid care and domestic work,H_D,Hours per day,_X,Unspecified,F,Female,PCT,Practices,DF_HR,Household responsibilities,2023,,,,A,Normal value,0,Units,,,SIGI_NO,Variable not used to compute the composite index (SIGI),SL_DOM_TSPD,Proportion of time spent on unpaid domestic chores and care work [5.4.1]
DATAFLOW,OECD.DEV.NPG:DSD_GID@DF_GID_2023(1.0),"Gender, Institutions and Development Database (GID-DB) 2023",I,GRD,Grenada,DF_HR_PCT_1,Time spent on unpaid care and domestic work,H_D,Hours per day,_X,Unspecified,F,Female,PCT,Practices,DF_HR,Household responsibilities,2023,,,,A,Normal value,0,Units,,,SIGI_NO,Variable not used to compute the composite index (SIGI),SL_DOM_TSPD,Proportion of time spent on unpaid domestic chores and care work [5.4.1]
DATAFLOW,OECD.DEV.NPG:DSD_GID@DF_GID_2023(1.0),"Gender, Institutions and Development Database (GID-DB) 2023",I,GIN,Guinea,DF_HR_PCT_1,Time spent on unpaid care and domestic work,H_D,Hours per day,_X,Unspecified,F,Female,PCT,Practices,DF_HR,Household responsibilities,2023,,,,A,Normal value,0,Units,,,SIGI_NO,Variable not used to compute the composite index (SIGI),SL_DOM_TSPD,Proportion of time spent on unpaid domestic chores and care work [5.4.1]
DATAFLOW,OECD.DEV.NPG:DSD_GID@DF_GID_2023(1.0),"Gender, Institutions and Development Database (GID-DB) 2023",I,GNB,Guinea-Bissau,DF_HR_PCT_1,Time spent on unpaid care and domestic work,H_D,Hours per day,_X,Unspecified,F,Female,PCT,Practices,DF_HR,Household responsibilities,2023,,,,A,Normal value,0,Units,,,SIGI_NO,Variable not used to compute the composite index (SIGI),SL_DOM_TSPD,Proportion of time spent on unpaid domestic chores and care work [5.4.1]
DATAFLOW,OECD.DEV.NPG:DSD_GID@DF_GID_2023(1.0),"Gender, Institutions and Development Database (GID-DB) 2023",I,GUY,Guyana,DF_HR_PCT_1,Time spent on unpaid care and domestic work,H_D,Hours per day,_X,Unspecified,F,Female,PCT,Practices,DF_HR,Household responsibilities,2023,,,,A,Normal value,0,Units,,,SIGI_NO,Variable not used to compute the composite index (SIGI),SL_DOM_TSPD,Proportion of time spent on unpaid domestic chores and care work [5.4.1]
DATAFLOW,OECD.DEV.NPG:DSD_GID@DF_GID_2023(1.0),"Gender, Institutions and Development Database (GID-DB) 2023",I,HTI,Haiti,DF_HR_PCT_1,Time spent on unpaid care and domestic work,H_D,Hours per day,_X,Unspecified,F,Female,PCT,Practices,DF_HR,Household responsibilities,2023,,,,A,Normal value,0,Units,,,SIGI_NO,Variable not used to compute the composite index (SIGI),SL_DOM_TSPD,Proportion of time spent on unpaid domestic chores and care work [5.4.1]
DATAFLOW,OECD.DEV.NPG:DSD_GID@DF_GID_2023(1.0),"Gender, Institutions and Development Database (GID-DB) 2023",I,IDN,Indonesia,DF_HR_PCT_1,Time spent on unpaid care and domestic work,H_D,Hours per day,_X,Unspecified,F,Female,PCT,Practices,DF_HR,Household responsibilities,2023,,,,A,Normal value,0,Units,,,SIGI_NO,Variable not used to compute the composite index (SIGI),SL_DOM_TSPD,Proportion of time spent on unpaid domestic chores and care work [5.4.1]
DATAFLOW,OECD.DEV.NPG:DSD_GID@DF_GID_2023(1.0),"Gender, Institutions and Development Database (GID-DB) 2023",I,JAM,Jamaica,DF_HR_PCT_1,Time spent on unpaid care and domestic work,H_D,Hours per day,_X,Unspecified,F,Female,PCT,Practices,DF_HR,Household responsibilities,2023,,,,A,Normal value,0,Units,,,SIGI_NO,Variable not used to compute the composite index (SIGI),SL_DOM_TSPD,Proportion of time spent on unpaid domestic chores and care work [5.4.1]
DATAFLOW,OECD.DEV.NPG:DSD_GID@DF_GID_2023(1.0),"Gender, Institutions and Development Database (GID-DB) 2023",I,JOR,Jordan,DF_HR_PCT_1,Time spent on unpaid care and domestic work,H_D,Hours per day,_X,Unspecified,F,Female,PCT,Practices,DF_HR,Household responsibilities,2023,,,,A,Normal value,0,Units,,,SIGI_NO,Variable not used to compute the composite index (SIGI),SL_DOM_TSPD,Proportion of time spent on unpaid domestic chores and care work [5.4.1]
DATAFLOW,OECD.DEV.NPG:DSD_GID@DF_GID_2023(1.0),"Gender, Institutions and Development Database (GID-DB) 2023",I,KEN,Kenya,DF_HR_PCT_1,Time spent on unpaid care and domestic work,H_D,Hours per day,_X,Unspecified,F,Female,PCT,Practices,DF_HR,Household responsibilities,2023,,,,A,Normal value,0,Units,,,SIGI_NO,Variable not used to compute the composite index (SIGI),SL_DOM_TSPD,Proportion of time spent on unpaid domestic chores and care work [5.4.1]
DATAFLOW,OECD.DEV.NPG:DSD_GID@DF_GID_2023(1.0),"Gender, Institutions and Development Database (GID-DB) 2023",I,XKV,Kosovo,DF_HR_PCT_1,Time spent on unpaid care and domestic work,H_D,Hours per day,_X,Unspecified,F,Female,PCT,Practices,DF_HR,Household responsibilities,2023,,,,A,Normal value,0,Units,,,SIGI_NO,Variable not used to compute the composite index (SIGI),SL_DOM_TSPD,Proportion of time spent on unpaid domestic chores and care work [5.4.1]
DATAFLOW,OECD.DEV.NPG:DSD_GID@DF_GID_2023(1.0),"Gender, Institutions and Development Database (GID-DB) 2023",I,KWT,Kuwait,DF_HR_PCT_1,Time spent on unpaid care and domestic work,H_D,Hours per day,_X,Unspecified,F,Female,PCT,Practices,DF_HR,Household responsibilities,2023,,,,A,Normal value,0,Units,,,SIGI_NO,Variable not used to compute the composite index (SIGI),SL_DOM_TSPD,Proportion of time spent on unpaid domestic chores and care work [5.4.1]
DATAFLOW,OECD.DEV.NPG:DSD_GID@DF_GID_2023(1.0),"Gender, Institutions and Development Database (GID-DB) 2023",I,LBN,Lebanon,DF_HR_PCT_1,Time spent on unpaid care and domestic work,H_D,Hours per day,_X,Unspecified,F,Female,PCT,Practices,DF_HR,Household responsibilities,2023,,,,A,Normal value,0,Units,,,SIGI_NO,Variable not used to compute the composite index (SIGI),SL_DOM_TSPD,Proportion of time spent on unpaid domestic chores and care work [5.4.1]
DATAFLOW,OECD.DEV.NPG:DSD_GID@DF_GID_2023(1.0),"Gender, Institutions and Development Database (GID-DB) 2023",I,LBY,Libya,DF_HR_PCT_1,Time spent on unpaid care and domestic work,H_D,Hours per day,_X,Unspecified,F,Female,PCT,Practices,DF_HR,Household responsibilities,2023,,,,A,Normal value,0,Units,,,SIGI_NO,Variable not used to compute the composite index (SIGI),SL_DOM_TSPD,Proportion of time spent on unpaid domestic chores and care work [5.4.1]
DATAFLOW,OECD.DEV.NPG:DSD_GID@DF_GID_2023(1.0),"Gender, Institutions and Development Database (GID-DB) 2023",I,MDG,Madagascar,DF_HR_PCT_1,Time spent on unpaid care and domestic work,H_D,Hours per day,_X,Unspecified,F,Female,PCT,Practices,DF_HR,Household responsibilities,2023,,,,A,Normal value,0,Units,,,SIGI_NO,Variable not used to compute the composite index (SIGI),SL_DOM_TSPD,Proportion of time spent on unpaid domestic chores and care work [5.4.1]
DATAFLOW,OECD.DEV.NPG:DSD_GID@DF_GID_2023(1.0),"Gender, Institutions and Development Database (GID-DB) 2023",I,MDV,Maldives,DF_HR_PCT_1,Time spent on unpaid care and domestic work,H_D,Hours per day,_X,Unspecified,F,Female,PCT,Practices,DF_HR,Household responsibilities,2023,,,,A,Normal value,0,Units,,,SIGI_NO,Variable not used to compute the composite index (SIGI),SL_DOM_TSPD,Proportion of time spent on unpaid domestic chores and care work [5.4.1]
DATAFLOW,OECD.DEV.NPG:DSD_GID@DF_GID_2023(1.0),"Gender, Institutions and Development Database (GID-DB) 2023",I,MLI,Mali,DF_HR_PCT_1,Time spent on unpaid care and domestic work,H_D,Hours per day,_X,Unspecified,F,Female,PCT,Practices,DF_HR,Household responsibilities,2023,,,,A,Normal value,0,Units,,,SIGI_NO,Variable not used to compute the composite index (SIGI),SL_DOM_TSPD,Proportion of time spent on unpaid domestic chores and care work [5.4.1]
DATAFLOW,OECD.DEV.NPG:DSD_GID@DF_GID_2023(1.0),"Gender, Institutions and Development Database (GID-DB) 2023",I,MRT,Mauritania,DF_HR_PCT_1,Time spent on unpaid care and domestic work,H_D,Hours per day,_X,Unspecified,F,Female,PCT,Practices,DF_HR,Household responsibilities,2023,,,,A,Normal value,0,Units,,,SIGI_NO,Variable not used to compute the composite index (SIGI),SL_DOM_TSPD,Proportion of time spent on unpaid domestic chores and care work [5.4.1]
DATAFLOW,OECD.DEV.NPG:DSD_GID@DF_GID_2023(1.0),"Gender, Institutions and Development Database (GID-DB) 2023",I,MNE,Montenegro,DF_HR_PCT_1,Time spent on unpaid care and domestic work,H_D,Hours per day,_X,Unspecified,F,Female,PCT,Practices,DF_HR,Household responsibilities,2023,,,,A,Normal value,0,Units,,,SIGI_NO,Variable not used to compute the composite index (SIGI),SL_DOM_TSPD,Proportion of time spent on unpaid domestic chores and care work [5.4.1]
DATAFLOW,OECD.DEV.NPG:DSD_GID@DF_GID_2023(1.0),"Gender, Institutions and Development Database (GID-DB) 2023",I,MOZ,Mozambique,DF_HR_PCT_1,Time spent on unpaid care and domestic work,H_D,Hours per day,_X,Unspecified,F,Female,PCT,Practices,DF_HR,Household responsibilities,2023,,,,A,Normal value,0,Units,,,SIGI_NO,Variable not used to compute the composite index (SIGI),SL_DOM_TSPD,Proportion of time spent on unpaid domestic chores and care work [5.4.1]
DATAFLOW,OECD.DEV.NPG:DSD_GID@DF_GID_2023(1.0),"Gender, Institutions and Development Database (GID-DB) 2023",I,MMR,Myanmar,DF_HR_PCT_1,Time spent on unpaid care and domestic work,H_D,Hours per day,_X,Unspecified,F,Female,PCT,Practices,DF_HR,Household responsibilities,2023,,,,A,Normal value,0,Units,,,SIGI_NO,Variable not used to compute the composite index (SIGI),SL_DOM_TSPD,Proportion of time spent on unpaid domestic chores and care work [5.4.1]
DATAFLOW,OECD.DEV.NPG:DSD_GID@DF_GID_2023(1.0),"Gender, Institutions and Development Database (GID-DB) 2023",I,NAM,Namibia,DF_HR_PCT_1,Time spent on unpaid care and domestic work,H_D,Hours per day,_X,Unspecified,F,Female,PCT,Practices,DF_HR,Household responsibilities,2023,,,,A,Normal value,0,Units,,,SIGI_NO,Variable not used to compute the composite index (SIGI),SL_DOM_TSPD,Proportion of time spent on unpaid domestic chores and care work [5.4.1]
DATAFLOW,OECD.DEV.NPG:DSD_GID@DF_GID_2023(1.0),"Gender, Institutions and Development Database (GID-DB) 2023",I,NPL,Nepal,DF_HR_PCT_1,Time spent on unpaid care and domestic work,H_D,Hours per day,_X,Unspecified,F,Female,PCT,Practices,DF_HR,Household responsibilities,2023,,,,A,Normal value,0,Units,,,SIGI_NO,Variable not used to compute the composite index (SIGI),SL_DOM_TSPD,Proportion of time spent on unpaid domestic chores and care work [5.4.1]
DATAFLOW,OECD.DEV.NPG:DSD_GID@DF_GID_2023(1.0),"Gender, Institutions and Development Database (GID-DB) 2023",I,NIC,Nicaragua,DF_HR_PCT_1,Time spent on unpaid care and domestic work,H_D,Hours per day,_X,Unspecified,F,Female,PCT,Practices,DF_HR,Household responsibilities,2023,,,,A,Normal value,0,Units,,,SIGI_NO,Variable not used to compute the composite index (SIGI),SL_DOM_TSPD,Proportion of time spent on unpaid domestic chores and care work [5.4.1]
DATAFLOW,OECD.DEV.NPG:DSD_GID@DF_GID_2023(1.0),"Gender, Institutions and Development Database (GID-DB) 2023",I,NER,Niger,DF_HR_PCT_1,Time spent on unpaid care and domestic work,H_D,Hours per day,_X,Unspecified,F,Female,PCT,Practices,DF_HR,Household responsibilities,2023,,,,A,Normal value,0,Units,,,SIGI_NO,Variable not used to compute the composite index (SIGI),SL_DOM_TSPD,Proportion of time spent on unpaid domestic chores and care work [5.4.1]
DATAFLOW,OECD.DEV.NPG:DSD_GID@DF_GID_2023(1.0),"Gender, Institutions and Development Database (GID-DB) 2023",I,NGA,Nigeria,DF_HR_PCT_1,Time spent on unpaid care and domestic work,H_D,Hours per day,_X,Unspecified,F,Female,PCT,Practices,DF_HR,Household responsibilities,2023,,,,A,Normal value,0,Units,,,SIGI_NO,Variable not used to compute the composite index (SIGI),SL_DOM_TSPD,Proportion of time spent on unpaid domestic chores and care work [5.4.1]
DATAFLOW,OECD.DEV.NPG:DSD_GID@DF_GID_2023(1.0),"Gender, Institutions and Development Database (GID-DB) 2023",I,PNG,Papua New Guinea,DF_HR_PCT_1,Time spent on unpaid care and domestic work,H_D,Hours per day,_X,Unspecified,F,Female,PCT,Practices,DF_HR,Household responsibilities,2023,,,,A,Normal value,0,Units,,,SIGI_NO,Variable not used to compute the composite index (SIGI),SL_DOM_TSPD,Proportion of time spent on unpaid domestic chores and care work [5.4.1]
DATAFLOW,OECD.DEV.NPG:DSD_GID@DF_GID_2023(1.0),"Gender, Institutions and Development Database (GID-DB) 2023",I,PHL,Philippines,DF_HR_PCT_1,Time spent on unpaid care and domestic work,H_D,Hours per day,_X,Unspecified,F,Female,PCT,Practices,DF_HR,Household responsibilities,2023,,,,A,Normal value,0,Units,,,SIGI_NO,Variable not used to compute the composite index (SIGI),SL_DOM_TSPD,Proportion of time spent on unpaid domestic chores and care work [5.4.1]
DATAFLOW,OECD.DEV.NPG:DSD_GID@DF_GID_2023(1.0),"Gender, Institutions and Development Database (GID-DB) 2023",I,RWA,Rwanda,DF_HR_PCT_1,Time spent on unpaid care and domestic work,H_D,Hours per day,_X,Unspecified,F,Female,PCT,Practices,DF_HR,Household responsibilities,2023,,,,A,Normal value,0,Units,,,SIGI_NO,Variable not used to compute the composite index (SIGI),SL_DOM_TSPD,Proportion of time spent on unpaid domestic chores and care work [5.4.1]
DATAFLOW,OECD.DEV.NPG:DSD_GID@DF_GID_2023(1.0),"Gender, Institutions and Development Database (GID-DB) 2023",I,WSM,Samoa,DF_HR_PCT_1,Time spent on unpaid care and domestic work,H_D,Hours per day,_X,Unspecified,F,Female,PCT,Practices,DF_HR,Household responsibilities,2023,,,,A,Normal value,0,Units,,,SIGI_NO,Variable not used to compute the composite index (SIGI),SL_DOM_TSPD,Proportion of time spent on unpaid domestic chores and care work [5.4.1]
DATAFLOW,OECD.DEV.NPG:DSD_GID@DF_GID_2023(1.0),"Gender, Institutions and Development Database (GID-DB) 2023",I,STP,Sao Tome and Principe,DF_HR_PCT_1,Time spent on unpaid care and domestic work,H_D,Hours per day,_X,Unspecified,F,Female,PCT,Practices,DF_HR,Household responsibilities,2023,,,,A,Normal value,0,Units,,,SIGI_NO,Variable not used to compute the composite index (SIGI),SL_DOM_TSPD,Proportion of time spent on unpaid domestic chores and care work [5.4.1]
DATAFLOW,OECD.DEV.NPG:DSD_GID@DF_GID_2023(1.0),"Gender, Institutions and Development Database (GID-DB) 2023",I,SAU,Saudi Arabia,DF_HR_PCT_1,Time spent on unpaid care and domestic work,H_D,Hours per day,_X,Unspecified,F,Female,PCT,Practices,DF_HR,Household responsibilities,2023,,,,A,Normal value,0,Units,,,SIGI_NO,Variable not used to compute the composite index (SIGI),SL_DOM_TSPD,Proportion of time spent on unpaid domestic chores and care work [5.4.1]
DATAFLOW,OECD.DEV.NPG:DSD_GID@DF_GID_2023(1.0),"Gender, Institutions and Development Database (GID-DB) 2023",I,SEN,Senegal,DF_HR_PCT_1,Time spent on unpaid care and domestic work,H_D,Hours per day,_X,Unspecified,F,Female,PCT,Practices,DF_HR,Household responsibilities,2023,,,,A,Normal value,0,Units,,,SIGI_NO,Variable not used to compute the composite index (SIGI),SL_DOM_TSPD,Proportion of time spent on unpaid domestic chores and care work [5.4.1]
DATAFLOW,OECD.DEV.NPG:DSD_GID@DF_GID_2023(1.0),"Gender, Institutions and Development Database (GID-DB) 2023",I,SYC,Seychelles,DF_HR_PCT_1,Time spent on unpaid care and domestic work,H_D,Hours per day,_X,Unspecified,F,Female,PCT,Practices,DF_HR,Household responsibilities,2023,,,,A,Normal value,0,Units,,,SIGI_NO,Variable not used to compute the composite index (SIGI),SL_DOM_TSPD,Proportion of time spent on unpaid domestic chores and care work [5.4.1]
DATAFLOW,OECD.DEV.NPG:DSD_GID@DF_GID_2023(1.0),"Gender, Institutions and Development Database (GID-DB) 2023",I,SLE,Sierra Leone,DF_HR_PCT_1,Time spent on unpaid care and domestic work,H_D,Hours per day,_X,Unspecified,F,Female,PCT,Practices,DF_HR,Household responsibilities,2023,,,,A,Normal value,0,Units,,,SIGI_NO,Variable not used to compute the composite index (SIGI),SL_DOM_TSPD,Proportion of time spent on unpaid domestic chores and care work [5.4.1]
DATAFLOW,OECD.DEV.NPG:DSD_GID@DF_GID_2023(1.0),"Gender, Institutions and Development Database (GID-DB) 2023",I,SGP,Singapore,DF_HR_PCT_1,Time spent on unpaid care and domestic work,H_D,Hours per day,_X,Unspecified,F,Female,PCT,Practices,DF_HR,Household responsibilities,2023,,,,A,Normal value,0,Units,,,SIGI_NO,Variable not used to compute the composite index (SIGI),SL_DOM_TSPD,Proportion of time spent on unpaid domestic chores and care work [5.4.1]
DATAFLOW,OECD.DEV.NPG:DSD_GID@DF_GID_2023(1.0),"Gender, Institutions and Development Database (GID-DB) 2023",I,SLB,Solomon Islands,DF_HR_PCT_1,Time spent on unpaid care and domestic work,H_D,Hours per day,_X,Unspecified,F,Female,PCT,Practices,DF_HR,Household responsibilities,2023,,,,A,Normal value,0,Units,,,SIGI_NO,Variable not used to compute the composite index (SIGI),SL_DOM_TSPD,Proportion of time spent on unpaid domestic chores and care work [5.4.1]
DATAFLOW,OECD.DEV.NPG:DSD_GID@DF_GID_2023(1.0),"Gender, Institutions and Development Database (GID-DB) 2023",I,SOM,Somalia,DF_HR_PCT_1,Time spent on unpaid care and domestic work,H_D,Hours per day,_X,Unspecified,F,Female,PCT,Practices,DF_HR,Household responsibilities,2023,,,,A,Normal value,0,Units,,,SIGI_NO,Variable not used to compute the composite index (SIGI),SL_DOM_TSPD,Proportion of time spent on unpaid domestic chores and care work [5.4.1]
DATAFLOW,OECD.DEV.NPG:DSD_GID@DF_GID_2023(1.0),"Gender, Institutions and Development Database (GID-DB) 2023",I,SSD,South Sudan,DF_HR_PCT_1,Time spent on unpaid care and domestic work,H_D,Hours per day,_X,Unspecified,F,Female,PCT,Practices,DF_HR,Household responsibilities,2023,,,,A,Normal value,0,Units,,,SIGI_NO,Variable not used to compute the composite index (SIGI),SL_DOM_TSPD,Proportion of time spent on unpaid domestic chores and care work [5.4.1]
DATAFLOW,OECD.DEV.NPG:DSD_GID@DF_GID_2023(1.0),"Gender, Institutions and Development Database (GID-DB) 2023",I,LKA,Sri Lanka,DF_HR_PCT_1,Time spent on unpaid care and domestic work,H_D,Hours per day,_X,Unspecified,F,Female,PCT,Practices,DF_HR,Household responsibilities,2023,,,,A,Normal value,0,Units,,,SIGI_NO,Variable not used to compute the composite index (SIGI),SL_DOM_TSPD,Proportion of time spent on unpaid domestic chores and care work [5.4.1]
DATAFLOW,OECD.DEV.NPG:DSD_GID@DF_GID_2023(1.0),"Gender, Institutions and Development Database (GID-DB) 2023",I,SDN,Sudan,DF_HR_PCT_1,Time spent on unpaid care and domestic work,H_D,Hours per day,_X,Unspecified,F,Female,PCT,Practices,DF_HR,Household responsibilities,2023,,,,A,Normal value,0,Units,,,SIGI_NO,Variable not used to compute the composite index (SIGI),SL_DOM_TSPD,Proportion of time spent on unpaid domestic chores and care work [5.4.1]
DATAFLOW,OECD.DEV.NPG:DSD_GID@DF_GID_2023(1.0),"Gender, Institutions and Development Database (GID-DB) 2023",I,SUR,Suriname,DF_HR_PCT_1,Time spent on unpaid care and domestic work,H_D,Hours per day,_X,Unspecified,F,Female,PCT,Practices,DF_HR,Household responsibilities,2023,,,,A,Normal value,0,Units,,,SIGI_NO,Variable not used to compute the composite index (SIGI),SL_DOM_TSPD,Proportion of time spent on unpaid domestic chores and care work [5.4.1]
DATAFLOW,OECD.DEV.NPG:DSD_GID@DF_GID_2023(1.0),"Gender, Institutions and Development Database (GID-DB) 2023",I,SYR,Syrian Arab Republic,DF_HR_PCT_1,Time spent on unpaid care and domestic work,H_D,Hours per day,_X,Unspecified,F,Female,PCT,Practices,DF_HR,Household responsibilities,2023,,,,A,Normal value,0,Units,,,SIGI_NO,Variable not used to compute the composite index (SIGI),SL_DOM_TSPD,Proportion of time spent on unpaid domestic chores and care work [5.4.1]
DATAFLOW,OECD.DEV.NPG:DSD_GID@DF_GID_2023(1.0),"Gender, Institutions and Development Database (GID-DB) 2023",I,TWN,Chinese Taipei,DF_HR_PCT_1,Time spent on unpaid care and domestic work,H_D,Hours per day,_X,Unspecified,F,Female,PCT,Practices,DF_HR,Household responsibilities,2023,,,,A,Normal value,0,Units,,,SIGI_NO,Variable not used to compute the composite index (SIGI),SL_DOM_TSPD,Proportion of time spent on unpaid domestic chores and care work [5.4.1]
DATAFLOW,OECD.DEV.NPG:DSD_GID@DF_GID_2023(1.0),"Gender, Institutions and Development Database (GID-DB) 2023",I,TJK,Tajikistan,DF_HR_PCT_1,Time spent on unpaid care and domestic work,H_D,Hours per day,_X,Unspecified,F,Female,PCT,Practices,DF_HR,Household responsibilities,2023,,,,A,Normal value,0,Units,,,SIGI_NO,Variable not used to compute the composite index (SIGI),SL_DOM_TSPD,Proportion of time spent on unpaid domestic chores and care work [5.4.1]
DATAFLOW,OECD.DEV.NPG:DSD_GID@DF_GID_2023(1.0),"Gender, Institutions and Development Database (GID-DB) 2023",I,TLS,Timor-Leste,DF_HR_PCT_1,Time spent on unpaid care and domestic work,H_D,Hours per day,_X,Unspecified,F,Female,PCT,Practices,DF_HR,Household responsibilities,2023,,,,A,Normal value,0,Units,,,SIGI_NO,Variable not used to compute the composite index (SIGI),SL_DOM_TSPD,Proportion of time spent on unpaid domestic chores and care work [5.4.1]
DATAFLOW,OECD.DEV.NPG:DSD_GID@DF_GID_2023(1.0),"Gender, Institutions and Development Database (GID-DB) 2023",I,TGO,Togo,DF_HR_PCT_1,Time spent on unpaid care and domestic work,H_D,Hours per day,_X,Unspecified,F,Female,PCT,Practices,DF_HR,Household responsibilities,2023,,,,A,Normal value,0,Units,,,SIGI_NO,Variable not used to compute the composite index (SIGI),SL_DOM_TSPD,Proportion of time spent on unpaid domestic chores and care work [5.4.1]
DATAFLOW,OECD.DEV.NPG:DSD_GID@DF_GID_2023(1.0),"Gender, Institutions and Development Database (GID-DB) 2023",I,TTO,Trinidad and Tobago,DF_HR_PCT_1,Time spent on unpaid care and domestic work,H_D,Hours per day,_X,Unspecified,F,Female,PCT,Practices,DF_HR,Household responsibilities,2023,,,,A,Normal value,0,Units,,,SIGI_NO,Variable not used to compute the composite index (SIGI),SL_DOM_TSPD,Proportion of time spent on unpaid domestic chores and care work [5.4.1]
DATAFLOW,OECD.DEV.NPG:DSD_GID@DF_GID_2023(1.0),"Gender, Institutions and Development Database (GID-DB) 2023",I,TKM,Turkmenistan,DF_HR_PCT_1,Time spent on unpaid care and domestic work,H_D,Hours per day,_X,Unspecified,F,Female,PCT,Practices,DF_HR,Household responsibilities,2023,,,,A,Normal value,0,Units,,,SIGI_NO,Variable not used to compute the composite index (SIGI),SL_DOM_TSPD,Proportion of time spent on unpaid domestic chores and care work [5.4.1]
DATAFLOW,OECD.DEV.NPG:DSD_GID@DF_GID_2023(1.0),"Gender, Institutions and Development Database (GID-DB) 2023",I,UKR,Ukraine,DF_HR_PCT_1,Time spent on unpaid care and domestic work,H_D,Hours per day,_X,Unspecified,F,Female,PCT,Practices,DF_HR,Household responsibilities,2023,,,,A,Normal value,0,Units,,,SIGI_NO,Variable not used to compute the composite index (SIGI),SL_DOM_TSPD,Proportion of time spent on unpaid domestic chores and care work [5.4.1]
DATAFLOW,OECD.DEV.NPG:DSD_GID@DF_GID_2023(1.0),"Gender, Institutions and Development Database (GID-DB) 2023",I,ARE,United Arab Emirates,DF_HR_PCT_1,Time spent on unpaid care and domestic work,H_D,Hours per day,_X,Unspecified,F,Female,PCT,Practices,DF_HR,Household responsibilities,2023,,,,A,Normal value,0,Units,,,SIGI_NO,Variable not used to compute the composite index (SIGI),SL_DOM_TSPD,Proportion of time spent on unpaid domestic chores and care work [5.4.1]
DATAFLOW,OECD.DEV.NPG:DSD_GID@DF_GID_2023(1.0),"Gender, Institutions and Development Database (GID-DB) 2023",I,UZB,Uzbekistan,DF_HR_PCT_1,Time spent on unpaid care and domestic work,H_D,Hours per day,_X,Unspecified,F,Female,PCT,Practices,DF_HR,Household responsibilities,2023,,,,A,Normal value,0,Units,,,SIGI_NO,Variable not used to compute the composite index (SIGI),SL_DOM_TSPD,Proportion of time spent on unpaid domestic chores and care work [5.4.1]
DATAFLOW,OECD.DEV.NPG:DSD_GID@DF_GID_2023(1.0),"Gender, Institutions and Development Database (GID-DB) 2023",I,VEN,Venezuela,DF_HR_PCT_1,Time spent on unpaid care and domestic work,H_D,Hours per day,_X,Unspecified,F,Female,PCT,Practices,DF_HR,Household responsibilities,2023,,,,A,Normal value,0,Units,,,SIGI_NO,Variable not used to compute the composite index (SIGI),SL_DOM_TSPD,Proportion of time spent on unpaid domestic chores and care work [5.4.1]
DATAFLOW,OECD.DEV.NPG:DSD_GID@DF_GID_2023(1.0),"Gender, Institutions and Development Database (GID-DB) 2023",I,VNM,Viet Nam,DF_HR_PCT_1,Time spent on unpaid care and domestic work,H_D,Hours per day,_X,Unspecified,F,Female,PCT,Practices,DF_HR,Household responsibilities,2023,,,,A,Normal value,0,Units,,,SIGI_NO,Variable not used to compute the composite index (SIGI),SL_DOM_TSPD,Proportion of time spent on unpaid domestic chores and care work [5.4.1]
DATAFLOW,OECD.DEV.NPG:DSD_GID@DF_GID_2023(1.0),"Gender, Institutions and Development Database (GID-DB) 2023",I,YEM,Yemen,DF_HR_PCT_1,Time spent on unpaid care and domestic work,H_D,Hours per day,_X,Unspecified,F,Female,PCT,Practices,DF_HR,Household responsibilities,2023,,,,A,Normal value,0,Units,,,SIGI_NO,Variable not used to compute the composite index (SIGI),SL_DOM_TSPD,Proportion of time spent on unpaid domestic chores and care work [5.4.1]
DATAFLOW,OECD.DEV.NPG:DSD_GID@DF_GID_2023(1.0),"Gender, Institutions and Development Database (GID-DB) 2023",I,ZMB,Zambia,DF_HR_PCT_1,Time spent on unpaid care and domestic work,H_D,Hours per day,_X,Unspecified,F,Female,PCT,Practices,DF_HR,Household responsibilities,2023,,,,A,Normal value,0,Units,,,SIGI_NO,Variable not used to compute the composite index (SIGI),SL_DOM_TSPD,Proportion of time spent on unpaid domestic chores and care work [5.4.1]
DATAFLOW,OECD.DEV.NPG:DSD_GID@DF_GID_2023(1.0),"Gender, Institutions and Development Database (GID-DB) 2023",I,ZWE,Zimbabwe,DF_HR_PCT_1,Time spent on unpaid care and domestic work,H_D,Hours per day,_X,Unspecified,F,Female,PCT,Practices,DF_HR,Household responsibilities,2023,,,,A,Normal value,0,Units,,,SIGI_NO,Variable not used to compute the composite index (SIGI),SL_DOM_TSPD,Proportion of time spent on unpaid domestic chores and care work [5.4.1]
DATAFLOW,OECD.DEV.NPG:DSD_GID@DF_GID_2023(1.0),"Gender, Institutions and Development Database (GID-DB) 2023",I,CZE,Czechia,DF_HR_PCT_1,Time spent on unpaid care and domestic work,FCTR_TIME_M,Factor of men's time,_X,Unspecified,F,Female,PCT,Practices,DF_HR,Household responsibilities,2023,,,,A,Normal value,0,Units,,,SIGI_NO,Variable not used to compute the composite index (SIGI),SL_DOM_TSPD,Proportion of time spent on unpaid domestic chores and care work [5.4.1]
DATAFLOW,OECD.DEV.NPG:DSD_GID@DF_GID_2023(1.0),"Gender, Institutions and Development Database (GID-DB) 2023",I,ISL,Iceland,DF_HR_PCT_1,Time spent on unpaid care and domestic work,FCTR_TIME_M,Factor of men's time,_X,Unspecified,F,Female,PCT,Practices,DF_HR,Household responsibilities,2023,,,,A,Normal value,0,Units,,,SIGI_NO,Variable not used to compute the composite index (SIGI),SL_DOM_TSPD,Proportion of time spent on unpaid domestic chores and care work [5.4.1]
DATAFLOW,OECD.DEV.NPG:DSD_GID@DF_GID_2023(1.0),"Gender, Institutions and Development Database (GID-DB) 2023",I,ISR,Israel,DF_HR_PCT_1,Time spent on unpaid care and domestic work,FCTR_TIME_M,Factor of men's time,_X,Unspecified,F,Female,PCT,Practices,DF_HR,Household responsibilities,2023,,,,A,Normal value,0,Units,,,SIGI_NO,Variable not used to compute the composite index (SIGI),SL_DOM_TSPD,Proportion of time spent on unpaid domestic chores and care work [5.4.1]
DATAFLOW,OECD.DEV.NPG:DSD_GID@DF_GID_2023(1.0),"Gender, Institutions and Development Database (GID-DB) 2023",I,SVK,Slovak Republic,DF_HR_PCT_1,Time spent on unpaid care and domestic work,FCTR_TIME_M,Factor of men's time,_X,Unspecified,F,Female,PCT,Practices,DF_HR,Household responsibilities,2023,,,,A,Normal value,0,Units,,,SIGI_NO,Variable not used to compute the composite index (SIGI),SL_DOM_TSPD,Proportion of time spent on unpaid domestic chores and care work [5.4.1]
DATAFLOW,OECD.DEV.NPG:DSD_GID@DF_GID_2023(1.0),"Gender, Institutions and Development Database (GID-DB) 2023",I,AFG,Afghanistan,DF_HR_PCT_1,Time spent on unpaid care and domestic work,FCTR_TIME_M,Factor of men's time,_X,Unspecified,F,Female,PCT,Practices,DF_HR,Household responsibilities,2023,,,,A,Normal value,0,Units,,,SIGI_NO,Variable not used to compute the composite index (SIGI),SL_DOM_TSPD,Proportion of time spent on unpaid domestic chores and care work [5.4.1]
DATAFLOW,OECD.DEV.NPG:DSD_GID@DF_GID_2023(1.0),"Gender, Institutions and Development Database (GID-DB) 2023",I,AGO,Angola,DF_HR_PCT_1,Time spent on unpaid care and domestic work,FCTR_TIME_M,Factor of men's time,_X,Unspecified,F,Female,PCT,Practices,DF_HR,Household responsibilities,2023,,,,A,Normal value,0,Units,,,SIGI_NO,Variable not used to compute the composite index (SIGI),SL_DOM_TSPD,Proportion of time spent on unpaid domestic chores and care work [5.4.1]
DATAFLOW,OECD.DEV.NPG:DSD_GID@DF_GID_2023(1.0),"Gender, Institutions and Development Database (GID-DB) 2023",I,ATG,Antigua and Barbuda,DF_HR_PCT_1,Time spent on unpaid care and domestic work,FCTR_TIME_M,Factor of men's time,_X,Unspecified,F,Female,PCT,Practices,DF_HR,Household responsibilities,2023,,,,A,Normal value,0,Units,,,SIGI_NO,Variable not used to compute the composite index (SIGI),SL_DOM_TSPD,Proportion of time spent on unpaid domestic chores and care work [5.4.1]
DATAFLOW,OECD.DEV.NPG:DSD_GID@DF_GID_2023(1.0),"Gender, Institutions and Development Database (GID-DB) 2023",I,BHS,Bahamas,DF_HR_PCT_1,Time spent on unpaid care and domestic work,FCTR_TIME_M,Factor of men's time,_X,Unspecified,F,Female,PCT,Practices,DF_HR,Household responsibilities,2023,,,,A,Normal value,0,Units,,,SIGI_NO,Variable not used to compute the composite index (SIGI),SL_DOM_TSPD,Proportion of time spent on unpaid domestic chores and care work [5.4.1]
DATAFLOW,OECD.DEV.NPG:DSD_GID@DF_GID_2023(1.0),"Gender, Institutions and Development Database (GID-DB) 2023",I,BHR,Bahrain,DF_HR_PCT_1,Time spent on unpaid care and domestic work,FCTR_TIME_M,Factor of men's time,_X,Unspecified,F,Female,PCT,Practices,DF_HR,Household responsibilities,2023,,,,A,Normal value,0,Units,,,SIGI_NO,Variable not used to compute the composite index (SIGI),SL_DOM_TSPD,Proportion of time spent on unpaid domestic chores and care work [5.4.1]
DATAFLOW,OECD.DEV.NPG:DSD_GID@DF_GID_2023(1.0),"Gender, Institutions and Development Database (GID-DB) 2023",I,BGD,Bangladesh,DF_HR_PCT_1,Time spent on unpaid care and domestic work,FCTR_TIME_M,Factor of men's time,_X,Unspecified,F,Female,PCT,Practices,DF_HR,Household responsibilities,2023,,,,A,Normal value,0,Units,,,SIGI_NO,Variable not used to compute the composite index (SIGI),SL_DOM_TSPD,Proportion of time spent on unpaid domestic chores and care work [5.4.1]
DATAFLOW,OECD.DEV.NPG:DSD_GID@DF_GID_2023(1.0),"Gender, Institutions and Development Database (GID-DB) 2023",I,BRB,Barbados,DF_HR_PCT_1,Time spent on unpaid care and domestic work,FCTR_TIME_M,Factor of men's time,_X,Unspecified,F,Female,PCT,Practices,DF_HR,Household responsibilities,2023,,,,A,Normal value,0,Units,,,SIGI_NO,Variable not used to compute the composite index (SIGI),SL_DOM_TSPD,Proportion of time spent on unpaid domestic chores and care work [5.4.1]
DATAFLOW,OECD.DEV.NPG:DSD_GID@DF_GID_2023(1.0),"Gender, Institutions and Development Database (GID-DB) 2023",I,BLZ,Belize,DF_HR_PCT_1,Time spent on unpaid care and domestic work,FCTR_TIME_M,Factor of men's time,_X,Unspecified,F,Female,PCT,Practices,DF_HR,Household responsibilities,2023,,,,A,Normal value,0,Units,,,SIGI_NO,Variable not used to compute the composite index (SIGI),SL_DOM_TSPD,Proportion of time spent on unpaid domestic chores and care work [5.4.1]
DATAFLOW,OECD.DEV.NPG:DSD_GID@DF_GID_2023(1.0),"Gender, Institutions and Development Database (GID-DB) 2023",I,BIH,Bosnia and Herzegovina,DF_HR_PCT_1,Time spent on unpaid care and domestic work,FCTR_TIME_M,Factor of men's time,_X,Unspecified,F,Female,PCT,Practices,DF_HR,Household responsibilities,2023,,,,A,Normal value,0,Units,,,SIGI_NO,Variable not used to compute the composite index (SIGI),SL_DOM_TSPD,Proportion of time spent on unpaid domestic chores and care work [5.4.1]
DATAFLOW,OECD.DEV.NPG:DSD_GID@DF_GID_2023(1.0),"Gender, Institutions and Development Database (GID-DB) 2023",I,BWA,Botswana,DF_HR_PCT_1,Time spent on unpaid care and domestic work,FCTR_TIME_M,Factor of men's time,_X,Unspecified,F,Female,PCT,Practices,DF_HR,Household responsibilities,2023,,,,A,Normal value,0,Units,,,SIGI_NO,Variable not used to compute the composite index (SIGI),SL_DOM_TSPD,Proportion of time spent on unpaid domestic chores and care work [5.4.1]
DATAFLOW,OECD.DEV.NPG:DSD_GID@DF_GID_2023(1.0),"Gender, Institutions and Development Database (GID-DB) 2023",I,BRN,Brunei Darussalam,DF_HR_PCT_1,Time spent on unpaid care and domestic work,FCTR_TIME_M,Factor of men's time,_X,Unspecified,F,Female,PCT,Practices,DF_HR,Household responsibilities,2023,,,,A,Normal value,0,Units,,,SIGI_NO,Variable not used to compute the composite index (SIGI),SL_DOM_TSPD,Proportion of time spent on unpaid domestic chores and care work [5.4.1]
DATAFLOW,OECD.DEV.NPG:DSD_GID@DF_GID_2023(1.0),"Gender, Institutions and Development Database (GID-DB) 2023",I,BFA,Burkina Faso,DF_HR_PCT_1,Time spent on unpaid care and domestic work,FCTR_TIME_M,Factor of men's time,_X,Unspecified,F,Female,PCT,Practices,DF_HR,Household responsibilities,2023,,,,A,Normal value,0,Units,,,SIGI_NO,Variable not used to compute the composite index (SIGI),SL_DOM_TSPD,Proportion of time spent on unpaid domestic chores and care work [5.4.1]
DATAFLOW,OECD.DEV.NPG:DSD_GID@DF_GID_2023(1.0),"Gender, Institutions and Development Database (GID-DB) 2023",I,BDI,Burundi,DF_HR_PCT_1,Time spent on unpaid care and domestic work,FCTR_TIME_M,Factor of men's time,_X,Unspecified,F,Female,PCT,Practices,DF_HR,Household responsibilities,2023,,,,A,Normal value,0,Units,,,SIGI_NO,Variable not used to compute the composite index (SIGI),SL_DOM_TSPD,Proportion of time spent on unpaid domestic chores and care work [5.4.1]
DATAFLOW,OECD.DEV.NPG:DSD_GID@DF_GID_2023(1.0),"Gender, Institutions and Development Database (GID-DB) 2023",I,CAF,Central African Republic,DF_HR_PCT_1,Time spent on unpaid care and domestic work,FCTR_TIME_M,Factor of men's time,_X,Unspecified,F,Female,PCT,Practices,DF_HR,Household responsibilities,2023,,,,A,Normal value,0,Units,,,SIGI_NO,Variable not used to compute the composite index (SIGI),SL_DOM_TSPD,Proportion of time spent on unpaid domestic chores and care work [5.4.1]
DATAFLOW,OECD.DEV.NPG:DSD_GID@DF_GID_2023(1.0),"Gender, Institutions and Development Database (GID-DB) 2023",I,TCD,Chad,DF_HR_PCT_1,Time spent on unpaid care and domestic work,FCTR_TIME_M,Factor of men's time,_X,Unspecified,F,Female,PCT,Practices,DF_HR,Household responsibilities,2023,,,,A,Normal value,0,Units,,,SIGI_NO,Variable not used to compute the composite index (SIGI),SL_DOM_TSPD,Proportion of time spent on unpaid domestic chores and care work [5.4.1]
DATAFLOW,OECD.DEV.NPG:DSD_GID@DF_GID_2023(1.0),"Gender, Institutions and Development Database (GID-DB) 2023",I,COM,Comoros,DF_HR_PCT_1,Time spent on unpaid care and domestic work,FCTR_TIME_M,Factor of men's time,_X,Unspecified,F,Female,PCT,Practices,DF_HR,Household responsibilities,2023,,,,A,Normal value,0,Units,,,SIGI_NO,Variable not used to compute the composite index (SIGI),SL_DOM_TSPD,Proportion of time spent on unpaid domestic chores and care work [5.4.1]
DATAFLOW,OECD.DEV.NPG:DSD_GID@DF_GID_2023(1.0),"Gender, Institutions and Development Database (GID-DB) 2023",I,COG,Congo,DF_HR_PCT_1,Time spent on unpaid care and domestic work,FCTR_TIME_M,Factor of men's time,_X,Unspecified,F,Female,PCT,Practices,DF_HR,Household responsibilities,2023,,,,A,Normal value,0,Units,,,SIGI_NO,Variable not used to compute the composite index (SIGI),SL_DOM_TSPD,Proportion of time spent on unpaid domestic chores and care work [5.4.1]
DATAFLOW,OECD.DEV.NPG:DSD_GID@DF_GID_2023(1.0),"Gender, Institutions and Development Database (GID-DB) 2023",I,HRV,Croatia,DF_HR_PCT_1,Time spent on unpaid care and domestic work,FCTR_TIME_M,Factor of men's time,_X,Unspecified,F,Female,PCT,Practices,DF_HR,Household responsibilities,2023,,,,A,Normal value,0,Units,,,SIGI_NO,Variable not used to compute the composite index (SIGI),SL_DOM_TSPD,Proportion of time spent on unpaid domestic chores and care work [5.4.1]
DATAFLOW,OECD.DEV.NPG:DSD_GID@DF_GID_2023(1.0),"Gender, Institutions and Development Database (GID-DB) 2023",I,CYP,Cyprus,DF_HR_PCT_1,Time spent on unpaid care and domestic work,FCTR_TIME_M,Factor of men's time,_X,Unspecified,F,Female,PCT,Practices,DF_HR,Household responsibilities,2023,,,,A,Normal value,0,Units,,,SIGI_NO,Variable not used to compute the composite index (SIGI),SL_DOM_TSPD,Proportion of time spent on unpaid domestic chores and care work [5.4.1]
DATAFLOW,OECD.DEV.NPG:DSD_GID@DF_GID_2023(1.0),"Gender, Institutions and Development Database (GID-DB) 2023",I,COD,Democratic Republic of the Congo,DF_HR_PCT_1,Time spent on unpaid care and domestic work,FCTR_TIME_M,Factor of men's time,_X,Unspecified,F,Female,PCT,Practices,DF_HR,Household responsibilities,2023,,,,A,Normal value,0,Units,,,SIGI_NO,Variable not used to compute the composite index (SIGI),SL_DOM_TSPD,Proportion of time spent on unpaid domestic chores and care work [5.4.1]
DATAFLOW,OECD.DEV.NPG:DSD_GID@DF_GID_2023(1.0),"Gender, Institutions and Development Database (GID-DB) 2023",I,DJI,Djibouti,DF_HR_PCT_1,Time spent on unpaid care and domestic work,FCTR_TIME_M,Factor of men's time,_X,Unspecified,F,Female,PCT,Practices,DF_HR,Household responsibilities,2023,,,,A,Normal value,0,Units,,,SIGI_NO,Variable not used to compute the composite index (SIGI),SL_DOM_TSPD,Proportion of time spent on unpaid domestic chores and care work [5.4.1]
DATAFLOW,OECD.DEV.NPG:DSD_GID@DF_GID_2023(1.0),"Gender, Institutions and Development Database (GID-DB) 2023",I,DMA,Dominica,DF_HR_PCT_1,Time spent on unpaid care and domestic work,FCTR_TIME_M,Factor of men's time,_X,Unspecified,F,Female,PCT,Practices,DF_HR,Household responsibilities,2023,,,,A,Normal value,0,Units,,,SIGI_NO,Variable not used to compute the composite index (SIGI),SL_DOM_TSPD,Proportion of time spent on unpaid domestic chores and care work [5.4.1]
DATAFLOW,OECD.DEV.NPG:DSD_GID@DF_GID_2023(1.0),"Gender, Institutions and Development Database (GID-DB) 2023",I,GNQ,Equatorial Guinea,DF_HR_PCT_1,Time spent on unpaid care and domestic work,FCTR_TIME_M,Factor of men's time,_X,Unspecified,F,Female,PCT,Practices,DF_HR,Household responsibilities,2023,,,,A,Normal value,0,Units,,,SIGI_NO,Variable not used to compute the composite index (SIGI),SL_DOM_TSPD,Proportion of time spent on unpaid domestic chores and care work [5.4.1]
DATAFLOW,OECD.DEV.NPG:DSD_GID@DF_GID_2023(1.0),"Gender, Institutions and Development Database (GID-DB) 2023",I,ERI,Eritrea,DF_HR_PCT_1,Time spent on unpaid care and domestic work,FCTR_TIME_M,Factor of men's time,_X,Unspecified,F,Female,PCT,Practices,DF_HR,Household responsibilities,2023,,,,A,Normal value,0,Units,,,SIGI_NO,Variable not used to compute the composite index (SIGI),SL_DOM_TSPD,Proportion of time spent on unpaid domestic chores and care work [5.4.1]
DATAFLOW,OECD.DEV.NPG:DSD_GID@DF_GID_2023(1.0),"Gender, Institutions and Development Database (GID-DB) 2023",I,SWZ,Eswatini,DF_HR_PCT_1,Time spent on unpaid care and domestic work,FCTR_TIME_M,Factor of men's time,_X,Unspecified,F,Female,PCT,Practices,DF_HR,Household responsibilities,2023,,,,A,Normal value,0,Units,,,SIGI_NO,Variable not used to compute the composite index (SIGI),SL_DOM_TSPD,Proportion of time spent on unpaid domestic chores and care work [5.4.1]
DATAFLOW,OECD.DEV.NPG:DSD_GID@DF_GID_2023(1.0),"Gender, Institutions and Development Database (GID-DB) 2023",I,GAB,Gabon,DF_HR_PCT_1,Time spent on unpaid care and domestic work,FCTR_TIME_M,Factor of men's time,_X,Unspecified,F,Female,PCT,Practices,DF_HR,Household responsibilities,2023,,,,A,Normal value,0,Units,,,SIGI_NO,Variable not used to compute the composite index (SIGI),SL_DOM_TSPD,Proportion of time spent on unpaid domestic chores and care work [5.4.1]
DATAFLOW,OECD.DEV.NPG:DSD_GID@DF_GID_2023(1.0),"Gender, Institutions and Development Database (GID-DB) 2023",I,GMB,Gambia,DF_HR_PCT_1,Time spent on unpaid care and domestic work,FCTR_TIME_M,Factor of men's time,_X,Unspecified,F,Female,PCT,Practices,DF_HR,Household responsibilities,2023,,,,A,Normal value,0,Units,,,SIGI_NO,Variable not used to compute the composite index (SIGI),SL_DOM_TSPD,Proportion of time spent on unpaid domestic chores and care work [5.4.1]
DATAFLOW,OECD.DEV.NPG:DSD_GID@DF_GID_2023(1.0),"Gender, Institutions and Development Database (GID-DB) 2023",I,GEO,Georgia,DF_HR_PCT_1,Time spent on unpaid care and domestic work,FCTR_TIME_M,Factor of men's time,_X,Unspecified,F,Female,PCT,Practices,DF_HR,Household responsibilities,2023,,,,A,Normal value,0,Units,,,SIGI_NO,Variable not used to compute the composite index (SIGI),SL_DOM_TSPD,Proportion of time spent on unpaid domestic chores and care work [5.4.1]
DATAFLOW,OECD.DEV.NPG:DSD_GID@DF_GID_2023(1.0),"Gender, Institutions and Development Database (GID-DB) 2023",I,GRD,Grenada,DF_HR_PCT_1,Time spent on unpaid care and domestic work,FCTR_TIME_M,Factor of men's time,_X,Unspecified,F,Female,PCT,Practices,DF_HR,Household responsibilities,2023,,,,A,Normal value,0,Units,,,SIGI_NO,Variable not used to compute the composite index (SIGI),SL_DOM_TSPD,Proportion of time spent on unpaid domestic chores and care work [5.4.1]
DATAFLOW,OECD.DEV.NPG:DSD_GID@DF_GID_2023(1.0),"Gender, Institutions and Development Database (GID-DB) 2023",I,GIN,Guinea,DF_HR_PCT_1,Time spent on unpaid care and domestic work,FCTR_TIME_M,Factor of men's time,_X,Unspecified,F,Female,PCT,Practices,DF_HR,Household responsibilities,2023,,,,A,Normal value,0,Units,,,SIGI_NO,Variable not used to compute the composite index (SIGI),SL_DOM_TSPD,Proportion of time spent on unpaid domestic chores and care work [5.4.1]
DATAFLOW,OECD.DEV.NPG:DSD_GID@DF_GID_2023(1.0),"Gender, Institutions and Development Database (GID-DB) 2023",I,GNB,Guinea-Bissau,DF_HR_PCT_1,Time spent on unpaid care and domestic work,FCTR_TIME_M,Factor of men's time,_X,Unspecified,F,Female,PCT,Practices,DF_HR,Household responsibilities,2023,,,,A,Normal value,0,Units,,,SIGI_NO,Variable not used to compute the composite index (SIGI),SL_DOM_TSPD,Proportion of time spent on unpaid domestic chores and care work [5.4.1]
DATAFLOW,OECD.DEV.NPG:DSD_GID@DF_GID_2023(1.0),"Gender, Institutions and Development Database (GID-DB) 2023",I,GUY,Guyana,DF_HR_PCT_1,Time spent on unpaid care and domestic work,FCTR_TIME_M,Factor of men's time,_X,Unspecified,F,Female,PCT,Practices,DF_HR,Household responsibilities,2023,,,,A,Normal value,0,Units,,,SIGI_NO,Variable not used to compute the composite index (SIGI),SL_DOM_TSPD,Proportion of time spent on unpaid domestic chores and care work [5.4.1]
DATAFLOW,OECD.DEV.NPG:DSD_GID@DF_GID_2023(1.0),"Gender, Institutions and Development Database (GID-DB) 2023",I,HTI,Haiti,DF_HR_PCT_1,Time spent on unpaid care and domestic work,FCTR_TIME_M,Factor of men's time,_X,Unspecified,F,Female,PCT,Practices,DF_HR,Household responsibilities,2023,,,,A,Normal value,0,Units,,,SIGI_NO,Variable not used to compute the composite index (SIGI),SL_DOM_TSPD,Proportion of time spent on unpaid domestic chores and care work [5.4.1]
DATAFLOW,OECD.DEV.NPG:DSD_GID@DF_GID_2023(1.0),"Gender, Institutions and Development Database (GID-DB) 2023",I,IDN,Indonesia,DF_HR_PCT_1,Time spent on unpaid care and domestic work,FCTR_TIME_M,Factor of men's time,_X,Unspecified,F,Female,PCT,Practices,DF_HR,Household responsibilities,2023,,,,A,Normal value,0,Units,,,SIGI_NO,Variable not used to compute the composite index (SIGI),SL_DOM_TSPD,Proportion of time spent on unpaid domestic chores and care work [5.4.1]
DATAFLOW,OECD.DEV.NPG:DSD_GID@DF_GID_2023(1.0),"Gender, Institutions and Development Database (GID-DB) 2023",I,JAM,Jamaica,DF_HR_PCT_1,Time spent on unpaid care and domestic work,FCTR_TIME_M,Factor of men's time,_X,Unspecified,F,Female,PCT,Practices,DF_HR,Household responsibilities,2023,,,,A,Normal value,0,Units,,,SIGI_NO,Variable not used to compute the composite index (SIGI),SL_DOM_TSPD,Proportion of time spent on unpaid domestic chores and care work [5.4.1]
DATAFLOW,OECD.DEV.NPG:DSD_GID@DF_GID_2023(1.0),"Gender, Institutions and Development Database (GID-DB) 2023",I,JOR,Jordan,DF_HR_PCT_1,Time spent on unpaid care and domestic work,FCTR_TIME_M,Factor of men's time,_X,Unspecified,F,Female,PCT,Practices,DF_HR,Household responsibilities,2023,,,,A,Normal value,0,Units,,,SIGI_NO,Variable not used to compute the composite index (SIGI),SL_DOM_TSPD,Proportion of time spent on unpaid domestic chores and care work [5.4.1]
DATAFLOW,OECD.DEV.NPG:DSD_GID@DF_GID_2023(1.0),"Gender, Institutions and Development Database (GID-DB) 2023",I,KEN,Kenya,DF_HR_PCT_1,Time spent on unpaid care and domestic work,FCTR_TIME_M,Factor of men's time,_X,Unspecified,F,Female,PCT,Practices,DF_HR,Household responsibilities,2023,,,,A,Normal value,0,Units,,,SIGI_NO,Variable not used to compute the composite index (SIGI),SL_DOM_TSPD,Proportion of time spent on unpaid domestic chores and care work [5.4.1]
DATAFLOW,OECD.DEV.NPG:DSD_GID@DF_GID_2023(1.0),"Gender, Institutions and Development Database (GID-DB) 2023",I,XKV,Kosovo,DF_HR_PCT_1,Time spent on unpaid care and domestic work,FCTR_TIME_M,Factor of men's time,_X,Unspecified,F,Female,PCT,Practices,DF_HR,Household responsibilities,2023,,,,A,Normal value,0,Units,,,SIGI_NO,Variable not used to compute the composite index (SIGI),SL_DOM_TSPD,Proportion of time spent on unpaid domestic chores and care work [5.4.1]
DATAFLOW,OECD.DEV.NPG:DSD_GID@DF_GID_2023(1.0),"Gender, Institutions and Development Database (GID-DB) 2023",I,KWT,Kuwait,DF_HR_PCT_1,Time spent on unpaid care and domestic work,FCTR_TIME_M,Factor of men's time,_X,Unspecified,F,Female,PCT,Practices,DF_HR,Household responsibilities,2023,,,,A,Normal value,0,Units,,,SIGI_NO,Variable not used to compute the composite index (SIGI),SL_DOM_TSPD,Proportion of time spent on unpaid domestic chores and care work [5.4.1]
DATAFLOW,OECD.DEV.NPG:DSD_GID@DF_GID_2023(1.0),"Gender, Institutions and Development Database (GID-DB) 2023",I,LBN,Lebanon,DF_HR_PCT_1,Time spent on unpaid care and domestic work,FCTR_TIME_M,Factor of men's time,_X,Unspecified,F,Female,PCT,Practices,DF_HR,Household responsibilities,2023,,,,A,Normal value,0,Units,,,SIGI_NO,Variable not used to compute the composite index (SIGI),SL_DOM_TSPD,Proportion of time spent on unpaid domestic chores and care work [5.4.1]
DATAFLOW,OECD.DEV.NPG:DSD_GID@DF_GID_2023(1.0),"Gender, Institutions and Development Database (GID-DB) 2023",I,LBY,Libya,DF_HR_PCT_1,Time spent on unpaid care and domestic work,FCTR_TIME_M,Factor of men's time,_X,Unspecified,F,Female,PCT,Practices,DF_HR,Household responsibilities,2023,,,,A,Normal value,0,Units,,,SIGI_NO,Variable not used to compute the composite index (SIGI),SL_DOM_TSPD,Proportion of time spent on unpaid domestic chores and care work [5.4.1]
DATAFLOW,OECD.DEV.NPG:DSD_GID@DF_GID_2023(1.0),"Gender, Institutions and Development Database (GID-DB) 2023",I,MDV,Maldives,DF_HR_PCT_1,Time spent on unpaid care and domestic work,FCTR_TIME_M,Factor of men's time,_X,Unspecified,F,Female,PCT,Practices,DF_HR,Household responsibilities,2023,,,,A,Normal value,0,Units,,,SIGI_NO,Variable not used to compute the composite index (SIGI),SL_DOM_TSPD,Proportion of time spent on unpaid domestic chores and care work [5.4.1]
DATAFLOW,OECD.DEV.NPG:DSD_GID@DF_GID_2023(1.0),"Gender, Institutions and Development Database (GID-DB) 2023",I,MRT,Mauritania,DF_HR_PCT_1,Time spent on unpaid care and domestic work,FCTR_TIME_M,Factor of men's time,_X,Unspecified,F,Female,PCT,Practices,DF_HR,Household responsibilities,2023,,,,A,Normal value,0,Units,,,SIGI_NO,Variable not used to compute the composite index (SIGI),SL_DOM_TSPD,Proportion of time spent on unpaid domestic chores and care work [5.4.1]
DATAFLOW,OECD.DEV.NPG:DSD_GID@DF_GID_2023(1.0),"Gender, Institutions and Development Database (GID-DB) 2023",I,MNE,Montenegro,DF_HR_PCT_1,Time spent on unpaid care and domestic work,FCTR_TIME_M,Factor of men's time,_X,Unspecified,F,Female,PCT,Practices,DF_HR,Household responsibilities,2023,,,,A,Normal value,0,Units,,,SIGI_NO,Variable not used to compute the composite index (SIGI),SL_DOM_TSPD,Proportion of time spent on unpaid domestic chores and care work [5.4.1]
DATAFLOW,OECD.DEV.NPG:DSD_GID@DF_GID_2023(1.0),"Gender, Institutions and Development Database (GID-DB) 2023",I,MOZ,Mozambique,DF_HR_PCT_1,Time spent on unpaid care and domestic work,FCTR_TIME_M,Factor of men's time,_X,Unspecified,F,Female,PCT,Practices,DF_HR,Household responsibilities,2023,,,,A,Normal value,0,Units,,,SIGI_NO,Variable not used to compute the composite index (SIGI),SL_DOM_TSPD,Proportion of time spent on unpaid domestic chores and care work [5.4.1]
DATAFLOW,OECD.DEV.NPG:DSD_GID@DF_GID_2023(1.0),"Gender, Institutions and Development Database (GID-DB) 2023",I,MMR,Myanmar,DF_HR_PCT_1,Time spent on unpaid care and domestic work,FCTR_TIME_M,Factor of men's time,_X,Unspecified,F,Female,PCT,Practices,DF_HR,Household responsibilities,2023,,,,A,Normal value,0,Units,,,SIGI_NO,Variable not used to compute the composite index (SIGI),SL_DOM_TSPD,Proportion of time spent on unpaid domestic chores and care work [5.4.1]
DATAFLOW,OECD.DEV.NPG:DSD_GID@DF_GID_2023(1.0),"Gender, Institutions and Development Database (GID-DB) 2023",I,NAM,Namibia,DF_HR_PCT_1,Time spent on unpaid care and domestic work,FCTR_TIME_M,Factor of men's time,_X,Unspecified,F,Female,PCT,Practices,DF_HR,Household responsibilities,2023,,,,A,Normal value,0,Units,,,SIGI_NO,Variable not used to compute the composite index (SIGI),SL_DOM_TSPD,Proportion of time spent on unpaid domestic chores and care work [5.4.1]
DATAFLOW,OECD.DEV.NPG:DSD_GID@DF_GID_2023(1.0),"Gender, Institutions and Development Database (GID-DB) 2023",I,NPL,Nepal,DF_HR_PCT_1,Time spent on unpaid care and domestic work,FCTR_TIME_M,Factor of men's time,_X,Unspecified,F,Female,PCT,Practices,DF_HR,Household responsibilities,2023,,,,A,Normal value,0,Units,,,SIGI_NO,Variable not used to compute the composite index (SIGI),SL_DOM_TSPD,Proportion of time spent on unpaid domestic chores and care work [5.4.1]
DATAFLOW,OECD.DEV.NPG:DSD_GID@DF_GID_2023(1.0),"Gender, Institutions and Development Database (GID-DB) 2023",I,NIC,Nicaragua,DF_HR_PCT_1,Time spent on unpaid care and domestic work,FCTR_TIME_M,Factor of men's time,_X,Unspecified,F,Female,PCT,Practices,DF_HR,Household responsibilities,2023,,,,A,Normal value,0,Units,,,SIGI_NO,Variable not used to compute the composite index (SIGI),SL_DOM_TSPD,Proportion of time spent on unpaid domestic chores and care work [5.4.1]
DATAFLOW,OECD.DEV.NPG:DSD_GID@DF_GID_2023(1.0),"Gender, Institutions and Development Database (GID-DB) 2023",I,NER,Niger,DF_HR_PCT_1,Time spent on unpaid care and domestic work,FCTR_TIME_M,Factor of men's time,_X,Unspecified,F,Female,PCT,Practices,DF_HR,Household responsibilities,2023,,,,A,Normal value,0,Units,,,SIGI_NO,Variable not used to compute the composite index (SIGI),SL_DOM_TSPD,Proportion of time spent on unpaid domestic chores and care work [5.4.1]
DATAFLOW,OECD.DEV.NPG:DSD_GID@DF_GID_2023(1.0),"Gender, Institutions and Development Database (GID-DB) 2023",I,NGA,Nigeria,DF_HR_PCT_1,Time spent on unpaid care and domestic work,FCTR_TIME_M,Factor of men's time,_X,Unspecified,F,Female,PCT,Practices,DF_HR,Household responsibilities,2023,,,,A,Normal value,0,Units,,,SIGI_NO,Variable not used to compute the composite index (SIGI),SL_DOM_TSPD,Proportion of time spent on unpaid domestic chores and care work [5.4.1]
DATAFLOW,OECD.DEV.NPG:DSD_GID@DF_GID_2023(1.0),"Gender, Institutions and Development Database (GID-DB) 2023",I,PNG,Papua New Guinea,DF_HR_PCT_1,Time spent on unpaid care and domestic work,FCTR_TIME_M,Factor of men's time,_X,Unspecified,F,Female,PCT,Practices,DF_HR,Household responsibilities,2023,,,,A,Normal value,0,Units,,,SIGI_NO,Variable not used to compute the composite index (SIGI),SL_DOM_TSPD,Proportion of time spent on unpaid domestic chores and care work [5.4.1]
DATAFLOW,OECD.DEV.NPG:DSD_GID@DF_GID_2023(1.0),"Gender, Institutions and Development Database (GID-DB) 2023",I,PHL,Philippines,DF_HR_PCT_1,Time spent on unpaid care and domestic work,FCTR_TIME_M,Factor of men's time,_X,Unspecified,F,Female,PCT,Practices,DF_HR,Household responsibilities,2023,,,,A,Normal value,0,Units,,,SIGI_NO,Variable not used to compute the composite index (SIGI),SL_DOM_TSPD,Proportion of time spent on unpaid domestic chores and care work [5.4.1]
DATAFLOW,OECD.DEV.NPG:DSD_GID@DF_GID_2023(1.0),"Gender, Institutions and Development Database (GID-DB) 2023",I,RWA,Rwanda,DF_HR_PCT_1,Time spent on unpaid care and domestic work,FCTR_TIME_M,Factor of men's time,_X,Unspecified,F,Female,PCT,Practices,DF_HR,Household responsibilities,2023,,,,A,Normal value,0,Units,,,SIGI_NO,Variable not used to compute the composite index (SIGI),SL_DOM_TSPD,Proportion of time spent on unpaid domestic chores and care work [5.4.1]
DATAFLOW,OECD.DEV.NPG:DSD_GID@DF_GID_2023(1.0),"Gender, Institutions and Development Database (GID-DB) 2023",I,WSM,Samoa,DF_HR_PCT_1,Time spent on unpaid care and domestic work,FCTR_TIME_M,Factor of men's time,_X,Unspecified,F,Female,PCT,Practices,DF_HR,Household responsibilities,2023,,,,A,Normal value,0,Units,,,SIGI_NO,Variable not used to compute the composite index (SIGI),SL_DOM_TSPD,Proportion of time spent on unpaid domestic chores and care work [5.4.1]
DATAFLOW,OECD.DEV.NPG:DSD_GID@DF_GID_2023(1.0),"Gender, Institutions and Development Database (GID-DB) 2023",I,STP,Sao Tome and Principe,DF_HR_PCT_1,Time spent on unpaid care and domestic work,FCTR_TIME_M,Factor of men's time,_X,Unspecified,F,Female,PCT,Practices,DF_HR,Household responsibilities,2023,,,,A,Normal value,0,Units,,,SIGI_NO,Variable not used to compute the composite index (SIGI),SL_DOM_TSPD,Proportion of time spent on unpaid domestic chores and care work [5.4.1]
DATAFLOW,OECD.DEV.NPG:DSD_GID@DF_GID_2023(1.0),"Gender, Institutions and Development Database (GID-DB) 2023",I,SAU,Saudi Arabia,DF_HR_PCT_1,Time spent on unpaid care and domestic work,FCTR_TIME_M,Factor of men's time,_X,Unspecified,F,Female,PCT,Practices,DF_HR,Household responsibilities,2023,,,,A,Normal value,0,Units,,,SIGI_NO,Variable not used to compute the composite index (SIGI),SL_DOM_TSPD,Proportion of time spent on unpaid domestic chores and care work [5.4.1]
DATAFLOW,OECD.DEV.NPG:DSD_GID@DF_GID_2023(1.0),"Gender, Institutions and Development Database (GID-DB) 2023",I,SEN,Senegal,DF_HR_PCT_1,Time spent on unpaid care and domestic work,FCTR_TIME_M,Factor of men's time,_X,Unspecified,F,Female,PCT,Practices,DF_HR,Household responsibilities,2023,,,,A,Normal value,0,Units,,,SIGI_NO,Variable not used to compute the composite index (SIGI),SL_DOM_TSPD,Proportion of time spent on unpaid domestic chores and care work [5.4.1]
DATAFLOW,OECD.DEV.NPG:DSD_GID@DF_GID_2023(1.0),"Gender, Institutions and Development Database (GID-DB) 2023",I,SYC,Seychelles,DF_HR_PCT_1,Time spent on unpaid care and domestic work,FCTR_TIME_M,Factor of men's time,_X,Unspecified,F,Female,PCT,Practices,DF_HR,Household responsibilities,2023,,,,A,Normal value,0,Units,,,SIGI_NO,Variable not used to compute the composite index (SIGI),SL_DOM_TSPD,Proportion of time spent on unpaid domestic chores and care work [5.4.1]
DATAFLOW,OECD.DEV.NPG:DSD_GID@DF_GID_2023(1.0),"Gender, Institutions and Development Database (GID-DB) 2023",I,SLE,Sierra Leone,DF_HR_PCT_1,Time spent on unpaid care and domestic work,FCTR_TIME_M,Factor of men's time,_X,Unspecified,F,Female,PCT,Practices,DF_HR,Household responsibilities,2023,,,,A,Normal value,0,Units,,,SIGI_NO,Variable not used to compute the composite index (SIGI),SL_DOM_TSPD,Proportion of time spent on unpaid domestic chores and care work [5.4.1]
DATAFLOW,OECD.DEV.NPG:DSD_GID@DF_GID_2023(1.0),"Gender, Institutions and Development Database (GID-DB) 2023",I,SGP,Singapore,DF_HR_PCT_1,Time spent on unpaid care and domestic work,FCTR_TIME_M,Factor of men's time,_X,Unspecified,F,Female,PCT,Practices,DF_HR,Household responsibilities,2023,,,,A,Normal value,0,Units,,,SIGI_NO,Variable not used to compute the composite index (SIGI),SL_DOM_TSPD,Proportion of time spent on unpaid domestic chores and care work [5.4.1]
DATAFLOW,OECD.DEV.NPG:DSD_GID@DF_GID_2023(1.0),"Gender, Institutions and Development Database (GID-DB) 2023",I,SLB,Solomon Islands,DF_HR_PCT_1,Time spent on unpaid care and domestic work,FCTR_TIME_M,Factor of men's time,_X,Unspecified,F,Female,PCT,Practices,DF_HR,Household responsibilities,2023,,,,A,Normal value,0,Units,,,SIGI_NO,Variable not used to compute the composite index (SIGI),SL_DOM_TSPD,Proportion of time spent on unpaid domestic chores and care work [5.4.1]
DATAFLOW,OECD.DEV.NPG:DSD_GID@DF_GID_2023(1.0),"Gender, Institutions and Development Database (GID-DB) 2023",I,SOM,Somalia,DF_HR_PCT_1,Time spent on unpaid care and domestic work,FCTR_TIME_M,Factor of men's time,_X,Unspecified,F,Female,PCT,Practices,DF_HR,Household responsibilities,2023,,,,A,Normal value,0,Units,,,SIGI_NO,Variable not used to compute the composite index (SIGI),SL_DOM_TSPD,Proportion of time spent on unpaid domestic chores and care work [5.4.1]
DATAFLOW,OECD.DEV.NPG:DSD_GID@DF_GID_2023(1.0),"Gender, Institutions and Development Database (GID-DB) 2023",I,SSD,South Sudan,DF_HR_PCT_1,Time spent on unpaid care and domestic work,FCTR_TIME_M,Factor of men's time,_X,Unspecified,F,Female,PCT,Practices,DF_HR,Household responsibilities,2023,,,,A,Normal value,0,Units,,,SIGI_NO,Variable not used to compute the composite index (SIGI),SL_DOM_TSPD,Proportion of time spent on unpaid domestic chores and care work [5.4.1]
DATAFLOW,OECD.DEV.NPG:DSD_GID@DF_GID_2023(1.0),"Gender, Institutions and Development Database (GID-DB) 2023",I,LKA,Sri Lanka,DF_HR_PCT_1,Time spent on unpaid care and domestic work,FCTR_TIME_M,Factor of men's time,_X,Unspecified,F,Female,PCT,Practices,DF_HR,Household responsibilities,2023,,,,A,Normal value,0,Units,,,SIGI_NO,Variable not used to compute the composite index (SIGI),SL_DOM_TSPD,Proportion of time spent on unpaid domestic chores and care work [5.4.1]
DATAFLOW,OECD.DEV.NPG:DSD_GID@DF_GID_2023(1.0),"Gender, Institutions and Development Database (GID-DB) 2023",I,SDN,Sudan,DF_HR_PCT_1,Time spent on unpaid care and domestic work,FCTR_TIME_M,Factor of men's time,_X,Unspecified,F,Female,PCT,Practices,DF_HR,Household responsibilities,2023,,,,A,Normal value,0,Units,,,SIGI_NO,Variable not used to compute the composite index (SIGI),SL_DOM_TSPD,Proportion of time spent on unpaid domestic chores and care work [5.4.1]
DATAFLOW,OECD.DEV.NPG:DSD_GID@DF_GID_2023(1.0),"Gender, Institutions and Development Database (GID-DB) 2023",I,SUR,Suriname,DF_HR_PCT_1,Time spent on unpaid care and domestic work,FCTR_TIME_M,Factor of men's time,_X,Unspecified,F,Female,PCT,Practices,DF_HR,Household responsibilities,2023,,,,A,Normal value,0,Units,,,SIGI_NO,Variable not used to compute the composite index (SIGI),SL_DOM_TSPD,Proportion of time spent on unpaid domestic chores and care work [5.4.1]
DATAFLOW,OECD.DEV.NPG:DSD_GID@DF_GID_2023(1.0),"Gender, Institutions and Development Database (GID-DB) 2023",I,SYR,Syrian Arab Republic,DF_HR_PCT_1,Time spent on unpaid care and domestic work,FCTR_TIME_M,Factor of men's time,_X,Unspecified,F,Female,PCT,Practices,DF_HR,Household responsibilities,2023,,,,A,Normal value,0,Units,,,SIGI_NO,Variable not used to compute the composite index (SIGI),SL_DOM_TSPD,Proportion of time spent on unpaid domestic chores and care work [5.4.1]
DATAFLOW,OECD.DEV.NPG:DSD_GID@DF_GID_2023(1.0),"Gender, Institutions and Development Database (GID-DB) 2023",I,TJK,Tajikistan,DF_HR_PCT_1,Time spent on unpaid care and domestic work,FCTR_TIME_M,Factor of men's time,_X,Unspecified,F,Female,PCT,Practices,DF_HR,Household responsibilities,2023,,,,A,Normal value,0,Units,,,SIGI_NO,Variable not used to compute the composite index (SIGI),SL_DOM_TSPD,Proportion of time spent on unpaid domestic chores and care work [5.4.1]
DATAFLOW,OECD.DEV.NPG:DSD_GID@DF_GID_2023(1.0),"Gender, Institutions and Development Database (GID-DB) 2023",I,TLS,Timor-Leste,DF_HR_PCT_1,Time spent on unpaid care and domestic work,FCTR_TIME_M,Factor of men's time,_X,Unspecified,F,Female,PCT,Practices,DF_HR,Household responsibilities,2023,,,,A,Normal value,0,Units,,,SIGI_NO,Variable not used to compute the composite index (SIGI),SL_DOM_TSPD,Proportion of time spent on unpaid domestic chores and care work [5.4.1]
DATAFLOW,OECD.DEV.NPG:DSD_GID@DF_GID_2023(1.0),"Gender, Institutions and Development Database (GID-DB) 2023",I,TGO,Togo,DF_HR_PCT_1,Time spent on unpaid care and domestic work,FCTR_TIME_M,Factor of men's time,_X,Unspecified,F,Female,PCT,Practices,DF_HR,Household responsibilities,2023,,,,A,Normal value,0,Units,,,SIGI_NO,Variable not used to compute the composite index (SIGI),SL_DOM_TSPD,Proportion of time spent on unpaid domestic chores and care work [5.4.1]
DATAFLOW,OECD.DEV.NPG:DSD_GID@DF_GID_2023(1.0),"Gender, Institutions and Development Database (GID-DB) 2023",I,TTO,Trinidad and Tobago,DF_HR_PCT_1,Time spent on unpaid care and domestic work,FCTR_TIME_M,Factor of men's time,_X,Unspecified,F,Female,PCT,Practices,DF_HR,Household responsibilities,2023,,,,A,Normal value,0,Units,,,SIGI_NO,Variable not used to compute the composite index (SIGI),SL_DOM_TSPD,Proportion of time spent on unpaid domestic chores and care work [5.4.1]
DATAFLOW,OECD.DEV.NPG:DSD_GID@DF_GID_2023(1.0),"Gender, Institutions and Development Database (GID-DB) 2023",I,TKM,Turkmenistan,DF_HR_PCT_1,Time spent on unpaid care and domestic work,FCTR_TIME_M,Factor of men's time,_X,Unspecified,F,Female,PCT,Practices,DF_HR,Household responsibilities,2023,,,,A,Normal value,0,Units,,,SIGI_NO,Variable not used to compute the composite index (SIGI),SL_DOM_TSPD,Proportion of time spent on unpaid domestic chores and care work [5.4.1]
DATAFLOW,OECD.DEV.NPG:DSD_GID@DF_GID_2023(1.0),"Gender, Institutions and Development Database (GID-DB) 2023",I,UKR,Ukraine,DF_HR_PCT_1,Time spent on unpaid care and domestic work,FCTR_TIME_M,Factor of men's time,_X,Unspecified,F,Female,PCT,Practices,DF_HR,Household responsibilities,2023,,,,A,Normal value,0,Units,,,SIGI_NO,Variable not used to compute the composite index (SIGI),SL_DOM_TSPD,Proportion of time spent on unpaid domestic chores and care work [5.4.1]
DATAFLOW,OECD.DEV.NPG:DSD_GID@DF_GID_2023(1.0),"Gender, Institutions and Development Database (GID-DB) 2023",I,ARE,United Arab Emirates,DF_HR_PCT_1,Time spent on unpaid care and domestic work,FCTR_TIME_M,Factor of men's time,_X,Unspecified,F,Female,PCT,Practices,DF_HR,Household responsibilities,2023,,,,A,Normal value,0,Units,,,SIGI_NO,Variable not used to compute the composite index (SIGI),SL_DOM_TSPD,Proportion of time spent on unpaid domestic chores and care work [5.4.1]
DATAFLOW,OECD.DEV.NPG:DSD_GID@DF_GID_2023(1.0),"Gender, Institutions and Development Database (GID-DB) 2023",I,UZB,Uzbekistan,DF_HR_PCT_1,Time spent on unpaid care and domestic work,FCTR_TIME_M,Factor of men's time,_X,Unspecified,F,Female,PCT,Practices,DF_HR,Household responsibilities,2023,,,,A,Normal value,0,Units,,,SIGI_NO,Variable not used to compute the composite index (SIGI),SL_DOM_TSPD,Proportion of time spent on unpaid domestic chores and care work [5.4.1]
DATAFLOW,OECD.DEV.NPG:DSD_GID@DF_GID_2023(1.0),"Gender, Institutions and Development Database (GID-DB) 2023",I,VEN,Venezuela,DF_HR_PCT_1,Time spent on unpaid care and domestic work,FCTR_TIME_M,Factor of men's time,_X,Unspecified,F,Female,PCT,Practices,DF_HR,Household responsibilities,2023,,,,A,Normal value,0,Units,,,SIGI_NO,Variable not used to compute the composite index (SIGI),SL_DOM_TSPD,Proportion of time spent on unpaid domestic chores and care work [5.4.1]
DATAFLOW,OECD.DEV.NPG:DSD_GID@DF_GID_2023(1.0),"Gender, Institutions and Development Database (GID-DB) 2023",I,VNM,Viet Nam,DF_HR_PCT_1,Time spent on unpaid care and domestic work,FCTR_TIME_M,Factor of men's time,_X,Unspecified,F,Female,PCT,Practices,DF_HR,Household responsibilities,2023,,,,A,Normal value,0,Units,,,SIGI_NO,Variable not used to compute the composite index (SIGI),SL_DOM_TSPD,Proportion of time spent on unpaid domestic chores and care work [5.4.1]
DATAFLOW,OECD.DEV.NPG:DSD_GID@DF_GID_2023(1.0),"Gender, Institutions and Development Database (GID-DB) 2023",I,YEM,Yemen,DF_HR_PCT_1,Time spent on unpaid care and domestic work,FCTR_TIME_M,Factor of men's time,_X,Unspecified,F,Female,PCT,Practices,DF_HR,Household responsibilities,2023,,,,A,Normal value,0,Units,,,SIGI_NO,Variable not used to compute the composite index (SIGI),SL_DOM_TSPD,Proportion of time spent on unpaid domestic chores and care work [5.4.1]
DATAFLOW,OECD.DEV.NPG:DSD_GID@DF_GID_2023(1.0),"Gender, Institutions and Development Database (GID-DB) 2023",I,ZMB,Zambia,DF_HR_PCT_1,Time spent on unpaid care and domestic work,FCTR_TIME_M,Factor of men's time,_X,Unspecified,F,Female,PCT,Practices,DF_HR,Household responsibilities,2023,,,,A,Normal value,0,Units,,,SIGI_NO,Variable not used to compute the composite index (SIGI),SL_DOM_TSPD,Proportion of time spent on unpaid domestic chores and care work [5.4.1]
DATAFLOW,OECD.DEV.NPG:DSD_GID@DF_GID_2023(1.0),"Gender, Institutions and Development Database (GID-DB) 2023",I,ZWE,Zimbabwe,DF_HR_PCT_1,Time spent on unpaid care and domestic work,FCTR_TIME_M,Factor of men's time,_X,Unspecified,F,Female,PCT,Practices,DF_HR,Household responsibilities,2023,,,,A,Normal value,0,Units,,,SIGI_NO,Variable not used to compute the composite index (SIGI),SL_DOM_TSPD,Proportion of time spent on unpaid domestic chores and care work [5.4.1]
